iri,pref_label,type
http://identifiers.org/hgnc/6066,inhibin subunit beta A,BM
http://identifiers.org/hgnc/6067,inhibin subunit beta B,BM
http://identifiers.org/hgnc/6068,inhibin subunit beta C,BM
http://identifiers.org/hgnc/7124,melanA,BM
http://identifiers.org/hgnc/7124,melan-A,BM
http://identifiers.org/hgnc/10919,SLC14A2,BM
http://identifiers.org/hgnc/4579,GRIK1,BM
http://identifiers.org/hgnc/10940,solute carrier family 1 member 2,BM
http://identifiers.org/hgnc/2505,CTLA4,BM
http://identifiers.org/hgnc/4504,LGR5,BM
http://identifiers.org/hgnc/4504,Lgr5,BM
http://identifiers.org/hgnc/8004,NRP1,BM
http://identifiers.org/hgnc/8004,CD304,BM
http://identifiers.org/hgnc/1748,CDH1,BM
http://identifiers.org/hgnc/1748,E-cadherin,BM
http://identifiers.org/hgnc/17178,ADAMTS20,BM
http://identifiers.org/hgnc/14872,ASPN,BM
http://identifiers.org/hgnc/14872,Asporin proteoglycan,BM
http://identifiers.org/hgnc/13604,FBXL7,BM
http://identifiers.org/hgnc/5358,IRF8,BM
http://identifiers.org/hgnc/4172,GATA3,BM
http://identifiers.org/hgnc/4172,GATA-3,BM
http://identifiers.org/hgnc/4172,GATA binding protein 3,BM
http://identifiers.org/hgnc/51166,LINC01500,BM
http://identifiers.org/hgnc/3357,ENPP2,BM
http://identifiers.org/hgnc/3357,ENPP2+,BM
http://identifiers.org/hgnc/11068,SLC8A1,BM
http://identifiers.org/hgnc/6446,KRT8,BM
http://identifiers.org/hgnc/6446,keratin 8,BM
http://identifiers.org/hgnc/6446,CK8/18,BM
http://identifiers.org/hgnc/6446,Keratin 8,BM
http://identifiers.org/hgnc/2303,CPE,BM
http://identifiers.org/hgnc/2303,carboxypeptidase E,BM
http://identifiers.org/hgnc/8634,PBX3,BM
http://identifiers.org/hgnc/3611,FCER1G,BM
http://identifiers.org/hgnc/2358,CRHR2,BM
http://identifiers.org/hgnc/12335,TRPC3,BM
http://identifiers.org/hgnc/11892,TNF,BM
http://identifiers.org/hgnc/1912,CHAT,BM
http://identifiers.org/hgnc/1912,choline O-acetyltransferase,BM
http://identifiers.org/hgnc/30670,SV2C,BM
http://identifiers.org/hgnc/18683,EIF4A3,BM
http://identifiers.org/hgnc/1077,BMPR1B,BM
http://identifiers.org/hgnc/12578,UPK1B,BM
http://identifiers.org/hgnc/6143,ITGA7,BM
http://identifiers.org/hgnc/1954,CHRM5,BM
http://identifiers.org/hgnc/10929,SLC17A1,BM
http://identifiers.org/hgnc/1455,CALR,BM
http://identifiers.org/hgnc/1455,CRT,BM
http://identifiers.org/hgnc/5351,ICOS,BM
http://identifiers.org/hgnc/5351,ICOS+,BM
http://identifiers.org/hgnc/18111,CCDC50,BM
http://identifiers.org/hgnc/10024,RLBP1,BM
http://identifiers.org/hgnc/10024,cellular retinaldehyde-binding protein,BM
http://identifiers.org/hgnc/10024,retinaldehyde binding protein 1,BM
http://identifiers.org/hgnc/10294,RPE65,BM
http://identifiers.org/hgnc/12691,ezrin,BM
http://identifiers.org/hgnc/45169,ACTA2,BM
http://identifiers.org/hgnc/45169,ACTA2-AS1,BM
http://identifiers.org/hgnc/1384,calcium binding protein 1,BM
http://identifiers.org/hgnc/894,AVP,BM
http://identifiers.org/hgnc/17797,MAP3K20,BM
http://identifiers.org/hgnc/10449,RREB1,BM
http://identifiers.org/hgnc/2037,CLDN16,BM
http://identifiers.org/hgnc/8604,PAPSS2,BM
http://identifiers.org/hgnc/9393,PRKCA,BM
http://identifiers.org/hgnc/9393,protein kinase C alpha,BM
http://identifiers.org/hgnc/15813,PCDH11Y,BM
http://identifiers.org/hgnc/23792,PLD4,BM
http://identifiers.org/hgnc/11773,TGFBR2,BM
http://identifiers.org/hgnc/18864,KCNH8,BM
http://identifiers.org/hgnc/23317,ST8SIA6,BM
http://identifiers.org/hgnc/52483,LINC01695,BM
http://identifiers.org/hgnc/6134,ITGA1,BM
http://identifiers.org/hgnc/6134,CD49a / ITGA1,BM
http://identifiers.org/hgnc/2210,COL5A2,BM
http://identifiers.org/hgnc/23399,FREM1,BM
http://identifiers.org/hgnc/1765,CDH6,BM
http://identifiers.org/hgnc/12524,UGCG,BM
http://identifiers.org/hgnc/6463,KRT86,BM
http://identifiers.org/hgnc/11648,TCL1A,BM
http://identifiers.org/hgnc/11648,TCL1A+,BM
http://identifiers.org/hgnc/25026,PLPP5+,BM
http://identifiers.org/hgnc/2561,CXCR4,BM
http://identifiers.org/hgnc/2561,CXCR4+,BM
http://identifiers.org/hgnc/3612,FCER2,BM
http://identifiers.org/hgnc/3612,FCER2+,BM
http://identifiers.org/hgnc/3612,CD23,BM
http://identifiers.org/hgnc/3612,FCER2A,BM
http://identifiers.org/hgnc/5480,IGHD,BM
http://identifiers.org/hgnc/5480,IGHD+,BM
http://identifiers.org/hgnc/5480,IgD+,BM
http://identifiers.org/hgnc/5480,IgD,BM
http://identifiers.org/hgnc/5541,IgM,BM
http://identifiers.org/hgnc/5541,IGHM,BM
http://identifiers.org/hgnc/5541,IGHM+,BM
http://identifiers.org/hgnc/5541,IgM+,BM
http://identifiers.org/hgnc/598,APLP2+,BM
http://identifiers.org/hgnc/6015,IL4R,BM
http://identifiers.org/hgnc/6015,IL4R+,BM
http://identifiers.org/hgnc/7315,CD20,BM
http://identifiers.org/hgnc/7315,MS4A1,BM
http://identifiers.org/hgnc/7315,membrane spanning 4-domains A1,BM
http://identifiers.org/hgnc/7315,MS4A1+,BM
http://identifiers.org/hgnc/20657,TSPAN1,BM
http://identifiers.org/hgnc/11764,TG,BM
http://identifiers.org/hgnc/5019,HMX3,BM
http://identifiers.org/hgnc/6132,ISL1,BM
http://identifiers.org/hgnc/6132,Islet-1,BM
http://identifiers.org/hgnc/687,DIRAS3,BM
http://identifiers.org/hgnc/7397,MT1E,BM
http://identifiers.org/hgnc/11529,EPCAM,BM
http://identifiers.org/hgnc/11529,EpCAM,BM
http://identifiers.org/hgnc/11529,EpCAM(lo),BM
http://identifiers.org/hgnc/11529,EpCAM(hi),BM
http://identifiers.org/hgnc/12338,TRPC6,BM
http://identifiers.org/hgnc/15979,TP63,BM
http://identifiers.org/hgnc/3318,ELF3,BM
http://identifiers.org/hgnc/4027,FXYD3,BM
http://identifiers.org/hgnc/6442,KRT5,BM
http://identifiers.org/hgnc/6442,keratin 5,BM
http://identifiers.org/hgnc/7809,NGFR,BM
http://identifiers.org/hgnc/7809,CD271,BM
http://identifiers.org/hgnc/7809,nerve growth factor receptor,BM
http://identifiers.org/hgnc/7809,CD271+,BM
http://identifiers.org/hgnc/11005,SLC2A1,BM
http://identifiers.org/hgnc/24579,CIB2,BM
http://identifiers.org/hgnc/48603,SCHLAP1,BM
http://identifiers.org/hgnc/21694,POU6F2,BM
http://identifiers.org/hgnc/2355,CRH,BM
http://identifiers.org/hgnc/5977,IL15,BM
http://identifiers.org/hgnc/2045,CLDN3,BM
http://identifiers.org/hgnc/17013,CD160+,BM
http://identifiers.org/hgnc/28317,STK32A,BM
http://identifiers.org/hgnc/6653,LMX1A,BM
http://identifiers.org/hgnc/12729,WARS,BM
http://identifiers.org/hgnc/4602,CXCL1,BM
http://identifiers.org/hgnc/11045,SLC6A12,BM
http://identifiers.org/hgnc/5962,IL10,BM
http://identifiers.org/hgnc/4831,HBG1,BM
http://identifiers.org/hgnc/2389,CRYAB,BM
http://identifiers.org/hgnc/12726,VWF,BM
http://identifiers.org/hgnc/12726,vWF+,BM
http://identifiers.org/hgnc/12726,vWF,BM
http://identifiers.org/hgnc/1628,CD14,BM
http://identifiers.org/hgnc/1628,CD14-/lo,BM
http://identifiers.org/hgnc/1628,CD14+,BM
http://identifiers.org/hgnc/1662,CD34,BM
http://identifiers.org/hgnc/1662,CD34 molecule,BM
http://identifiers.org/hgnc/1662,CD34+,BM
http://identifiers.org/hgnc/1662,CD34hi,BM
http://identifiers.org/hgnc/1674,CD3,BM
http://identifiers.org/hgnc/1674,CD3E,BM
http://identifiers.org/hgnc/1674,CD3e,BM
http://identifiers.org/hgnc/1674,CD3+,BM
http://identifiers.org/hgnc/1706,CD8,BM
http://identifiers.org/hgnc/1706,CD8A,BM
http://identifiers.org/hgnc/1706,CD8a+,BM
http://identifiers.org/hgnc/1706,CD8a molecule,BM
http://identifiers.org/hgnc/1706,CD8a,BM
http://identifiers.org/hgnc/17905,FHOD1,BM
http://identifiers.org/hgnc/17905,FHOD1+,BM
http://identifiers.org/hgnc/2336,CCL21,BM
http://identifiers.org/hgnc/2336,CR2,BM
http://identifiers.org/hgnc/2336,CR2+,BM
http://identifiers.org/hgnc/2336,CD21,BM
http://identifiers.org/hgnc/4035,DARC,BM
http://identifiers.org/hgnc/4035,ACKR1,BM
http://identifiers.org/hgnc/4035,ACKR1+,BM
http://identifiers.org/hgnc/7228,MRC1,BM
http://identifiers.org/hgnc/7228,CD206,BM
http://identifiers.org/hgnc/8823,PECAM1,BM
http://identifiers.org/hgnc/8823,CD31,BM
http://identifiers.org/hgnc/8823,PECAM1+,BM
http://identifiers.org/hgnc/8823,platelet and endothelial cell adhesion molecule 1,BM
http://identifiers.org/hgnc/8823,PECAM1 (CD31),BM
http://identifiers.org/hgnc/9662,SIRPA,BM
http://identifiers.org/hgnc/9662,SIRPACD172a,BM
http://identifiers.org/hgnc/9662,CD172a,BM
http://identifiers.org/hgnc/9662,SIRPa,BM
http://identifiers.org/hgnc/6017,IL5RA,BM
http://identifiers.org/hgnc/6017,CD125,BM
http://identifiers.org/hgnc/9666,CD45,BM
http://identifiers.org/hgnc/9666,PTPRC,BM
http://identifiers.org/hgnc/9666,CD45RO,BM
http://identifiers.org/hgnc/9666,CD45RA,BM
http://identifiers.org/hgnc/9666,CD45lo,BM
http://identifiers.org/hgnc/9666,CD45RA(lo),BM
http://identifiers.org/hgnc/9666,CD45RAlo,BM
http://identifiers.org/hgnc/11843,TLL1,BM
http://identifiers.org/hgnc/3673,FGF17,BM
http://identifiers.org/hgnc/9080,PLN,BM
http://identifiers.org/hgnc/1036,BEX1,BM
http://identifiers.org/hgnc/2439,CSF3R,BM
http://identifiers.org/hgnc/1799,CDR2,BM
http://identifiers.org/hgnc/3341,EMX2,BM
http://identifiers.org/hgnc/8109,ODC1,BM
http://identifiers.org/hgnc/7036,MFGE8,BM
http://identifiers.org/hgnc/7036,MFGE8+,BM
http://identifiers.org/hgnc/4943,HLA-DQA2,BM
http://identifiers.org/hgnc/16709,CALCRL,BM
http://identifiers.org/hgnc/16953,POSTN,BM
http://identifiers.org/hgnc/16953,POSTN+,BM
http://identifiers.org/hgnc/52626,LINC01821,BM
http://identifiers.org/hgnc/3467,ESR1,BM
http://identifiers.org/hgnc/21637,SATB2,BM
http://identifiers.org/hgnc/800,Na/K ATPasea2,BM
http://identifiers.org/hgnc/2298,CPA3,BM
http://identifiers.org/hgnc/2298,CPA3+,BM
http://identifiers.org/hgnc/25735,VEPH1,BM
http://identifiers.org/hgnc/2545,CTSS,BM
http://identifiers.org/hgnc/2545,CTSS+,BM
http://identifiers.org/hgnc/6643,LMO3,BM
http://identifiers.org/hgnc/5200,HS3ST4,BM
http://identifiers.org/hgnc/5713,IGJ,BM
http://identifiers.org/hgnc/5713,JCHAIN,BM
http://identifiers.org/hgnc/5713,JCHAIN+,BM
http://identifiers.org/hgnc/1659,CD33,BM
http://identifiers.org/hgnc/1659,CD33(hi),BM
http://identifiers.org/hgnc/1659,CD33(lo),BM
http://identifiers.org/hgnc/14120,TPSB2,BM
http://identifiers.org/hgnc/5411,IFIT3,BM
http://identifiers.org/hgnc/3618,FCGR2B,BM
http://identifiers.org/hgnc/3618,FCGR2B+,BM
http://identifiers.org/hgnc/3618,CD32,BM
http://identifiers.org/hgnc/3618,CD32lo,BM
http://identifiers.org/hgnc/10658,SDC1,BM
http://identifiers.org/hgnc/10658,syndecan 1,BM
http://identifiers.org/hgnc/10658,CD138,BM
http://identifiers.org/hgnc/10658,SDC1+,BM
http://identifiers.org/hgnc/26683,LMNTD1,BM
http://identifiers.org/hgnc/1673,CD3D,BM
http://identifiers.org/hgnc/1673,CD3-TCR,BM
http://identifiers.org/hgnc/1673,CD3d molecule,BM
http://identifiers.org/hgnc/1673,TCR gamma/delta,BM
http://identifiers.org/hgnc/1673,TCR alpha/beta,BM
http://identifiers.org/hgnc/1673,CD3,BM
http://identifiers.org/hgnc/1678,CD4,BM
http://identifiers.org/hgnc/1678,CD4+/- or CD8,BM
http://identifiers.org/hgnc/1678,CD4-,BM
http://identifiers.org/hgnc/1678,CD4 molecule,BM
http://identifiers.org/hgnc/6106,FOXP3,BM
http://identifiers.org/hgnc/6106,forkhead box P3,BM
http://identifiers.org/hgnc/6106,FOXP3+,BM
http://identifiers.org/hgnc/1653,CD28,BM
http://identifiers.org/hgnc/11802,TIA-1,BM
http://identifiers.org/hgnc/1675,CD3,BM
http://identifiers.org/hgnc/1675,CD3G,BM
http://identifiers.org/hgnc/4709,GZMB,BM
http://identifiers.org/hgnc/4709,Granzyme B,BM
http://identifiers.org/hgnc/4709,GZMB+,BM
http://identifiers.org/hgnc/4711,GZMK,BM
http://identifiers.org/hgnc/9360,PRF1,BM
http://identifiers.org/hgnc/9360,Perforin,BM
http://identifiers.org/hgnc/9360,PRF1+,BM
http://identifiers.org/hgnc/10630,CCL4,BM
http://identifiers.org/hgnc/10632,CCL5,BM
http://identifiers.org/hgnc/4708,GZMA,BM
http://identifiers.org/hgnc/5293,HTR2C,BM
http://identifiers.org/hgnc/1751,CDH12,BM
http://identifiers.org/hgnc/9361,SRGN,BM
http://identifiers.org/hgnc/16892,CD96,BM
http://identifiers.org/hgnc/4565,GRB14,BM
http://identifiers.org/hgnc/6107,PDX1,BM
http://identifiers.org/hgnc/9832,RAG2,BM
http://identifiers.org/hgnc/21735,LHX6,BM
http://identifiers.org/hgnc/3179,EDNRA,BM
http://identifiers.org/hgnc/9461,PRPH,BM
http://identifiers.org/hgnc/9461,peripherin,BM
http://identifiers.org/hgnc/11634,TCF4,BM
http://identifiers.org/hgnc/74,ABCG2,BM
http://identifiers.org/hgnc/3244,EHD3,BM
http://identifiers.org/hgnc/14446,PARD3B,BM
http://identifiers.org/hgnc/20766,TUBA1A,BM
http://identifiers.org/hgnc/10889,SIX3,BM
http://identifiers.org/hgnc/24435,CYTL1,BM
http://identifiers.org/hgnc/18351,SHISA8,BM
http://identifiers.org/hgnc/10640,CXCL14,BM
http://identifiers.org/hgnc/11521,TAC3,BM
http://identifiers.org/hgnc/25552,RNF220,BM
http://identifiers.org/hgnc/9997,RGS16,BM
http://identifiers.org/hgnc/6373,KLRB1,BM
http://identifiers.org/hgnc/6373,CD161,BM
http://identifiers.org/hgnc/6373,CD161(lo)/,BM
http://identifiers.org/hgnc/2932,DMP1: dentin matrix acidic phosphoprotein 1,BM
http://identifiers.org/hgnc/6148,CD11a,BM
http://identifiers.org/hgnc/8126,OGN,BM
http://identifiers.org/hgnc/27405,NPNT,BM
http://identifiers.org/hgnc/7612,MYOG,BM
http://identifiers.org/hgnc/7593,MYO10,BM
http://identifiers.org/hgnc/10473,RUNX3,BM
http://identifiers.org/hgnc/6472,LAD1,BM
http://identifiers.org/hgnc/9958,REN,BM
http://identifiers.org/hgnc/1685,CD5,BM
http://identifiers.org/hgnc/7508,Epidermal membrane Antigen,BM
http://identifiers.org/hgnc/8021,NT5E,BM
http://identifiers.org/hgnc/8021,CD73,BM
http://identifiers.org/hgnc/1487,CAPS,BM
http://identifiers.org/hgnc/1435,Calretinin,BM
http://identifiers.org/hgnc/1435,calretinin,BM
http://identifiers.org/hgnc/1435,calbindin 2/calretinin,BM
http://identifiers.org/hgnc/1435,calbindin 2,BM
http://identifiers.org/hgnc/6430,KRT18,BM
http://identifiers.org/hgnc/6430,Keratin 18,BM
http://identifiers.org/hgnc/6430,keratin 18,BM
http://identifiers.org/hgnc/18123,ACVR1C,BM
http://identifiers.org/hgnc/19718,RXFP1,BM
http://identifiers.org/hgnc/6144,ITGA8,BM
http://identifiers.org/hgnc/7549,MYBPC1,BM
http://identifiers.org/hgnc/10627,CCL3,BM
http://identifiers.org/hgnc/11127,SIGLEC1,BM
http://identifiers.org/hgnc/11127,CD169,BM
http://identifiers.org/hgnc/11127,CD169-/+,BM
http://identifiers.org/hgnc/1631,CD163,BM
http://identifiers.org/hgnc/1631,CD163 molecule,BM
http://identifiers.org/hgnc/1686,CD53,BM
http://identifiers.org/hgnc/1693,CD68,BM
http://identifiers.org/hgnc/1693,CD68 molecule,BM
http://identifiers.org/hgnc/2252,CORO1A,BM
http://identifiers.org/hgnc/2605,CYP27A1,BM
http://identifiers.org/hgnc/3559,FABP4,BM
http://identifiers.org/hgnc/3559,Fatty acid binding protein 4,BM
http://identifiers.org/hgnc/6895,MARCO,BM
http://identifiers.org/hgnc/9236,PPARG,BM
http://identifiers.org/hgnc/2440,CSH1,BM
http://identifiers.org/hgnc/9591,PTGDR,BM
http://identifiers.org/hgnc/4191,Glucagon,BM
http://identifiers.org/hgnc/38,ABCA8,BM
http://identifiers.org/hgnc/21569,THEMIS,BM
http://identifiers.org/hgnc/13993,PRDM8,BM
http://identifiers.org/hgnc/20754,TRPC7,BM
http://identifiers.org/hgnc/206,ADAM28,BM
http://identifiers.org/hgnc/9495,PRTN3,BM
http://identifiers.org/hgnc/24029,inhibin subunit beta E,BM
http://identifiers.org/hgnc/14558,CLEC7A,BM
http://identifiers.org/hgnc/23631,NPSR1,BM
http://identifiers.org/hgnc/48639,LINC00943,BM
http://identifiers.org/hgnc/44222,NR2F2-AS1,BM
http://identifiers.org/hgnc/27823,LINC02153,BM
http://identifiers.org/hgnc/9221,POU5F1,BM
http://identifiers.org/hgnc/28020,WDR86,BM
http://identifiers.org/hgnc/8831,PENK,BM
http://identifiers.org/hgnc/6714,LTBP1,BM
http://identifiers.org/hgnc/6562,LGALS2,BM
http://identifiers.org/hgnc/4947,HLA-DRA,BM
http://identifiers.org/hgnc/14399,CPVL,BM
http://identifiers.org/hgnc/11027,SLC4A1,BM
http://identifiers.org/hgnc/11027,AE1/AE3,BM
http://identifiers.org/hgnc/2185,Type X Collagen,BM
http://identifiers.org/hgnc/2185,COL10A1: collagen type X alpha 1 chain,BM
http://identifiers.org/hgnc/5114,HOXB3,BM
http://identifiers.org/hgnc/14678,KCTD12,BM
http://identifiers.org/hgnc/1709,CD9,BM
http://identifiers.org/hgnc/1709,CD9 molecule,BM
http://identifiers.org/hgnc/10827,SH3BP5,BM
http://identifiers.org/hgnc/7955,NPY,BM
http://identifiers.org/hgnc/7955,neuropeptide Y,BM
http://identifiers.org/hgnc/29426,CCBE1,BM
http://identifiers.org/hgnc/10972,SLC22A8,BM
http://identifiers.org/hgnc/26308,CDHR3,BM
http://identifiers.org/hgnc/8651,PCBP3,BM
http://identifiers.org/hgnc/4394,GNAT2,BM
http://identifiers.org/hgnc/8968,PIGR,BM
http://identifiers.org/hgnc/12261,TRDN,BM
http://identifiers.org/hgnc/2521,Chymotrypsinogen B1,BM
http://identifiers.org/hgnc/4605,GRP,BM
http://identifiers.org/hgnc/9721,PYCR1,BM
http://identifiers.org/hgnc/958,BATF,BM
http://identifiers.org/hgnc/1063,BLVRB,BM
http://identifiers.org/hgnc/27287,GRAMD2A,BM
http://identifiers.org/hgnc/18374,HPSE2,BM
http://identifiers.org/hgnc/19719,LGR6,BM
http://identifiers.org/hgnc/27363,ITPRID1,BM
http://identifiers.org/hgnc/42700,OBI1-AS1,BM
http://identifiers.org/hgnc/8239,OR2B4P,BM
http://identifiers.org/hgnc/11801,THY1,BM
http://identifiers.org/hgnc/11801,CD90,BM
http://identifiers.org/hgnc/11801,Thy-1 cell surface antigen,BM
http://identifiers.org/hgnc/1681,CD44,BM
http://identifiers.org/hgnc/3349,ENG,BM
http://identifiers.org/hgnc/3349,CD105,BM
http://identifiers.org/hgnc/3349,endoglin,BM
http://identifiers.org/hgnc/13394,NPHS2,BM
http://identifiers.org/hgnc/11632,TCF21,BM
http://identifiers.org/hgnc/10575,SCG2,BM
http://identifiers.org/hgnc/10575,secretogranin II,BM
http://identifiers.org/hgnc/30506,PLEKHH2,BM
http://identifiers.org/hgnc/4620,GSN,BM
http://identifiers.org/hgnc/8803,PDGFRA,BM
http://identifiers.org/hgnc/8803,PDGFRalpha+,BM
http://identifiers.org/hgnc/8803,PDGFRa,BM
http://identifiers.org/hgnc/8803,PDGFRalpha,BM
http://identifiers.org/hgnc/11491,SYK,BM
http://identifiers.org/hgnc/11309,SRPX,BM
http://identifiers.org/hgnc/19087,EBF3,BM
http://identifiers.org/hgnc/19090,EBF2,BM
http://identifiers.org/hgnc/49024,LINC01036,BM
http://identifiers.org/hgnc/24692,IgM,BM
http://identifiers.org/hgnc/30301,SEC16B,BM
http://identifiers.org/hgnc/9679,PTPRQ,BM
http://identifiers.org/hgnc/11760,TFPI,BM
http://identifiers.org/hgnc/384,AKR1C1,BM
http://identifiers.org/hgnc/10736,SEMA5A,BM
http://identifiers.org/hgnc/13875,FOXP2,BM
http://identifiers.org/hgnc/25149,EGFEM1P,BM
http://identifiers.org/hgnc/22128,NPSR1-AS1,BM
http://identifiers.org/hgnc/12796,WT1,BM
http://identifiers.org/hgnc/18259,ITLN1,BM
http://identifiers.org/hgnc/21444,UPK3B,BM
http://identifiers.org/hgnc/2198,COL1A2,BM
http://identifiers.org/hgnc/2705,DCN,BM
http://identifiers.org/hgnc/2705,HGNC:4620,BM
http://identifiers.org/hgnc/2705,DCN+,BM
http://identifiers.org/hgnc/2705,DCN5,BM
http://identifiers.org/hgnc/7035,MFAP4,BM
http://identifiers.org/hgnc/21290,PTCRA,BM
http://identifiers.org/hgnc/20151,SLC17A8,BM
http://identifiers.org/hgnc/20151,Vesicular glutamate transporter 3,BM
http://identifiers.org/hgnc/16018,CADPS2,BM
http://identifiers.org/hgnc/6414,cytokeratin 12,BM
http://identifiers.org/hgnc/11204,SOX9,BM
http://identifiers.org/hgnc/11204,SOX9+,BM
http://identifiers.org/hgnc/11204,SOx9,BM
http://identifiers.org/hgnc/14217,STK32B,BM
http://identifiers.org/hgnc/21574,SAMD3,BM
http://identifiers.org/hgnc/7136,MLLT3,BM
http://identifiers.org/hgnc/10720,SELL,BM
http://identifiers.org/hgnc/10720,CD62L,BM
http://identifiers.org/hgnc/7883,NOTCH3,BM
http://identifiers.org/hgnc/50687,SATB1-AS1,BM
http://identifiers.org/hgnc/7734,NEFM,BM
http://identifiers.org/hgnc/24356,CLEC1B,BM
http://identifiers.org/hgnc/7727,NEDD4,BM
http://identifiers.org/hgnc/352,AIF1,BM
http://identifiers.org/hgnc/352,IBA1,BM
http://identifiers.org/hgnc/352,allograft inflammatory factor 1,BM
http://identifiers.org/hgnc/13253,CKLF,BM
http://identifiers.org/hgnc/9240,PPBP,BM
http://identifiers.org/hgnc/25588,SLC47A1,BM
http://identifiers.org/hgnc/24040,ADIPOR1,BM
http://identifiers.org/hgnc/26511,HSPB6,BM
http://identifiers.org/hgnc/19254,PLAC8,BM
http://identifiers.org/hgnc/130,ACTA2,BM
http://identifiers.org/hgnc/130,aSMA,BM
http://identifiers.org/hgnc/130,Smooth Muscle Actin,BM
http://identifiers.org/hgnc/130,"actin alpha 2, smooth muscle",BM
http://identifiers.org/hgnc/130,Smooth Actin Muscle,BM
http://identifiers.org/hgnc/130,"Actin, smooth muscle",BM
http://identifiers.org/hgnc/10725,SEMA3C,BM
http://identifiers.org/hgnc/12029,TRAC,BM
http://identifiers.org/hgnc/1694,CD69,BM
http://identifiers.org/hgnc/28495,ZNF683,BM
http://identifiers.org/hgnc/28495,HOBIT,BM
http://identifiers.org/hgnc/6147,ITGAE,BM
http://identifiers.org/hgnc/6147,CD103,BM
http://identifiers.org/hgnc/6147,integrin subunit alpha E/CD103,BM
http://identifiers.org/hgnc/9346,PRDM1,BM
http://identifiers.org/hgnc/9346, BLIMP1,BM
http://identifiers.org/hgnc/1441,caldesmon 1,BM
http://identifiers.org/hgnc/1441,Caldesmon,BM
http://identifiers.org/hgnc/18266,ATP6V0D2,BM
http://identifiers.org/hgnc/26483,glycosyltransferase 1 domain containing 1,BM
http://identifiers.org/hgnc/30748,TRHDE,BM
http://identifiers.org/hgnc/1442,CALM1,BM
http://identifiers.org/hgnc/21184,FNDC1,BM
http://identifiers.org/hgnc/8993,GCDFP-15,BM
http://identifiers.org/hgnc/6839,MAP-2,BM
http://identifiers.org/hgnc/11506,Synaptophysin,BM
http://identifiers.org/hgnc/11506,synaptophysin,BM
http://identifiers.org/hgnc/1461,CAMK2B,BM
http://identifiers.org/hgnc/18254,HES6,BM
http://identifiers.org/hgnc/26735,KIF19,BM
http://identifiers.org/hgnc/6836,MAP1B,BM
http://identifiers.org/hgnc/7860,NNAT,BM
http://identifiers.org/hgnc/10672,CXCL12,BM
http://identifiers.org/hgnc/29109,TESPA1,BM
http://identifiers.org/hgnc/11599,TBX21,BM
http://identifiers.org/hgnc/11599,T-box transcription factor 21,BM
http://identifiers.org/hgnc/11599,T-bet,BM
http://identifiers.org/hgnc/1514,CASR,BM
http://identifiers.org/hgnc/13285,FIGN,BM
http://identifiers.org/hgnc/2663,DACH1,BM
http://identifiers.org/hgnc/8133,OLR1,BM
http://identifiers.org/hgnc/1753,CDH13,BM
http://identifiers.org/hgnc/20779,NDST4,BM
http://identifiers.org/hgnc/7001,MEIS2,BM
http://identifiers.org/hgnc/9446,PRLR,BM
http://identifiers.org/hgnc/11743,TFAP2B,BM
http://identifiers.org/hgnc/14222,LHX9,BM
http://identifiers.org/hgnc/1434,CALB1,BM
http://identifiers.org/hgnc/1434,calbindin 1,BM
http://identifiers.org/hgnc/6593,LHX1,BM
http://identifiers.org/hgnc/8138,ONECUT1,BM
http://identifiers.org/hgnc/8139,ONECUT2,BM
http://identifiers.org/hgnc/9704,PVALB,BM
http://identifiers.org/hgnc/9704,parvalbumin,BM
http://identifiers.org/hgnc/9659,PTPN7,BM
http://identifiers.org/hgnc/11765,TGFA,BM
http://identifiers.org/hgnc/5360,ID1,BM
http://identifiers.org/hgnc/13361,MEPE,BM
http://identifiers.org/hgnc/16041,EMCN,BM
http://identifiers.org/hgnc/16041,Endomucin,BM
http://identifiers.org/hgnc/12692,VIM,BM
http://identifiers.org/hgnc/12692,vimentin,BM
http://identifiers.org/hgnc/12692,Vimentin,BM
http://identifiers.org/hgnc/2202,COL4A1,BM
http://identifiers.org/hgnc/2202,Collagen IV,BM
http://identifiers.org/hgnc/2202,COL IV,BM
http://identifiers.org/hgnc/53062,LINC02196,BM
http://identifiers.org/hgnc/32411,SCART1,BM
http://identifiers.org/hgnc/8569,PCSK6,BM
http://identifiers.org/hgnc/6269,KCNJ8,BM
http://identifiers.org/hgnc/7029,MET,BM
http://identifiers.org/hgnc/633,AQP1,BM
http://identifiers.org/hgnc/633,aquaporin 1,BM
http://identifiers.org/hgnc/4827,HBB,BM
http://identifiers.org/hgnc/16067,MYOCD,BM
http://identifiers.org/hgnc/11553,TAGLN,BM
http://identifiers.org/hgnc/11553,TAGLN (SM22),BM
http://identifiers.org/hgnc/7569,MYH11,BM
http://identifiers.org/hgnc/2155,CNN1,BM
http://identifiers.org/hgnc/2155,calponin 1,BM
http://identifiers.org/hgnc/1605,CCR4,BM
http://identifiers.org/hgnc/14881,ZEB2,BM
http://identifiers.org/hgnc/6441,KRT4,BM
http://identifiers.org/hgnc/5318,TNC,BM
http://identifiers.org/hgnc/12371,RSPH1,BM
http://identifiers.org/hgnc/15467,DYNLRB2,BM
http://identifiers.org/hgnc/20771,TUBB4B,BM
http://identifiers.org/hgnc/3816,FOXJ1,BM
http://identifiers.org/hgnc/3816,FOXJ1+,BM
http://identifiers.org/hgnc/2558,CX3CR1,BM
http://identifiers.org/hgnc/6765,MADCAM1,BM
http://identifiers.org/hgnc/6765,MAd-CAM-1,BM
http://identifiers.org/hgnc/6765,Mad-CAM-1,BM
http://identifiers.org/hgnc/6765,MADCAM1+,BM
http://identifiers.org/hgnc/6342,KIT,BM
http://identifiers.org/hgnc/6342,CD117,BM
http://identifiers.org/hgnc/6342,"KIT proto-oncogene, receptor tyrosine kinase",BM
http://identifiers.org/hgnc/13203,AICDA,BM
http://identifiers.org/hgnc/13203,AID,BM
http://identifiers.org/hgnc/13203,AICDA+,BM
http://identifiers.org/hgnc/11037,SLC5A2,BM
http://identifiers.org/hgnc/2212,COL6A2,BM
http://identifiers.org/hgnc/2212,Col6A2,BM
http://identifiers.org/hgnc/12693,VIP,BM
http://identifiers.org/hgnc/12693,vasoactive intestinal polypeptide,BM
http://identifiers.org/hgnc/787,nitric oxide synthase,BM
http://identifiers.org/hgnc/9723,glycogen phosphorylase,BM
http://identifiers.org/hgnc/9723,glycogen phosphorylase B,BM
http://identifiers.org/hgnc/163,ACTN1,BM
http://identifiers.org/hgnc/2211,Col6A1,BM
http://identifiers.org/hgnc/9143,PHOX2B,BM
http://identifiers.org/hgnc/2983,DNTT,BM
http://identifiers.org/hgnc/23145,MAFA,BM
http://identifiers.org/hgnc/6440,cytokeratin 3,BM
http://identifiers.org/hgnc/6440,Fibrillin-2,BM
http://identifiers.org/hgnc/21411,AIFM2 (FSP1),BM
http://identifiers.org/hgnc/3009,DPP4,BM
http://identifiers.org/hgnc/7859,NMU,BM
http://identifiers.org/hgnc/1472,CAMP,BM
http://identifiers.org/hgnc/12403,TTN,BM
http://identifiers.org/hgnc/12403,NPPA,BM
http://identifiers.org/hgnc/4849,HCRTR2,BM
http://identifiers.org/hgnc/2481,CSTA,BM
http://identifiers.org/hgnc/7103,Aquaporin 0,BM
http://identifiers.org/hgnc/9937,RCVRN,BM
http://identifiers.org/hgnc/9937,recoverin,BM
http://identifiers.org/hgnc/9937,Recoverin,BM
http://identifiers.org/hgnc/1703,CD83,BM
http://identifiers.org/hgnc/50645,LINC01378,BM
http://identifiers.org/hgnc/8951,SERPINE2,BM
http://identifiers.org/hgnc/17257,SPDEF,BM
http://identifiers.org/hgnc/328,AGR2,BM
http://identifiers.org/hgnc/124,"TRAP: ACP5: acid phosphatase 5, tartrate resistant",BM
http://identifiers.org/hgnc/7516,MUC5B,BM
http://identifiers.org/hgnc/7183,MNDA,BM
http://identifiers.org/hgnc/2764,DEFA5,BM
http://identifiers.org/hgnc/2764,DFA5,BM
http://identifiers.org/hgnc/2764,defensin alpha 5,BM
http://identifiers.org/hgnc/28274,FAM163A,BM
http://identifiers.org/hgnc/7849,NME1,BM
http://identifiers.org/hgnc/29990,NUPR1,BM
http://identifiers.org/hgnc/18508,FCRL5,BM
http://identifiers.org/hgnc/8620,PAX6,BM
http://identifiers.org/hgnc/1607,CCR6,BM
http://identifiers.org/hgnc/13222,BCL11B,BM
http://identifiers.org/hgnc/17104,CDON,BM
http://identifiers.org/hgnc/3770,FMO2,BM
http://identifiers.org/hgnc/22404,GIMAP7,BM
http://identifiers.org/hgnc/11200,SOX4,BM
http://identifiers.org/hgnc/11200,SOX4+,BM
http://identifiers.org/hgnc/29213,CEMIP,BM
http://identifiers.org/hgnc/12339,TRPM2,BM
http://identifiers.org/hgnc/348,AHR+,BM
http://identifiers.org/hgnc/5870,IGLL1+,BM
http://identifiers.org/hgnc/29,ABCA1,BM
http://identifiers.org/hgnc/477,Pancreatic alpha-amylase,BM
http://identifiers.org/hgnc/7553,MYC,BM
http://identifiers.org/hgnc/11051,SLC6A5,BM
http://identifiers.org/hgnc/52588,LINC01798,BM
http://identifiers.org/hgnc/7000,MEIS1,BM
http://identifiers.org/hgnc/1699,CD79B,BM
http://identifiers.org/hgnc/1699,GATA3,BM
http://identifiers.org/hgnc/14189,LST1,BM
http://identifiers.org/hgnc/20707,OPALIN,BM
http://identifiers.org/hgnc/2356,CRHBP,BM
http://identifiers.org/hgnc/24330,CPLX4,BM
http://identifiers.org/hgnc/2464,VCAN,BM
http://identifiers.org/hgnc/2464,VCAN+,BM
http://identifiers.org/hgnc/3613,FCGR1A,BM
http://identifiers.org/hgnc/3613,CD64hi,BM
http://identifiers.org/hgnc/3613,CD64,BM
http://identifiers.org/hgnc/3619,FCGR3A,BM
http://identifiers.org/hgnc/3619,CD16-/lo,BM
http://identifiers.org/hgnc/3619,CD16hi,BM
http://identifiers.org/hgnc/3619,CD16,BM
http://identifiers.org/hgnc/3619,Fc fragment of IgG receptor IIIa/CD16,BM
http://identifiers.org/hgnc/3619,CD11c,BM
http://identifiers.org/hgnc/3619,FCGR3A+,BM
http://identifiers.org/hgnc/3623,FCN1,BM
http://identifiers.org/hgnc/3623,FCN1+,BM
http://identifiers.org/hgnc/6149,CD11B,BM
http://identifiers.org/hgnc/6149,ITGAM,BM
http://identifiers.org/hgnc/6149,integrin subunit alpha M/CD11b,BM
http://identifiers.org/hgnc/6149,CD11b,BM
http://identifiers.org/hgnc/12810,XIST,BM
http://identifiers.org/hgnc/4093,GAD2,BM
http://identifiers.org/hgnc/4093,glutamic acid decarboxylase 65,BM
http://identifiers.org/hgnc/1452,CALML3,BM
http://identifiers.org/hgnc/9171,PODXL,BM
http://identifiers.org/hgnc/6711,LTB,BM
http://identifiers.org/hgnc/11950,TNNT3,BM
http://identifiers.org/hgnc/11757,TFF3,BM
http://identifiers.org/hgnc/16642,CXCL16,BM
http://identifiers.org/hgnc/7512,MUC2,BM
http://identifiers.org/hgnc/7512,Mucin 2,BM
http://identifiers.org/hgnc/2907,DLK1,BM
http://identifiers.org/hgnc/1804,CD52,BM
http://identifiers.org/hgnc/542,ANXA4,BM
http://identifiers.org/hgnc/3128,GPR183,BM
http://identifiers.org/hgnc/227,ADARB2,BM
http://identifiers.org/hgnc/14342,C1QTNF7,BM
http://identifiers.org/hgnc/21198,HCFC1R1,BM
http://identifiers.org/hgnc/6251,KCNH2,BM
http://identifiers.org/hgnc/4392,GNAS,BM
http://identifiers.org/hgnc/7060,MGP,BM
http://identifiers.org/hgnc/13841,ADGRG6,BM
http://identifiers.org/hgnc/234,ADCY3,BM
http://identifiers.org/hgnc/26545,ARHGAP42,BM
http://identifiers.org/hgnc/6008,IL2RA,BM
http://identifiers.org/hgnc/6008,IL2RA+,BM
http://identifiers.org/hgnc/6008,CD25,BM
http://identifiers.org/hgnc/11641,TCF7L2,BM
http://identifiers.org/hgnc/19739,TTC6,BM
http://identifiers.org/hgnc/6621,Lipase E,BM
http://identifiers.org/hgnc/9070,PLEK,BM
http://identifiers.org/hgnc/8498,ORM1,BM
http://identifiers.org/hgnc/30288,DTL,BM
http://identifiers.org/hgnc/18404,FAM9B,BM
http://identifiers.org/hgnc/10593,SCN5A,BM
http://identifiers.org/hgnc/15944,Chymotrypsin like elastase 3A,BM
http://identifiers.org/hgnc/9609,PTH2R,BM
http://identifiers.org/hgnc/3560,FABP5,BM
http://identifiers.org/hgnc/4183,GBP2,BM
http://identifiers.org/hgnc/639,AQP6,BM
http://identifiers.org/hgnc/13221,BCL11A,BM
http://identifiers.org/hgnc/7596,MYO1B,BM
http://identifiers.org/hgnc/17245,CPA6,BM
http://identifiers.org/hgnc/799,ATP1A1,BM
http://identifiers.org/hgnc/799,ATPase Na+/K+ transporting subunit alpha 1,BM
http://identifiers.org/hgnc/4414,GNLY,BM
http://identifiers.org/hgnc/4414,GNLY+,BM
http://identifiers.org/hgnc/11050,SLC6A4,BM
http://identifiers.org/hgnc/17635,PD-L1,BM
http://identifiers.org/hgnc/17635,PDL1,BM
http://identifiers.org/hgnc/29909,PNAd,BM
http://identifiers.org/hgnc/18060,ARX,BM
http://identifiers.org/hgnc/2943,DNAH12,BM
http://identifiers.org/hgnc/34527,CDHR4,BM
http://identifiers.org/hgnc/15581,TFAP2D,BM
http://identifiers.org/hgnc/4587,GRIN2C,BM
http://identifiers.org/hgnc/9229,PLPP3,BM
http://identifiers.org/hgnc/404,ALDH2,BM
http://identifiers.org/hgnc/11019,SLC34A1,BM
http://identifiers.org/hgnc/6001,IL2,BM
http://identifiers.org/hgnc/3327,Elastin,BM
http://identifiers.org/hgnc/3601,FBLN2,BM
http://identifiers.org/hgnc/33,ABCA3,BM
http://identifiers.org/hgnc/9991,RGS1,BM
http://identifiers.org/hgnc/28554,CFAP299,BM
http://identifiers.org/hgnc/5209,HSD11B2,BM
http://identifiers.org/hgnc/12011,TPM2,BM
http://identifiers.org/hgnc/28306,PRELID2,BM
http://identifiers.org/hgnc/10937,SLC19A1,BM
http://identifiers.org/hgnc/23319,NTNG1,BM
http://identifiers.org/hgnc/13826,DMRTA1,BM
http://identifiers.org/hgnc/49796,LINC01239,BM
http://identifiers.org/hgnc/60,ABCC9,BM
http://identifiers.org/hgnc/12716,TRPV1,BM
http://identifiers.org/hgnc/25636,MCTP2,BM
http://identifiers.org/hgnc/4901,HHEX,BM
http://identifiers.org/hgnc/1594,CCNH,BM
http://identifiers.org/hgnc/974,BCAS1,BM
http://identifiers.org/hgnc/484,ANGPT1,BM
http://identifiers.org/hgnc/21386,FSTL5,BM
http://identifiers.org/hgnc/53587,LINC02552,BM
http://identifiers.org/hgnc/7881,NOTCH1,BM
http://identifiers.org/hgnc/4403,GNG11,BM
http://identifiers.org/hgnc/10776,SFRP1,BM
http://identifiers.org/hgnc/12577,UPK1A,BM
http://identifiers.org/hgnc/9607,PTHLH,BM
http://identifiers.org/hgnc/9607,PTHLH+,BM
http://identifiers.org/hgnc/1639,CD2,BM
http://identifiers.org/hgnc/11935,CD40LG,BM
http://identifiers.org/hgnc/11935,CD40L,BM
http://identifiers.org/hgnc/11935,CD57,BM
http://identifiers.org/hgnc/2203,Collagen IV,BM
http://identifiers.org/hgnc/11919,CD40,BM
http://identifiers.org/hgnc/11922,CD27,BM
http://identifiers.org/hgnc/11922,CD27hi,BM
http://identifiers.org/hgnc/11922,CD27lo,BM
http://identifiers.org/hgnc/11922,CD27+,BM
http://identifiers.org/hgnc/1633,CD19,BM
http://identifiers.org/hgnc/1633,CD19+,BM
http://identifiers.org/hgnc/1633,CD19 molecule,BM
http://identifiers.org/hgnc/1645,CD24,BM
http://identifiers.org/hgnc/1645,CD24+/lo,BM
http://identifiers.org/hgnc/1667,CD38,BM
http://identifiers.org/hgnc/1667,CD38+,BM
http://identifiers.org/hgnc/1667,CD38hi,BM
http://identifiers.org/hgnc/1667,CD38+/lo,BM
http://identifiers.org/hgnc/1667,CD38 molecule,BM
http://identifiers.org/hgnc/7154,MME,BM
http://identifiers.org/hgnc/7154,CD10,BM
http://identifiers.org/hgnc/8619,PAX5,BM
http://identifiers.org/hgnc/23091,SLC5A11,BM
http://identifiers.org/hgnc/1636,CD1C,BM
http://identifiers.org/hgnc/1636,CD1c+,BM
http://identifiers.org/hgnc/1636,CD1c-/lo,BM
http://identifiers.org/hgnc/1636,CD1c,BM
http://identifiers.org/hgnc/1697,CD74,BM
http://identifiers.org/hgnc/1697,HLA-DR,BM
http://identifiers.org/hgnc/1697,CD74+,BM
http://identifiers.org/hgnc/17105,BEST3,BM
http://identifiers.org/hgnc/43959,PTCSC3,BM
http://identifiers.org/hgnc/990,BCL2,BM
http://identifiers.org/hgnc/2428,YBX3+,BM
http://identifiers.org/hgnc/11926,TNFSF11,BM
http://identifiers.org/hgnc/11926,RANKL,BM
http://identifiers.org/hgnc/2770,DES,BM
http://identifiers.org/hgnc/2770,desmin,BM
http://identifiers.org/hgnc/2770,Desmin,BM
http://identifiers.org/hgnc/29602,PDPN,BM
http://identifiers.org/hgnc/29602,D2-40H,BM
http://identifiers.org/hgnc/29602,Podoplanin,BM
http://identifiers.org/hgnc/29602,podoplanin,BM
http://identifiers.org/hgnc/3423,EPX,BM
http://identifiers.org/hgnc/17318,RXFP2,BM
http://identifiers.org/hgnc/6644,LMO4,BM
http://identifiers.org/hgnc/16703,SLC17A6,BM
http://identifiers.org/hgnc/417,ALDOB,BM
http://identifiers.org/hgnc/7603,MYO5B,BM
http://identifiers.org/hgnc/4964,HLAG,BM
http://identifiers.org/hgnc/16421,SOX6,BM
http://identifiers.org/hgnc/16231,CBLN4,BM
http://identifiers.org/hgnc/2959,DNASE1L3,BM
http://identifiers.org/hgnc/1955,CHRNA1,BM
http://identifiers.org/hgnc/4944,HLA-DQB1,BM
http://identifiers.org/hgnc/4944,HAL-DQB1,BM
http://identifiers.org/hgnc/1346,C7,BM
http://identifiers.org/hgnc/18695,ST18,BM
http://identifiers.org/hgnc/5997,IL1RAPL2,BM
http://identifiers.org/hgnc/26021,LYAR,BM
http://identifiers.org/hgnc/10832,SH3GL3,BM
http://identifiers.org/hgnc/2435,CSF2RA,BM
http://identifiers.org/hgnc/4948,HLA-DRB1,BM
http://identifiers.org/hgnc/913,AZU1,BM
http://identifiers.org/hgnc/3748,filaggrin,BM
http://identifiers.org/hgnc/3227,EFNB2,BM
http://identifiers.org/hgnc/52997,LINC02137,BM
http://identifiers.org/hgnc/7975,NR2F1,BM
http://identifiers.org/hgnc/6187,Involucrin,BM
http://identifiers.org/hgnc/2287,COX7A1,BM
http://identifiers.org/hgnc/129,ACTA1,BM
http://identifiers.org/hgnc/17265,ABI3BP,BM
http://identifiers.org/hgnc/16770,SEMA6D,BM
http://identifiers.org/hgnc/3229,EGF,BM
http://identifiers.org/hgnc/219,ADAMTS3,BM
http://identifiers.org/hgnc/3520,EYA2,BM
http://identifiers.org/hgnc/5184,HRH3,BM
http://identifiers.org/hgnc/30209,PCP2,BM
http://identifiers.org/hgnc/1604,CCR3,BM
http://identifiers.org/hgnc/1604,C-C motif chemokine receptor 3,BM
http://identifiers.org/hgnc/12019,TPSB1,BM
http://identifiers.org/hgnc/12019,TPSAB1,BM
http://identifiers.org/hgnc/12019,Tryptase,BM
http://identifiers.org/hgnc/145,ACTG2,BM
http://identifiers.org/hgnc/7316,MS4A2,BM
http://identifiers.org/hgnc/4279,GJA5,BM
http://identifiers.org/hgnc/4279,CX40,BM
http://identifiers.org/hgnc/20778,tubulin,BM
http://identifiers.org/hgnc/10006,RHAG,BM
http://identifiers.org/hgnc/12441,TYMS,BM
http://identifiers.org/hgnc/30840,keratin 26,BM
http://identifiers.org/hgnc/14430,SLC13A3,BM
http://identifiers.org/hgnc/9364,Lubricin,BM
http://identifiers.org/hgnc/1375,CA4,BM
http://identifiers.org/hgnc/1375,Carbonic anhydrase 4,BM
http://identifiers.org/hgnc/10912,SLC12A3,BM
http://identifiers.org/hgnc/17995,TRPM6,BM
http://identifiers.org/hgnc/11329,SST,BM
http://identifiers.org/hgnc/11329,Somatostatin,BM
http://identifiers.org/hgnc/12449,TYROBP,BM
http://identifiers.org/hgnc/20821,COL24A1,BM
http://identifiers.org/hgnc/2360,CRIP1,BM
http://identifiers.org/hgnc/8904,PGLYRP1,BM
http://identifiers.org/hgnc/6694,LRP2,BM
http://identifiers.org/hgnc/5297,HTR3A,BM
http://identifiers.org/hgnc/2479,CST7,BM
http://identifiers.org/hgnc/6436,keratin 19,BM
http://identifiers.org/hgnc/6436,KRT19,BM
http://identifiers.org/hgnc/6436,Keratin 19,BM
http://identifiers.org/hgnc/9352,PRDX1,BM
http://identifiers.org/hgnc/24327,VGLL3,BM
http://identifiers.org/hgnc/5716,IGKC,BM
http://identifiers.org/hgnc/277,ADRA1A,BM
http://identifiers.org/hgnc/10002,RGS6,BM
http://identifiers.org/hgnc/6018,IL-6,BM
http://identifiers.org/hgnc/6018,IL6+,BM
http://identifiers.org/hgnc/4235,GFAP,BM
http://identifiers.org/hgnc/43910,IFNG-AS1,BM
http://identifiers.org/hgnc/11201,SOX5,BM
http://identifiers.org/hgnc/28395,SGMS2,BM
http://identifiers.org/hgnc/2433,CSF1R,BM
http://identifiers.org/hgnc/2893,DKK3,BM
http://identifiers.org/hgnc/24149,HES4,BM
http://identifiers.org/hgnc/29853,HECW2,BM
http://identifiers.org/hgnc/9682,PTPRT,BM
http://identifiers.org/hgnc/13433,ROBO3,BM
http://identifiers.org/hgnc/7981,NR4A2,BM
http://identifiers.org/hgnc/8028,NTHL1,BM
http://identifiers.org/hgnc/10260,RORgt,BM
http://identifiers.org/hgnc/10260,RORC+,BM
http://identifiers.org/hgnc/10260,RAR related orphan receptor C,BM
http://identifiers.org/hgnc/10260,RORC2,BM
http://identifiers.org/hgnc/5361,ID2,BM
http://identifiers.org/hgnc/5361,ID2+,BM
http://identifiers.org/hgnc/6024,IL7R,BM
http://identifiers.org/hgnc/6024,CD127hi,BM
http://identifiers.org/hgnc/6024,CD127,BM
http://identifiers.org/hgnc/6443,KRT6A,BM
http://identifiers.org/hgnc/24045,SPTSSB,BM
http://identifiers.org/hgnc/12008,Tryptophan hydroxylase 1,BM
http://identifiers.org/hgnc/34,ABCA4,BM
http://identifiers.org/hgnc/19077,NKp30,BM
http://identifiers.org/hgnc/10044,RNASE1,BM
http://identifiers.org/hgnc/10751,SELENOP,BM
http://identifiers.org/hgnc/10909,SLC40A1,BM
http://identifiers.org/hgnc/11881,Thymosin beta-4,BM
http://identifiers.org/hgnc/1241,C1QA,BM
http://identifiers.org/hgnc/1242,C1QB,BM
http://identifiers.org/hgnc/1245,C1QC,BM
http://identifiers.org/hgnc/13378,MS4A7,BM
http://identifiers.org/hgnc/18628,STAB1,BM
http://identifiers.org/hgnc/613,APOE,BM
http://identifiers.org/hgnc/613,APOE+,BM
http://identifiers.org/hgnc/9472,LGMN,BM
http://identifiers.org/hgnc/19179,CMTM8,BM
http://identifiers.org/hgnc/19664,GNG8,BM
http://identifiers.org/hgnc/6934,MCAM,BM
http://identifiers.org/hgnc/6934,melanoma cell adhesion molecule/CD146,BM
http://identifiers.org/hgnc/10602,SCNN1G,BM
http://identifiers.org/hgnc/6817,MAL,BM
http://identifiers.org/hgnc/7720,NEB,BM
http://identifiers.org/hgnc/10646,XCL2,BM
http://identifiers.org/hgnc/13432,RNF19A,BM
http://identifiers.org/hgnc/3358,ENPP3,BM
http://identifiers.org/hgnc/3358,CD203c,BM
http://identifiers.org/hgnc/9674,PTPRK,BM
http://identifiers.org/hgnc/24757,TYW3,BM
http://identifiers.org/hgnc/4824,HBA2,BM
http://identifiers.org/hgnc/3765,FLT3,BM
http://identifiers.org/hgnc/3765,CD135,BM
http://identifiers.org/hgnc/8820,PDYN,BM
http://identifiers.org/hgnc/6732,NKp44,BM
http://identifiers.org/hgnc/11602,TBX3,BM
http://identifiers.org/hgnc/14236,DERL3,BM
http://identifiers.org/hgnc/14632,ADAMTSL1,BM
http://identifiers.org/hgnc/10259,RORB,BM
http://identifiers.org/hgnc/16973,PPP1R17,BM
http://identifiers.org/hgnc/8778,PDE3A,BM
http://identifiers.org/hgnc/14454,GABRQ,BM
http://identifiers.org/hgnc/11353,STAC,BM
http://identifiers.org/hgnc/10001,RGS5,BM
http://identifiers.org/hgnc/10001,PECAM1,BM
http://identifiers.org/hgnc/10008,RHCE,BM
http://identifiers.org/hgnc/53212,LINC02296,BM
http://identifiers.org/hgnc/1593,CCNG2,BM
http://identifiers.org/hgnc/5474,IGFBP5,BM
http://identifiers.org/hgnc/29612,LAPTM5,BM
http://identifiers.org/hgnc/2235,KLF6+,BM
http://identifiers.org/hgnc/7788,NFIX,BM
http://identifiers.org/hgnc/644,AR,BM
http://identifiers.org/hgnc/4540,CXCR3,BM
http://identifiers.org/hgnc/18081,WIF1,BM
http://identifiers.org/hgnc/1960,CHRNA7,BM
http://identifiers.org/hgnc/2731,DDR2,BM
http://identifiers.org/hgnc/1757,CDH18,BM
http://identifiers.org/hgnc/10573,SCEL,BM
http://identifiers.org/hgnc/438,Alkaline Phosphatase,BM
http://identifiers.org/hgnc/1610,CCR9,BM
http://identifiers.org/hgnc/20866,RSPO3,BM
http://identifiers.org/hgnc/14240,SMPD3,BM
http://identifiers.org/hgnc/18688,CRB2,BM
http://identifiers.org/hgnc/20412,keratin 20,BM
http://identifiers.org/hgnc/20412,Keratin 20,BM
http://identifiers.org/hgnc/23527,FANK1,BM
http://identifiers.org/hgnc/1118,BST1+,BM
http://identifiers.org/hgnc/5341,Bone Sialoprotein,BM
http://identifiers.org/hgnc/5341,IBSP: integrin binding sialoprotein,BM
http://identifiers.org/hgnc/3522,EYA4,BM
http://identifiers.org/hgnc/26183,MCTP1,BM
http://identifiers.org/hgnc/7656,NCAM1,BM
http://identifiers.org/hgnc/7656,CD56hi,BM
http://identifiers.org/hgnc/7656,CD56,BM
http://identifiers.org/hgnc/7656,NCAM1+,BM
http://identifiers.org/hgnc/7656,neural cell adhesion molecule 1/CD56,BM
http://identifiers.org/hgnc/14449,OPN4,BM
http://identifiers.org/hgnc/14449,melanopsin,BM
http://identifiers.org/hgnc/29315,VAT1L,BM
http://identifiers.org/hgnc/6378,CD94,BM
http://identifiers.org/hgnc/6378,KLRD1,BM
http://identifiers.org/hgnc/16647,CXCR6,BM
http://identifiers.org/hgnc/7218,MPO,BM
http://identifiers.org/hgnc/7218,Myeloperoxidase,BM
http://identifiers.org/hgnc/7218,myeloperoxidase,BM
http://identifiers.org/hgnc/6139,Integrin a3,BM
http://identifiers.org/hgnc/1544,CBLN2,BM
http://identifiers.org/hgnc/14323,TRPM5,BM
http://identifiers.org/hgnc/895,AVPR1A,BM
http://identifiers.org/hgnc/10727,SEMA3E,BM
http://identifiers.org/hgnc/42435,ADAMTS9-AS2,BM
http://identifiers.org/hgnc/6477,LAIR-1,BM
http://identifiers.org/hgnc/9454,PROM1,BM
http://identifiers.org/hgnc/4938,HLA-DPA1,BM
http://identifiers.org/hgnc/54272,LINC02752,BM
http://identifiers.org/hgnc/1677,CD247,BM
http://identifiers.org/hgnc/21591,TAFA4,BM
http://identifiers.org/hgnc/18075,AHSP,BM
http://identifiers.org/hgnc/3691,FGFR4,BM
http://identifiers.org/hgnc/31401,SLC9C1,BM
http://identifiers.org/hgnc/11191,SOX11,BM
http://identifiers.org/hgnc/397,ALAS2,BM
http://identifiers.org/hgnc/14599,TINAG,BM
http://identifiers.org/hgnc/19266,SYT10,BM
http://identifiers.org/hgnc/29348,THSD7B,BM
http://identifiers.org/hgnc/11530,TACSTD2,BM
http://identifiers.org/hgnc/3372,EOMES,BM
http://identifiers.org/hgnc/3372,eomes,BM
http://identifiers.org/hgnc/16379,TRIM22,BM
http://identifiers.org/hgnc/1602,CCR1,BM
http://identifiers.org/hgnc/4806,CFTR,BM
http://identifiers.org/hgnc/4806,HAL,BM
http://identifiers.org/hgnc/10799,SFTPA2,BM
http://identifiers.org/hgnc/10359,RPL36A,BM
http://identifiers.org/hgnc/1929,CHGA,BM
http://identifiers.org/hgnc/1929,chromogranin A,BM
http://identifiers.org/hgnc/1929,Chromogranin A,BM
http://identifiers.org/hgnc/26974,PDZD8,BM
http://identifiers.org/hgnc/8539,P2RY1,BM
http://identifiers.org/hgnc/10882,SIM1,BM
http://identifiers.org/hgnc/1663,CD36,BM
http://identifiers.org/hgnc/1663,CD36lo,BM
http://identifiers.org/hgnc/31713,CLEC12Ahi,BM
http://identifiers.org/hgnc/1394,calcium voltage-gated channel subunit alpha1 G,BM
http://identifiers.org/hgnc/10639,CXCL13,BM
http://identifiers.org/hgnc/10639,CXCL13+,BM
http://identifiers.org/hgnc/10479,RXRG,BM
http://identifiers.org/hgnc/10257,ROR2,BM
http://identifiers.org/hgnc/3800,FOXC1,BM
http://identifiers.org/hgnc/5464,IGF1,BM
http://identifiers.org/hgnc/5295,HTR2C,BM
http://identifiers.org/hgnc/24176,BTNL9,BM
http://identifiers.org/hgnc/6413,KRT10,BM
http://identifiers.org/hgnc/6413,keratin 10,BM
http://identifiers.org/hgnc/6427,KRT17,BM
http://identifiers.org/hgnc/6427,KRT18,BM
http://identifiers.org/hgnc/6427,keratin 17,BM
http://identifiers.org/hgnc/3793,CD68,BM
http://identifiers.org/hgnc/3793,FOLR2,BM
http://identifiers.org/hgnc/3387,EPHA3,BM
http://identifiers.org/hgnc/11998,tumor protein p53,BM
http://identifiers.org/hgnc/11220,SPARCL1,BM
http://identifiers.org/hgnc/8010,NRXN3,BM
http://identifiers.org/hgnc/26256,NDNF,BM
http://identifiers.org/hgnc/10249,ROBO1,BM
http://identifiers.org/hgnc/13523,CLEC4M,BM
http://identifiers.org/hgnc/20822,ADGRL4,BM
http://identifiers.org/hgnc/19829,FAM177A1,BM
http://identifiers.org/hgnc/1373,CA2,BM
http://identifiers.org/hgnc/1373,Carbonic anhydrase 2,BM
http://identifiers.org/hgnc/30620,PDGFD,BM
http://identifiers.org/hgnc/4411,GNGT1,BM
http://identifiers.org/hgnc/3690,FGFR3,BM
http://identifiers.org/hgnc/1637,CD1D,BM
http://identifiers.org/hgnc/1637,CD1d+,BM
http://identifiers.org/hgnc/30400,SEMA3G,BM
http://identifiers.org/hgnc/52515,LINC01727,BM
http://identifiers.org/hgnc/6482,LAMA2,BM
http://identifiers.org/hgnc/6482,"Laminin, subunit alpha 2",BM
http://identifiers.org/hgnc/50698,ZFPM2-AS1,BM
http://identifiers.org/hgnc/4871,HERC2P3,BM
http://identifiers.org/hgnc/15529,NLGN4Y,BM
http://identifiers.org/hgnc/6642,LMO2,BM
http://identifiers.org/hgnc/53354,LINC02424,BM
http://identifiers.org/hgnc/7189,MOBP,BM
http://identifiers.org/hgnc/16977,HCST,BM
http://identifiers.org/hgnc/14265,CDH24,BM
http://identifiers.org/hgnc/12156,TRBC1,BM
http://identifiers.org/hgnc/1437,CALCA,BM
http://identifiers.org/hgnc/1689,CD59,BM
http://identifiers.org/hgnc/30652,STON2,BM
http://identifiers.org/hgnc/1513,CASQ2,BM
http://identifiers.org/hgnc/2535,CTSH,BM
http://identifiers.org/hgnc/5397,IFI27,BM
http://identifiers.org/hgnc/9163,PNOC,BM
http://identifiers.org/hgnc/10690,SDPR,BM
http://identifiers.org/hgnc/10690,CAVIN2,BM
http://identifiers.org/hgnc/14687,LYVE1,BM
http://identifiers.org/hgnc/14687,lyve-1,BM
http://identifiers.org/hgnc/14687,LYVE-1,BM
http://identifiers.org/hgnc/14687,Lyve-1,BM
http://identifiers.org/hgnc/14687,Lyve1,BM
http://identifiers.org/hgnc/14687,Lyve-1+,BM
http://identifiers.org/hgnc/14687,lymphatic vessel endothelial hyaluronan receptor 1,BM
http://identifiers.org/hgnc/9459,PROX1,BM
http://identifiers.org/hgnc/9459,PROX-1,BM
http://identifiers.org/hgnc/9459,prox-1,BM
http://identifiers.org/hgnc/9459,Prox-1,BM
http://identifiers.org/hgnc/9459,Prox-1+,BM
http://identifiers.org/hgnc/28344,C1orf162,BM
http://identifiers.org/hgnc/26258,C1orf54,BM
http://identifiers.org/hgnc/10620,CCL21,BM
http://identifiers.org/hgnc/10620,CCL21+,BM
http://identifiers.org/hgnc/1183,ANO2,BM
http://identifiers.org/hgnc/2047,CLDN5,BM
http://identifiers.org/hgnc/9155,Pancreatic lipase,BM
http://identifiers.org/hgnc/1050,S100,BM
http://identifiers.org/hgnc/1050,CD274/PDL1,BM
http://identifiers.org/hgnc/24865,GPAM,BM
http://identifiers.org/hgnc/3594,FASN,BM
http://identifiers.org/hgnc/6553,LEP,BM
http://identifiers.org/hgnc/3604,FBN2,BM
http://identifiers.org/hgnc/356,CRYBG1,BM
http://identifiers.org/hgnc/14415,ELOVL4,BM
http://identifiers.org/hgnc/3383,STOM,BM
http://identifiers.org/hgnc/10585,sodium voltage-gated channel alpha subunit 1,BM
http://identifiers.org/hgnc/21641,TSPAN12,BM
http://identifiers.org/hgnc/3689,FGFR2,BM
http://identifiers.org/hgnc/35454,ECSCR,BM
http://identifiers.org/hgnc/18345,TENT5A,BM
http://identifiers.org/hgnc/7372,MSMB,BM
http://identifiers.org/hgnc/7178,MMRN1,BM
http://identifiers.org/hgnc/9844,RAMP2,BM
http://identifiers.org/hgnc/3070,DUSP4,BM
http://identifiers.org/hgnc/637,AQP4,BM
http://identifiers.org/hgnc/637,Aquaporin 4,BM
http://identifiers.org/hgnc/12723,VSX1,BM
http://identifiers.org/hgnc/18504,FCRLA,BM
http://identifiers.org/hgnc/16938,IFI44,BM
http://identifiers.org/hgnc/12663,VCAM1,BM
http://identifiers.org/hgnc/12663,CD106,BM
http://identifiers.org/hgnc/12663,VCAM-1,BM
http://identifiers.org/hgnc/11040,SLC5A5,BM
http://identifiers.org/hgnc/1911,keratin 19,BM
http://identifiers.org/hgnc/1911,p60,BM
http://identifiers.org/hgnc/9053,CD87,BM
http://identifiers.org/hgnc/12695,VIPR2,BM
http://identifiers.org/hgnc/23571,COBLL1,BM
http://identifiers.org/hgnc/2466,CSPG4,BM
http://identifiers.org/hgnc/11126,smoothelin,BM
http://identifiers.org/hgnc/591,BIRC3,BM
http://identifiers.org/hgnc/7908,NPHS1,BM
http://identifiers.org/hgnc/8518,OTP,BM
http://identifiers.org/hgnc/4471,GPR17,BM
http://identifiers.org/hgnc/9142,PRRX1,BM
http://identifiers.org/hgnc/4444,GP9,BM
http://identifiers.org/hgnc/4444,GP9+,BM
http://identifiers.org/hgnc/26838,TIGIT,BM
http://identifiers.org/hgnc/18651,ADGRD2,BM
http://identifiers.org/hgnc/3969,FSHR,BM
http://identifiers.org/hgnc/42742,LINC00410,BM
http://identifiers.org/hgnc/17362,ARID5B,BM
http://identifiers.org/hgnc/6740,LYZ,BM
http://identifiers.org/hgnc/6740,Lysozyme,BM
http://identifiers.org/hgnc/6119,IRF4,BM
http://identifiers.org/hgnc/15503,LILRA4,BM
http://identifiers.org/hgnc/14674,PCDH15,BM
http://identifiers.org/hgnc/7899,NPDC1,BM
http://identifiers.org/hgnc/16814,DACH2,BM
http://identifiers.org/hgnc/30619,SPHKAP,BM
http://identifiers.org/hgnc/9035,PLA2G4A,BM
http://identifiers.org/hgnc/50507,CTXND1,BM
http://identifiers.org/hgnc/12780,WNT2,BM
http://identifiers.org/hgnc/5129,HOXC8,BM
http://identifiers.org/hgnc/5130,HOXC9,BM
http://identifiers.org/hgnc/23503,SLITRK6,BM
http://identifiers.org/hgnc/19129,PSAT1,BM
http://identifiers.org/hgnc/11241,SPI1,BM
http://identifiers.org/hgnc/49642,LINC01210,BM
http://identifiers.org/hgnc/4453,GPC5,BM
http://identifiers.org/hgnc/6724,LUM,BM
http://identifiers.org/hgnc/2195,Collagen XVIII,BM
http://identifiers.org/hgnc/7884,NOTCH4,BM
http://identifiers.org/hgnc/11117,SMA,BM
http://identifiers.org/hgnc/17175,PLCE1,BM
http://identifiers.org/hgnc/3180,EDNRB,BM
http://identifiers.org/hgnc/26534,FER1L6-AS2,BM
http://identifiers.org/hgnc/17474,ESAM,BM
http://identifiers.org/hgnc/3023,DRD2,BM
http://identifiers.org/hgnc/3023,dopamine receptor D2,BM
http://identifiers.org/hgnc/16916,CLEC10A,BM
http://identifiers.org/hgnc/16916,CLEC10A+,BM
http://identifiers.org/hgnc/15472,ALDH1A2,BM
http://identifiers.org/hgnc/7739,NEFL,BM
http://identifiers.org/hgnc/12568,UNC5B,BM
http://identifiers.org/hgnc/1527,CAV1,BM
http://identifiers.org/hgnc/20391,SULF1,BM
http://identifiers.org/hgnc/9831,RAG1,BM
http://identifiers.org/hgnc/221,ADAMTS5,BM
http://identifiers.org/hgnc/4280,Cx45,BM
http://identifiers.org/hgnc/30881,ALG13,BM
http://identifiers.org/hgnc/3145,TRPV5,BM
http://identifiers.org/hgnc/23729,MKX,BM
http://identifiers.org/hgnc/710,ARR3,BM
http://identifiers.org/hgnc/710,Arrestin-C,BM
http://identifiers.org/hgnc/14467,SLC26A7,BM
http://identifiers.org/hgnc/8076,NXPH2,BM
http://identifiers.org/hgnc/7203,CD200,BM
http://identifiers.org/hgnc/4502,CRTH2,BM
http://identifiers.org/hgnc/4502,CD294,BM
http://identifiers.org/hgnc/2193,COL16A1,BM
http://identifiers.org/hgnc/2197,COL1A1,BM
http://identifiers.org/hgnc/2197,Collagen I,BM
http://identifiers.org/hgnc/2197,COL1A1: collagen type I alpha 1 chain,BM
http://identifiers.org/hgnc/2209,COL5A1,BM
http://identifiers.org/hgnc/6526,LCN2,BM
http://identifiers.org/hgnc/12872,ZIC1,BM
http://identifiers.org/hgnc/19317,P3H2,BM
http://identifiers.org/hgnc/12276,TRGC2,BM
http://identifiers.org/hgnc/7941,NPPC,BM
http://identifiers.org/hgnc/9623,Thymosin alpha-1,BM
http://identifiers.org/hgnc/2217,COL9A1,BM
http://identifiers.org/hgnc/6153,Integrin b1,BM
http://identifiers.org/hgnc/14271,STK32B,BM
http://identifiers.org/hgnc/27220,TMEM213,BM
http://identifiers.org/hgnc/11255,SPP1,BM
http://identifiers.org/hgnc/6156,ITGB3,BM
http://identifiers.org/hgnc/6156,CD61,BM
http://identifiers.org/hgnc/20318,SMOC1,BM
http://identifiers.org/hgnc/4554,GPX2,BM
http://identifiers.org/hgnc/6654,LMX1B,BM
http://identifiers.org/hgnc/18391,SCGB3A2,BM
http://identifiers.org/hgnc/10854,SHOX2,BM
http://identifiers.org/hgnc/4460,GPM6A,BM
http://identifiers.org/hgnc/2026,CLCNKA,BM
http://identifiers.org/hgnc/6416,KRT14,BM
http://identifiers.org/hgnc/6416,keratin 14,BM
http://identifiers.org/hgnc/19084,JAML,BM
http://identifiers.org/hgnc/20660,TSPAN18,BM
http://identifiers.org/hgnc/17946,NOSIP,BM
http://identifiers.org/hgnc/738,ASCL1,BM
http://identifiers.org/hgnc/8008,NRXN1,BM
http://identifiers.org/hgnc/4170,GATA1,BM
http://identifiers.org/hgnc/8747,PCSK5,BM
http://identifiers.org/hgnc/10726,SEMA3D,BM
http://identifiers.org/hgnc/1690,CD5L+,BM
http://identifiers.org/hgnc/2700,DCLK1,BM
http://identifiers.org/hgnc/2700,DCKL1,BM
http://identifiers.org/hgnc/9957,RELN,BM
http://identifiers.org/hgnc/16905,KLHL41,BM
http://identifiers.org/hgnc/11782,TH,BM
http://identifiers.org/hgnc/27013,TRABD2A,BM
http://identifiers.org/hgnc/7756,nestin,BM
http://identifiers.org/hgnc/10513,SAA1,BM
http://identifiers.org/hgnc/6594,LHX2,BM
http://identifiers.org/hgnc/6112,IQGAP2,BM
http://identifiers.org/hgnc/10612,CCL14,BM
http://identifiers.org/hgnc/13635,PLVAP,BM
http://identifiers.org/hgnc/13635,Pal-E antigen,BM
http://identifiers.org/hgnc/14686,JAM2,BM
http://identifiers.org/hgnc/1641,CD209,BM
http://identifiers.org/hgnc/1641,DC-SIGN,BM
http://identifiers.org/hgnc/1764,CDH5,BM
http://identifiers.org/hgnc/1764,CD144,BM
http://identifiers.org/hgnc/1764,CDH5 (CD144),BM
http://identifiers.org/hgnc/30455,CD300LG,BM
http://identifiers.org/hgnc/4940,HLA-DPB1,BM
http://identifiers.org/hgnc/5344,ICAM1,BM
http://identifiers.org/hgnc/5344,CD54,BM
http://identifiers.org/hgnc/5344,ICAM-1,BM
http://identifiers.org/hgnc/9707,PVRL2,BM
http://identifiers.org/hgnc/24222,CDC20B,BM
http://identifiers.org/hgnc/15985,SVEP1,BM
http://identifiers.org/hgnc/17890,HPGDS,BM
http://identifiers.org/hgnc/17890,HPGDS+,BM
http://identifiers.org/hgnc/537,ANXA2,BM
http://identifiers.org/hgnc/11249,sialophorin/p43,BM
http://identifiers.org/hgnc/11249,CD43,BM
http://identifiers.org/hgnc/53007,LINC02147,BM
http://identifiers.org/hgnc/1820,CEACAM8,BM
http://identifiers.org/hgnc/1820,CD66,BM
http://identifiers.org/hgnc/1820,CD66b,BM
http://identifiers.org/hgnc/4015,FUT4,BM
http://identifiers.org/hgnc/4015,CD15,BM
http://identifiers.org/hgnc/500,CD13,BM
http://identifiers.org/hgnc/6140,ITGA4,BM
http://identifiers.org/hgnc/6140,CD49d,BM
http://identifiers.org/hgnc/6140,Integrin a4,BM
http://identifiers.org/hgnc/6720,LTF,BM
http://identifiers.org/hgnc/1485,CAPN8,BM
http://identifiers.org/hgnc/6141,Integrin a5,BM
http://identifiers.org/hgnc/1318,C3+,BM
http://identifiers.org/hgnc/11073,SLC9A3,BM
http://identifiers.org/hgnc/49597,LINC01197,BM
http://identifiers.org/hgnc/2766,DEFB1,BM
http://identifiers.org/hgnc/7843,NMBR,BM
http://identifiers.org/hgnc/14025,SLC5A7,BM
http://identifiers.org/hgnc/4164,Gastrin,BM
http://identifiers.org/hgnc/6731,NKp46,BM
http://identifiers.org/hgnc/10499,S100A9,BM
http://identifiers.org/hgnc/10773,SFN,BM
http://identifiers.org/hgnc/11195,SOX2,BM
http://identifiers.org/hgnc/1240,SLP1,BM
http://identifiers.org/hgnc/13348,LYD,BM
http://identifiers.org/hgnc/15464,SPINK5,BM
http://identifiers.org/hgnc/17637,PERP,BM
http://identifiers.org/hgnc/18180,CALML5,BM
http://identifiers.org/hgnc/30743,TSLP,BM
http://identifiers.org/hgnc/1119,SOX10,BM
http://identifiers.org/hgnc/9108,PMAIP1,BM
http://identifiers.org/hgnc/11190,SOX10,BM
http://identifiers.org/hgnc/11190,SRY-box transcription factor 10,BM
http://identifiers.org/hgnc/3620,FCGR3B,BM
http://identifiers.org/hgnc/3620,CD16b,BM
http://identifiers.org/hgnc/18549,DCSTAMP,BM
http://identifiers.org/hgnc/25723,VASH2,BM
http://identifiers.org/hgnc/17732,SYNPO2,BM
http://identifiers.org/hgnc/13299,LGR4,BM
http://identifiers.org/hgnc/9093,PLTP,BM
http://identifiers.org/hgnc/26295,CCDC102B,BM
http://identifiers.org/hgnc/10802,SFTPC,BM
http://identifiers.org/hgnc/12749,LAT2,BM
http://identifiers.org/hgnc/6111,IQGAP2,BM
http://identifiers.org/hgnc/1611,ACKR4,BM
http://identifiers.org/hgnc/9005,PITX2,BM
http://identifiers.org/hgnc/2213,COL6A3,BM
http://identifiers.org/hgnc/25897,MFSD2A,BM
http://identifiers.org/hgnc/570,AP3M2,BM
http://identifiers.org/hgnc/4324,GLP1R,BM
http://identifiers.org/hgnc/30125,MZB1,BM
http://identifiers.org/hgnc/1569,CCK,BM
http://identifiers.org/hgnc/1569,Cholecystokinin,BM
http://identifiers.org/hgnc/1569,cholecystokinin,BM
http://identifiers.org/hgnc/3600,FBLN1,BM
http://identifiers.org/hgnc/3024,DRD3,BM
http://identifiers.org/hgnc/53225,LINC02306,BM
http://identifiers.org/hgnc/11509,SYT1,BM
http://identifiers.org/hgnc/24039,CLMP,BM
http://identifiers.org/hgnc/3755,FLNB,BM
http://identifiers.org/hgnc/6277,KCNK2,BM
http://identifiers.org/hgnc/2097,CMA1,BM
http://identifiers.org/hgnc/27725,F11-AS1,BM
http://identifiers.org/hgnc/1603,CCR2,BM
http://identifiers.org/hgnc/1603,FUT4,BM
http://identifiers.org/hgnc/1603,HLA-DRA,BM
http://identifiers.org/hgnc/23392,CARM1P1,BM
http://identifiers.org/hgnc/25436,TMEM132C,BM
http://identifiers.org/hgnc/14866,HHIP,BM
http://identifiers.org/hgnc/8079,FRMD7,BM
http://identifiers.org/hgnc/15195,OR51E2,BM
http://identifiers.org/hgnc/6722,BCAM,BM
http://identifiers.org/hgnc/2654,CYR61,BM
http://identifiers.org/hgnc/2654,CCN1,BM
http://identifiers.org/hgnc/7076,MIA,BM
http://identifiers.org/hgnc/14615,PAPPA2,BM
http://identifiers.org/hgnc/29266,KLHL14,BM
http://identifiers.org/hgnc/1698,CD79A,BM
http://identifiers.org/hgnc/1698,CD79a+,BM
http://identifiers.org/hgnc/1698,CD79a,BM
http://identifiers.org/hgnc/1698,CD79a molecule,BM
http://identifiers.org/hgnc/6136,ITGA11,BM
http://identifiers.org/hgnc/10724,SEMA3B,BM
http://identifiers.org/hgnc/9403,PRKCH,BM
http://identifiers.org/hgnc/51662,LINC01608,BM
http://identifiers.org/hgnc/9086,PLP1,BM
http://identifiers.org/hgnc/10489,S100A12,BM
http://identifiers.org/hgnc/10489,S100,BM
http://identifiers.org/hgnc/6173,ITM2A,BM
http://identifiers.org/hgnc/11853,TM4SF1,BM
http://identifiers.org/hgnc/10500,S100,BM
http://identifiers.org/hgnc/10500,S100 calcium binding protein B,BM
http://identifiers.org/hgnc/16267,WNT16,BM
http://identifiers.org/hgnc/1707,CD8B,BM
http://identifiers.org/hgnc/9995,RGS13,BM
http://identifiers.org/hgnc/5472,IGFBP3,BM
http://identifiers.org/hgnc/12580,UPK3A,BM
http://identifiers.org/hgnc/40401,NFIA-AS2,BM
http://identifiers.org/hgnc/13517,CLIC5,BM
http://identifiers.org/hgnc/2625,CYP2D6,BM
http://identifiers.org/hgnc/6483,LAMA3,BM
http://identifiers.org/hgnc/5951,CADM1,BM
http://identifiers.org/hgnc/3236,EGFR,BM
http://identifiers.org/hgnc/12769,CCN4,BM
http://identifiers.org/hgnc/2067,PDLIM1,BM
http://identifiers.org/hgnc/5476,IGFBP7,BM
http://identifiers.org/hgnc/11526,TACR1,BM
http://identifiers.org/hgnc/11526,tachykinin receptor 1,BM
http://identifiers.org/hgnc/8659,PCDH7,BM
http://identifiers.org/hgnc/8759,PDC,BM
http://identifiers.org/hgnc/8759,phosducin,BM
http://identifiers.org/hgnc/3068,DUSP2,BM
http://identifiers.org/hgnc/3621,FCGRT,BM
http://identifiers.org/hgnc/10723,SEMA3A,BM
http://identifiers.org/hgnc/17106,BEST4,BM
http://identifiers.org/hgnc/4278,GJA4,BM
http://identifiers.org/hgnc/28870,MDFIC,BM
http://identifiers.org/hgnc/14013,SMC4,BM
http://identifiers.org/hgnc/15847,RBP5,BM
http://identifiers.org/hgnc/9219,POU4F2,BM
http://identifiers.org/hgnc/13600,FBXL21P,BM
http://identifiers.org/hgnc/13741,SNTG2,BM
http://identifiers.org/hgnc/17108,ADAMTS16,BM
http://identifiers.org/hgnc/10046,EAR11,BM
http://identifiers.org/hgnc/1543,CBLN1,BM
http://identifiers.org/hgnc/11056,SLC6A9,BM
http://identifiers.org/hgnc/14864,COL5A3,BM
http://identifiers.org/hgnc/4319,GLI3,BM
http://identifiers.org/hgnc/26299,SH3RF2,BM
http://identifiers.org/hgnc/3020,DRD1,BM
http://identifiers.org/hgnc/10941,SLC1A3,BM
http://identifiers.org/hgnc/2095,CLU,BM
http://identifiers.org/hgnc/2095,CLU+,BM
http://identifiers.org/hgnc/2338,CRABP1,BM
http://identifiers.org/hgnc/2418,CRYM,BM
http://identifiers.org/hgnc/4341,GLUL,BM
http://identifiers.org/hgnc/248,PLIN2,BM
http://identifiers.org/hgnc/248,perilipin 2,BM
http://identifiers.org/hgnc/10916,SLC13A1,BM
http://identifiers.org/hgnc/6152,CD11c,BM
http://identifiers.org/hgnc/6152,ITGAX,BM
http://identifiers.org/hgnc/6152,CD11c+/lo,BM
http://identifiers.org/hgnc/6152,CD11c-/,BM
http://identifiers.org/hgnc/23723,CERCAM,BM
http://identifiers.org/hgnc/1638,CD1E,BM
http://identifiers.org/hgnc/7166,MMP2,BM
http://identifiers.org/hgnc/11742,TFAP2A,BM
http://identifiers.org/hgnc/2064,CLIC3,BM
http://identifiers.org/hgnc/6138,ITGA2B,BM
http://identifiers.org/hgnc/6138,CD41lo,BM
http://identifiers.org/hgnc/6138,CD41,BM
http://identifiers.org/hgnc/11035,SLC4A9,BM
http://identifiers.org/hgnc/30698,TRAT1,BM
http://identifiers.org/hgnc/15846,PALMD,BM
http://identifiers.org/hgnc/30927,SLC6A20,BM
http://identifiers.org/hgnc/24944,DDIT4,BM
http://identifiers.org/hgnc/7371,mesothelin,BM
http://identifiers.org/hgnc/7197,MOG,BM
http://identifiers.org/hgnc/6390,KIF25,BM
http://identifiers.org/hgnc/19898,CHST9,BM
http://identifiers.org/hgnc/12513,UCHL1,BM
http://identifiers.org/hgnc/12513,ubiquitin C-terminal hydrolase L1,BM
http://identifiers.org/hgnc/12513,PGP9.5,BM
http://identifiers.org/hgnc/2532,CTSG,BM
http://identifiers.org/hgnc/51307,LINC01539,BM
http://identifiers.org/hgnc/6529,LCP2,BM
http://identifiers.org/hgnc/3165,S1PR1,BM
http://identifiers.org/hgnc/28867,IGF2BP2,BM
http://identifiers.org/hgnc/19191,DOCK8,BM
http://identifiers.org/hgnc/17382,SRGAP1,BM
http://identifiers.org/hgnc/14000,PRDM16,BM
http://identifiers.org/hgnc/29673,MFAP5,BM
http://identifiers.org/hgnc/52844,LINC02008,BM
http://identifiers.org/hgnc/53175,LINC02263,BM
http://identifiers.org/hgnc/7717,NDUFV2,BM
http://identifiers.org/hgnc/5009,HMGA2,BM
http://identifiers.org/hgnc/20796,RASSF6,BM
http://identifiers.org/hgnc/26563,C10orf90,BM
http://identifiers.org/hgnc/33705,TMEM207,BM
http://identifiers.org/hgnc/10588,SCN2A,BM
http://identifiers.org/hgnc/10618,CCL2,BM
http://identifiers.org/hgnc/10970,SLC22A6,BM
http://identifiers.org/hgnc/409,ALDH1A3,BM
http://identifiers.org/hgnc/9921,RBP3,BM
http://identifiers.org/hgnc/10521,SAG,BM
http://identifiers.org/hgnc/1705,CD86,BM
http://identifiers.org/hgnc/28246,IGSF21,BM
http://identifiers.org/hgnc/10256,ROR1,BM
http://identifiers.org/hgnc/37261,DTHD1,BM
http://identifiers.org/hgnc/14188,Advillin,BM
http://identifiers.org/hgnc/11784,THBD,BM
http://identifiers.org/hgnc/11784,CD141hi,BM
http://identifiers.org/hgnc/11784,CD141,BM
http://identifiers.org/hgnc/11784,CD141+,BM
http://identifiers.org/hgnc/19832,CLEC14A,BM
http://identifiers.org/hgnc/1608,CCR7,BM
http://identifiers.org/hgnc/6925,MBP,BM
http://identifiers.org/hgnc/4525,NPFFR2,BM
http://identifiers.org/hgnc/10477,RXRA,BM
http://identifiers.org/hgnc/8031,NTRK1,BM
http://identifiers.org/hgnc/6088,INSL5,BM
http://identifiers.org/hgnc/25396,FREM2,BM
http://identifiers.org/hgnc/4893,HGF,BM
http://identifiers.org/hgnc/24323,CARTPT,BM
http://identifiers.org/hgnc/24323,Cocaine- and amphetamine-regulated transcript protein,BM
http://identifiers.org/hgnc/6729,CD205,BM
http://identifiers.org/hgnc/11639,TCF7,BM
http://identifiers.org/hgnc/12405,TTR,BM
http://identifiers.org/hgnc/44915,LINC00836,BM
http://identifiers.org/hgnc/1634,CD1A,BM
http://identifiers.org/hgnc/1634,CD1a molecule,BM
http://identifiers.org/hgnc/1634,CD1a,BM
http://identifiers.org/hgnc/18874,LAT,BM
http://identifiers.org/hgnc/16665,APLN,BM
http://identifiers.org/hgnc/12801,XBP1,BM
http://identifiers.org/hgnc/12801,XBP1+,BM
http://identifiers.org/hgnc/1079,BMX,BM
http://identifiers.org/hgnc/1695,CD57,BM
http://identifiers.org/hgnc/1695,CD2,BM
http://identifiers.org/hgnc/1695,CD7,BM
http://identifiers.org/hgnc/1700,CD80,BM
http://identifiers.org/hgnc/28915,BATF3,BM
http://identifiers.org/hgnc/12559,UMOD,BM
http://identifiers.org/hgnc/48724,MSC-AS1,BM
http://identifiers.org/hgnc/1464,CAMK4,BM
http://identifiers.org/hgnc/8029,NTN1,BM
http://identifiers.org/hgnc/1766,CDH7,BM
http://identifiers.org/hgnc/50526,LINC01320,BM
http://identifiers.org/hgnc/8038,NTS,BM
http://identifiers.org/hgnc/1037,CFB+,BM
http://identifiers.org/hgnc/6374,KLRC1,BM
http://identifiers.org/hgnc/6374,NKG2A,BM
http://identifiers.org/hgnc/23502,SLITRK4,BM
http://identifiers.org/hgnc/6164,ITGBL1,BM
http://identifiers.org/hgnc/11049,SLC6A3,BM
http://identifiers.org/hgnc/13177,IKZF2,BM
http://identifiers.org/hgnc/13177,helios,BM
http://identifiers.org/hgnc/33609,MARCHF11,BM
http://identifiers.org/hgnc/16941,SCGN,BM
http://identifiers.org/hgnc/16941,"secretagogin, EF-hand calcium binding protein",BM
http://identifiers.org/hgnc/16941,secretagogin,BM
http://identifiers.org/hgnc/16941,Secretagogin,BM
http://identifiers.org/hgnc/10645,XCL1,BM
http://identifiers.org/hgnc/4400,Guanine nucleotide-binding protein G(I)/G(S)/G(T) subunit beta-3,BM
http://identifiers.org/hgnc/28572,FRMPD2,BM
http://identifiers.org/hgnc/18122,SOX17,BM
http://identifiers.org/hgnc/11092,SLPI,BM
http://identifiers.org/hgnc/43436,LINC00499,BM
http://identifiers.org/hgnc/9211,POU2AF1,BM
http://identifiers.org/hgnc/11185,SORL1,BM
http://identifiers.org/hgnc/9453,PRODH2,BM
http://identifiers.org/hgnc/31110,CTXN3,BM
http://identifiers.org/hgnc/6210,CD82,BM
http://identifiers.org/hgnc/21695,SCIN,BM
http://identifiers.org/hgnc/17494,connexin 46,BM
http://identifiers.org/hgnc/4462,GPNMB,BM
http://identifiers.org/hgnc/6364,KLK3,BM
http://identifiers.org/hgnc/12337,TRPC5,BM
http://identifiers.org/hgnc/8790,PDE6H,BM
http://identifiers.org/hgnc/10527,SALL3,BM
http://identifiers.org/hgnc/8514,Claudin 11,BM
http://identifiers.org/hgnc/8514,Claudin11,BM
http://identifiers.org/hgnc/9845,RAMP3,BM
http://identifiers.org/hgnc/11362,STAT1,BM
http://identifiers.org/hgnc/1834,CEBPB,BM
http://identifiers.org/hgnc/18788,NKG2D,BM
http://identifiers.org/hgnc/4234,KIR,BM
http://identifiers.org/hgnc/13342,KLRF1,BM
http://identifiers.org/hgnc/24961,HOPX,BM
http://identifiers.org/hgnc/28783,CMC1,BM
http://identifiers.org/hgnc/7830,NKG7,BM
http://identifiers.org/hgnc/10669,TSHZ1,BM
http://identifiers.org/hgnc/24945,GPIHBP1,BM
http://identifiers.org/hgnc/8002,NRL,BM
http://identifiers.org/hgnc/7939,MYL7,BM
http://identifiers.org/hgnc/17379,APBB1IP,BM
http://identifiers.org/hgnc/3666,FGF10,BM
http://identifiers.org/hgnc/3468,ESR2,BM
http://identifiers.org/hgnc/14404,ETNPPL,BM
http://identifiers.org/hgnc/4092,GAD1,BM
http://identifiers.org/hgnc/4092,glutamate decarboxylase 1,BM
http://identifiers.org/hgnc/19265,SYT9,BM
http://identifiers.org/hgnc/1759,N-cadherin,BM
http://identifiers.org/hgnc/7107,Mki67,BM
http://identifiers.org/hgnc/7107,Ki67+,BM
http://identifiers.org/hgnc/7107,marker of proliferation Ki-67,BM
http://identifiers.org/hgnc/7107,Ki67,BM
http://identifiers.org/hgnc/24313,CRTAM,BM
http://identifiers.org/hgnc/6551,LEF1,BM
http://identifiers.org/hgnc/10492,S100A2,BM
http://identifiers.org/hgnc/10492,S100 calcium binding protein A2,BM
http://identifiers.org/hgnc/14582,LAMP3,BM
http://identifiers.org/hgnc/7775,NFATC1,BM
http://identifiers.org/hgnc/16961,CD226,BM
http://identifiers.org/hgnc/10875,SIGLEC6,BM
http://identifiers.org/hgnc/10875,Siglec6,BM
http://identifiers.org/hgnc/339,APLNR,BM
http://identifiers.org/hgnc/1625,XCR1,BM
http://identifiers.org/hgnc/1625,XCR1+,BM
http://identifiers.org/hgnc/4832,HBG2,BM
http://identifiers.org/hgnc/3778,FN1,BM
http://identifiers.org/hgnc/54284,HIF1A-AS3,BM
http://identifiers.org/hgnc/20369,RGCC,BM
http://identifiers.org/hgnc/43906,OTX2-AS1,BM
http://identifiers.org/hgnc/9477,PRSS12,BM
http://identifiers.org/hgnc/13278,EPB41L4A,BM
http://identifiers.org/hgnc/11910,TNFRSF25,BM
http://identifiers.org/hgnc/4054,IFI6,BM
http://identifiers.org/hgnc/12709,VPREB1,BM
http://identifiers.org/hgnc/20675,CNDP1,BM
http://identifiers.org/hgnc/16882,HCN4,BM
http://identifiers.org/hgnc/18866,KCNT2,BM
http://identifiers.org/hgnc/3353,neuron-specific enolase (NSE),BM
http://identifiers.org/hgnc/2159,CNR1,BM
http://identifiers.org/hgnc/3488,ETS1,BM
http://identifiers.org/hgnc/4881,HEY2,BM
http://identifiers.org/hgnc/34345,C1orf228,BM
http://identifiers.org/hgnc/8824,SERPINF1,BM
http://identifiers.org/hgnc/427,ALK,BM
http://identifiers.org/hgnc/26192,DENND2D,BM
http://identifiers.org/hgnc/33701,CARD16,BM
http://identifiers.org/hgnc/10922,MCT,BM
http://identifiers.org/hgnc/20862,SLC39A8,BM
http://identifiers.org/hgnc/4086,GABRG1,BM
http://identifiers.org/hgnc/42,BSEP,BM
http://identifiers.org/hgnc/4826,HBM,BM
http://identifiers.org/hgnc/20303,SLC30A8,BM
http://identifiers.org/hgnc/13010,TSHZ2,BM
http://identifiers.org/hgnc/1768,CDH9,BM
http://identifiers.org/hgnc/777,ZFHX3,BM
http://identifiers.org/hgnc/26344,DEUP1,BM
http://identifiers.org/hgnc/6412,keratin 1,BM
http://identifiers.org/hgnc/6412,Cytokeratin 1,BM
http://identifiers.org/hgnc/11517,TAC1,BM
http://identifiers.org/hgnc/16454,NMUR2,BM
http://identifiers.org/hgnc/9864,RARA,BM
http://identifiers.org/hgnc/13258,CLEC4C,BM
http://identifiers.org/hgnc/13258,CD303,BM
http://identifiers.org/hgnc/13258,CLEC4C+,BM
http://identifiers.org/hgnc/5154,HPGDS,BM
http://identifiers.org/hgnc/5154,HPGD,BM
http://identifiers.org/hgnc/19864,POU2F3,BM
http://identifiers.org/hgnc/739,ASCL2,BM
http://identifiers.org/hgnc/18624,FKBP11,BM
http://identifiers.org/hgnc/7146,TRPM1,BM
http://identifiers.org/hgnc/636,AQP3,BM
http://identifiers.org/hgnc/2611,CYP2A7,BM
http://identifiers.org/hgnc/10624,CCL25,BM
http://identifiers.org/hgnc/2334,CD35,BM
http://identifiers.org/hgnc/7976,NR2F2,BM
http://identifiers.org/hgnc/7976,NRF2,BM
http://identifiers.org/hgnc/7976,Nr2F2,BM
http://identifiers.org/hgnc/3446,ERG,BM
http://identifiers.org/hgnc/3446,ETS transcription factor ERG,BM
http://identifiers.org/hgnc/2637,CYP3A4,BM
http://identifiers.org/hgnc/4702,CD235alo,BM
http://identifiers.org/hgnc/4702,CD235ahi,BM
http://identifiers.org/hgnc/4702,CD235a,BM
http://identifiers.org/hgnc/3819,FOXO1,BM
http://identifiers.org/hgnc/30367,S100Z,BM
http://identifiers.org/hgnc/8044,NUCB2,BM
http://identifiers.org/hgnc/3365,NTPDase3,BM
http://identifiers.org/hgnc/31963,PSMB11,BM
http://identifiers.org/hgnc/31963,Beta5t,BM
http://identifiers.org/hgnc/14638,ABCA13,BM
http://identifiers.org/hgnc/53108,LINC02237,BM
http://identifiers.org/hgnc/24201,RPRM,BM
http://identifiers.org/hgnc/17888,CRCP,BM
http://identifiers.org/hgnc/7738,neurofilament heavy pseudogene 1,BM
http://identifiers.org/hgnc/3498,MECOM,BM
http://identifiers.org/hgnc/2191,COL14A1,BM
http://identifiers.org/hgnc/2027,CLCNKB,BM
http://identifiers.org/hgnc/6345,KLF1,BM
http://identifiers.org/hgnc/8524,oviduct-specific glycoprotein-1,BM
http://identifiers.org/hgnc/21872,GIMAP4,BM
http://identifiers.org/hgnc/9220,POU4F3,BM
http://identifiers.org/hgnc/32017,ACSM2A,BM
http://identifiers.org/hgnc/21256,TSPO2,BM
http://identifiers.org/hgnc/6380,KLRG1,BM
http://identifiers.org/hgnc/6352,KLHL1,BM
http://identifiers.org/hgnc/11756,TFF2,BM
http://identifiers.org/hgnc/19194,HMCN1,BM
http://identifiers.org/hgnc/19911,DCAF12,BM
http://identifiers.org/hgnc/37203,VWC2L,BM
http://identifiers.org/hgnc/17935,langerin,BM
http://identifiers.org/hgnc/17935,CD207 molecule,BM
http://identifiers.org/hgnc/7894,NPAS1,BM
http://identifiers.org/hgnc/28701,SCARA5,BM
http://identifiers.org/hgnc/28874,CD300E,BM
http://identifiers.org/hgnc/15710,LDB3,BM
http://identifiers.org/hgnc/18020,PRR4,BM
http://identifiers.org/hgnc/3166,LPAR1,BM
http://identifiers.org/hgnc/4082,GABRB2,BM
http://identifiers.org/hgnc/6776,MAF,BM
http://identifiers.org/hgnc/26270,PIEZO2,BM
http://identifiers.org/hgnc/7872,NOS1,BM
http://identifiers.org/hgnc/14005,PEG10,BM
http://identifiers.org/hgnc/8253,CD31,BM
http://identifiers.org/hgnc/8033,NTRK3,BM
http://identifiers.org/hgnc/1438,CALCB,BM
http://identifiers.org/hgnc/18083,TRPV4,BM
http://identifiers.org/hgnc/9475,Serine protease 1,BM
http://identifiers.org/hgnc/24165,ANKRD30B,BM
http://identifiers.org/hgnc/921,CD57,BM
http://identifiers.org/hgnc/921,CD7,BM
http://identifiers.org/hgnc/222,ADAMTS6,BM
http://identifiers.org/hgnc/17360,LRIG1,BM
http://identifiers.org/hgnc/29893,RMST,BM
http://identifiers.org/hgnc/3126,EBF1,BM
http://identifiers.org/hgnc/13733,CDH23,BM
http://identifiers.org/hgnc/1060,CXCR5,BM
http://identifiers.org/hgnc/1060,CXCR5+,BM
http://identifiers.org/hgnc/320,AGER,BM
http://identifiers.org/hgnc/9521,PSG4,BM
http://identifiers.org/hgnc/1093,BPGM,BM
http://identifiers.org/hgnc/7067,class II major histocompatibility complex transactivator,BM
http://identifiers.org/hgnc/6122,IRF7,BM
http://identifiers.org/hgnc/19383,SOCS1,BM
http://identifiers.org/hgnc/5137,HOXD3,BM
http://identifiers.org/hgnc/1072,BMP5,BM
http://identifiers.org/hgnc/11132,SNAP25,BM
http://identifiers.org/hgnc/8773,PDE11A,BM
http://identifiers.org/hgnc/4880,HEY1,BM
http://identifiers.org/hgnc/5438,IFNg,BM
http://identifiers.org/hgnc/2548,CUBN,BM
http://identifiers.org/hgnc/37462,SNHG14,BM
http://identifiers.org/hgnc/8614,PAWR,BM
http://identifiers.org/hgnc/16213,ISM1,BM
http://identifiers.org/hgnc/7,A2M,BM
http://identifiers.org/hgnc/11528,TACR3,BM
http://identifiers.org/hgnc/11528,tachykinin receptor 3,BM
http://identifiers.org/hgnc/2718,damage specific DNA binding protein 2,BM
http://identifiers.org/hgnc/6415,KRT13,BM
http://identifiers.org/hgnc/9726,PYGM,BM
http://identifiers.org/hgnc/23400,SEC11C,BM
http://identifiers.org/hgnc/26076,MCUB,BM
http://identifiers.org/hgnc/20692,TPH2,BM
http://identifiers.org/hgnc/17992,TRPM3,BM
http://identifiers.org/hgnc/9051,PLAT,BM
http://identifiers.org/hgnc/7839,NKX6-1,BM
http://identifiers.org/hgnc/6486,Laminin,BM
http://identifiers.org/hgnc/15565,QRFPR,BM
http://identifiers.org/hgnc/6081,Insulin,BM
http://identifiers.org/hgnc/13542,ATP10A,BM
http://identifiers.org/hgnc/6012,IL3RA,BM
http://identifiers.org/hgnc/6012,IL3RA+,BM
http://identifiers.org/hgnc/6012,CD123,BM
http://identifiers.org/hgnc/6012,CD123lo,BM
http://identifiers.org/hgnc/9595,PTGER3,BM
http://identifiers.org/hgnc/26766,ANKFN1,BM
http://identifiers.org/hgnc/1886,CGB3,BM
http://identifiers.org/hgnc/6445,KRT7,BM
http://identifiers.org/hgnc/6445,keratin 7,BM
http://identifiers.org/hgnc/6445,Keratin 7,BM
http://identifiers.org/hgnc/15749,PLUNC,BM
http://identifiers.org/hgnc/15749,BPIFA1,BM
http://identifiers.org/hgnc/1004,BCL7A,BM
http://identifiers.org/hgnc/26705,CLEC9A,BM
http://identifiers.org/hgnc/26705,CLEC9A+,BM
http://identifiers.org/hgnc/38476,IGLL5,BM
http://identifiers.org/hgnc/12252,TCRd,BM
http://identifiers.org/hgnc/12252,TCRdelta,BM
http://identifiers.org/hgnc/28324,TMIGD2,BM
http://identifiers.org/hgnc/2192,COL15A1,BM
http://identifiers.org/hgnc/26002,CASZ1,BM
http://identifiers.org/hgnc/18860,ASAH2,BM
http://identifiers.org/hgnc/2538,CTSV,BM
http://identifiers.org/hgnc/16232,COX4I2,BM
http://identifiers.org/hgnc/52261,GAS1RR,BM
http://identifiers.org/hgnc/740,ASCL3,BM
http://identifiers.org/hgnc/6188,JAG1,BM
http://identifiers.org/hgnc/5988,CD218,BM
http://identifiers.org/hgnc/49076,CASC6,BM
http://identifiers.org/hgnc/2445,CSN1S1,BM
http://identifiers.org/hgnc/2475,CST3,BM
http://identifiers.org/hgnc/16097,LAMP5,BM
http://identifiers.org/hgnc/42024,ANKRD20A11P,BM
http://identifiers.org/hgnc/11141,SNCG,BM
http://identifiers.org/hgnc/7176,MMP9,BM
http://identifiers.org/hgnc/16122,FAM83D,BM
http://identifiers.org/hgnc/4712,GZMM,BM
http://identifiers.org/hgnc/49260,LINC01117,BM
http://identifiers.org/hgnc/38408,ZNF736P9Y,BM
http://identifiers.org/hgnc/8861,PF4,BM
http://identifiers.org/hgnc/8861,CXCL4,BM
http://identifiers.org/hgnc/8861,PF4+,BM
http://identifiers.org/hgnc/6090,INSM1,BM
http://identifiers.org/hgnc/9867,RARRES1,BM
http://identifiers.org/hgnc/16512,BSND,BM
http://identifiers.org/hgnc/37244,SMIM24,BM
http://identifiers.org/hgnc/7891,NOX4,BM
http://identifiers.org/hgnc/27364,HEPACAM2,BM
http://identifiers.org/hgnc/6348,KLF4,BM
http://identifiers.org/hgnc/10498,S100A8,BM
http://identifiers.org/hgnc/3609,FCER1A,BM
http://identifiers.org/hgnc/3609,FcER1A,BM
http://identifiers.org/hgnc/4175,GATM,BM
http://identifiers.org/hgnc/7679,NDRG1,BM
http://identifiers.org/hgnc/11046,SLC6A13,BM
http://identifiers.org/hgnc/52467,LINC01680,BM
http://identifiers.org/hgnc/40603,UPK1A,BM
http://identifiers.org/hgnc/1951,CHRM2,BM
http://identifiers.org/hgnc/24182,C1QL1,BM
http://identifiers.org/hgnc/14359,IRX2,BM
http://identifiers.org/hgnc/15576,MYO3B,BM
http://identifiers.org/hgnc/37078,CRNDE,BM
http://identifiers.org/hgnc/9592,PTGDS,BM
http://identifiers.org/hgnc/14082,ANLN,BM
http://identifiers.org/hgnc/1722,CDK1,BM
http://identifiers.org/hgnc/41081,SGO1-AS1,BM
http://identifiers.org/hgnc/6014,IL-4,BM
http://identifiers.org/hgnc/10250,ROBO2,BM
http://identifiers.org/hgnc/17109,ADAMTS17,BM
http://identifiers.org/hgnc/7945,NPR3,BM
http://identifiers.org/hgnc/16837,LY86,BM
http://identifiers.org/hgnc/18153,TNFRSF13B,BM
http://identifiers.org/hgnc/18233,BANK1,BM
http://identifiers.org/hgnc/4942,HLA-DQA1,BM
http://identifiers.org/hgnc/5478,IGHA1,BM
http://identifiers.org/hgnc/2594,CYP19A1,BM
http://identifiers.org/hgnc/6421,KRT15,BM
http://identifiers.org/hgnc/6421,keratin 15,BM
http://identifiers.org/hgnc/30988,BNC2,BM
http://identifiers.org/hgnc/533,ANXA1,BM
http://identifiers.org/hgnc/12523,SCGB1A1,BM
http://identifiers.org/hgnc/18384,SCGB3A1,BM
http://identifiers.org/hgnc/9500,PSCA,BM
http://identifiers.org/hgnc/11724,TEK (TIE2),BM
http://identifiers.org/hgnc/11510,SYT2,BM
http://identifiers.org/hgnc/24213,CILP2,BM
http://identifiers.org/hgnc/3531,F13A1,BM
http://identifiers.org/hgnc/26009,SH3TC1,BM
http://identifiers.org/hgnc/2194,Collagen XVII,BM
http://identifiers.org/hgnc/12287,TRGV2+,BM
http://identifiers.org/hgnc/26373,PRTG,BM
http://identifiers.org/hgnc/1635,CD1B,BM
http://identifiers.org/hgnc/11918,TNFRSF4,BM
http://identifiers.org/hgnc/19364,RTKN2,BM
http://identifiers.org/hgnc/35145,HSPD1P8,BM
http://identifiers.org/hgnc/9858,RAP1GAP,BM
http://identifiers.org/hgnc/23616,SLC35F3,BM
http://identifiers.org/hgnc/28543,CYP1B1-AS1,BM
http://identifiers.org/hgnc/14940,PPP1R1C,BM
http://identifiers.org/hgnc/1067,BMP1,BM
http://identifiers.org/hgnc/2200,COL2A1,BM
http://identifiers.org/hgnc/2200,Type II Collagen,BM
http://identifiers.org/hgnc/50913,LNCAROD,BM
http://identifiers.org/hgnc/26213,RERGL,BM
http://identifiers.org/hgnc/9480,PRSS16,BM
http://identifiers.org/hgnc/3432,ERBB4,BM
http://identifiers.org/hgnc/17200,LRRN3,BM
http://identifiers.org/hgnc/9604,PTGS1,BM
http://identifiers.org/hgnc/6023,IL7,BM
http://identifiers.org/hgnc/6023,IL7+,BM
http://identifiers.org/hgnc/18794,Fibrillin-3,BM
http://identifiers.org/hgnc/7317,MS4A3,BM
http://identifiers.org/hgnc/3797,FOSB,BM
http://identifiers.org/hgnc/6359,KLK11,BM
http://identifiers.org/hgnc/8804,PDGFRA,BM
http://identifiers.org/hgnc/8804,PDGFRB,BM
http://identifiers.org/hgnc/8804,PDGFRb,BM
http://identifiers.org/hgnc/8804,PDGFRbeta+,BM
http://identifiers.org/hgnc/8804,platelet derived growth factor receptor beta,BM
http://identifiers.org/hgnc/8804,PDGFRbeta,BM
http://identifiers.org/hgnc/8804,Platelet derived growth factor receptor beta,BM
http://identifiers.org/hgnc/3311,SERPINB1,BM
http://identifiers.org/hgnc/4171,GATA2,BM
http://identifiers.org/hgnc/7028,MEST,BM
http://identifiers.org/hgnc/52001,MIR3681HG,BM
http://identifiers.org/hgnc/24665,CD200R1L,BM
http://identifiers.org/hgnc/905,AXL,BM
http://identifiers.org/hgnc/3763,FLT1,BM
http://identifiers.org/hgnc/3763,Flt1,BM
http://identifiers.org/hgnc/8818,SLC26A4,BM
http://identifiers.org/hgnc/20323,SMOC2,BM
http://identifiers.org/hgnc/54229,LINC02712,BM
http://identifiers.org/hgnc/18901,S100A14,BM
http://identifiers.org/hgnc/8622,PAX8,BM
http://identifiers.org/hgnc/32322,SCX,BM
http://identifiers.org/hgnc/9538,Beta2i,BM
http://identifiers.org/hgnc/9546,Beta1i,BM
http://identifiers.org/hgnc/4710,GZMH,BM
http://identifiers.org/hgnc/11763,CD71,BM
http://identifiers.org/hgnc/3614,FCGRB,BM
http://identifiers.org/hgnc/37219,TMEM233,BM
http://identifiers.org/hgnc/10718,SELE,BM
http://identifiers.org/hgnc/10718,E-Selectin,BM
http://identifiers.org/hgnc/10012,RHO,BM
http://identifiers.org/hgnc/10012,rhodopsin,BM
http://identifiers.org/hgnc/8760,PDCD1,BM
http://identifiers.org/hgnc/8760,PD-1,BM
http://identifiers.org/hgnc/8760,PDCD1+,BM
http://identifiers.org/hgnc/5475,IGFBP6,BM
http://identifiers.org/hgnc/2632,CYP2F1,BM
http://identifiers.org/hgnc/2632,CYP2F2,BM
http://identifiers.org/hgnc/9327,Pancreatic polypeptide,BM
http://identifiers.org/hgnc/12556,UHRF1,BM
http://identifiers.org/hgnc/11595,TBX18,BM
http://identifiers.org/hgnc/25915,FAM222A,BM
http://identifiers.org/hgnc/6715,LTBP2,BM
http://identifiers.org/hgnc/6715,latent transforming growth factor beta binding protein 2,BM
http://identifiers.org/hgnc/1001,BCL6,BM
http://identifiers.org/hgnc/1001,BCL6+,BM
http://identifiers.org/hgnc/14605,ADAMTS12,BM
http://identifiers.org/hgnc/11809,TIE1,BM
http://identifiers.org/hgnc/11740,TF,BM
http://identifiers.org/hgnc/78,ABLIM1,BM
http://identifiers.org/hgnc/11701,TDGF1,BM
http://identifiers.org/hgnc/1676,CD3,BM
http://identifiers.org/hgnc/10327,RPL26,BM
http://identifiers.org/hgnc/3791,FOLR1,BM
http://identifiers.org/hgnc/29185,PLCH1,BM
http://identifiers.org/hgnc/17069,FNBP1+,BM
http://identifiers.org/hgnc/7974,NR2E3,BM
http://identifiers.org/hgnc/2536,CTSK: cathepsin K,BM
http://identifiers.org/hgnc/245,ADD3,BM
http://identifiers.org/hgnc/19873,GALNT10,BM
http://identifiers.org/hgnc/29268,CARNS1,BM
http://identifiers.org/hgnc/22950,PREX2,BM
http://identifiers.org/hgnc/13714,CABP5,BM
http://identifiers.org/hgnc/22989,COL22A1,BM
http://identifiers.org/hgnc/6347,KLF2,BM
http://identifiers.org/hgnc/5362,ID3,BM
http://identifiers.org/hgnc/10496,S100A6,BM
http://identifiers.org/hgnc/281,ADRA2A,BM
http://identifiers.org/hgnc/52812,LINC01982,BM
http://identifiers.org/hgnc/41926,LINC00326,BM
http://identifiers.org/hgnc/53147,LINC02248,BM
http://identifiers.org/hgnc/28838,LHX8,BM
http://identifiers.org/hgnc/108,AChE,BM
http://identifiers.org/hgnc/4598,GRM6,BM
http://identifiers.org/hgnc/3590,FAP,BM
http://identifiers.org/hgnc/8616,PAX2,BM
http://identifiers.org/hgnc/2201,COL3A1,BM
http://identifiers.org/hgnc/2201,Collagen III,BM
http://identifiers.org/hgnc/2201,Type III Collagen,BM
http://identifiers.org/hgnc/2186,Type XI Collagen,BM
http://identifiers.org/hgnc/9936,OPN1LW,BM
http://identifiers.org/hgnc/9936,"opsin 1, long wave sensitive",BM
http://identifiers.org/hgnc/10608,SCTR,BM
http://identifiers.org/hgnc/29836,NDUFA4L2,BM
http://identifiers.org/hgnc/28416,CCDC26,BM
http://identifiers.org/hgnc/17493,GMNN,BM
http://identifiers.org/hgnc/12053,TRAJ24,BM
http://identifiers.org/hgnc/16983,OLIG1,BM
http://identifiers.org/hgnc/3703,FHL2,BM
http://identifiers.org/hgnc/1975,VSX2,BM
http://identifiers.org/hgnc/1975,visual system homeobox 2,BM
http://identifiers.org/hgnc/4389,G protein subunit alpha o1,BM
http://identifiers.org/hgnc/8522,OTX2,BM
http://identifiers.org/hgnc/52895,LINC02055,BM
http://identifiers.org/hgnc/24181,C1QL2,BM
http://identifiers.org/hgnc/3766,FLT3LG,BM
http://identifiers.org/hgnc/4855,HDC,BM
http://identifiers.org/hgnc/3443,EREG,BM
http://identifiers.org/hgnc/612,APOD,BM
http://identifiers.org/hgnc/31700,ZBTB7C,BM
http://identifiers.org/hgnc/6211,ANOS1,BM
http://identifiers.org/hgnc/4977,CD34,BM
http://identifiers.org/hgnc/4977,HLF,BM
http://identifiers.org/hgnc/3309,ELANE,BM
http://identifiers.org/hgnc/3309,Elastase,BM
http://identifiers.org/hgnc/7098,CXCL9+,BM
http://identifiers.org/hgnc/10910,SLC12A1,BM
http://identifiers.org/hgnc/11326,SSR4,BM
http://identifiers.org/hgnc/43558,LINC00507,BM
http://identifiers.org/hgnc/28750,SLC5A12,BM
http://identifiers.org/hgnc/3336,ADGRE1,BM
http://identifiers.org/hgnc/1884,CFTR,BM
http://identifiers.org/hgnc/4243,GFRA1,BM
http://identifiers.org/hgnc/11252,SPON1,BM
http://identifiers.org/hgnc/4028,FXYD4,BM
http://identifiers.org/hgnc/15879,CTNNBL1,BM
http://identifiers.org/hgnc/634,AQP2,BM
http://identifiers.org/hgnc/1933,CHI3L2,BM
http://identifiers.org/hgnc/14344,C1QTNF5,BM
http://identifiers.org/hgnc/10619,CCL20,BM
http://identifiers.org/hgnc/18129,Ghrelin,BM
http://identifiers.org/hgnc/4412,GNGT2,BM
http://identifiers.org/hgnc/6524,LCK,BM
http://identifiers.org/hgnc/9362,Eosinophil Major Basic ,BM
http://identifiers.org/hgnc/12781,WNT2B,BM
http://identifiers.org/hgnc/2891,DKK1,BM
http://identifiers.org/hgnc/5414,IFITM3,BM
http://identifiers.org/hgnc/186,ADA,BM
http://identifiers.org/hgnc/11272,SPTA1,BM
http://identifiers.org/hgnc/31397,PRSS57,BM
http://identifiers.org/hgnc/607,APOC1,BM
http://identifiers.org/hgnc/28036,FAM178B,BM
http://identifiers.org/hgnc/4823,HBA1,BM
http://identifiers.org/hgnc/23206,LUZP2,BM
http://identifiers.org/hgnc/144,ACTA2,BM
http://identifiers.org/hgnc/144,alpha smooth muscle actin,BM
http://identifiers.org/hgnc/18210,MOGAT1,BM
http://identifiers.org/hgnc/3802,Foxd1,BM
http://identifiers.org/hgnc/5992,IL1B,BM
http://identifiers.org/hgnc/11913,TNFRSF17,BM
http://identifiers.org/hgnc/5525,IGHG1,BM
http://identifiers.org/hgnc/5525,IGHG1+,BM
http://identifiers.org/hgnc/5525,IgG1,BM
http://identifiers.org/hgnc/12560,UMODL1,BM
http://identifiers.org/hgnc/983,BCHE,BM
http://identifiers.org/hgnc/11925,TNFSF10,BM
http://identifiers.org/hgnc/21041,HDC,BM
http://identifiers.org/hgnc/5998,IL1RL1,BM
http://identifiers.org/hgnc/21587,TAFA1,BM
http://identifiers.org/hgnc/26287,MROH9,BM
http://identifiers.org/hgnc/6010,IL2RG,BM
http://identifiers.org/hgnc/10307,RPL17,BM
http://identifiers.org/hgnc/4393,GNAT1,BM
http://identifiers.org/hgnc/18629,STAB2,BM
http://identifiers.org/hgnc/10642,CXCL5,BM
http://identifiers.org/hgnc/676,ARHGAP6,BM
http://identifiers.org/hgnc/11059,SLC7A11,BM
http://identifiers.org/hgnc/20693,NXPH1,BM
http://identifiers.org/hgnc/6563,LGALS3,BM
http://identifiers.org/hgnc/51128,LINC01482,BM
http://identifiers.org/hgnc/52704,LINC01885,BM
http://identifiers.org/hgnc/54138,LINC02653,BM
http://identifiers.org/hgnc/2196,COL19A1,BM
http://identifiers.org/hgnc/16438,SLC4A11,BM
http://identifiers.org/hgnc/10967,SLC22A3,BM
http://identifiers.org/hgnc/2546,CTSW,BM
http://identifiers.org/hgnc/18124,P2RY12,BM
http://identifiers.org/hgnc/45056,XACT,BM
http://identifiers.org/hgnc/6481,LAMA1,BM
http://identifiers.org/hgnc/4845,HCN1,BM
http://identifiers.org/hgnc/4845,hyperpolarization activated cyclic nucleotide gated potassium channel 1,BM
http://identifiers.org/hgnc/8739,PCOLCE2,BM
http://identifiers.org/hgnc/18638,SYT6,BM
http://identifiers.org/hgnc/10918,SLC14A1,BM
http://identifiers.org/hgnc/3036,DSC2+,BM
http://identifiers.org/hgnc/11592,TBX1,BM
http://identifiers.org/hgnc/11592,TBX-1,BM
http://identifiers.org/hgnc/1643,CD22,BM
http://identifiers.org/hgnc/4680,GUCA1C,BM
http://identifiers.org/hgnc/3541,Factor XIIIa,BM
http://identifiers.org/hgnc/2171,CNTN1,BM
http://identifiers.org/hgnc/21555,EYS,BM
http://identifiers.org/hgnc/4678,GUCA1A,BM
http://identifiers.org/hgnc/2500,CTGF,BM
http://identifiers.org/hgnc/2500,CCN2,BM
http://identifiers.org/hgnc/3603,FBN1,BM
http://identifiers.org/hgnc/3603,Fibrillin 1,BM
http://identifiers.org/hgnc/6494,LAMC3,BM
http://identifiers.org/hgnc/25087,FAM114A1,BM
http://identifiers.org/hgnc/14268,PCDH18,BM
http://identifiers.org/hgnc/12659,VAV3,BM
http://identifiers.org/hgnc/15478,ADAM33,BM
http://identifiers.org/hgnc/17150,CARHSP1,BM
http://identifiers.org/hgnc/11761,TFPI2,BM
http://identifiers.org/hgnc/1409,CACNG5,BM
http://identifiers.org/hgnc/4439,GP1BA,BM
http://identifiers.org/hgnc/4439,CD42b,BM
http://identifiers.org/hgnc/1033,BDNF,BM
http://identifiers.org/hgnc/20396,PILRA,BM
http://identifiers.org/hgnc/21063,MOXD1,BM
http://identifiers.org/hgnc/11245,SPINK2,BM
http://identifiers.org/hgnc/54290,LINC02770,BM
http://identifiers.org/hgnc/6065,inhibin subunit alpha,BM
http://identifiers.org/hgnc/10576,CLEC11A,BM
http://identifiers.org/hgnc/50538,LINC01331,BM
http://identifiers.org/hgnc/6059,IDO,BM
http://identifiers.org/hgnc/6059,IDO1,BM
http://identifiers.org/hgnc/19097,RBPMS,BM
http://identifiers.org/hgnc/19097,"RNA binding protein, mRNA processing factor",BM
http://identifiers.org/hgnc/9218,POU4F1,BM
http://identifiers.org/hgnc/4883,CFH,BM
http://identifiers.org/hgnc/2032,CLDN1,BM
http://identifiers.org/hgnc/8910,PGR,BM
http://identifiers.org/hgnc/12253,TRDC,BM
http://identifiers.org/hgnc/32696,DCDC2C,BM
http://identifiers.org/hgnc/15582,CA-125,BM
http://identifiers.org/hgnc/21245,PI16,BM
http://identifiers.org/hgnc/2014,CLC,BM
http://identifiers.org/hgnc/5147,HPD,BM
http://identifiers.org/hgnc/11029,MSLN,BM
http://identifiers.org/hgnc/27683,ALKAL2,BM
http://identifiers.org/hgnc/11924,TNFRSF9,BM
http://identifiers.org/hgnc/26086,TMEM255A,BM
http://identifiers.org/hgnc/5993,IL1R1,BM
http://identifiers.org/hgnc/7583,MYL2,BM
http://identifiers.org/hgnc/307,AES,BM
http://identifiers.org/hgnc/26708,CFAP47,BM
http://identifiers.org/hgnc/26587,WDR49,BM
http://identifiers.org/hgnc/7515,MUC5AC,BM
http://identifiers.org/hgnc/29847,NCKAP5,BM
http://identifiers.org/hgnc/10935,SLC18A2,BM
http://identifiers.org/hgnc/2892,DKK2,BM
http://identifiers.org/hgnc/11744,TFAP2C,BM
http://identifiers.org/hgnc/26744,C5orf64,BM
http://identifiers.org/hgnc/1073,BMP6,BM
http://identifiers.org/hgnc/37100,CFAP73,BM
http://identifiers.org/hgnc/5196,HS3ST3A1,BM
http://identifiers.org/hgnc/19419,HS3ST5,BM
http://identifiers.org/hgnc/3011,DPT,BM
http://identifiers.org/hgnc/48682,ADD3-AS1,BM
http://identifiers.org/hgnc/12873,ZIC2,BM
http://identifiers.org/hgnc/360,AIRE,BM
http://identifiers.org/hgnc/1012,OPN1SW,BM
http://identifiers.org/hgnc/1012,"opsin 1, short wave sensitive",BM
http://identifiers.org/hgnc/11219,SPARC,BM
http://identifiers.org/hgnc/12930,ZBTB16,BM
http://identifiers.org/hgnc/12930,PLZF,BM
http://identifiers.org/hgnc/10494,S100A4,BM
http://identifiers.org/hgnc/8051,NUDT4,BM
http://identifiers.org/hgnc/29399,PLEKHG4B,BM
http://identifiers.org/hgnc/28751,LYPD6,BM
http://identifiers.org/hgnc/1907,CH25H,BM
http://identifiers.org/hgnc/20772,TUBB3,BM
http://identifiers.org/hgnc/6093,INSRR,BM
http://identifiers.org/hgnc/6678,LPO,BM
http://identifiers.org/hgnc/5527,IGHG3,BM
http://identifiers.org/hgnc/5527,IgG3,BM
http://identifiers.org/hgnc/11395,STK17A,BM
http://identifiers.org/hgnc/50703,LINC01411,BM
http://identifiers.org/hgnc/49471,LINC01151,BM
http://identifiers.org/hgnc/10617,CCL19,BM
http://identifiers.org/hgnc/10617,CCL19+,BM
http://identifiers.org/hgnc/11946,TNNI2,BM
http://identifiers.org/hgnc/8656,PCDH11X,BM
http://identifiers.org/hgnc/27940,LINC00299,BM
http://identifiers.org/hgnc/8148,OPN1,BM
http://identifiers.org/hgnc/9630,PTN,BM
http://identifiers.org/hgnc/4325,GLP2R,BM
http://identifiers.org/hgnc/30552,PDZRN4,BM
http://identifiers.org/hgnc/3490,ETV1,BM
http://identifiers.org/hgnc/6690,LRMP,BM
http://identifiers.org/hgnc/6690,IRAG2,BM
http://identifiers.org/hgnc/52695,LINC01876,BM
http://identifiers.org/hgnc/1041,Phakinin,BM
http://identifiers.org/hgnc/15754,MYL9,BM
http://identifiers.org/hgnc/21357,FAM83B,BM
http://identifiers.org/hgnc/3767,FLT4 (VEGFR-3),BM
http://identifiers.org/hgnc/11480,SVIL,BM
http://identifiers.org/hgnc/54353,LINC02822,BM
http://identifiers.org/hgnc/21399,FOXN4,BM
http://identifiers.org/hgnc/16189,LINC00261,BM
http://identifiers.org/hgnc/43559,LINC00508,BM
http://identifiers.org/hgnc/11963,BHLHE22,BM
http://identifiers.org/hgnc/24318,HIGD1B,BM
http://identifiers.org/hgnc/22788,FEZF1,BM
http://identifiers.org/hgnc/3815,FOXI1,BM
http://identifiers.org/hgnc/11373,STC1,BM
http://identifiers.org/hgnc/2689,DBH,BM
http://identifiers.org/hgnc/24880,LYPD3,BM
http://identifiers.org/hgnc/42872,CARMN,BM
http://identifiers.org/hgnc/23600,keratin 5/6,BM
http://identifiers.org/hgnc/39988,RBMS3-AS2,BM
http://identifiers.org/hgnc/14261,RGS18,BM
http://identifiers.org/hgnc/16830,IL32,BM
http://identifiers.org/hgnc/8987,PIM2,BM
http://identifiers.org/hgnc/53103,LINC02232,BM
http://identifiers.org/hgnc/4206,OPN1MW,BM
http://identifiers.org/hgnc/4206,"opsin 1, medium wave sensitive",BM
http://identifiers.org/hgnc/42500,LINC00343,BM
http://identifiers.org/hgnc/3395,EPHB4,BM
http://identifiers.org/hgnc/3395,EFNB4,BM
http://identifiers.org/hgnc/10971,SLC22A7,BM
http://identifiers.org/hgnc/26896,RGMB,BM
http://identifiers.org/hgnc/7576,MYL4,BM
http://identifiers.org/hgnc/7576,MYH7,BM
http://identifiers.org/hgnc/43643,LINC00534,BM
http://identifiers.org/hgnc/27061,LINC00355,BM
http://identifiers.org/hgnc/29824,MYLPF,BM
http://identifiers.org/hgnc/20209,SOX2-OT,BM
http://identifiers.org/hgnc/43960,LINC00609,BM
http://identifiers.org/hgnc/12271,TCRgamma/delta,BM
http://identifiers.org/hgnc/12271,TCRg,BM
http://identifiers.org/hgnc/12271,TCRgamma,BM
http://identifiers.org/hgnc/125,ACPP,BM
http://identifiers.org/hgnc/16016,COLEC12,BM
http://identifiers.org/hgnc/54124,LINC02642,BM
http://identifiers.org/hgnc/24591,CLEC4G,BM
http://identifiers.org/hgnc/12046,TRAJ18,BM
http://identifiers.org/hgnc/18386,SFTA2,BM
http://identifiers.org/hgnc/16505,CYGB,BM
http://identifiers.org/hgnc/51231,KIZ-AS1,BM
http://identifiers.org/hgnc/12104,TRAV11,BM
http://identifiers.org/hgnc/38712,LINC00278,BM
http://identifiers.org/hgnc/1662P28906,CD34,BM
https://purl.org/ccf/ASCTB-TEMP_-catenin,β-catenin,BM
https://purl.org/ccf/ASCTB-TEMP_-enolase,α-enolase,BM
https://purl.org/ccf/ASCTB-TEMP_a-smooth-muscle-actin,a smooth muscle actin,BM
https://purl.org/ccf/ASCTB-TEMP_abc10-43608400o15-1,ABC10-43608400O15.1,BM
https://purl.org/ccf/ASCTB-TEMP_abcg2,ABCG2,BM
https://purl.org/ccf/ASCTB-TEMP_ac002066-1,AC002066.1,BM
https://purl.org/ccf/ASCTB-TEMP_ac003099-2,AC003099.2,BM
https://purl.org/ccf/ASCTB-TEMP_ac004538-3,AC004538.3,BM
https://purl.org/ccf/ASCTB-TEMP_ac004862-6,AC004862.6,BM
https://purl.org/ccf/ASCTB-TEMP_ac005150-1,AC005150.1,BM
https://purl.org/ccf/ASCTB-TEMP_ac007682-1,AC007682.1,BM
https://purl.org/ccf/ASCTB-TEMP_ac010091-1,AC010091.1,BM
https://purl.org/ccf/ASCTB-TEMP_ac011288-2,AC011288.2,BM
https://purl.org/ccf/ASCTB-TEMP_ac018717-1,AC018717.1,BM
https://purl.org/ccf/ASCTB-TEMP_ac064875-2,AC064875.2,BM
https://purl.org/ccf/ASCTB-TEMP_ac067959-1,AC067959.1,BM
https://purl.org/ccf/ASCTB-TEMP_ac079135-1,AC079135.1,BM
https://purl.org/ccf/ASCTB-TEMP_ac084149-2,AC084149.2,BM
https://purl.org/ccf/ASCTB-TEMP_ac092684-1,AC092684.1,BM
https://purl.org/ccf/ASCTB-TEMP_ac114765-1,AC114765.1,BM
https://purl.org/ccf/ASCTB-TEMP_ac133680-1,AC133680.1,BM
https://purl.org/ccf/ASCTB-TEMP_acid-phosphatase,acid phosphatase,BM
https://purl.org/ccf/ASCTB-TEMP_ackr1,ACKR1,BM
https://purl.org/ccf/ASCTB-TEMP_acta2,ACTA2,BM
https://purl.org/ccf/ASCTB-TEMP_actg2,ACTG2,BM
https://purl.org/ccf/ASCTB-TEMP_ae000661-37,AE000661.37,BM
https://purl.org/ccf/ASCTB-TEMP_aj006995-3,AJ006995.3,BM
https://purl.org/ccf/ASCTB-TEMP_aj006998-2,AJ006998.2,BM
https://purl.org/ccf/ASCTB-TEMP_aldh,ALDH,BM
https://purl.org/ccf/ASCTB-TEMP_alkaline-phosphatase,alkaline phosphatase,BM
https://purl.org/ccf/ASCTB-TEMP_alpha-defensin-5a,alpha Defensin 5a,BM
https://purl.org/ccf/ASCTB-TEMP_alpha-smooth-muscle-actin,alpha smooth muscle actin,BM
https://purl.org/ccf/ASCTB-TEMP_ap000331-1,AP000331.1,BM
https://purl.org/ccf/ASCTB-TEMP_aqp0-residues-1-263-fatty-acyl,AQP0 residues 1-263 +fatty acyl,BM
https://purl.org/ccf/ASCTB-TEMP_aqp1,AQP1,BM
https://purl.org/ccf/ASCTB-TEMP_aqp2,AQP2,BM
https://purl.org/ccf/ASCTB-TEMP_asc-type-amino-acid-transporter-1,Asc-type amino acid transporter 1,BM
https://purl.org/ccf/ASCTB-TEMP_ascl2,ASCL2,BM
https://purl.org/ccf/ASCTB-TEMP_asma,aSMA,BM
https://purl.org/ccf/ASCTB-TEMP_at1a1,AT1A1,BM
https://purl.org/ccf/ASCTB-TEMP_best4,BEST4,BM
https://purl.org/ccf/ASCTB-TEMP_bp-21201h5-1,bP-21201H5.1,BM
https://purl.org/ccf/ASCTB-TEMP_btbd11,BTBD11,BM
https://purl.org/ccf/ASCTB-TEMP_c-peptide,C-peptide,BM
https://purl.org/ccf/ASCTB-TEMP_c1orf288,C1orf288,BM
https://purl.org/ccf/ASCTB-TEMP_c9orf16,C9orf16,BM
https://purl.org/ccf/ASCTB-TEMP_ca2,CA2,BM
https://purl.org/ccf/ASCTB-TEMP_ca7,CA7,BM
https://purl.org/ccf/ASCTB-TEMP_caldesmon,caldesmon,BM
https://purl.org/ccf/ASCTB-TEMP_calponin,calponin,BM
https://purl.org/ccf/ASCTB-TEMP_carbohydrate-epitope-15-3-fucosyl-n-acetyl-lactosamine-,carbohydrate epitope 15 (3-fucosyl-N-acetyl-lactosamine),BM
https://purl.org/ccf/ASCTB-TEMP_ccl12,CCL12,BM
https://purl.org/ccf/ASCTB-TEMP_ccl19,CCL19,BM
https://purl.org/ccf/ASCTB-TEMP_ccl5,CCL5,BM
https://purl.org/ccf/ASCTB-TEMP_ccr7,CCR7,BM
https://purl.org/ccf/ASCTB-TEMP_cd105,CD105,BM
https://purl.org/ccf/ASCTB-TEMP_cd117,CD117,BM
https://purl.org/ccf/ASCTB-TEMP_cd11b,CD11b,BM
https://purl.org/ccf/ASCTB-TEMP_cd11c,CD11c,BM
https://purl.org/ccf/ASCTB-TEMP_cd11c,CD11C,BM
https://purl.org/ccf/ASCTB-TEMP_cd123,CD123,BM
https://purl.org/ccf/ASCTB-TEMP_cd127,CD127,BM
https://purl.org/ccf/ASCTB-TEMP_cd138,CD138,BM
https://purl.org/ccf/ASCTB-TEMP_cd14,CD14,BM
https://purl.org/ccf/ASCTB-TEMP_cd15,CD15,BM
https://purl.org/ccf/ASCTB-TEMP_cd16,CD16,BM
https://purl.org/ccf/ASCTB-TEMP_cd161,CD161,BM
https://purl.org/ccf/ASCTB-TEMP_cd163,CD163,BM
https://purl.org/ccf/ASCTB-TEMP_cd19,CD19,BM
https://purl.org/ccf/ASCTB-TEMP_cd2,CD2,BM
https://purl.org/ccf/ASCTB-TEMP_cd20,CD20,BM
https://purl.org/ccf/ASCTB-TEMP_cd200-molecule,CD200 molecule,BM
https://purl.org/ccf/ASCTB-TEMP_cd206,CD206,BM
https://purl.org/ccf/ASCTB-TEMP_cd207,CD207,BM
https://purl.org/ccf/ASCTB-TEMP_cd21,CD21,BM
https://purl.org/ccf/ASCTB-TEMP_cd25,CD25,BM
https://purl.org/ccf/ASCTB-TEMP_cd294,CD294,BM
https://purl.org/ccf/ASCTB-TEMP_cd3,CD3,BM
https://purl.org/ccf/ASCTB-TEMP_cd31,CD31,BM
https://purl.org/ccf/ASCTB-TEMP_cd34,CD34,BM
https://purl.org/ccf/ASCTB-TEMP_cd36,CD36,BM
https://purl.org/ccf/ASCTB-TEMP_cd3d,CD3D,BM
https://purl.org/ccf/ASCTB-TEMP_cd3g,CD3G,BM
https://purl.org/ccf/ASCTB-TEMP_cd4,CD4,BM
https://purl.org/ccf/ASCTB-TEMP_cd44,CD44,BM
https://purl.org/ccf/ASCTB-TEMP_cd45,CD45,BM
https://purl.org/ccf/ASCTB-TEMP_cd5,CD5,BM
https://purl.org/ccf/ASCTB-TEMP_cd56,CD56,BM
https://purl.org/ccf/ASCTB-TEMP_cd57,CD57,BM
https://purl.org/ccf/ASCTB-TEMP_cd64,CD64,BM
https://purl.org/ccf/ASCTB-TEMP_cd68,CD68,BM
https://purl.org/ccf/ASCTB-TEMP_cd69,CD69,BM
https://purl.org/ccf/ASCTB-TEMP_cd7,CD7,BM
https://purl.org/ccf/ASCTB-TEMP_cd73,CD73,BM
https://purl.org/ccf/ASCTB-TEMP_cd8,CD8,BM
https://purl.org/ccf/ASCTB-TEMP_cd8a,CD8A,BM
https://purl.org/ccf/ASCTB-TEMP_cd90,CD90,BM
https://purl.org/ccf/ASCTB-TEMP_cdh1,CDH1,BM
https://purl.org/ccf/ASCTB-TEMP_cftr,CFTR,BM
https://purl.org/ccf/ASCTB-TEMP_ch17-174l20-1,CH17-174L20.1,BM
https://purl.org/ccf/ASCTB-TEMP_cholesterol-esters,cholesterol esters,BM
https://purl.org/ccf/ASCTB-TEMP_chromogranin,Chromogranin,BM
https://purl.org/ccf/ASCTB-TEMP_chromogranin-a,chromogranin A,BM
https://purl.org/ccf/ASCTB-TEMP_clca4,CLCA4,BM
https://purl.org/ccf/ASCTB-TEMP_cnn1,CNN1,BM
https://purl.org/ccf/ASCTB-TEMP_col4a1,COL4A1,BM
https://purl.org/ccf/ASCTB-TEMP_col6a1,COL6A1,BM
https://purl.org/ccf/ASCTB-TEMP_col6a1,Col6A1,BM
https://purl.org/ccf/ASCTB-TEMP_col6a2,COL6A2,BM
https://purl.org/ccf/ASCTB-TEMP_col6a2,Col6A2,BM
https://purl.org/ccf/ASCTB-TEMP_collagens,Collagens,BM
https://purl.org/ccf/ASCTB-TEMP_connexin-43,connexin 43,BM
https://purl.org/ccf/ASCTB-TEMP_connexin-43,Connexin 43,BM
https://purl.org/ccf/ASCTB-TEMP_cryba2,CRYBA2,BM
https://purl.org/ccf/ASCTB-TEMP_csf1,CSF1,BM
https://purl.org/ccf/ASCTB-TEMP_csf1r,CSF1R,BM
https://purl.org/ccf/ASCTB-TEMP_ctb-57h20-1,CTB-57H20.1,BM
https://purl.org/ccf/ASCTB-TEMP_ctc-340a15-2,CTC-340A15.2,BM
https://purl.org/ccf/ASCTB-TEMP_ctc-367f4-1,CTC-367F4.1,BM
https://purl.org/ccf/ASCTB-TEMP_ctc-535m15-2,CTC-535M15.2,BM
https://purl.org/ccf/ASCTB-TEMP_ctc-552d5-1,CTC-552D5.1,BM
https://purl.org/ccf/ASCTB-TEMP_ctc-806a22-1,CTC-806A22.1,BM
https://purl.org/ccf/ASCTB-TEMP_ctd-2008l17-2,CTD-2008L17.2,BM
https://purl.org/ccf/ASCTB-TEMP_ctd-2050e21-1,CTD-2050E21.1,BM
https://purl.org/ccf/ASCTB-TEMP_ctd-2050e21-2,CTD-2050E21.2,BM
https://purl.org/ccf/ASCTB-TEMP_ctd-2058b24-2,CTD-2058B24.2,BM
https://purl.org/ccf/ASCTB-TEMP_ctd-2195h9-1,CTD-2195H9.1,BM
https://purl.org/ccf/ASCTB-TEMP_ctd-2215l10-1,CTD-2215L10.1,BM
https://purl.org/ccf/ASCTB-TEMP_ctd-2288o8-3,CTD-2288O8.3,BM
https://purl.org/ccf/ASCTB-TEMP_ctd-2533k21-4,CTD-2533K21.4,BM
https://purl.org/ccf/ASCTB-TEMP_ctd-2545m3-8,CTD-2545M3.8,BM
https://purl.org/ccf/ASCTB-TEMP_ctnnb1,CTNNB1,BM
https://purl.org/ccf/ASCTB-TEMP_cxcl8,CXCL8,BM
https://purl.org/ccf/ASCTB-TEMP_cxcr4,CXCR4,BM
https://purl.org/ccf/ASCTB-TEMP_cytokeratin,Cytokeratin,BM
https://purl.org/ccf/ASCTB-TEMP_cytokeratin-7,Cytokeratin 7,BM
https://purl.org/ccf/ASCTB-TEMP_dclk1,DCLK1,BM
https://purl.org/ccf/ASCTB-TEMP_des,DES,BM
https://purl.org/ccf/ASCTB-TEMP_desmin,desmin,BM
https://purl.org/ccf/ASCTB-TEMP_e-cadherin,E-cadherin,BM
https://purl.org/ccf/ASCTB-TEMP_egf-r,EGF-R,BM
https://purl.org/ccf/ASCTB-TEMP_elastin,Elastin,BM
https://purl.org/ccf/ASCTB-TEMP_elastin-microfibril-interface-located-protein-1,Elastin microfibril interface located protein-1,BM
https://purl.org/ccf/ASCTB-TEMP_epcam,EPCAM,BM
https://purl.org/ccf/ASCTB-TEMP_fam160a1,FAM160A1,BM
https://purl.org/ccf/ASCTB-TEMP_foxj1,FOXJ1,BM
https://purl.org/ccf/ASCTB-TEMP_foxp3,FOXP3,BM
https://purl.org/ccf/ASCTB-TEMP_fxyd4,FXYD4,BM
https://purl.org/ccf/ASCTB-TEMP_gamma-delta-tcr,gamma delta TCR,BM
https://purl.org/ccf/ASCTB-TEMP_gamma-enolase-human-,gamma-enolase (human),BM
https://purl.org/ccf/ASCTB-TEMP_gata3,GATA3,BM
https://purl.org/ccf/ASCTB-TEMP_gnb1,GNB1,BM
https://purl.org/ccf/ASCTB-TEMP_gpx2,GPX2,BM
https://purl.org/ccf/ASCTB-TEMP_gsn,GSN,BM
https://purl.org/ccf/ASCTB-TEMP_guanylin,guanylin,BM
https://purl.org/ccf/ASCTB-TEMP_hdc,HDC,BM
https://purl.org/ccf/ASCTB-TEMP_hes1,HES1,BM
https://purl.org/ccf/ASCTB-TEMP_hgnc-1678,HGNC:1678,BM
https://purl.org/ccf/ASCTB-TEMP_hgnc-6008,HGNC:6008,BM
https://purl.org/ccf/ASCTB-TEMP_hgnc-6024,HGNC:6024,BM
https://purl.org/ccf/ASCTB-TEMP_hgnc-6106,HGNC:6106,BM
https://purl.org/ccf/ASCTB-TEMP_hgnc-9666,HGNC:9666,BM
https://purl.org/ccf/ASCTB-TEMP_hla-dqa1,HLA-DQA1,BM
https://purl.org/ccf/ASCTB-TEMP_hla-dr,HLA-DR,BM
https://purl.org/ccf/ASCTB-TEMP_hla-dra,HLA-DRA,BM
https://purl.org/ccf/ASCTB-TEMP_hmgb2,HMGB2,BM
https://purl.org/ccf/ASCTB-TEMP_igf1,IGF1,BM
https://purl.org/ccf/ASCTB-TEMP_igll5,IGLL5,BM
https://purl.org/ccf/ASCTB-TEMP_il1b,IL1B,BM
https://purl.org/ccf/ASCTB-TEMP_il7,IL7,BM
https://purl.org/ccf/ASCTB-TEMP_il7r,IL7R,BM
https://purl.org/ccf/ASCTB-TEMP_insulin,Insulin,BM
https://purl.org/ccf/ASCTB-TEMP_integrin-1,Integrin β1,BM
https://purl.org/ccf/ASCTB-TEMP_integrin-2,Integrin α2,BM
https://purl.org/ccf/ASCTB-TEMP_integrin-2,Integrin β2,BM
https://purl.org/ccf/ASCTB-TEMP_integrin-3,Integrin α3,BM
https://purl.org/ccf/ASCTB-TEMP_integrin-31,Integrin α3β1,BM
https://purl.org/ccf/ASCTB-TEMP_integrin-4,Integrin β4,BM
https://purl.org/ccf/ASCTB-TEMP_integrin-5,Integrin β5,BM
https://purl.org/ccf/ASCTB-TEMP_integrin-6,Integrin α6,BM
https://purl.org/ccf/ASCTB-TEMP_integrin-v,Integrin αv,BM
https://purl.org/ccf/ASCTB-TEMP_irf7,IRF7,BM
https://purl.org/ccf/ASCTB-TEMP_itga6,ITGA6,BM
https://purl.org/ccf/ASCTB-TEMP_itgal,ITGAL,BM
https://purl.org/ccf/ASCTB-TEMP_itgax,ITGAX,BM
https://purl.org/ccf/ASCTB-TEMP_itln1,ITLN1,BM
https://purl.org/ccf/ASCTB-TEMP_k2c8,K2C8,BM
https://purl.org/ccf/ASCTB-TEMP_keratin-19,keratin 19,BM
https://purl.org/ccf/ASCTB-TEMP_keratin-ae1,Keratin AE1,BM
https://purl.org/ccf/ASCTB-TEMP_keratin-k19,keratin K19,BM
https://purl.org/ccf/ASCTB-TEMP_keratin-k3-k12,keratin K3/K12,BM
https://purl.org/ccf/ASCTB-TEMP_keratin-k5-k14,keratin K5/K14,BM
https://purl.org/ccf/ASCTB-TEMP_kit,KIT,BM
https://purl.org/ccf/ASCTB-TEMP_klrc1,KLRC1,BM
https://purl.org/ccf/ASCTB-TEMP_langerin,langerin,BM
https://purl.org/ccf/ASCTB-TEMP_lgr5,LGR5,BM
https://purl.org/ccf/ASCTB-TEMP_lilrb2,LILRB2,BM
https://purl.org/ccf/ASCTB-TEMP_linc00343,LINC00343,BM
https://purl.org/ccf/ASCTB-TEMP_loc100128108,LOC100128108,BM
https://purl.org/ccf/ASCTB-TEMP_loc100128497,LOC100128497,BM
https://purl.org/ccf/ASCTB-TEMP_loc100132891,LOC100132891,BM
https://purl.org/ccf/ASCTB-TEMP_loc100506497,LOC100506497,BM
https://purl.org/ccf/ASCTB-TEMP_loc100507562,LOC100507562,BM
https://purl.org/ccf/ASCTB-TEMP_loc100996671,LOC100996671,BM
https://purl.org/ccf/ASCTB-TEMP_loc101926942,LOC101926942,BM
https://purl.org/ccf/ASCTB-TEMP_loc101927078,LOC101927078,BM
https://purl.org/ccf/ASCTB-TEMP_loc101927281,LOC101927281,BM
https://purl.org/ccf/ASCTB-TEMP_loc101927286,LOC101927286,BM
https://purl.org/ccf/ASCTB-TEMP_loc101927389,LOC101927389,BM
https://purl.org/ccf/ASCTB-TEMP_loc101927439,LOC101927439,BM
https://purl.org/ccf/ASCTB-TEMP_loc101927459,LOC101927459,BM
https://purl.org/ccf/ASCTB-TEMP_loc101927668,LOC101927668,BM
https://purl.org/ccf/ASCTB-TEMP_loc101927745,LOC101927745,BM
https://purl.org/ccf/ASCTB-TEMP_loc101927843,LOC101927843,BM
https://purl.org/ccf/ASCTB-TEMP_loc101927874,LOC101927874,BM
https://purl.org/ccf/ASCTB-TEMP_loc101928114,LOC101928114,BM
https://purl.org/ccf/ASCTB-TEMP_loc101928278,LOC101928278,BM
https://purl.org/ccf/ASCTB-TEMP_loc101928842,LOC101928842,BM
https://purl.org/ccf/ASCTB-TEMP_loc101928964,LOC101928964,BM
https://purl.org/ccf/ASCTB-TEMP_loc101929028,LOC101929028,BM
https://purl.org/ccf/ASCTB-TEMP_loc105369818,LOC105369818,BM
https://purl.org/ccf/ASCTB-TEMP_loc105369890,LOC105369890,BM
https://purl.org/ccf/ASCTB-TEMP_loc105370019,LOC105370019,BM
https://purl.org/ccf/ASCTB-TEMP_loc105370315,LOC105370315,BM
https://purl.org/ccf/ASCTB-TEMP_loc105370456,LOC105370456,BM
https://purl.org/ccf/ASCTB-TEMP_loc105370610,LOC105370610,BM
https://purl.org/ccf/ASCTB-TEMP_loc105371310,LOC105371310,BM
https://purl.org/ccf/ASCTB-TEMP_loc105371663,LOC105371663,BM
https://purl.org/ccf/ASCTB-TEMP_loc105371832,LOC105371832,BM
https://purl.org/ccf/ASCTB-TEMP_loc105373454,LOC105373454,BM
https://purl.org/ccf/ASCTB-TEMP_loc105373592,LOC105373592,BM
https://purl.org/ccf/ASCTB-TEMP_loc105373642,LOC105373642,BM
https://purl.org/ccf/ASCTB-TEMP_loc105373893,LOC105373893,BM
https://purl.org/ccf/ASCTB-TEMP_loc105374392,LOC105374392,BM
https://purl.org/ccf/ASCTB-TEMP_loc105374524,LOC105374524,BM
https://purl.org/ccf/ASCTB-TEMP_loc105374971,LOC105374971,BM
https://purl.org/ccf/ASCTB-TEMP_loc105374973,LOC105374973,BM
https://purl.org/ccf/ASCTB-TEMP_loc105376081,LOC105376081,BM
https://purl.org/ccf/ASCTB-TEMP_loc105376372,LOC105376372,BM
https://purl.org/ccf/ASCTB-TEMP_loc105376457,LOC105376457,BM
https://purl.org/ccf/ASCTB-TEMP_loc105376917,LOC105376917,BM
https://purl.org/ccf/ASCTB-TEMP_loc105376987,LOC105376987,BM
https://purl.org/ccf/ASCTB-TEMP_loc105377183,LOC105377183,BM
https://purl.org/ccf/ASCTB-TEMP_loc105377209,LOC105377209,BM
https://purl.org/ccf/ASCTB-TEMP_loc105377703,LOC105377703,BM
https://purl.org/ccf/ASCTB-TEMP_loc105377862,LOC105377862,BM
https://purl.org/ccf/ASCTB-TEMP_loc105378031,LOC105378031,BM
https://purl.org/ccf/ASCTB-TEMP_loc105378334,LOC105378334,BM
https://purl.org/ccf/ASCTB-TEMP_loc105378486,LOC105378486,BM
https://purl.org/ccf/ASCTB-TEMP_loc105379003,LOC105379003,BM
https://purl.org/ccf/ASCTB-TEMP_loc105379064,LOC105379064,BM
https://purl.org/ccf/ASCTB-TEMP_loc105379168,LOC105379168,BM
https://purl.org/ccf/ASCTB-TEMP_loc284825,LOC284825,BM
https://purl.org/ccf/ASCTB-TEMP_loc401134,LOC401134,BM
https://purl.org/ccf/ASCTB-TEMP_lrp2,LRP2,BM
https://purl.org/ccf/ASCTB-TEMP_m-z-725-5564,m/z 725.5564,BM
https://purl.org/ccf/ASCTB-TEMP_m-z-756-5539,m/z 756.5539,BM
https://purl.org/ccf/ASCTB-TEMP_m-z-769-5598,m/z 769.5598,BM
https://purl.org/ccf/ASCTB-TEMP_m-z-788-6153,m/z 788.6153,BM
https://purl.org/ccf/ASCTB-TEMP_m-z-848-5581,m/z 848.5581,BM
https://purl.org/ccf/ASCTB-TEMP_m-z-851-6397,m/z 851.6397,BM
https://purl.org/ccf/ASCTB-TEMP_mct,MCT,BM
https://purl.org/ccf/ASCTB-TEMP_melana,melanA,BM
https://purl.org/ccf/ASCTB-TEMP_metallothionein,Metallothionein,BM
https://purl.org/ccf/ASCTB-TEMP_mgc4859,MGC4859,BM
https://purl.org/ccf/ASCTB-TEMP_mgll,MGLL,BM
https://purl.org/ccf/ASCTB-TEMP_microfibril-associated-protein-2,Microfibril associated protein 2,BM
https://purl.org/ccf/ASCTB-TEMP_mki67,MKI67,BM
https://purl.org/ccf/ASCTB-TEMP_mmp11,MMP11,BM
https://purl.org/ccf/ASCTB-TEMP_mmp7,MMP7,BM
https://purl.org/ccf/ASCTB-TEMP_mpo,MPO,BM
https://purl.org/ccf/ASCTB-TEMP_ms4a1,MS4A1,BM
https://purl.org/ccf/ASCTB-TEMP_ms4a2,MS4A2,BM
https://purl.org/ccf/ASCTB-TEMP_msr1,MSR1,BM
https://purl.org/ccf/ASCTB-TEMP_muc2,MUC2,BM
https://purl.org/ccf/ASCTB-TEMP_myh11,MYH11,BM
https://purl.org/ccf/ASCTB-TEMP_myristoylated-filensin,myristoylated filensin,BM
https://purl.org/ccf/ASCTB-TEMP_ncam1,NCAM1,BM
https://purl.org/ccf/ASCTB-TEMP_ncr1-,NCR1+,BM
https://purl.org/ccf/ASCTB-TEMP_neurl1,NEURL1,BM
https://purl.org/ccf/ASCTB-TEMP_ngf-r-trka,NGF-R TrkA,BM
https://purl.org/ccf/ASCTB-TEMP_nkg2a,NKG2A,BM
https://purl.org/ccf/ASCTB-TEMP_nkg2d,NKG2D,BM
https://purl.org/ccf/ASCTB-TEMP_non-specific-esterase,non-specific esterase,BM
https://purl.org/ccf/ASCTB-TEMP_nova2,NOVA2,BM
https://purl.org/ccf/ASCTB-TEMP_ogn,OGN,BM
https://purl.org/ccf/ASCTB-TEMP_olfm4,OLFM4,BM
https://purl.org/ccf/ASCTB-TEMP_ostp,OSTP,BM
https://purl.org/ccf/ASCTB-TEMP_ov-6-antigen,OV-6 ANTIGEN,BM
https://purl.org/ccf/ASCTB-TEMP_ovgp1,OVGP1,BM
https://purl.org/ccf/ASCTB-TEMP_p60,p60,BM
https://purl.org/ccf/ASCTB-TEMP_p63,p63,BM
https://purl.org/ccf/ASCTB-TEMP_paep,PAEP,BM
https://purl.org/ccf/ASCTB-TEMP_pax5,PAX5,BM
https://purl.org/ccf/ASCTB-TEMP_pcolce,PCOLCE,BM
https://purl.org/ccf/ASCTB-TEMP_pdl1,PDL1,BM
https://purl.org/ccf/ASCTB-TEMP_pgp9-5,PGP9.5,BM
https://purl.org/ccf/ASCTB-TEMP_pifo,PIFO,BM
https://purl.org/ccf/ASCTB-TEMP_podoplanin,Podoplanin,BM
https://purl.org/ccf/ASCTB-TEMP_podxl,PODXL,BM
https://purl.org/ccf/ASCTB-TEMP_prss12,PRSS12,BM
https://purl.org/ccf/ASCTB-TEMP_ptgs1,PTGS1,BM
https://purl.org/ccf/ASCTB-TEMP_ptprc,PTPRC,BM
https://purl.org/ccf/ASCTB-TEMP_rgc5,RGC5,BM
https://purl.org/ccf/ASCTB-TEMP_rgs5ensg00000143248,RGS5_ENSG00000143248,BM
https://purl.org/ccf/ASCTB-TEMP_rnf43,RNF43,BM
https://purl.org/ccf/ASCTB-TEMP_ro,RO,BM
https://purl.org/ccf/ASCTB-TEMP_rp1-35c21-2,RP1-35C21.2,BM
https://purl.org/ccf/ASCTB-TEMP_rp1-45c12-1,RP1-45C12.1,BM
https://purl.org/ccf/ASCTB-TEMP_rp1-71h24-1,RP1-71H24.1,BM
https://purl.org/ccf/ASCTB-TEMP_rp11-111g13-1,RP11-111G13.1,BM
https://purl.org/ccf/ASCTB-TEMP_rp11-114g22-1,RP11-114G22.1,BM
https://purl.org/ccf/ASCTB-TEMP_rp11-115d10-1,RP11-115D10.1,BM
https://purl.org/ccf/ASCTB-TEMP_rp11-120l14-1,RP11-120L14.1,BM
https://purl.org/ccf/ASCTB-TEMP_rp11-134o15-3,RP11-134O15.3,BM
https://purl.org/ccf/ASCTB-TEMP_rp11-142c4-6,RP11-142C4.6,BM
https://purl.org/ccf/ASCTB-TEMP_rp11-142i20-2,RP11-142I20.2,BM
https://purl.org/ccf/ASCTB-TEMP_rp11-153i24-5,RP11-153I24.5,BM
https://purl.org/ccf/ASCTB-TEMP_rp11-154h17-1,RP11-154H17.1,BM
https://purl.org/ccf/ASCTB-TEMP_rp11-167h9-4,RP11-167H9.4,BM
https://purl.org/ccf/ASCTB-TEMP_rp11-191l9-4,RP11-191L9.4,BM
https://purl.org/ccf/ASCTB-TEMP_rp11-197h3-1,RP11-197H3.1,BM
https://purl.org/ccf/ASCTB-TEMP_rp11-197k6-1,RP11-197K6.1,BM
https://purl.org/ccf/ASCTB-TEMP_rp11-217c7-1,RP11-217C7.1,BM
https://purl.org/ccf/ASCTB-TEMP_rp11-221g19-1,RP11-221G19.1,BM
https://purl.org/ccf/ASCTB-TEMP_rp11-238k6-2,RP11-238K6.2,BM
https://purl.org/ccf/ASCTB-TEMP_rp11-259k15-2,RP11-259K15.2,BM
https://purl.org/ccf/ASCTB-TEMP_rp11-265i24-1,RP11-265I24.1,BM
https://purl.org/ccf/ASCTB-TEMP_rp11-274h24-2,RP11-274H24.2,BM
https://purl.org/ccf/ASCTB-TEMP_rp11-284g10-1,RP11-284G10.1,BM
https://purl.org/ccf/ASCTB-TEMP_rp11-286o1-1,RP11-286O1.1,BM
https://purl.org/ccf/ASCTB-TEMP_rp11-287j11-1,RP11-287J11.1,BM
https://purl.org/ccf/ASCTB-TEMP_rp11-297i23-1,RP11-297I23.1,BM
https://purl.org/ccf/ASCTB-TEMP_rp11-312a15-5,RP11-312A15.5,BM
https://purl.org/ccf/ASCTB-TEMP_rp11-320l2-1,RP11-320L2.1,BM
https://purl.org/ccf/ASCTB-TEMP_rp11-321p16-3,RP11-321P16.3,BM
https://purl.org/ccf/ASCTB-TEMP_rp11-335e8-3,RP11-335E8.3,BM
https://purl.org/ccf/ASCTB-TEMP_rp11-33a14-1,RP11-33A14.1,BM
https://purl.org/ccf/ASCTB-TEMP_rp11-340a13-4,RP11-340A13.4,BM
https://purl.org/ccf/ASCTB-TEMP_rp11-34c15-2,RP11-34C15.2,BM
https://purl.org/ccf/ASCTB-TEMP_rp11-354i13-2,RP11-354I13.2,BM
https://purl.org/ccf/ASCTB-TEMP_rp11-354k4-2,RP11-354K4.2,BM
https://purl.org/ccf/ASCTB-TEMP_rp11-358p11-1,RP11-358P11.1,BM
https://purl.org/ccf/ASCTB-TEMP_rp11-369e15-3,RP11-369E15.3,BM
https://purl.org/ccf/ASCTB-TEMP_rp11-370b11-4,RP11-370B11.4,BM
https://purl.org/ccf/ASCTB-TEMP_rp11-370k2-1,RP11-370K2.1,BM
https://purl.org/ccf/ASCTB-TEMP_rp11-380p13-1,RP11-380P13.1,BM
https://purl.org/ccf/ASCTB-TEMP_rp11-387p12-1,RP11-387P12.1,BM
https://purl.org/ccf/ASCTB-TEMP_rp11-38b6-1,RP11-38B6.1,BM
https://purl.org/ccf/ASCTB-TEMP_rp11-404h1-1,RP11-404H1.1,BM
https://purl.org/ccf/ASCTB-TEMP_rp11-410k21-2,RP11-410K21.2,BM
https://purl.org/ccf/ASCTB-TEMP_rp11-412k20-1,RP11-412K20.1,BM
https://purl.org/ccf/ASCTB-TEMP_rp11-418j17-3,RP11-418J17.3,BM
https://purl.org/ccf/ASCTB-TEMP_rp11-421n8-3,RP11-421N8.3,BM
https://purl.org/ccf/ASCTB-TEMP_rp11-460m2-1,RP11-460M2.1,BM
https://purl.org/ccf/ASCTB-TEMP_rp11-467l24-1,RP11-467L24.1,BM
https://purl.org/ccf/ASCTB-TEMP_rp11-46h14-1,RP11-46H14.1,BM
https://purl.org/ccf/ASCTB-TEMP_rp11-484i6-9,RP11-484I6.9,BM
https://purl.org/ccf/ASCTB-TEMP_rp11-484n11-1,RP11-484N11.1,BM
https://purl.org/ccf/ASCTB-TEMP_rp11-491f9-1,RP11-491F9.1,BM
https://purl.org/ccf/ASCTB-TEMP_rp11-511b7-2,RP11-511B7.2,BM
https://purl.org/ccf/ASCTB-TEMP_rp11-517i3-1,RP11-517I3.1,BM
https://purl.org/ccf/ASCTB-TEMP_rp11-537p24-1,RP11-537P24.1,BM
https://purl.org/ccf/ASCTB-TEMP_rp11-563d10-1,RP11-563D10.1,BM
https://purl.org/ccf/ASCTB-TEMP_rp11-60a8-1,RP11-60A8.1,BM
https://purl.org/ccf/ASCTB-TEMP_rp11-622o11-6,RP11-622O11.6,BM
https://purl.org/ccf/ASCTB-TEMP_rp11-624a4-2,RP11-624A4.2,BM
https://purl.org/ccf/ASCTB-TEMP_rp11-632b21-2,RP11-632B21.2,BM
https://purl.org/ccf/ASCTB-TEMP_rp11-63g10-4,RP11-63G10.4,BM
https://purl.org/ccf/ASCTB-TEMP_rp11-640f22-1,RP11-640F22.1,BM
https://purl.org/ccf/ASCTB-TEMP_rp11-649a16-1,RP11-649A16.1,BM
https://purl.org/ccf/ASCTB-TEMP_rp11-656g20-1,RP11-656G20.1,BM
https://purl.org/ccf/ASCTB-TEMP_rp11-66g15-1,RP11-66G15.1,BM
https://purl.org/ccf/ASCTB-TEMP_rp11-690j15-1,RP11-690J15.1,BM
https://purl.org/ccf/ASCTB-TEMP_rp11-719n9-1,RP11-719N9.1,BM
https://purl.org/ccf/ASCTB-TEMP_rp11-729m20-1,RP11-729M20.1,BM
https://purl.org/ccf/ASCTB-TEMP_rp11-799o21-2,RP11-799O21.2,BM
https://purl.org/ccf/ASCTB-TEMP_rp11-79e3-2,RP11-79E3.2,BM
https://purl.org/ccf/ASCTB-TEMP_rp11-81d17-1,RP11-81D17.1,BM
https://purl.org/ccf/ASCTB-TEMP_rp11-81f8-1,RP11-81F8.1,BM
https://purl.org/ccf/ASCTB-TEMP_rp11-829h16-3,RP11-829H16.3,BM
https://purl.org/ccf/ASCTB-TEMP_rp11-875g18-1,RP11-875G18.1,BM
https://purl.org/ccf/ASCTB-TEMP_rp11-89n17-4,RP11-89N17.4,BM
https://purl.org/ccf/ASCTB-TEMP_rp11-964e11-3,RP11-964E11.3,BM
https://purl.org/ccf/ASCTB-TEMP_rp11-97f8-2,RP11-97F8.2,BM
https://purl.org/ccf/ASCTB-TEMP_rp3-401d24-1,RP3-401D24.1,BM
https://purl.org/ccf/ASCTB-TEMP_rp4-668e10-4,RP4-668E10.4,BM
https://purl.org/ccf/ASCTB-TEMP_rp4-678d15-1,RP4-678D15.1,BM
https://purl.org/ccf/ASCTB-TEMP_rp4-736h5-3,RP4-736H5.3,BM
https://purl.org/ccf/ASCTB-TEMP_rp4-809f18-1,RP4-809F18.1,BM
https://purl.org/ccf/ASCTB-TEMP_rp5-1101c3-1,RP5-1101C3.1,BM
https://purl.org/ccf/ASCTB-TEMP_rp5-1180c18-1,RP5-1180C18.1,BM
https://purl.org/ccf/ASCTB-TEMP_s100,S100,BM
https://purl.org/ccf/ASCTB-TEMP_scgb2a2,SCGB2A2,BM
https://purl.org/ccf/ASCTB-TEMP_selenbp1,SELENBP1,BM
https://purl.org/ccf/ASCTB-TEMP_sema3g,SEMA3G,BM
https://purl.org/ccf/ASCTB-TEMP_sepp1,SEPP1,BM
https://purl.org/ccf/ASCTB-TEMP_si,SI,BM
https://purl.org/ccf/ASCTB-TEMP_sialyl-lewis-a-antigen,sialyl lewis a antigen,BM
https://purl.org/ccf/ASCTB-TEMP_slc12a3,SLC12A3,BM
https://purl.org/ccf/ASCTB-TEMP_slc26a2,SLC26A2,BM
https://purl.org/ccf/ASCTB-TEMP_slc40a1,SLC40A1,BM
https://purl.org/ccf/ASCTB-TEMP_slc44a5,SLC44A5,BM
https://purl.org/ccf/ASCTB-TEMP_slc9a9,SLC9A9,BM
https://purl.org/ccf/ASCTB-TEMP_sma,SMA,BM
https://purl.org/ccf/ASCTB-TEMP_sox10,SOX10,BM
https://purl.org/ccf/ASCTB-TEMP_sox17,SOX17,BM
https://purl.org/ccf/ASCTB-TEMP_sox9,SOX9,BM
https://purl.org/ccf/ASCTB-TEMP_spink2,SPINK2,BM
https://purl.org/ccf/ASCTB-TEMP_ssea3,SSEA3,BM
https://purl.org/ccf/ASCTB-TEMP_synaptophysin,Synaptophysin,BM
https://purl.org/ccf/ASCTB-TEMP_synaptophysin,synaptophysin,BM
https://purl.org/ccf/ASCTB-TEMP_syt2,SYT2,BM
https://purl.org/ccf/ASCTB-TEMP_tagln,TAGLN,BM
https://purl.org/ccf/ASCTB-TEMP_tcrab,TCRab,BM
https://purl.org/ccf/ASCTB-TEMP_tgf--ri,TGF-β-RI,BM
https://purl.org/ccf/ASCTB-TEMP_tgf--rii,TGF-β-RII,BM
https://purl.org/ccf/ASCTB-TEMP_tldc2,TLDC2,BM
https://purl.org/ccf/ASCTB-TEMP_tp53i3,TP53I3,BM
https://purl.org/ccf/ASCTB-TEMP_tppp3,TPPP3,BM
https://purl.org/ccf/ASCTB-TEMP_transferrin-r-cd71,Transferrin-R CD71,BM
https://purl.org/ccf/ASCTB-TEMP_tropomyosin,tropomyosin,BM
https://purl.org/ccf/ASCTB-TEMP_trp,TRP,BM
https://purl.org/ccf/ASCTB-TEMP_truncated-phosphorylated-forms-of-aqp0,truncated/phosphorylated forms of AQP0,BM
https://purl.org/ccf/ASCTB-TEMP_ulex-,Ulex+,BM
https://purl.org/ccf/ASCTB-TEMP_umod,UMOD,BM
https://purl.org/ccf/ASCTB-TEMP_uroguanylin,uroguanylin,BM
https://purl.org/ccf/ASCTB-TEMP_vegf,VEGF,BM
https://purl.org/ccf/ASCTB-TEMP_vim,VIM,BM
https://purl.org/ccf/ASCTB-TEMP_vimentin,vimentin,BM
