soa_funder_id,funder_name,country_code
https://openalex.org/F4320309241,Danforth Foundation,US
https://openalex.org/F4320309219,American Child Guidance Foundation,US
https://openalex.org/F4320318121,Friebe-Stiftung,DE
https://openalex.org/F4320312846,Society of Obstetric Medicine of Australia and New Zealand,AU
https://openalex.org/F4320312755,National Resource Center on Nutrition and Aging,US
https://openalex.org/F4320338191,"Zakład Neuroendokrynologii Doświadczalnej, Instytut Farmakologii im. Jerzego Maja Polskiej Akademii Nauk",PL
https://openalex.org/F4320333789,"Department of Ecology, Evolution, and Organismal Biology, Iowa State University",US
https://openalex.org/F4320330517,Stiftung Max und Sophielène Iten-Kohaut,CH
https://openalex.org/F4320317795,Fujian Provincial Health and Family Planning Commission,CN
https://openalex.org/F4320336393,"Dipartimento di Chirurgia Generale e Specialità Medico Chirurgiche, Università di Catania",IT
https://openalex.org/F4320310754,Abercrombie Foundation,CA
https://openalex.org/F4320313544,Champlain Local Health Integration Network,CA
https://openalex.org/F4320324909,Inge og Jørgen Larsens Mindelegat,DK
https://openalex.org/F4320332062,Friends of ANCHOR,GB
https://openalex.org/F4320331351,Perry Cross Spinal Research Foundation,AU
https://openalex.org/F4320327854,Teh-Tzer Study Group for Human Medical Research Foundation of Taiwan,TW
https://openalex.org/F4320315510,Modern Law Review,GB
https://openalex.org/F4320318156,Fondation Orange,FR
https://openalex.org/F4320329905,Abdul Hameed Shoman Foundation,JO
https://openalex.org/F4320333957,"Department of Pathology, Johns Hopkins University",US
https://openalex.org/F4320317712,Société Francophone Nutrition Clinique et Métabolisme,FR
https://openalex.org/F4320333075,"Office of Postdoctoral Education, University of Alabama at Birmingham",US
https://openalex.org/F4320333896,"Dipartimento di Ingegneria Chimica, dei Materiali e della Produzione Industriale, Università degli Studi di Napoli Federico II",IT
https://openalex.org/F4320328329,Centro Hospitalar Universitário do Porto,PT
https://openalex.org/F4320329379,Jabbs Foundation,GB
https://openalex.org/F4320317100,Fundación Prevent,ES
https://openalex.org/F4320331158,Behbahan Khatam Alanbia University of Technology,IR
https://openalex.org/F4320315763,Japan Society for Aeronautical and Space Sciences,JP
https://openalex.org/F4320334288,"Health Sciences, University of Arizona",US
https://openalex.org/F4320312364,AnnMari och Per Ahlqvists Stiftelse,SE
https://openalex.org/F4320335559,CHINA/UNESCO - the Great Wall Fellowship,CN
https://openalex.org/F4320329662,Research Foundation of Cardiovascular Medicine,TW
https://openalex.org/F4320337867,"Science and Technology Postgraduate Education and Research Development Office, Office of the Higher Education Commission",TH
https://openalex.org/F4320333945,Cecil H. and Ida Green Center for Reproductive Biology Sciences,US
https://openalex.org/F4320318501,International Myeloma Society,US
https://openalex.org/F4320312125,Nottingham City Primary Care Trust,GB
https://openalex.org/F4320315035,Boston Center for Endometriosis,US
https://openalex.org/F4320330554,John and Wendy Neu Foundation,US
https://openalex.org/F4320333203,"Liver Center, Saint Louis University",US
https://openalex.org/F4320308556,Wendy Will Case Cancer Fund,US
https://openalex.org/F4320328341,Stiftung für Kardiovaskuläre Forschung Basel,CH
https://openalex.org/F4320326155,Klinisch Chemisch Laboratorium,NL
https://openalex.org/F4320320711,New INDIGO,AT
https://openalex.org/F4320315377,HIV Center for Clinical and Behavioral Studies,US
https://openalex.org/F4320335883,Graduate Course Construction Project of Guangxi Medical University,CN
https://openalex.org/F4320312589,Chicago Developmental Center for AIDS Research,US
https://openalex.org/F4320315662,Fondation des pompiers du Québec pour les grands brûlés,CA
https://openalex.org/F4320335916,Health System Independent Innovation Science Foundation of Shanghai Putuo District,CN
https://openalex.org/F4320328560,British Council Italy,IT
https://openalex.org/F4320333157,"Division of Clinical Immunology and Rheumatology, University of Alabama at Birmingham",US
https://openalex.org/F4320330308,Carraresi Foundation,CA
https://openalex.org/F4320315407,Juvenile Diabetes Research Foundation Netherlands,NL
https://openalex.org/F4320316726,Cystic Fibrosis Research,US
https://openalex.org/F4320336353,"Pioneers in Health Care Innovation Fund, University of Twente",NL
https://openalex.org/F4320320453,Cancer and Bowel Research Trust,AU
https://openalex.org/F4320336460,"Research Institute of Medical Science, Catholic University of Daegu",KR
https://openalex.org/F4320336401,Key Lab for Clinical Anatomy and Reproductive Medicine of Hengyang City,CN
https://openalex.org/F4320330606,Stichting Epilepsie Instellingen Nederland,NL
https://openalex.org/F4320336679,NIHR Sheffield Clinical Research Facility,GB
https://openalex.org/F4320333598,"Colorado Plateau Cooperative Ecosystem Studies Unit, Northern Arizona University",US
https://openalex.org/F4320327102,Else Übelmesser-Stiftung,DE
https://openalex.org/F4320318379,Second Affiliated Hospital of Harbin Medical University,CN
https://openalex.org/F4320328569,Fondazione Ticino Olona,IT
https://openalex.org/F4320337888,George M. O'Brien Michigan Kidney Translational Core Center,US
https://openalex.org/F4320327914,Yancheng Science and Technology Bureau,CN
https://openalex.org/F4320317972,Australasian Society for Ultrasound in Medicine,AU
https://openalex.org/F4320318655,Guangxi Key Laboratory of Metabolic Disease Research,CN
https://openalex.org/F4320325409,KME Germany,DE
https://openalex.org/F4320328449,Fundació Víctor Grífols i Lucas,ES
https://openalex.org/F4320336939,"School of Allied Health Sciences, Kitasato University",JP
https://openalex.org/F4320318467,Frankfurter Stiftung für krebskranke Kinder,DE
https://openalex.org/F4320306865,John W. Alden Trust,US
https://openalex.org/F4320337701,"North Carolina Translational and Clinical Sciences Institute, University of North Carolina at Chapel Hill",US
https://openalex.org/F4320335940,Henan Province University Innovation Talents Support Program,CN
https://openalex.org/F4320335794,Guangzhou Research Collaborative Innovation Projects,CN
https://openalex.org/F4320325144,EMDO Stiftung,CH
https://openalex.org/F4320335855,Project of High-level Teachers in Beijing Municipal Universities in the Period of 13th Five-year Plan,CN
https://openalex.org/F4320328193,Swiss Bridge Foundation,CH
https://openalex.org/F4320313356,Pratt Foundation,AU
https://openalex.org/F4320336057,Center for Sepsis Control and Care,DE
https://openalex.org/F4320326128,Knud Højgaards Fond,DK
https://openalex.org/F4320326447,Bracco Diagnostics,US
https://openalex.org/F4320333267,"College of Environmental Science and Forestry, State University of New York",US
https://openalex.org/F4320329094,Fondazione Cassa di Risparmio di Firenze,IT
https://openalex.org/F4320327857,"Key Laboratory of Malignant Tumor Gene Regulation and Target Therapy of Guangdong Higher Education Institutes, Sun Yat-sen University",CN
https://openalex.org/F4320335847,5511 Science and Technology Innovation Talent Project of Jiangxi Province,CN
https://openalex.org/F4320317151,International Progressive MS Alliance,GB
https://openalex.org/F4320310863,Jean Perkins Foundation,US
https://openalex.org/F4320335896,Graduate Student's Research and Innovation Fund of Sichuan University,CN
https://openalex.org/F4320313780,Lalor Foundation,US
https://openalex.org/F4320325531,Health and Family Planning Commission of Heilongjiang Province,CN
https://openalex.org/F4320313699,Kentucky Spinal Cord and Head Injury Research Trust,US
https://openalex.org/F4320335879,Education and Scientific Research Project of Shanghai,CN
https://openalex.org/F4320316044,GE Foundation,US
https://openalex.org/F4320333101,"School of Medicine, University of Alabama at Birmingham",US
https://openalex.org/F4320333754,Yale SPORE in Lung Cancer,US
https://openalex.org/F4320325890,Health Department of Sichuan Province,CN
https://openalex.org/F4320333173,"Masonic Cancer Center, University of Minnesota",US
https://openalex.org/F4320313570,Boston Area Diabetes Endocrinology Research Center,US
https://openalex.org/F4320314254,Delaware IDeA Network of Biomedical Research Excellence,US
https://openalex.org/F4320325280,Kurozumi Medical Foundation,JP
https://openalex.org/F4320333123,"Comprehensive Cancer Center, University of Michigan",US
https://openalex.org/F4320316026,Mary och Georg C. Ehrnrooths Stiftelse,FI
https://openalex.org/F4320330100,Lions Medical Research Foundation,AU
https://openalex.org/F4320333709,Neurofibromatosis Therapeutic Acceleration Program,US
https://openalex.org/F4320336012,"Institute of Research Management and Innovation, Universiti Teknologi MARA",MY
https://openalex.org/F4320326031,Stiftelsen Professor Nanna Svartz Fond,SE
https://openalex.org/F4320325600,ITEA3,NL
https://openalex.org/F4320321506,Consell Català de Recerca i Innovació,ES
https://openalex.org/F4320338341,H2020 Innovation In SMEs,
https://openalex.org/F4320324676,Instituto Nacional de Ciência e Tecnologia Translacional em Medicina,BR
https://openalex.org/F4320327696,INNOPOLIS Foundation,KR
https://openalex.org/F4320326364,Aage og Johanne Louis-Hansens Fond,DK
https://openalex.org/F4320329988,Total Foundation,FR
https://openalex.org/F4320314730,FightMND,AU
https://openalex.org/F4320333965,Takeda Pharmaceuticals International,CH
https://openalex.org/F4320335927,Scientific Research Foundation of Graduate School of Harbin Medical University: Sino Russian Special Fund,CN
https://openalex.org/F4320335373,Direction de l’hospitalisation et de l’offre de Soins,FR
https://openalex.org/F4320326307,Roberto and Cornelia Pallotti's Legacy for Cancer Research,IT
https://openalex.org/F4320327240,Liga Portuguesa Contra o Cancro,PT
https://openalex.org/F4320333366,"Digestive Diseases Research Core Center, University of Chicago",US
https://openalex.org/F4320335460,"National Water Center, United Arab Emirates University",AE
https://openalex.org/F4320328424,National Tea Research Foundation,IN
https://openalex.org/F4320328414,Doktor Robert Pfleger-Stiftung,DE
https://openalex.org/F4320327747,Japan Health Foundation,JP
https://openalex.org/F4320328168,Association pour la Recherche sur les Tumeurs de la Prostate,FR
https://openalex.org/F4320326602,ICAR-Indian Veterinary Research Institute,IN
https://openalex.org/F4320327281,Jilin Office of Philosophy and Social Science,CN
https://openalex.org/F4320328688,Rudolf Ackermann Stiftung,DE
https://openalex.org/F4320333866,"Center for Cell Signaling in Gastroenterology, Mayo Clinic",US
https://openalex.org/F4320334039,Sidney Kimmel Center for Prostate and Urologic Cancers,US
https://openalex.org/F4320313192,Dravet Syndrome UK,GB
https://openalex.org/F4320315319,Roche Italia,IT
https://openalex.org/F4320311316,Agnes og Poul Friis Fond,DK
https://openalex.org/F4320329931,Spanish Clinical Research Network,ES
https://openalex.org/F4320325420,"Institut Teknologi Maju, Universiti Putra Malaysia",MY
https://openalex.org/F4320327390,Stiftung zur Förderung der Erforschung von Ersatz- und Ergänzungsmethoden zur Einschränkung von Tierversuchen,DE
https://openalex.org/F4320313448,Ernest S Bazley Residuary Trust,US
https://openalex.org/F4320338386,Active and Assisted Living programme,BE
https://openalex.org/F4320328800,Virgo Consortium,GB
https://openalex.org/F4320326725,"Ministeriums für Wissenschaft, Weiterbildung und Kultur, Rheinland-Pfalz",DE
https://openalex.org/F4320310267,Greenberg Medical Research Institute,US
https://openalex.org/F4320325605,Wildlife Reserves Singapore Conservation Fund,SG
https://openalex.org/F4320335428,Foundation for Innovative Research Team of Jimei University,CN
https://openalex.org/F4320311604,Grousbeck Family Foundation,US
https://openalex.org/F4320326840,State Key Laboratory of Cognitive Neuroscience and Learning,CN
https://openalex.org/F4320314351,Defence Health Foundation,AU
https://openalex.org/F4320316983,Takeda Foundation,JP
https://openalex.org/F4320333750,Institute for Physical Activity and Nutrition,AU
https://openalex.org/F4320316181,California Table Grape Commission,US
https://openalex.org/F4320315911,Center of Excellence for Stress and Mental Health,US
https://openalex.org/F4320333247,"College of Public Health, University of Nebraska Medical Center",US
https://openalex.org/F4320338031,China-Japan Friendship Hospital Youth Science and Technology Excellence Project,CN
https://openalex.org/F4320326831,Nofima,SE
https://openalex.org/F4320325978,Einar och Inga Nilssons Stiftelse för Kirurgiforskning och Forskning inom Jordbruket,SE
https://openalex.org/F4320335360,Invention for Innovation Programme,GB
https://openalex.org/F4320315104,Louisiana Biomedical Research Network,US
https://openalex.org/F4320333132,"Office of the Provost, University of South Carolina",US
https://openalex.org/F4320314179,Family Larsson‐Rosenquist Foundation,CH
https://openalex.org/F4320313653,Fondation Institut Universitaire de Cardiologie et de Pneumologie de Québec,CA
https://openalex.org/F4320312563,UCL Hospitals Charitable Foundation,GB
https://openalex.org/F4320310324,Hollywood Private Hospital Research Foundation,US
https://openalex.org/F4320336708,Leeds Biomedical Research Centre,GB
https://openalex.org/F4320314408,Allan and Nesta Ferguson Charitable Trust,GB
https://openalex.org/F4320316216,US-Italy Fulbright Commission,IT
https://openalex.org/F4320313882,Medical Research Charities Group,IE
https://openalex.org/F4320316416,Wesco Science Foundation,JP
https://openalex.org/F4320309419,Ischemia Research and Education Foundation,US
https://openalex.org/F4320326010,Region Jämtland Härjedalen,SE
https://openalex.org/F4320338135,Centro de Excelencia en Geotermia de Los Andes,CL
https://openalex.org/F4320325753,Nordsjællands Hospital,DK
https://openalex.org/F4320337717,"Einstein-Mount Sinai Diabetes Research Center, Albert Einstein College of Medicine",US
https://openalex.org/F4320327754,Foundation for Assistance to Small Innovative Enterprises in Science and Technology,RU
https://openalex.org/F4320328651,Gjensidigestiftelsen,NO
https://openalex.org/F4320333237,"The Graduate School, Northwestern University",US
https://openalex.org/F4320325886,Nantong Municipal Commission of Health and Family Planning,CN
https://openalex.org/F4320335797,Collaborative Innovation Center for Modern Science and Technology and Industrial Development of Jiangxi Traditional Medicine,CN
https://openalex.org/F4320337897,Penn Center for Musculoskeletal Disorders,US
https://openalex.org/F4320309844,Blanchette Hooker Rockefeller Fund,US
https://openalex.org/F4320328408,Uniwersytet Medyczny w Białymstoku,PL
https://openalex.org/F4320316322,Hebei Provincial Department of Human Resources and Social Security,CN
https://openalex.org/F4320317036,Beneficentia Stiftung,LI
https://openalex.org/F4320329536,Sichuan Provincial Administration of Traditional Chinese Medicine,CN
https://openalex.org/F4320338223,"Direcció General de Recerca, Generalitat de Catalunya",ES
https://openalex.org/F4320316590,Gyllenstiernska Krapperupsstiftelsen,SE
https://openalex.org/F4320328031,Silmä- ja kudospankkisäätiö,FI
https://openalex.org/F4320316599,Breast Cancer Research Foundation of Alabama,US
https://openalex.org/F4320325981,Erik och Edith Fernströms Stiftelse för Medicinsk Forskning,SE
https://openalex.org/F4320335547,"Centro de Instrumentação, Universidade de Coimbra",PT
https://openalex.org/F4320325577,Tampereen Lastenklinikan Tuki Ry,FI
https://openalex.org/F4320337768,"Center for Protein Therapeutics, University at Buffalo",US
https://openalex.org/F4320333137,"Office of the Vice President for Research, Wayne State University",US
https://openalex.org/F4320329606,ARCHER Service,GB
https://openalex.org/F4320335660,Key Laboratory on Development and Application of Rural Renewable Energy,CN
https://openalex.org/F4320331398,Demensfonden,SE
https://openalex.org/F4320327601,Key Project of Application Development Plan of Chongqing City,CN
https://openalex.org/F4320329178,Health Medical Collaborative Innovation Program of Guangzhou,CN
https://openalex.org/F4320313828,"Ministry of Science and Technology, Government of Nepal",NP
https://openalex.org/F4320326557,Department of Health of Shandong Province,CN
https://openalex.org/F4320312023,June and Steve Wolfson Family Foundation,US
https://openalex.org/F4320329735,Heidelberger Stiftung Chirurgie,DE
https://openalex.org/F4320314111,Reckitt Benckiser Pharmaceuticals,GB
https://openalex.org/F4320329891,Jiangsu Province's Key Provincial Talents Program,CN
https://openalex.org/F4320327837,Swiss Life Stiftung für Chancenreichtum und Zukunft,CH
https://openalex.org/F4320325156,Hermann Klaus Stiftung,CH
https://openalex.org/F4320328594,CRUK and EPSRC Cancer Imaging Centre in Cambridge and Manchester,GB
https://openalex.org/F4320333052,"College of Veterinary Medicine, Mississippi State University",US
https://openalex.org/F4320326783,Federal State Budget Scientific Institution Research Institute - Republican Research and Consulting Center of Expertise,RU
https://openalex.org/F4320327355,Charitable Trust Fund for Ophthalmic Research in Commemoration of Santen Pharmaceutical's Founder,JP
https://openalex.org/F4320316073,Government of Pudong New Area,CN
https://openalex.org/F4320316601,Cardiovascular Medical Research and Education Fund,US
https://openalex.org/F4320325995,Villadsen Family Foundation,LI
https://openalex.org/F4320335977,Korea Technology and Information Promotion Agency for SMEs,KR
https://openalex.org/F4320326864,State Key Laboratory of Medical Neurobiology,CN
https://openalex.org/F4320335400,"Medizinische Fakultät, Friedrich-Alexander-Universität Erlangen-Nürnberg",DE
https://openalex.org/F4320333215,"Department of Surgery, University of Manitoba",CA
https://openalex.org/F4320327189,MedInProt Protein Science Research Synergy Program,HU
https://openalex.org/F4320326970,State Key Laboratory of Scientific and Engineering Computing,CN
https://openalex.org/F4320329164,Motor Accident Insurance Commission,AU
https://openalex.org/F4320335744,Guangxi Zhuang Autonomous Region Health and Family Planning Commission,CN
https://openalex.org/F4320338422,"Division of Diabetes, Endocrinology, and Metabolic Diseases",US
https://openalex.org/F4320316138,National Brain Appeal,GB
https://openalex.org/F4320317000,Regenerative Medicine Minnesota,US
https://openalex.org/F4320327203,Pulsalys,FR
https://openalex.org/F4320328438,Instituto de Investigación Sanitaria Gregorio Marañón,ES
https://openalex.org/F4320325642,Transnationale Universiteit Limburg,BE
https://openalex.org/F4320329504,First Affiliated Hospital of Zhengzhou University,CN
https://openalex.org/F4320333115,"Health Innovation, Investment and Research Office",AU
https://openalex.org/F4320328372,National Dairy Industry and Technology System,CN
https://openalex.org/F4320335470,"Global Change Institute, University of the Witwatersrand, Johannesburg",ZA
https://openalex.org/F4320330353,Key Project of Science and Technology Development of Nanjing Medicine,CN
https://openalex.org/F4320338505,Ovarian Cancer Academy,US
https://openalex.org/F4320313671,Lewis B. and Dorothy Cullman Foundation,US
https://openalex.org/F4320326594,Magistrat der Stadt Wien,AT
https://openalex.org/F4320326478,Instituto Universitario de Tecnología Industrial de Asturias,ES
https://openalex.org/F4320327502,Jiangsu Key Laboratory of New Drug Research and Clinical Pharmacy,CN
https://openalex.org/F4320335906,Dalin Tzu Chi Hospital,TW
https://openalex.org/F4320326869,Key Laboratory of Engineering Structures Damage and Diagnosis of Hunan Province,CN
https://openalex.org/F4320330108,Fundação Nacional de Desenvolvimento do Ensino Superior Particular,BR
https://openalex.org/F4320325782,Fondation de l'École Polytechnique,FR
https://openalex.org/F4320313789,William H. Donner Foundation,US
https://openalex.org/F4320326320,Yuumi Memorial Foundation for Home Health Care,JP
https://openalex.org/F4320326682,Guangdong Provincial Academy of Chinese Medical Sciences,CN
https://openalex.org/F4320328393,Société de Pneumologie de Langue Française,FR
https://openalex.org/F4320337949,"Center of Excellence in Environmental Toxicology, University of Pennsylvania",US
https://openalex.org/F4320338484,DOD Counterdrug Technology Development Program Office,US
https://openalex.org/F4320314714,Nadace Experientia,CZ
https://openalex.org/F4320327304,Department of Human Resources and Social Security of Shaanxi Province,CN
https://openalex.org/F4320329140,"Key Laboratory Of Mental Health, Institute of Psychology, Chinese Academy of Sciences",CN
https://openalex.org/F4320315193,Lush,GB
https://openalex.org/F4320316161,European Orthodontic Society,GB
https://openalex.org/F4320332826,"Center for Gene Therapy, University of Iowa",US
https://openalex.org/F4320329574,Association Neurofibromatoses et Recklinghause,FR
https://openalex.org/F4320337282,NIHR Sheffield Biomedical Research Centre,GB
https://openalex.org/F4320338226,Programma Operativo Nazionale Ricerca e Competitività,IT
https://openalex.org/F4320329759,Zhejiang Key Laboratory of Pathophysiology,CN
https://openalex.org/F4320333527,"Vermont Water Resources and Lake Studies Center, University of Vermont",US
https://openalex.org/F4320336757,Tianjin Municipal Transportation Commission Science and Technology Development Plan Project,CN
https://openalex.org/F4320328394,Fonds de dotation CSL Behring pour la recherche,FR
https://openalex.org/F4320327998,Department of Human Resources and Social Security of Shanxi Province,CN
https://openalex.org/F4320327307,Niedersächsischen Krebsgesellschaft,DE
https://openalex.org/F4320316908,Chongqing Municipal Health Commission,CN
https://openalex.org/F4320314590,Alva Foundation,CA
https://openalex.org/F4320316047,Leukaemia UK,GB
https://openalex.org/F4320326863,State Key Laboratory of Genetic Engineering,CN
https://openalex.org/F4320316343,Major Projects of Natural Sciences of University in Jiangsu Province of China,CN
https://openalex.org/F4320330212,Shanghai Municipal Human Resources Development Program for Outstanding Leaders in Medical Disciplines,CN
https://openalex.org/F4320333354,"Center for Biocatalysis and Bioprocessing, University of Iowa",US
https://openalex.org/F4320331479,Fondation pour la Recherche sur Alzheimer,FR
https://openalex.org/F4320327004,Hubei Provincial Key Laboratory of Economic Forest Germplasm Improvement and Comprehensive Utilization of Resources,CN
https://openalex.org/F4320330350,Shanghai Clinical Research Center for Mental Health,CN
https://openalex.org/F4320330668,Science and Technology Bureau of Jiaxing City,CN
https://openalex.org/F4320327428,Society for Research on Umami Taste,JP
https://openalex.org/F4320328090,European Federation of Immunological Societies,DE
https://openalex.org/F4320329051,Startup Foundation for Doctors of Liaoning Province,CN
https://openalex.org/F4320313807,Forensic Sciences Foundation,US
https://openalex.org/F4320312699,Sir John Fisher Foundation,GB
https://openalex.org/F4320330160,Fondazione Bambino Gesù,IT
https://openalex.org/F4320327245,Union des Blessés de la Face et de la Tête,FR
https://openalex.org/F4320329358,Shanghai Baoshan Science and Technology Commission,CN
https://openalex.org/F4320336540,"Neuroscience Research Center, Shahid Beheshti University of Medical Sciences",IR
https://openalex.org/F4320328316,"Department of Jobs, Precincts and Regions",AU
https://openalex.org/F4320336623,Sichuan Education and Scientific Research Grant Project,CN
https://openalex.org/F4320324939,Robert Wehnerts og Kirsten Wehnerts Fond,DK
https://openalex.org/F4320325461,Struwig-Germeshuysen Kankernavorsingstrust,ZA
https://openalex.org/F4320336177,Buddhist Tzu Chi Hospital,TW
https://openalex.org/F4320309898,Akaeda Medical Research Foundation,JP
https://openalex.org/F4320324969,Direktør Ejnar Jonasson Kaldet Johnsen og Hustrus Mindelegat,DK
https://openalex.org/F4320327674,Shanghai Key Laboratory of New Drug Design,CN
https://openalex.org/F4320314526,Limb Girdle Muscular Dystrophy 2i Research Fund,US
https://openalex.org/F4320323982,"Cardiovascular Research Fund, Tokyo",JP
https://openalex.org/F4320336707,Centre for the Development and Evaluation of Complex Interventions for Public Health Improvement,GB
https://openalex.org/F4320333109,Morsani College of Medicine,US
https://openalex.org/F4320325925,"Sundhed, Region Midtjylland",DK
https://openalex.org/F4320315658,Plan National Cancer,LU
https://openalex.org/F4320329822,Novus International,TH
https://openalex.org/F4320325657,European Society of Veterinary Dermatology,DE
https://openalex.org/F4320327447,Insurance and Care NSW,AU
https://openalex.org/F4320328716,Department of Finance of Hebei,CN
https://openalex.org/F4320327824,Hainan Provincial Department of Health,CN
https://openalex.org/F4320335374,Invention for Innovation,GB
https://openalex.org/F4320336488,"Medizinische Fakultät, Rheinische Friedrich-Wilhelms-Universität Bonn",DE
https://openalex.org/F4320325278,Kondou Kinen Medical Foundation,JP
https://openalex.org/F4320316787,Baylor-Hopkins Center for Mendelian Genomics,US
https://openalex.org/F4320317155,Queen Elizabeth Diamond Jubilee Trust,GB
https://openalex.org/F4320329741,Key Discipline of Zhejiang Province in Medical Technology,CN
https://openalex.org/F4320317788,Health Commission of Shanxi Province,CN
https://openalex.org/F4320329870,University Scientific Research and Innovation Team Program of Sichuan,CN
https://openalex.org/F4320319095,ICAR - National Agricultural Science Fund,IN
https://openalex.org/F4320313324,Neuro Research Charitable Trust,NZ
https://openalex.org/F4320327357,Instituto Nacional de Ciência e Tecnologia em Medicina Assistida por Computação Científica,BR
https://openalex.org/F4320327802,Shanghai Health and Medical Development Foundation,CN
https://openalex.org/F4320317194,USC Norris Comprehensive Cancer Center,US
https://openalex.org/F4320327606,Alcohol Change UK,GB
https://openalex.org/F4320336354,"Dipartimento di Psicologia Generale, Università degli Studi di Padova",IT
https://openalex.org/F4320326455,Institut Français pour la Recherche Odontologique,FR
https://openalex.org/F4320334333,"Child Health Research Institute, University of Nebraska Medical Center",US
https://openalex.org/F4320313835,Departement Buitenlandse Zaken,BE
https://openalex.org/F4320326342,Michaelsen Fonden,DK
https://openalex.org/F4320329404,Ludwig Boltzmann Gesellschaft,AT
https://openalex.org/F4320330255,Sociedad Española de Reumatología Pediátrica,ES
https://openalex.org/F4320335521,"Rangeland Research Institute, University of Alberta",CA
https://openalex.org/F4320309873,Boler Family Foundation,US
https://openalex.org/F4320336389,Division of Research Capacity Development,ZA
https://openalex.org/F4320333474,"Asylum, Migration and Integration Fund",BE
https://openalex.org/F4320335371,"Department of Medicine, Ottawa Hospital",CA
https://openalex.org/F4320312733,ACEM Foundation,NZ
https://openalex.org/F4320330341,Shanghai Key Laboratory of Gynecologic Oncology,CN
https://openalex.org/F4320335964,Science and Technology Innovation Project of Longhua Hospital,CN
https://openalex.org/F4320317799,Health Commission of Hebei Province,CN
https://openalex.org/F4320330772,Health Commission of Shandong Province,CN
https://openalex.org/F4320337865,Indiana Alcohol Research Center,US
https://openalex.org/F4320336537,"Sistema Nacional de Investigación, Secretaría Nacional de Ciencia, Tecnología e Innovación",PA
https://openalex.org/F4320316270,American Association for Anatomy,US
https://openalex.org/F4320316885,Bureau of Science and Technology Nanchong City,CN
https://openalex.org/F4320314719,Masonic Charitable Foundation,GB
https://openalex.org/F4320325997,Landstinget Blekinge,SE
https://openalex.org/F4320317344,JSS College of Pharmacy,IN
https://openalex.org/F4320327951,"Núcleo Milenio Información y Coordinación en Redes, ICR",CL
https://openalex.org/F4320330633,AGER foundation,MT
https://openalex.org/F4320329768,Salzburger Landesregierung,AT
https://openalex.org/F4320336700,Landbrugsstyrelsen,DK
https://openalex.org/F4320317054,Adelson Family Foundation,US
https://openalex.org/F4320327673,Shanghai Key Laboratory of Acupuncture Mechanism and Acupoint Function,CN
https://openalex.org/F4320315619,Virginia and L.E. Simmons Family Foundation,US
https://openalex.org/F4320327836,Sabah Biodiversity Centre,MY
https://openalex.org/F4320316656,TLC Foundation for Body-Focused Repetitive Behaviors,US
https://openalex.org/F4320317313,Ningbo Municipal Innovation Team of Life Science and Health,CN
https://openalex.org/F4320331080,National Key Project for Research on Transgenic Biology,CN
https://openalex.org/F4320331070,Hubei Key Laboratory of Wudang Local Chinese Medicine Research,CN
https://openalex.org/F4320334136,Science-Health Joint Medical Scientific Research Project of Chongqing,CN
https://openalex.org/F4320336055,Green Science Research Center,JP
https://openalex.org/F4320334191,"Penn Center for Precision Medicine, University of Pennsylvania",US
https://openalex.org/F4320317545,Gordon and Marilyn Macklin Foundation,US
https://openalex.org/F4320319031,Biocodex Microbiota Foundation,FR
https://openalex.org/F4320331627,Fondation des Gueules Cassées,FR
https://openalex.org/F4320317240,"Shanghai Key Laboratory of Forensic Medicine, Academy of Forensic Science",CN
https://openalex.org/F4320318578,Administration of Traditional Chinese Medicine of Jilin Province,CN
https://openalex.org/F4320318314,JA Kyosai Research Institute,JP
https://openalex.org/F4320337230,"Botnar Research Centre for Child Health, University of Basel",CH
https://openalex.org/F4320322497,Regional Medical Associates of Hamilton,CA
https://openalex.org/F4320327763,Yenepoya Research Centre,IN
https://openalex.org/F4320329209,Foundation for Key Youth Scholars in Hunan Province,CN
https://openalex.org/F4320334280,"Guangzhou Institute of Pediatrics, Guangzhou Women and Childrens Medical Center",CN
https://openalex.org/F4320316477,Penn Mental Health AIDS Research Center,US
https://openalex.org/F4320331711,Tasmanian Department of Health,AU
https://openalex.org/F4320334401,"Miami Clinical and Translational Science Institute, University of Miami",US
https://openalex.org/F4320331692,Institut Du Cancer de Montréal,CA
https://openalex.org/F4320330415,Australian Research Council Centre of Excellence in Advanced Molecular Imaging,AU
https://openalex.org/F4320319412,Sichuan Federation of Social Science Associations,CN
https://openalex.org/F4320317370,Toyo Suisan Foundation,JP
https://openalex.org/F4320315770,"National MS Society, Upper Midwest Chapter",US
https://openalex.org/F4320324991,Karen A. Tolstrups Fond,DK
https://openalex.org/F4320314502,State Trustees Australia Foundation,AU
https://openalex.org/F4320314541,Canadian Urological Association Scholarship Fund,CA
https://openalex.org/F4320334344,"Faculty of Pharmaceutical Sciences, Burapha University",TH
https://openalex.org/F4320314649,Sanfilippo Children's Foundation,AU
https://openalex.org/F4320328697,Fundación DISA,ES
https://openalex.org/F4320329595,Peterborough K. M. Hunter Charitable Foundation,CA
https://openalex.org/F4320334238,Bayer Korea,KR
https://openalex.org/F4320331092,"Major Projects of Special Development Funds in Zhangjiang National Independent Innovation Demonstration Zone, Shanghai",CN
https://openalex.org/F4320330365,Tistou and Charlotte Kerstan Stiftung,DE
https://openalex.org/F4320334208,Hebei Provincial Health and Family Planning Commission,CN
https://openalex.org/F4320331492,Knud og Edith Eriksens Mindefond,DK
https://openalex.org/F4320328206,Svensk Njurmedicinsk Förening,SE
https://openalex.org/F4320330682,Innovative Manufacturing CRC,AU
https://openalex.org/F4320325460,Circulatory Disorders Research Fund,ZA
https://openalex.org/F4320330196,DEBRA Austria,AT
https://openalex.org/F4320318255,Kansas IDeA Network of Biomedical Research Excellence,US
https://openalex.org/F4320318765,Maragheh University of Medical Sciences,IR
https://openalex.org/F4320333401,Beijing Novartis Pharma,CN
https://openalex.org/F4320317539,Three Lakes Foundation,US
https://openalex.org/F4320329760,Zhejiang Provincial Government Scholarship,CN
https://openalex.org/F4320318610,Guangzhou Office of Philosophy and Social Science,CN
https://openalex.org/F4320330775,Shaanxi Provincial Health Commission,CN
https://openalex.org/F4320318753,Axial Biotherapeutics,US
https://openalex.org/F4320330377,Anhui Province Key Laboratory of Medical Physics and Technology,CN
https://openalex.org/F4320338451,HORIZON EUROPE Widening participation and spreading excellence,
https://openalex.org/F4320317861,Blank Family Foundation,US
https://openalex.org/F4320317935,California Department of Social Services,US
https://openalex.org/F4320318437,Animal Welfare Foundation,GB
https://openalex.org/F4320338458,"Center for Biomedical Informatics and Information Technology, National Cancer Institute",US
https://openalex.org/F4320319699,Olivia Fund,BE
https://openalex.org/F4320319816,Canon Medical Systems USA,US
https://openalex.org/F4320326261,Fiskeri - og havbruksnæringens forskningsfond,NO
https://openalex.org/F4320311937,Robert A. and Renee E. Belfer Family Foundation,US
https://openalex.org/F4320315388,Emerald Foundation,GB
https://openalex.org/F4320309853,Nancy and Buster Alvord Endowment,US
https://openalex.org/F4320333935,Medtronic Foundation,US
https://openalex.org/F4320312367,Tore Nilsons Stiftelse för Medicinsk Forskning,SE
https://openalex.org/F4320325726,International Medical University,MY
https://openalex.org/F4320328778,Shahid Sadoughi University of Medical Sciences,IR
https://openalex.org/F4320314011,William and Ella Owens Medical Research Foundation,US
https://openalex.org/F4320315580,Daiko Foundation,JP
https://openalex.org/F4320315932,Siebel Stem Cell Institute,US
https://openalex.org/F4320326748,Stiftung fiat panis,DE
https://openalex.org/F4320316163,Alexander Mosley Charitable Trust,GB
https://openalex.org/F4320328189,Milli Eğitim Bakanliği,TR
https://openalex.org/F4320328344,Health and Family Planning Commission of Shenzhen Municipality,CN
https://openalex.org/F4320327860,Niemi-säätiö,FI
https://openalex.org/F4320327223,Beijing Institute For Brain Disorders,CN
https://openalex.org/F4320317988,Artificial Intelligence Research Center,JP
https://openalex.org/F4320327724,International Joint Laboratory for MicroNano Manufacturing and Measurement Technologies,CN
https://openalex.org/F4320327932,Lungenliga Schweiz,CH
https://openalex.org/F4320326413,Polpharma Scientific Foundation,PL
https://openalex.org/F4320325085,Fundació Bosch i Gimpera,ES
https://openalex.org/F4320334006,Plan Nacional sobre Drogas,ES
https://openalex.org/F4320313339,Joseph and Silvana Melara Cancer Research Fund,CA
https://openalex.org/F4320326961,Key Laboratory of Highway Construction and Maintenance Technology in the Loess Region of Shanxi Transportation Research Institute,CN
https://openalex.org/F4320316547,Uehiro Foundation on Ethics and Education,JP
https://openalex.org/F4320337844,Kaul Pediatric Research Institute,US
https://openalex.org/F4320338512,Zhejiang Provincial Outstanding Youth Science Foundation,CN
https://openalex.org/F4320329667,Hans-Gabriel och Alice Trolle-Wachtmeisters stiftelse för medicinsk forskning,SE
https://openalex.org/F4320335950,Cultivating Plan Program for the Leader in Science and Technology of Yunnan Province,CN
https://openalex.org/F4320331011,Kementerian Riset dan Teknologi /Badan Riset dan Inovasi Nasional,ID
https://openalex.org/F4320335484,"Secretaría General de Ciencia y Técnica, Universidad Nacional del Nordeste",AR
https://openalex.org/F4320316633,CareDx,US
https://openalex.org/F4320323629,Foundation for Development of Community,JP
https://openalex.org/F4320335592,Key Laboratory of Bioorganic Chemistry and Molecular Engineering,CN
https://openalex.org/F4320336603,Medical Innovation Project of Fujian Province,CN
https://openalex.org/F4320327059,State Key Laboratory of Soil Plant Machinery System Technology,CN
https://openalex.org/F4320333920,"Maroun Semaan Faculty of Engineering and Architecture, American University of Beirut",LB
https://openalex.org/F4320336724,Medical Affairs Bureau,TW
https://openalex.org/F4320310217,Fundación para la Investigación del Hospital Universitari La Fe,ES
https://openalex.org/F4320335369,Marsden Fund,NZ
https://openalex.org/F4320329186,Khalkhal University of Medical Sciences,IR
https://openalex.org/F4320325267,Foundation for Dietary Scientific Research,JP
https://openalex.org/F4320330747,"Science and Technology Commission of Fengxian District, Shanghai Municipality",CN
https://openalex.org/F4320329576,Association Française d'Urologie,FR
https://openalex.org/F4320326945,State Key Laboratory of Architectural Science and Technology in West China,CN
https://openalex.org/F4320310133,Rice University,US
https://openalex.org/F4320317525,Shanghai Anti-Cancer Association,CN
https://openalex.org/F4320331642,"School of Medicine, Shahid Beheshti University of Medical Sciences",IR
https://openalex.org/F4320319363,National Scleroderma Foundation,US
https://openalex.org/F4320331664,Suomen kliinisen kemian yhdistys,FI
https://openalex.org/F4320323400,Université Pierre et Marie Curie,FR
https://openalex.org/F4320313788,Whitaker Foundation,US
https://openalex.org/F4320335736,"Lee Kong Chian School of Medicine, Nanyang Technological University",SG
https://openalex.org/F4320338487,DoD Alzheimer's Disease Neuroimaging Initiative,US
https://openalex.org/F4320326073,Regione Calabria,IT
https://openalex.org/F4320327973,Conseil Régional d'Alsace,FR
https://openalex.org/F4320315118,New York State Psychiatric Institute,US
https://openalex.org/F4320337666,"David Geffen School of Medicine, University of California, Los Angeles",US
https://openalex.org/F4320320054,Guts UK Charity,GB
https://openalex.org/F4320325013,Promedica Stiftung,CH
https://openalex.org/F4320325979,Emil och Wera Cornells Stiftelse,SE
https://openalex.org/F4320326503,"General Administration of Quality Supervision, Inspection and Quarantine of the People's Republic of China",CN
https://openalex.org/F4320326484,Secretaría de Energía de México,MX
https://openalex.org/F4320313624,Skåne County Council's Research and Development Foundation,SE
https://openalex.org/F4320310746,Judith Jane Mason and Harold Stannett Williams Memorial Foundation,AU
https://openalex.org/F4320325937,Ministry of Education- New Zealand,NZ
https://openalex.org/F4320328670,Groupement des Entreprises Françaises dans la lutte contre le Cancer,FR
https://openalex.org/F4320324844,Kao Corporation,JP
https://openalex.org/F4320327682,Fondation Schlumberger pour l’Education et la Recherche,FR
https://openalex.org/F4320333713,Bayer Animal Health,DE
https://openalex.org/F4320337683,"School of Medicine, University of North Carolina at Chapel Hill",US
https://openalex.org/F4320313423,Rare Disease Foundation,CA
https://openalex.org/F4320332244,"Duke Institute for Brain Sciences, Duke University",US
https://openalex.org/F4320335675,State Key Laboratory of Acoustics,CN
https://openalex.org/F4320333362,"Yerkes National Primate Research Center, Emory University",US
https://openalex.org/F4320333151,"Kenan Institute for Engineering, Technology and Science",US
https://openalex.org/F4320327389,Debra International,AT
https://openalex.org/F4320330124,German Network for Bioinformatics Infrastructure,DE
https://openalex.org/F4320326405,Christine Kühne – Center for Allergy Research and Education,CH
https://openalex.org/F4320325913,Changchun Science and Technology Bureau,CN
https://openalex.org/F4320313092,New Zealand Institute for Plant and Food Research Limited,NZ
https://openalex.org/F4320316939,ZOLL Foundation,US
https://openalex.org/F4320312562,Society of Interventional Radiology,US
https://openalex.org/F4320313486,Saudi Arabia Cultural Bureau in London,GB
https://openalex.org/F4320327437,Fondazione Romeo ed Enrica Invernizzi,IT
https://openalex.org/F4320313144,ITEA,NL
https://openalex.org/F4320327521,Fujian Province Innovation and Entrepreneurship Talents,CN
https://openalex.org/F4320327074,Health and Family Planning Committee of Pudong New Area,CN
https://openalex.org/F4320324528,Agence Française de Sécurité Sanitaire de l'Environnement et du Travail,FR
https://openalex.org/F4320336744,Science and Technology Program of Hubei Province,CN
https://openalex.org/F4320330135,"Consejería de Conocimiento, Investigación y Universidad, Junta de Andalucía",ES
https://openalex.org/F4320328529,Hui-Chun Chin and Tsung-Dao Lee Chinese Undergraduate Research Endowment,CN
https://openalex.org/F4320314732,Marshall Aid Commemoration Commission,GB
https://openalex.org/F4320333597,FedDev Ontario,CA
https://openalex.org/F4320328268,Fundación Domingo Martínez,ES
https://openalex.org/F4320314513,Society of Interventional Radiology Foundation,US
https://openalex.org/F4320328332,Banco do Nordeste do Brasil,BR
https://openalex.org/F4320327545,Three-Side Innovation Projects for Aquaculture in Jiangsu Province,CN
https://openalex.org/F4320324994,Kong Christian den Tiendes Fond,DK
https://openalex.org/F4320326901,State Key Laboratory of Protein and Plant Gene Research,CN
https://openalex.org/F4320338417,Basic Research Laboratory,US
https://openalex.org/F4320316308,Shaanxi Administration of Traditional Chinese Medicine,CN
https://openalex.org/F4320335728,Pusat Pengurusan Penyelidikan dan Instrumentasi,MY
https://openalex.org/F4320335414,"Általános Orvostudományi Kar, Pécsi Tudományegyetem",HU
https://openalex.org/F4320326753,Stichting Zabawas,NL
https://openalex.org/F4320327186,"Lékařská fakulta, Masarykova univerzita",CZ
https://openalex.org/F4320326009,Region Halland,SE
https://openalex.org/F4320321871,Société de Néphrologie,FR
https://openalex.org/F4320329492,Urmia University of Medical Sciences,IR
https://openalex.org/F4320333264,"Agricultural Research Institute, California State University",US
https://openalex.org/F4320315820,Danish Cancer Society Research Center,DK
https://openalex.org/F4320325892,Shaanxi Health and Family Planning Commission,CN
https://openalex.org/F4320325502,Uniscientia Stiftung,LI
https://openalex.org/F4320312653,Stillborn and Neonatal Death Charity,GB
https://openalex.org/F4320333565,"Department of Psychiatry, Columbia University",US
https://openalex.org/F4320335994,Program for Nonferrous Metals Vacuum Metallurgy Innovation Team of Ministry of Science and Technology,CN
https://openalex.org/F4320327533,Proteomass Scientific Society,PT
https://openalex.org/F4320316404,Chulabhorn Royal Academy,TH
https://openalex.org/F4320316459,Health Foundation Limburg,NL
https://openalex.org/F4320337853,Sheikh Khalifa Bin Zayed Al Nahyan Institute for Personalized Cancer Therapy,US
https://openalex.org/F4320331165,Fonds de recherche du Québec,CA
https://openalex.org/F4320309491,Perricone Family Foundation,US
https://openalex.org/F4320325701,icare,AU
https://openalex.org/F4320330065,Prince Charles Hospital Foundation,AU
https://openalex.org/F4320313296,Bernard and Anne Spitzer Charitable Trust,US
https://openalex.org/F4320311383,Fundacja dla Uniwersytetu Medycznego w Łodzi,PL
https://openalex.org/F4320335582,"Centre of Renewable and Sustainable Energy Studies, Stellenbosch University",ZA
https://openalex.org/F4320336727,"Deanship of Research, Jordan University of Science and Technology",JO
https://openalex.org/F4320316462,Uniwersytet Przyrodniczy we Wrocławiu,PL
https://openalex.org/F4320329805,Cancer Center Amsterdam,NL
https://openalex.org/F4320312972,Glasgow Children’s Hospital Charity,GB
https://openalex.org/F4320312509,Society of Hospital Medicine,US
https://openalex.org/F4320315075,Western Sydney Local Health District,AU
https://openalex.org/F4320314546,Canadian Pulmonary Fibrosis Foundation,CA
https://openalex.org/F4320335384,"Faculty of Medicine, Munich University of Technology",DE
https://openalex.org/F4320336419,Agència Valenciana de la Innovació,ES
https://openalex.org/F4320313304,"Lung Association, Alberta and NWT",CA
https://openalex.org/F4320327402,Shanghai International Studies University,CN
https://openalex.org/F4320316882,Natural Science Foundation of Nantong City,CN
https://openalex.org/F4320326101,Grosserer L. F. Foghts Fond,DK
https://openalex.org/F4320328997,Simons Initiative for the Developing Brain,GB
https://openalex.org/F4320326448,Swiss Transplant Cohort Study,CH
https://openalex.org/F4320333290,"Monash Institute of Medical Engineering, Monash University",AU
https://openalex.org/F4320325793,Conseil Départemental des Alpes Maritimes,FR
https://openalex.org/F4320329506,Wuxi Health and Family Planning Commission,CN
https://openalex.org/F4320325476,Universitatea de Medicină şi Farmacie din Tîrgu Mureș,RO
https://openalex.org/F4320323625,Direktør Emil C. Hertz og Hustru Inger Hertz Fond,DK
https://openalex.org/F4320321689,Erna and Olav Aakre Foundation for Cancer Research,NO
https://openalex.org/F4320329928,Landwirtschaftliche Rentenbank,DE
https://openalex.org/F4320318809,AlMaarefa University,SA
https://openalex.org/F4320336735,Changchun Science and Technology Planning Project,CN
https://openalex.org/F4320316325,Key Laboratory in Science and Technology Development Project of Suzhou,CN
https://openalex.org/F4320318011,EuroNanoMed III,ES
https://openalex.org/F4320314897,American Kidney Fund,US
https://openalex.org/F4320330318,École des Neurosciences Paris Île de France,FR
https://openalex.org/F4320329707,General Sir John Monash Foundation,AU
https://openalex.org/F4320329696,Special Funds for the Basic Research and Development Program in the Central Non-profit Research Institutesof China,CN
https://openalex.org/F4320335602,"Sydney Southeast Asia Centre, University of Sydney",AU
https://openalex.org/F4320318564,Health Commission of Henan Province,CN
https://openalex.org/F4320336862,"Faculty of Medicine and Dentistry, University of Alberta",CA
https://openalex.org/F4320319211,Roche España,ES
https://openalex.org/F4320329917,Corporación colombiana de investigación agropecuaria,CO
https://openalex.org/F4320318534,Dutch Cardiovascular Alliance,NL
https://openalex.org/F4320314851,Society for Pediatric Research,US
https://openalex.org/F4320316273,Larry Ellison Foundation,US
https://openalex.org/F4320328826,Ramsay Santé,FR
https://openalex.org/F4320336519,Radboud Institute for Health Sciences,NL
https://openalex.org/F4320329012,"Ministry of Health, Uganda",UG
https://openalex.org/F4320336556,"Centros de Pesquisa, Inovação e Difusão, Fundação Amazônia Paraense de Amparo à Pesquisa",BR
https://openalex.org/F4320334144,Metro North Hospital and Health Service,AU
https://openalex.org/F4320334458,"Qatar Biomedical Research Institute, Hamad Bin Khalifa University",QA
https://openalex.org/F4320335383,"Institute of Health and Sports Science and Medicine, Juntendo University",JP
https://openalex.org/F4320326292,Śląski Uniwersytet Medyczny w Katowicach,PL
https://openalex.org/F4320319106,SingHealth,SG
https://openalex.org/F4320331477,Dilla University,ET
https://openalex.org/F4320312157,Asian Pacific American Medical Student Association,US
https://openalex.org/F4320334374,lékařská fakulta Univerzity Karlovy,CZ
https://openalex.org/F4320318879,Momental Foundation,US
https://openalex.org/F4320336432,"Departement Alimentation Humaine, Institut National de la Recherche Agronomique",FR
https://openalex.org/F4320327563,Major State Basic Research Development Program of China,CN
https://openalex.org/F4320326217,Hunan Provincial Innovation Foundation for Postgraduate,CN
https://openalex.org/F4320306135,Ellison Medical Foundation,US
https://openalex.org/F4320320240,Research Councils UK,GB
https://openalex.org/F4320327374,Programa Operacional Temático Factores de Competitividade,PT
https://openalex.org/F4320326272,"Department of Science and Technology, Philippines",PH
https://openalex.org/F4320306125,Carnegie Corporation of New York,US
https://openalex.org/F4320335769,Graduate Research and Innovation Projects of Jiangsu Province,CN
https://openalex.org/F4320327953,Ministry of Education and Human Resources Development,KR
https://openalex.org/F4320325625,Education Department of Henan Province,CN
https://openalex.org/F4320338112,Exploratory Research for Advanced Technology,JP
https://openalex.org/F4320335442,Beijing Higher Education Young Elite Teacher Project,CN
https://openalex.org/F4320337385,NIH Blueprint for Neuroscience Research,US
https://openalex.org/F4320324473,Indian Institute of Technology Delhi,IN
https://openalex.org/F4320325255,Ministry of Electronics and Information technology,IN
https://openalex.org/F4320309792,Åke Wiberg Stiftelse,SE
https://openalex.org/F4320333469,"Centro de Estudos Ambientais e Marinhos, Universidade de Aveiro",PT
https://openalex.org/F4320326181,National Aerospace Science Foundation of China,CN
https://openalex.org/F4320309254,Harvard Medical School,US
https://openalex.org/F4320324424,TrygFonden,DK
https://openalex.org/F4320326084,Regione Toscana,IT
https://openalex.org/F4320311602,Geoffrey Beene Cancer Research Center,US
https://openalex.org/F4320327516,Program of Shanghai Subject Chief Scientist,CN
https://openalex.org/F4320322728,"Bayerisches Staatsministerium für Bildung und Kultus, Wissenschaft und Kunst",DE
https://openalex.org/F4320335888,Innovation-Driven Project of Central South University,CN
https://openalex.org/F4320325449,Kanae Foundation for the Promotion of Medical Science,JP
https://openalex.org/F4320307154,American Lung Association,US
https://openalex.org/F4320335661,State Key Laboratory of Synthetical Automation for Process Industries,CN
https://openalex.org/F4320326179,Shanxi Province Science Foundation for Youths,CN
https://openalex.org/F4320338338,H2020 Research Infrastructures,
https://openalex.org/F4320327776,Innovation Scientists and Technicians Troop Construction Projects of Henan Province,CN
https://openalex.org/F4320327529,Norges Idrettshøgskole,NO
https://openalex.org/F4320338370,FP7 Information and Communication Technologies,
https://openalex.org/F4320320887,European Synchrotron Radiation Facility,FR
https://openalex.org/F4320335255,Programme Grants for Applied Research,GB
https://openalex.org/F4320334880,Small and Medium Business Administration,KR
https://openalex.org/F4320313691,New York State Stem Cell Science,US
https://openalex.org/F4320335987,Scientific Research Foundation for Returned Scholars of Ministry of Education,CN
https://openalex.org/F4320335429,Earmarked Fund for Modern Agro-industry Technology Research System,CN
https://openalex.org/F4320314158,EU Joint Programme – Neurodegenerative Disease Research,BE
https://openalex.org/F4320313681,Taishan Scholar Foundation of Shandong Province,CN
https://openalex.org/F4320333068,Fifth Framework Programme,
https://openalex.org/F4320313340,Ontario Research Foundation,CA
https://openalex.org/F4320331163,"Ministry of Education, Kenya",KE
https://openalex.org/F4320334902,"Oxford Martin School, University of Oxford",GB
https://openalex.org/F4320326177,Chinesisch-Deutsche Zentrum für Wissenschaftsförderung,CN
https://openalex.org/F4320313096,Diamond Light Source,GB
https://openalex.org/F4320333687,Manchester Biomedical Research Centre,GB
https://openalex.org/F4320319986,Multiple Sclerosis Society of Canada,CA
https://openalex.org/F4320306179,John A. Hartford Foundation,US
https://openalex.org/F4320338475,H2020 LEIT Information and Communication Technologies,
https://openalex.org/F4320335908,"Nemzeti Kutatási, Fejlesztési és Innovaciós Alap",HU
https://openalex.org/F4320335564,Chinese Government Scholarship,CN
https://openalex.org/F4320326709,Tianjin Municipal Education Commission,CN
https://openalex.org/F4320322496,Helse Vest,NO
https://openalex.org/F4320335990,Startup Foundation for Introducing Talent of Nanjing University of Information Science and Technology,CN
https://openalex.org/F4320338367,"FP7 Nanosciences, Nanotechnologies, Materials and new Production Technologies",
https://openalex.org/F4320338362,FP7 International Cooperation,
https://openalex.org/F4320309634,"Adolph C. and Mary Sprague Miller Institute for Basic Research in Science, University of California Berkeley",US
https://openalex.org/F4320325724,"Interdisziplinäres Zentrum für Klinische Forschung, Universitätsklinikum Würzburg",DE
https://openalex.org/F4320326874,State Key Laboratory of Freshwater Ecology and Biotechnology,CN
https://openalex.org/F4320326081,Regione Piemonte,IT
https://openalex.org/F4320306445,National Kidney Foundation,US
https://openalex.org/F4320325767,"Government Council on Grants, Russian Federation",RU
https://openalex.org/F4320325593,"Consejo Nacional de Innovación, Ciencia y Tecnología",UY
https://openalex.org/F4320310362,Arkansas Biosciences Institute,US
https://openalex.org/F4320310220,Fundación Mutua Madrileña,ES
https://openalex.org/F4320337662,H2020 Excellent Science,
https://openalex.org/F4320326713,Wuhan Municipal Science and Technology Bureau,CN
https://openalex.org/F4320325614,Fundació Catalana de Trasplantament,ES
https://openalex.org/F4320335965,Science and Technology Major Project of Guangxi,CN
https://openalex.org/F4320311828,Alzheimer Forschung Initiative,DE
https://openalex.org/F4320326187,Health and Family Planning Commission of Sichuan Province,CN
https://openalex.org/F4320335468,Natural Science Foundation of Tianjin Municipal Science and Technology Commission,CN
https://openalex.org/F4320313574,Jiangsu Province Postdoctoral Science Foundation,CN
https://openalex.org/F4320335432,Postdoctoral Science Foundation of Guangxi Province of China,CN
https://openalex.org/F4320333587,Sanofi Genzyme,US
https://openalex.org/F4320321398,Universiti Tunku Abdul Rahman,MY
https://openalex.org/F4320326729,Alzheimer Nederland,NL
https://openalex.org/F4320306497,Roswell Park Cancer Institute,US
https://openalex.org/F4320326493,Niedersächsisches Ministerium für Wissenschaft und Kultur,DE
https://openalex.org/F4320327799,Scientific Research Fund of Liaoning Provincial Education Department,CN
https://openalex.org/F4320312952,Worldwide Cancer Research,GB
https://openalex.org/F4320321714,Fédération Française de Cardiologie,FR
https://openalex.org/F4320327517,Foundation for Distinguished Young Talents in Higher Education of Guangdong,CN
https://openalex.org/F4320310665,Højteknologifonden,DK
https://openalex.org/F4320335872,Chongqing Graduate Student Research Innovation Project,CN
https://openalex.org/F4320338125,Science and Technology Research Partnership for Sustainable Development,JP
https://openalex.org/F4320313998,Vanderbilt University Medical Center,US
https://openalex.org/F4320335801,Science and Technology Innovative Research Team in Higher Educational Institutions of Hunan Province,CN
https://openalex.org/F4320328437,Samsung Science and Technology Foundation,KR
https://openalex.org/F4320327287,Ministry of Agriculture and Rural Affairs of the People's Republic of China,CN
https://openalex.org/F4320321194,Chonbuk National University,KR
https://openalex.org/F4320325463,Tertiary Education Trust Fund,NG
https://openalex.org/F4320327253,Novo Nordisk Foundation Center for Basic Metabolic Research,DK
https://openalex.org/F4320312382,ViiV Healthcare,GB
https://openalex.org/F4320326245,Région Auvergne-Rhône-Alpes,FR
https://openalex.org/F4320333677,"Office of the President, University of California",US
https://openalex.org/F4320335685,State Key Laboratory of Analytical Chemistry for Life Science,CN
https://openalex.org/F4320335445,Outstanding Youth Foundation of Jiangsu Province of China,CN
https://openalex.org/F4320337663,H2020 Industrial Leadership,
https://openalex.org/F4320326076,Regione Lazio,IT
https://openalex.org/F4320338366,"FP7 Food, Agriculture and Fisheries, Biotechnology",
https://openalex.org/F4320338141,"Central Public-interest Scientific Institution Basal Research Fund, Chinese Academy of Fishery Sciences",CN
https://openalex.org/F4320335604,Danish International Development Agency,DK
https://openalex.org/F4320312920,G. Harold and Leila Y. Mathers Foundation,US
https://openalex.org/F4320325396,NSW Ministry of Health,AU
https://openalex.org/F4320338342,H2020 Health,
https://openalex.org/F4320323824,Syöpäjärjestöt,FI
https://openalex.org/F4320326636,Consejería de Educación e Investigación,ES
https://openalex.org/F4320335778,National Science and Technology Infrastructure Program,CN
https://openalex.org/F4320335928,Scientific Research Foundation of the Graduate School of Southeast University,CN
https://openalex.org/F4320310979,U.S. President’s Emergency Plan for AIDS Relief,US
https://openalex.org/F4320310040,St. Jude Children's Research Hospital,US
https://openalex.org/F4320336033,Overseas Expertise Introduction Project for Discipline Innovation,CN
https://openalex.org/F4320338121,Center of Innovation Program,JP
https://openalex.org/F4320325284,Ono Medical Research Foundation,JP
https://openalex.org/F4320335162,"Departament d'Universitats, Recerca i Societat de la Informació",ES
https://openalex.org/F4320338373,FP7 Environment,
https://openalex.org/F4320328144,Fondation contre le Cancer,BE
https://openalex.org/F4320313612,Chongqing Postdoctoral Science Foundation,CN
https://openalex.org/F4320325935,Fondazione Cassa Di Risparmio Di Trento E Rovereto,IT
https://openalex.org/F4320335776,"Graduate School, Chongqing University",CN
https://openalex.org/F4320307078,St. Giles Foundation,US
https://openalex.org/F4320335770,Shenzhen Technical Project,CN
https://openalex.org/F4320311443,Gun och Bertil Stohnes Stiftelse,SE
https://openalex.org/F4320312359,Stiftelsen för Gamla Tjänarinnor,SE
https://openalex.org/F4320327835,Venture and Innovation Support Program for Chongqing Overseas Returnees,CN
https://openalex.org/F4320327207,Electronic Components and Systems for European Leadership,
https://openalex.org/F4320306278,Chicago Community Trust,US
https://openalex.org/F4320316081,Jilin Province Development and Reform Commission,CN
https://openalex.org/F4320327261,National Center for Research and Development,JO
https://openalex.org/F4320326184,Hungarian Science Foundation,HU
https://openalex.org/F4320322747,Conseil Régional de Bretagne,FR
https://openalex.org/F4320313614,Heilongjiang Postdoctoral Science Foundation,CN
https://openalex.org/F4320320036,Heart Research UK,GB
https://openalex.org/F4320335921,Natural Science Foundation of Qinghai,CN
https://openalex.org/F4320327827,Key Research and Development Project of Hainan Province,CN
https://openalex.org/F4320311497,Olympus,JP
https://openalex.org/F4320334015,Joint Fund of the National Natural Science Foundation of China and the Karst Science Research Center of Guizhou Province,CN
https://openalex.org/F4320324047,Umm Al-Qura University,SA
https://openalex.org/F4320323656,Konung Gustaf V:s och Drottning Victorias Frimurarestiftelse,SE
https://openalex.org/F4320333618,Abbott Diagnostics,US
https://openalex.org/F4320335375,Planning and Budgeting Committee of the Council for Higher Education of Israel,IL
https://openalex.org/F4320338403,Common Fund,US
https://openalex.org/F4320338364,FP7 Research infrastructures,
https://openalex.org/F4320327809,Zhejiang Provincial Program for the Cultivation of High-Level Innovative Health Talents,CN
https://openalex.org/F4320320009,Cystic Fibrosis Trust,GB
https://openalex.org/F4320313320,Minnesota Environment and Natural Resources Trust Fund,US
https://openalex.org/F4320328021,Diabetestutkimussäätiö,FI
https://openalex.org/F4320336020,"National Key New Drug Creation and Manufacturing Program, Ministry of Science and Technology",CN
https://openalex.org/F4320327548,Royal Golden Jubilee (RGJ) Ph.D. Programme,TH
https://openalex.org/F4320326708,Suzhou Municipal Science and Technology Bureau,CN
https://openalex.org/F4320326265,"Department of Science and Technology, Government of Rajasthan",IN
https://openalex.org/F4320321626,Daimler und Benz Stiftung,DE
https://openalex.org/F4320323602,Komitet Badań Naukowych,PL
https://openalex.org/F4320332379,Johnson Space Center,US
https://openalex.org/F4320325705,Scientific Research and Technology Development Program of Guangxi,CN
https://openalex.org/F4320325944,Bu-Ali Sina University,IR
https://openalex.org/F4320338478,U.S. Army Medical Research Acquisition Activity,US
https://openalex.org/F4320324117,Korea Institute of Ocean Science and Technology,KR
https://openalex.org/F4320313765,"Department of Health and Human Services, State Government of Victoria",AU
https://openalex.org/F4320325374,National Institute of Fisheries Science,KR
https://openalex.org/F4320334783,Efficacy and Mechanism Evaluation Programme,GB
https://openalex.org/F4320306485,Christopher and Dana Reeve Foundation,US
https://openalex.org/F4320310703,NERC Environmental Bioinformatics Centre,GB
https://openalex.org/F4320338101,CIHR Skin Research Training Centre,CA
https://openalex.org/F4320326180,Jiangsu Postdoctoral Research Foundation,CN
https://openalex.org/F4320330214,Key Research and Development Program of Hunan Province of China,CN
https://openalex.org/F4320333268,Swiss Nanoscience Institute,CH
https://openalex.org/F4320327651,Herculesstichting,BE
https://openalex.org/F4320327472,Chinese Aeronautical Establishment,CN
https://openalex.org/F4320314110,Food Institutional Research Measure,IE
https://openalex.org/F4320322246,Islamic Development Bank,SA
https://openalex.org/F4320335568,International Cooperation and Exchange Programme,CN
https://openalex.org/F4320327181,"Research Institute for Sustainable Urban Development, Hong Kong Polytechnic University",HK
https://openalex.org/F4320326646,Genome Alberta,CA
https://openalex.org/F4320336675,"National Research, Development and Innovation Office",HU
https://openalex.org/F4320320780,National Heart Foundation of New Zealand,NZ
https://openalex.org/F4320327013,State Key Laboratory of Materials- Oriented Chemical Engineering,CN
https://openalex.org/F4320335792,Hubei Technological Innovation Special Fund,CN
https://openalex.org/F4320312942,Yorkshire Cancer Research,GB
https://openalex.org/F4320323623,Ministry of Defence,IN
https://openalex.org/F4320312350,Forskningsrådet i Sydöstra Sverige,SE
https://openalex.org/F4320333100,Sandoz,US
https://openalex.org/F4320335477,Youth Science Foundation of Jiangxi Province,CN
https://openalex.org/F4320306864,Advanced Medical Research Foundation,US
https://openalex.org/F4320324176,Changzhou Science and Technology Bureau,CN
https://openalex.org/F4320314164,Parkinson's Foundation,US
https://openalex.org/F4320314159,Joint Programming Initiative A healthy diet for a healthy life,NL
https://openalex.org/F4320320443,Australian Respiratory Council,AU
https://openalex.org/F4320313245,Health and Care Research Wales,GB
https://openalex.org/F4320313883,National High Magnetic Field Laboratory,US
https://openalex.org/F4320313933,"Ministère de l'Enseignement supérieur, de la Recherche et de l'Innovation",FR
https://openalex.org/F4320323245,Centrum för idrottsforskning,SE
https://openalex.org/F4320326988,State Key Laboratory of Natural Medicines,CN
https://openalex.org/F4320327890,Instituto Serrapilheira,BR
https://openalex.org/F4320308528,American Foundation for Pharmaceutical Education,US
https://openalex.org/F4320326688,Health and Family Planning Commission of Hubei Province,CN
https://openalex.org/F4320315324,Fondazione di Sardegna,IT
https://openalex.org/F4320327217,Siemens Healthineers,DE
https://openalex.org/F4320312527,Sidney Kimmel Foundation,US
https://openalex.org/F4320315501,Government of South Australia,AU
https://openalex.org/F4320323124,Rigshospitalet,DK
https://openalex.org/F4320324738,Stiftelsen Konung Gustaf V:s 80-årsfond,SE
https://openalex.org/F4320336053,Sistema Nacional de Investigadores,MX
https://openalex.org/F4320323604,Consejo Interinstitucional de Ciencia y Tecnología,AR
https://openalex.org/F4320332597,Diabetes Research Center,US
https://openalex.org/F4320335545,Bundesanstalt für Landwirtschaft und Ernährung,DE
https://openalex.org/F4320335657,State Key Laboratory of Drug Research,CN
https://openalex.org/F4320326693,Jiangsu Provincial Commission of Health and Family Planning,CN
https://openalex.org/F4320313243,Wings for Life,GB
https://openalex.org/F4320338153,Shenzhen Institutes of Advanced Technology Innovation Program for Excellent Young Researchers,CN
https://openalex.org/F4320327716,Olga Mayenfisch Stiftung,CH
https://openalex.org/F4320335981,Guangdong Province Higher Vocational Colleges and Schools Pearl River Scholar Funded Scheme,CN
https://openalex.org/F4320338343,H2020 Food,
https://openalex.org/F4320310475,Fundo Regional para a Ciência e Tecnologia,PT
https://openalex.org/F4320327670,Program for Liaoning Innovative Talents in University,CN
https://openalex.org/F4320324903,Office of the Royal Society,TH
https://openalex.org/F4320321929,Gunnar Nilssons Cancerstiftelse,SE
https://openalex.org/F4320326486,Fonds Baillet Latour,BE
https://openalex.org/F4320310065,Danone,FR
https://openalex.org/F4320324953,Universidade Federal do Paraná,BR
https://openalex.org/F4320311808,Jürgen Manchot Stiftung,DE
https://openalex.org/F4320336046,NIHR School for Primary Care Research,GB
https://openalex.org/F4320312296,Egészségügyi Tudományos Tanács,HU
https://openalex.org/F4320315965,Japan Cardiovascular Research Foundation,JP
https://openalex.org/F4320326154,Tiroler Wissenschaftsförderung,AT
https://openalex.org/F4320326633,Axencia Galega de Innovación,ES
https://openalex.org/F4320326675,Xinjiang Uygur Autonomous Region Department of Education,CN
https://openalex.org/F4320313987,Università degli Studi di Cagliari,IT
https://openalex.org/F4320320242,Royal College of Surgeons of Edinburgh,GB
https://openalex.org/F4320328515,Lembaga Pengelola Dana Pendidikan,ID
https://openalex.org/F4320335957,Major Science and Technology Project of Hainan Province,CN
https://openalex.org/F4320315014,National Children's Research Centre,IE
https://openalex.org/F4320336596,Key Research and Development Program of Sichuan Province,CN
https://openalex.org/F4320333343,Zimmer Biomet,US
https://openalex.org/F4320335439,Postdoctoral Science Foundation of Central South University,CN
https://openalex.org/F4320335574,Joint Research Fund for Overseas Chinese Scholars and Scholars in Hong Kong and Macao,CN
https://openalex.org/F4320314237,Rijksdienst voor Ondernemend Nederland,NL
https://openalex.org/F4320338339,H2020 Leadership in Enabling and Industrial Technologies,
https://openalex.org/F4320326871,State Key Laboratory of Chemo/Biosensing and Chemometrics,CN
https://openalex.org/F4320306797,Pediatric Brain Tumor Foundation,US
https://openalex.org/F4320320377,"Department of Industry, Innovation, Science, Research and Tertiary Education, Australian Government",AU
https://openalex.org/F4320333796,Novartis Institutes for BioMedical Research,CH
https://openalex.org/F4320321089,"Department of Industry and Science, Australian Government",AU
https://openalex.org/F4320335870,Chongqing Basic and Frontier Research Project,CN
https://openalex.org/F4320327081,"Science and Technology Bureau, Changsha",CN
https://openalex.org/F4320325293,Yasuda Memorial Medical Foundation,JP
https://openalex.org/F4320328964,Tianjin Municipal Science and Technology Bureau,CN
https://openalex.org/F4320328233,"Aard- en Levenswetenschappen, Nederlandse Organisatie voor Wetenschappelijk Onderzoek",NL
https://openalex.org/F4320327076,Bureau of Science and Technology of Zhoushan,CN
https://openalex.org/F4320335755,"Institut Alam Sekitar dan Pembangunan, Universiti Kebangsaan Malaysia",MY
https://openalex.org/F4320336565,Key Science and Technology Program of Shaanxi Province,CN
https://openalex.org/F4320332203,Research Foundation for the State University of New York,US
https://openalex.org/F4320335319,Comissió Interdepartamental de Recerca i Innovació Tecnològica,ES
https://openalex.org/F4320336738,Chinese Academy of Medical Sciences Initiative for Innovative Medicine,CN
https://openalex.org/F4320325145,Forschungskreis der Ernährungsindustrie,DE
https://openalex.org/F4320315260,Philip Morris International,US
https://openalex.org/F4320320477,Juvenile Diabetes Research Foundation Australia,AU
https://openalex.org/F4320316137,Université de Lille,FR
https://openalex.org/F4320332425,"School of Medicine, Duke University",US
https://openalex.org/F4320335505,"Research Center for Eco-Environmental Sciences, Chinese Academy of Sciences",CN
https://openalex.org/F4320335789,National Key Clinical Specialty Discipline Construction Program of China,CN
https://openalex.org/F4320314200,LABoratoires d’EXcellence ARCANE,FR
https://openalex.org/F4320326774,Centre for Diet and Activity Research,GB
https://openalex.org/F4320335782,Double First Class University Plan,CN
https://openalex.org/F4320325668,Direction Générale de l’offre de Soins,FR
https://openalex.org/F4320313183,Fundación CajaCanarias,ES
https://openalex.org/F4320312924,Elekta,SE
https://openalex.org/F4320332482,Small Business Innovative Research and Small Business Technology Transfer,US
https://openalex.org/F4320335321,Instituto Nacional del Cáncer,AR
https://openalex.org/F4320323096,Innovative Team of Jiangsu Province,CN
https://openalex.org/F4320322790,Fru Berta Kamprads Stiftelse,SE
https://openalex.org/F4320335802,Shaanxi Key Science and Technology Innovation Team Project,CN
https://openalex.org/F4320335338,Department of Health of Zhejiang Province,CN
https://openalex.org/F4320316438,Georgia Clinical and Translational Science Alliance,US
https://openalex.org/F4320326296,Xiamen Southern Oceanographic Center,CN
https://openalex.org/F4320326817,"FOD Volksgezondheid, Veiligheid van de Voedselketen en Leefmilieu",BE
https://openalex.org/F4320326323,"Fakultet Medicinskih Nauka, Univerziteta U Kragujevcu",RS
https://openalex.org/F4320326834,State Key Lab of Digital Manufacturing Equipment and Technology,CN
https://openalex.org/F4320327928,Major Technology Innovation of Hubei Province,CN
https://openalex.org/F4320322525,Secom Science and Technology Foundation,JP
https://openalex.org/F4320326704,Shanghai University of Traditional Chinese Medicine,CN
https://openalex.org/F4320309731,Association Belge contre les Maladies Neuro-Musculaires,BE
https://openalex.org/F4320335517,Erasmus Universitair Medisch Centrum Rotterdam,NL
https://openalex.org/F4320315912,Consortium canadien en neurodégénérescence associée au vieillissement,CA
https://openalex.org/F4320324013,Ardabil University of Medical Sciences,IR
https://openalex.org/F4320313402,Alberta Agriculture and Forestry,CA
https://openalex.org/F4320322872,University of Science and Technology Liaoning,CN
https://openalex.org/F4320313615,Heilongjiang Youth Development Foundation,CN
https://openalex.org/F4320325423,"Pusat Transformasi Komuniti Universiti , Universiti Putra Malaysia",MY
https://openalex.org/F4320333325,nccr – on the move,CH
https://openalex.org/F4320338468,Basic Public Welfare Research Program of Zhejiang Province,CN
https://openalex.org/F4320326724,"Thüringer Ministerium für Wirtschaft, Wissenschaft und Digitale Gesellschaft",DE
https://openalex.org/F4320335309,"Fundação de Apoio ao Ensino, Pesquisa e Assistência do Hospital das Clínicas da Faculdade de Medicina de Ribeirão Preto da Universidade de São Paulo",BR
https://openalex.org/F4320310762,Mitsui Sumitomo Insurance Welfare Foundation,SG
https://openalex.org/F4320338485,DOD Prostate Cancer Research Program,US
https://openalex.org/F4320320383,Arthritis Australia,AU
https://openalex.org/F4320322697,Harry Crossley Foundation,ZA
https://openalex.org/F4320309761,Dagmar Marshalls Fond,DK
https://openalex.org/F4320323515,Daiwa Securities Health Foundation,JP
https://openalex.org/F4320325777,Università degli Studi della Campania Luigi Vanvitelli,IT
https://openalex.org/F4320333645,Pfizer Pharmaceuticals,NL
https://openalex.org/F4320314808,Charles E. Kaufman Foundation,US
https://openalex.org/F4320337760,"Central Laser Facility, Science and Technology Facilities Council",GB
https://openalex.org/F4320336617,Science and Technology Program of Guizhou Province,CN
https://openalex.org/F4320327848,Gyeonggi-do Regional Research Center,KR
https://openalex.org/F4320327926,National Key Basic Research Program For Youth,CN
https://openalex.org/F4320327085,Qinghai Provincial Department of Science and Technology,CN
https://openalex.org/F4320338395,EIT Health,
https://openalex.org/F4320329747,Zhejiang Provincial Ten Thousand Plan for Young Top Talents,CN
https://openalex.org/F4320309838,Bausch and Lomb,US
https://openalex.org/F4320328620,Vision Group on Science and Technology,IN
https://openalex.org/F4320336615,"Science and Technology Plan Project of Wenzhou, China",CN
https://openalex.org/F4320326853,Peking Union Medical College,CN
https://openalex.org/F4320322544,Shin Kong Wu Ho-Su Memorial Hospital,TW
https://openalex.org/F4320315829,Mater Foundation,AU
https://openalex.org/F4320326171,Department of Finance of Jilin Province,CN
https://openalex.org/F4320335550,Dirección General de Universidades e Investigación,ES
https://openalex.org/F4320326778,Swiss Centre for Applied Human Toxicology,CH
https://openalex.org/F4320327353,Mishima Kaiun Memorial Foundation,JP
https://openalex.org/F4320326197,Ningbo Housing and Urban-Rural Development Committee,CN
https://openalex.org/F4320313694,METAvivor,US
https://openalex.org/F4320324571,Korea Foundation for Advanced Studies,KR
https://openalex.org/F4320310796,Tourette Association of America,US
https://openalex.org/F4320333250,Washington University School of Medicine in St. Louis,US
https://openalex.org/F4320314245,Purdue University Center for Cancer Research,US
https://openalex.org/F4320321865,Ligue Genevoise Contre le Cancer,CH
https://openalex.org/F4320321318,Gyeongsang National University,KR
https://openalex.org/F4320322644,University of Crete,GR
https://openalex.org/F4320335930,Scientific Startup Foundation for Doctors of Northwest A and F University,CN
https://openalex.org/F4320333312,"Office of Academic Affiliations, Department of Veterans Affairs",US
https://openalex.org/F4320326480,"Consellería de Economía, Emprego e Industria, Xunta de Galicia",ES
https://openalex.org/F4320316344,Key Project of Research and Development Plan of Hunan Province,CN
https://openalex.org/F4320326623,National Centre for the Replacement Refinement and Reduction of Animals in Research,GB
https://openalex.org/F4320306998,Lupus Foundation of America,US
https://openalex.org/F4320328381,Huxiang Youth Talent Support Program,CN
https://openalex.org/F4320337840,Stanford Maternal and Child Health Research Institute,US
https://openalex.org/F4320326070,Regione Autonoma Friuli Venezia Giulia,IT
https://openalex.org/F4320314483,Kentucky Science and Engineering Foundation,US
https://openalex.org/F4320323449,Hyderabad Eye Research Foundation,IN
https://openalex.org/F4320314353,Diabetes Canada,CA
https://openalex.org/F4320333841,Houston Methodist Research Institute,US
https://openalex.org/F4320336570,Beijing Talents Fund,CN
https://openalex.org/F4320333462,"Health Promotion Administration, Ministry of Health and Welfare",TW
https://openalex.org/F4320334993,Key Science and Technology Foundation of Gansu Province,CN
https://openalex.org/F4320315130,Alvin J. Siteman Cancer Center,US
https://openalex.org/F4320337886,"Comprehensive Cancer Center, University of Chicago Medical Center",US
https://openalex.org/F4320327288,Anhui Agriculture University,CN
https://openalex.org/F4320320187,Federation of European Microbiological Societies,GB
https://openalex.org/F4320313379,Billi and Bernie Marcus Foundation,US
https://openalex.org/F4320316381,"Ministerio de Sanidad, Consumo y Bienestar Social",ES
https://openalex.org/F4320312153,Academic Medical Organization of Southwestern Ontario,CA
https://openalex.org/F4320314323,CNIB,CA
https://openalex.org/F4320325834,Université Sorbonne Paris Cité,FR
https://openalex.org/F4320306084,U.S. Department of Energy,US
https://openalex.org/F4320326951,State Key Laboratory of Fluid Power and Mechatronic Systems,CN
https://openalex.org/F4320326690,Health and Family Planning Commission of Wuhan Municipality,CN
https://openalex.org/F4320333988,Roche Diagnostics,US
https://openalex.org/F4320320321,Association of Anaesthetists of Great Britain,GB
https://openalex.org/F4320335557,Firat University Scientific Research Projects Management Unit,TR
https://openalex.org/F4320324867,Jinhua Science and Technology Bureau,CN
https://openalex.org/F4320315064,Fred Hollows Foundation,AU
https://openalex.org/F4320327765,"Vice-Chancellor for Research, Shiraz University of Medical Sciences",IR
https://openalex.org/F4320312578,North Dakota Agricultural Experiment Station,US
https://openalex.org/F4320329893,Key University Science Research Project of Jiangsu Province,CN
https://openalex.org/F4320325804,Lottery Health Research,NZ
https://openalex.org/F4320336618,Science and Technology Program of Suzhou,CN
https://openalex.org/F4320314458,National Comprehensive Cancer Network,US
https://openalex.org/F4320336652,Science and Technology Innovation Plan Of Shanghai Science and Technology Commission,CN
https://openalex.org/F4320320380,"Department of Education, Employment and Workplace Relations, Australian Government",AU
https://openalex.org/F4320313581,Royal Perth Hospital Medical Research Foundation,AU
https://openalex.org/F4320335514,"Universitaire Ziekenhuizen Leuven, KU Leuven",BE
https://openalex.org/F4320314233,Ovarian Cancer Research Fund Alliance,US
https://openalex.org/F4320334921,Central Drug Research Institute,IN
https://openalex.org/F4320327318,Paracelsus Medizinische Privatuniversität,AT
https://openalex.org/F4320326163,Ernest Oppenheimer Memorial Trust,ZA
https://openalex.org/F4320329037,Ministerul Cercetării şi Inovării,RO
https://openalex.org/F4320330215,Natural Science Foundation for Distinguished Young Scholars of Hunan Province,CN
https://openalex.org/F4320326658,Fundación Tatiana Pérez de Guzmán el Bueno,ES
https://openalex.org/F4320327830,Research Program of Science and Technology at Universities of Inner Mongolia Autonomous Region,CN
https://openalex.org/F4320335944,Scientific Research Foundation of Zhejiang A and F University,CN
https://openalex.org/F4320325300,Universidad de Puerto Rico,PR
https://openalex.org/F4320324069,Hochschuljubiläumsstiftung der Stadt Wien,AT
https://openalex.org/F4320315928,Rose Hills Foundation,US
https://openalex.org/F4320327627,Collaborative Innovation Center for Water Treatment Technology and Materials,CN
https://openalex.org/F4320316131,"Hezkuntza, Hizkuntza Politika Eta Kultura Saila, Eusko Jaurlaritza",ES
https://openalex.org/F4320335810,"Deputy for Research and Technology, Kermanshah University of Medical Sciences",IR
https://openalex.org/F4320323742,Kongelig Hofbuntmager Aage Bangs Fond,DK
https://openalex.org/F4320311021,Von-Behring-Röntgen-Stiftung,DE
https://openalex.org/F4320330031,Science and Technology Department of Hubei Province,CN
https://openalex.org/F4320312842,University of Memphis,US
https://openalex.org/F4320314621,Heart and Stroke Foundation of British Columbia and Yukon,CA
https://openalex.org/F4320333437,"Manton Center for Orphan Disease Research, Boston Children's Hospital",US
https://openalex.org/F4320337901,"Office of Research Infrastructure Programs, National Institutes of Health",US
https://openalex.org/F4320323756,Associação Fundo de Incentivo à Pesquisa,BR
https://openalex.org/F4320335743,Saudi Arabian Cultural Mission,SA
https://openalex.org/F4320333360,"Center for Clinical and Translational Sciences, University of Texas Health Science Center at Houston",US
https://openalex.org/F4320326888,State Key Laboratory of Phytochemistry and Plant Resources in West China,CN
https://openalex.org/F4320332775,Food and Nutrition Service,US
https://openalex.org/F4320336359,Collaborative Innovationcenter of Food Safety and Quality Control in Jiangsu Province,CN
https://openalex.org/F4320328088,"Consejo Nacional de Ciencia y Tecnología, Paraguay",PY
https://openalex.org/F4320338488,DOD Peer Reviewed Cancer Research Program,US
https://openalex.org/F4320326667,Bureau of Education of Guangzhou Municipality,CN
https://openalex.org/F4320336753,Changsha Science and Technology Project,CN
https://openalex.org/F4320335535,"Faculty of Medicine, Chiang Mai University",TH
https://openalex.org/F4320326962,Macau University of Science and Technology Foundation,MO
https://openalex.org/F4320315076,Mallinckrodt Pharmaceuticals,CA
https://openalex.org/F4320337798,Duke Cancer Institute,US
https://openalex.org/F4320333617,Beijing Advanced Innovation Center for Imaging Technology,CN
https://openalex.org/F4320313572,Beijing Municipal Excellent Talents Foundation,CN
https://openalex.org/F4320336489,"Conselleria de Innovación, Universidades, Ciencia y Sociedad Digital, Generalitat Valenciana",ES
https://openalex.org/F4320316048,Danone Nutricia Research,NL
https://openalex.org/F4320327369,European Society of Anaesthesiology,BE
https://openalex.org/F4320333624,Eli Lilly Japan,JP
https://openalex.org/F4320324641,"Department of Industry, Innovation and Science, Australian Government",AU
https://openalex.org/F4320309743,Fondazione Cassa di Risparmio in Bologna,IT
https://openalex.org/F4320326218,Foundation of Liaoning Province Education Administration,CN
https://openalex.org/F4320327808,Yunnan Key Research and Development Program,CN
https://openalex.org/F4320321279,Myongji University,KR
https://openalex.org/F4320325900,Gansu Education Department,CN
https://openalex.org/F4320327394,International Team for Implantology,CH
https://openalex.org/F4320313447,Astellas Pharma Canada,CA
https://openalex.org/F4320313931,Association Sorbonne Université,FR
https://openalex.org/F4320336644,High-end Foreign Experts Recruitment Plan of China,CN
https://openalex.org/F4320333120,"Holden Comprehensive Cancer Center, University of Iowa",US
https://openalex.org/F4320326865,State Key Laboratory of Molecular Engineering of Polymers,CN
https://openalex.org/F4320325785,Region Sjælland,DK
https://openalex.org/F4320333069,Fourth Framework Programme,
https://openalex.org/F4320335433,Science Foundation for Excellent Youth Scholars of Sichuan University,CN
https://openalex.org/F4320338421,NHLBI Division of Intramural Research,US
https://openalex.org/F4320328814,Lung Foundation Netherlands,NL
https://openalex.org/F4320325345,"Council of Science and Technology, U.P.",IN
https://openalex.org/F4320326591,Syöpäsäätiö,FI
https://openalex.org/F4320333165,"Research Institute, Nationwide Children's Hospital",US
https://openalex.org/F4320335356,Canadian Glycomics Network,CA
https://openalex.org/F4320315144,MathWorks,US
https://openalex.org/F4320312963,Muscular Dystrophy UK,GB
https://openalex.org/F4320336736,Chengdu Science and Technology Program,CN
https://openalex.org/F4320335968,Scientific and Innovative Action Plan of Shanghai,CN
https://openalex.org/F4320325265,Ministry for Primary Industries,NZ
https://openalex.org/F4320326657,"Faculty of Medicine, Prince of Songkla University",TH
https://openalex.org/F4320326798,Fondation Saint Luc,BE
https://openalex.org/F4320313334,Mrs Gladys Row Fogo Charitable Trust,GB
https://openalex.org/F4320327988,Samenwerkingsverband Noord-Nederland,NL
https://openalex.org/F4320336689,Labex Immuno-Oncology,FR
https://openalex.org/F4320314598,Charles Koch Foundation,US
https://openalex.org/F4320338123,"Program on Open Innovation Platform with Enterprises, Research Institute and Academia",JP
https://openalex.org/F4320325533,Société Française de Radiologie,FR
https://openalex.org/F4320328374,National Public Health Grand Research Foundation,CN
https://openalex.org/F4320313491,National Institute of Academic Anaesthesia,GB
https://openalex.org/F4320337738,"Yale Center for Clinical Investigation, Yale School of Medicine",US
https://openalex.org/F4320317337,Science and Technology Foundation of Shenzhen City,CN
https://openalex.org/F4320327337,Laboratoire d'Excellence en Recherche sur le Médicament et l'Innovation Thérapeutique,FR
https://openalex.org/F4320314596,Rhode Island Foundation,US
https://openalex.org/F4320336780,NIHR Great Ormond Street Hospital Biomedical Research Centre,GB
https://openalex.org/F4320327180,Japan Orthopaedics and Traumatology Foundation,JP
https://openalex.org/F4320325654,Region Örebro län,SE
https://openalex.org/F4320326506,"Osasun Saila, Eusko Jaurlaritzako",ES
https://openalex.org/F4320328257,Foundation for Research in Rheumatology,CH
https://openalex.org/F4320336602,Major Science and Technology Projects in Yunnan Province,CN
https://openalex.org/F4320336604,National Mega Project on Major Infectious Disease Prevention,CN
https://openalex.org/F4320335891,"Science and Technology Development Center, Ministry of Education",CN
https://openalex.org/F4320326680,Guangdong Polytechnic of Science and Technology,CN
https://openalex.org/F4320328356,Région Occitanie Pyrénées-Méditerranée,FR
https://openalex.org/F4320312410,Nestlé Health Science,US
https://openalex.org/F4320335912,Foundation for Innovation Groups of Basic Research in Gansu Province,CN
https://openalex.org/F4320336663,Center for Innovative Medicine,SE
https://openalex.org/F4320313806,Petroleum Institute,AE
https://openalex.org/F4320327845,Ono Pharmaceutical,JP
https://openalex.org/F4320333850,"South Carolina Clinical and Translational Research Institute, Medical University of South Carolina",US
https://openalex.org/F4320326349,Stichting Nederlands Oogheelkundig Onderzoek,NL
https://openalex.org/F4320314480,Shell United States,US
https://openalex.org/F4320317004,Thompson Family Foundation,US
https://openalex.org/F4320326511,Tianjin Municipal Bureau of Public Health,CN
https://openalex.org/F4320328898,Natural Science Foundation of Xinjiang,CN
https://openalex.org/F4320327581,Army Medical University,CN
https://openalex.org/F4320336619,Science and Technology Project of Nantong City,CN
https://openalex.org/F4320313420,Lotte and John Hecht Memorial Foundation,CA
https://openalex.org/F4320326993,National Key Laboratory of Animal Nutrition,CN
https://openalex.org/F4320336634,Training Program for Excellent Young Innovators of Changsha,CN
https://openalex.org/F4320326421,Iranian Council of Stem Cell Research and Technology,IR
https://openalex.org/F4320314201,Tow Foundation,US
https://openalex.org/F4320328601,Programa Operacional Regional do Centro,PT
https://openalex.org/F4320335348,"Department of Science, Information Technology and Innovation, Queensland Government",AU
https://openalex.org/F4320324374,Fundação Instituto de Pesquisas Econômicas,BR
https://openalex.org/F4320325891,General Hospital of People’s Liberation Army,CN
https://openalex.org/F4320337612,Yale Liver Center,US
https://openalex.org/F4320311977,B. Braun-Stiftung,DE
https://openalex.org/F4320324813,Korea Institute of Radiological and Medical Sciences,KR
https://openalex.org/F4320312535,AGE-WELL,CA
https://openalex.org/F4320315201,Society for the Study of Addiction,GB
https://openalex.org/F4320311599,L. K. Whittier Foundation,US
https://openalex.org/F4320338415,U.S. Army Medical Research and Development Command,US
https://openalex.org/F4320313579,Royal Hobart Hospital Research Foundation,AU
https://openalex.org/F4320335871,Chongqing Basic Science and Advanced Technology Research Program,CN
https://openalex.org/F4320316317,Xi'an Eurasia University,CN
https://openalex.org/F4320326457,Chancellerie des Universités de Paris,FR
https://openalex.org/F4320335415,Yonsei University College of Dentistry,KR
https://openalex.org/F4320329307,Science Fund of the Republic of Serbia,RS
https://openalex.org/F4320338154,Science and Technology Service Network Plan,CN
https://openalex.org/F4320313844,Okinaka Memorial Institute for Medical Research,JP
https://openalex.org/F4320330760,"Foreign, Commonwealth and Development Office",GB
https://openalex.org/F4320333282,"School of Medicine, Johns Hopkins University",US
https://openalex.org/F4320325323,"Ministry of Steel, Government of India",IN
https://openalex.org/F4320336643,Guangxi Innovation-Driven Development Project,CN
https://openalex.org/F4320328853,Macau University of Science and Technology,MO
https://openalex.org/F4320335838,Collaboration for Leadership in Applied Health Research and Care - Greater Manchester,GB
https://openalex.org/F4320313380,Rappaport Foundation,US
https://openalex.org/F4320310291,Brewster Foundation,US
https://openalex.org/F4320328183,Parkinson Vereniging,NL
https://openalex.org/F4320325659,Majlis Amanah Rakyat,MY
https://openalex.org/F4320327436,Yakult Honsha,JP
https://openalex.org/F4320327779,Jilin Provincial Health and Family Planning Commission,CN
https://openalex.org/F4320334038,Michigan Technology Tri-Corridor,US
https://openalex.org/F4320338357,FP7 Science in Society,
https://openalex.org/F4320315745,ARC Centre for Nanoscale BioPhotonics,AU
https://openalex.org/F4320313459,Cognitive Sciences and Technologies Council,IR
https://openalex.org/F4320310178,Waisman Center,US
https://openalex.org/F4320320068,Stroke Association,GB
https://openalex.org/F4320337926,EPSRC Centre for Doctoral Training in Medical Imaging,GB
https://openalex.org/F4320325015,Hengityssairauksien Tutkimussäätiö,FI
https://openalex.org/F4320327616,Fundamental Research Funds for the Key Research Program of Chongqing Science and Technology Commission,CN
https://openalex.org/F4320333798,"Translational Research Institute, University of Arkansas for Medical Sciences",US
https://openalex.org/F4320314095,Swine Innovation Porc,CA
https://openalex.org/F4320310997,Bankhead-Coley Foundation,US
https://openalex.org/F4320316012,Siemens Medical Solutions USA,US
https://openalex.org/F4320335589,"Philippine Council for Industry, Energy, and Emerging Technology Research and Development",PH
https://openalex.org/F4320312850,Scottish Government Health and Social Care Directorate,GB
https://openalex.org/F4320335095,"Department of Industrial and Systems Engineering, Hong Kong Polytechnic University",HK
https://openalex.org/F4320314494,Hope Foundation,US
https://openalex.org/F4320310134,Brandeis University,US
https://openalex.org/F4320335907,Youth Science Foundation of Guangxi Medical University,CN
https://openalex.org/F4320328078,NÖ Forschungs- und Bildungsges.m.b.H.,AT
https://openalex.org/F4320325368,Pomorski Uniwersytet Medyczny W Szczecinie,PT
https://openalex.org/F4320328577,Ministère des Solidarités et de la Santé,FR
https://openalex.org/F4320318013,National Research Foundation of Ukraine,UA
https://openalex.org/F4320332358,Office of Public Affairs,US
https://openalex.org/F4320313198,Fondation du Souffle,FR
https://openalex.org/F4320326474,Teijin Pharma,JP
https://openalex.org/F4320308458,American Surgical Association Foundation,US
https://openalex.org/F4320335385,"Medizinischen Fakultät, Eberhard Karls Universität Tübingen",DE
https://openalex.org/F4320335911,Foundation for Distinguished Young Talents in Higher Education of Henan,CN
https://openalex.org/F4320328992,Jeonbuk National University,KR
https://openalex.org/F4320330367,Nanjing Medical Science and Technique Development Foundation,CN
https://openalex.org/F4320314536,Brain Research UK,GB
https://openalex.org/F4320336657,Xuzhou Science and Technology Program,CN
https://openalex.org/F4320327070,Yantai Science and Technology Bureau,CN
https://openalex.org/F4320327351,Evald ja Hilda Nissin Säätiö,FI
https://openalex.org/F4320316875,Natural Science Foundation of Guangzhou City,CN
https://openalex.org/F4320327846,Ryobi Teien Memory Foundation,JP
https://openalex.org/F4320308993,CureSearch for Children's Cancer,US
https://openalex.org/F4320311119,Amyloidosis Foundation,US
https://openalex.org/F4320330256,Fundación Bancaria Caixa d'Estalvis i Pensions de Barcelona,ES
https://openalex.org/F4320326047,Amt der Steiermärkischen Landesregierung,AT
https://openalex.org/F4320327665,Key Laboratory for Magnetic Resonance and Multimodality Imaging of Guangdong Province,CN
https://openalex.org/F4320328480,Instytut Medycyny Pracy im. prof. J. Nofera,PL
https://openalex.org/F4320317137,Natural Science Foundation for Distinguished Young Scholars of Anhui Province,CN
https://openalex.org/F4320336019,National Innovation Talent Promotion Program,CN
https://openalex.org/F4320327214,Shahed University,IR
https://openalex.org/F4320314090,Office of National Drug Control Policy,US
https://openalex.org/F4320336548,Project 333 of Jiangsu Province,CN
https://openalex.org/F4320325885,Servizio Fitosanitario della Regione Puglia,IT
https://openalex.org/F4320335666,"Key Laboratory of Chemical Biology and Traditional Chinese Medicine Research, Ministry of Education",CN
https://openalex.org/F4320315856,Dialysis Clinics,US
https://openalex.org/F4320333365,"Centre for Climate Change Economics and Policy, University of Leeds",GB
https://openalex.org/F4320309146,"Energy Research and Development Center, Missouri University of Science and Technology",US
https://openalex.org/F4320309205,Commonwealth of Massachusetts,US
https://openalex.org/F4320336614,Science and Technology Plan Project of Taizhou,CN
https://openalex.org/F4320332294,DHHS Office of the Secretary,US
https://openalex.org/F4320333331,"Sundhedsvidenskabelige Fakultet, Aarhus Universitet",DK
https://openalex.org/F4320326836,State Key Laboratory of Veterinary Etiological Biology,CN
https://openalex.org/F4320327045,Zhejiang Provincial Key Laboratory of Wood Science and Technology,CN
https://openalex.org/F4320335417,"Futurum - Akademin för Hälsa och Vård, Region Jönköpings läns",SE
https://openalex.org/F4320336807,National Natural Science Foundation of China-China Academy of General Technology Joint Fund for Basic Research,CN
https://openalex.org/F4320327408,All Japan Coffee Association,JP
https://openalex.org/F4320338358,FP7 Research for the Benefit of SMEs,
https://openalex.org/F4320312160,Réseau en Bio-Imagerie du Quebec,CA
https://openalex.org/F4320314413,Alpha Foundation for the Improvement of Mine Safety and Health,US
https://openalex.org/F4320307206,Cervical Spine Research Society,US
https://openalex.org/F4320326102,Hartmann Fonden,DK
https://openalex.org/F4320335722,State Key Laboratory of Bioactive Substance and Function of Natural Medicines,CN
https://openalex.org/F4320325939,University of Moratuwa,LK
https://openalex.org/F4320333182,Huck Institutes of the Life Sciences,US
https://openalex.org/F4320328103,Aja University of Medical Sciences,IR
https://openalex.org/F4320335481,Collaborative Innovation Center for Cardiovascular Disease Translational Medicine,CN
https://openalex.org/F4320333195,Penn State College of Medicine,US
https://openalex.org/F4320335363,Programme Development Grants,GB
https://openalex.org/F4320336627,Special Fund Project for Science and Technology Innovation Strategy of Guangdong Province,CN
https://openalex.org/F4320326375,Hellenic Society of Medical Oncology,GR
https://openalex.org/F4320330346,UK Regenerative Medicine Platform,GB
https://openalex.org/F4320327519,Jiangxi University of Traditional Chinese Medicine,CN
https://openalex.org/F4320311529,Bladder Cancer Advocacy Network,US
https://openalex.org/F4320327644,Insamlingsstiftelsen Diabetes Wellness Network Sverige,SE
https://openalex.org/F4320336630,Specific Research Project of Guangxi for Research Bases and Talents,CN
https://openalex.org/F4320324233,"Istituto Nanoscienze, Consiglio Nazionale delle Ricerche",IT
https://openalex.org/F4320335946,Young Teacher Foundation of Sun Yat-sen University,CN
https://openalex.org/F4320334975,Key Medical Subjects of Jiangsu Province,CN
https://openalex.org/F4320333615,"Wu Tsai Neurosciences Institute, Stanford University",US
https://openalex.org/F4320324035,Thorsten och Elsa Segerfalks Stiftelse,SE
https://openalex.org/F4320326400,Stiftung Universitätsmedizin Essen,DE
https://openalex.org/F4320313289,Lady Tata Memorial Trust,IN
https://openalex.org/F4320333174,"Center for Clinical and Translational Science, Mayo Clinic",US
https://openalex.org/F4320327313,"Science and Technology Department, Heilongjiang Province",CN
https://openalex.org/F4320332632,California State University Long Beach,US
https://openalex.org/F4320333248,"Medical Engineering Centre, King’s College London",GB
https://openalex.org/F4320313396,Northwestern Memorial Foundation,US
https://openalex.org/F4320313842,Development and Reform Commission of Hunan Province,CN
https://openalex.org/F4320335756,Chongqing Science and Technology Foundation,CN
https://openalex.org/F4320316079,Suzhou Key Medical Center,CN
https://openalex.org/F4320316266,Corona-Stiftung,DE
https://openalex.org/F4320326443,Nationales Centrum für Tumorerkrankungen Heidelberg,DE
https://openalex.org/F4320315887,GlaxoSmithKline Japan,JP
https://openalex.org/F4320316531,Department for the Economy,GB
https://openalex.org/F4320329877,Bagui Scholars Program of Guangxi Zhuang Autonomous Region,CN
https://openalex.org/F4320329793,Shenzhen Knowledge Innovation Program,CN
https://openalex.org/F4320325715,Instituto Nacional de Psiquiatría Ramón de la Fuente Muñiz,MX
https://openalex.org/F4320329926,National Health Commission of the People's Republic of China,CN
https://openalex.org/F4320325140,Consejo de Investigaciones Científicas y Tecnológicas de la Provincia de Córdoba,AR
https://openalex.org/F4320335952,Guizhou Education Department Youth Science and Technology Talents Growth Project,CN
https://openalex.org/F4320329192,Korean Society of Ginseng,KR
https://openalex.org/F4320337793,Bureau of Medicine and Surgery,US
https://openalex.org/F4320309802,Einar Willumsen Foundation,DK
https://openalex.org/F4320336309,Medical and Health Research Project of Zhejiang Province,CN
https://openalex.org/F4320328155,Damp Stiftung,DE
https://openalex.org/F4320311800,"Stiftelsen Dorothea Olivia, Karl Walter och Jarl Walter Perkléns Minne",FI
https://openalex.org/F4320335804,Shenzhen Technology Development Program,CN
https://openalex.org/F4320333475,Executive Agency for Small and Medium-sized Enterprises,
https://openalex.org/F4320329890,International Science and Technology Cooperation Program of Shanxi Province,CN
https://openalex.org/F4320335495,"Medizinischen Fakultät Heidelberg, Universität Heidelberg",DE
https://openalex.org/F4320327375,Beijing Medical and Health Foundation,CN
https://openalex.org/F4320327876,NIHR Greater Manchester Patient Safety Translational Research Centre,GB
https://openalex.org/F4320314703,American Academy of Sleep Medicine Foundation,US
https://openalex.org/F4320314081,Colorectal Cancer Alliance,US
https://openalex.org/F4320308386,Alpha Omega Alpha Honor Medical Society,US
https://openalex.org/F4320313938,Communauté Université Grenoble Alpes,FR
https://openalex.org/F4320325388,"Ministry of Ayurveda, Yoga and Naturopathy, Unani, Siddha and Homoeopathy",IN
https://openalex.org/F4320328592,Conseil régional du Grand Est,FR
https://openalex.org/F4320326645,Genome Atlantic,CA
https://openalex.org/F4320329013,Blood Cancer UK,GB
https://openalex.org/F4320330122,Southwest Minzu University,CN
https://openalex.org/F4320326896,State Key Laboratory of Pharmaceutical Biotechnology,CN
https://openalex.org/F4320336728,State Key Laboratory for Chemistry and Molecular Engineering of Medicinal Resources,CN
https://openalex.org/F4320327363,"Centre Lyonnais d'Acoustique, Université de Lyon",FR
https://openalex.org/F4320325070,Suomen Tuberkuloosin Vastustamisyhdistyksen Säätiö,FI
https://openalex.org/F4320327046,State Key Laboratory for Diagnosis and Treatment of Infectious Diseases,CN
https://openalex.org/F4320335446,Chongqing Youth Science and Technology Talent Training Project,CN
https://openalex.org/F4320335889,Interdisciplinary Medicine Seed Fund of Peking University,CN
https://openalex.org/F4320314250,Ministry for Primary Industries,NZ
https://openalex.org/F4320325703,Tommy's,GB
https://openalex.org/F4320312588,Fashion Footwear Association of New York,US
https://openalex.org/F4320337870,"Clinical and Translational Science Institute, University of California, Los Angeles",US
https://openalex.org/F4320326684,Guangzhou Municipal Health and Family Planning Commission,CN
https://openalex.org/F4320322430,Northern Counties Kidney Research Fund,GB
https://openalex.org/F4320328634,"Medical Scientific Research Foundation of Zhejiang Province, China",CN
https://openalex.org/F4320326277,Stiftelsen Jubileumsklinikens Forskningsfond mot Cancer,SE
https://openalex.org/F4320325953,Fondazione per la Ricerca Biomedica,IT
https://openalex.org/F4320313553,American Ornithological Society,US
https://openalex.org/F4320318847,Korea Medical Device Development Fund,KR
https://openalex.org/F4320312499,European Society of Surgical Oncology,BE
https://openalex.org/F4320335672,Key Laboratory of Advanced Functional Materials of Jiangsu Province,CN
https://openalex.org/F4320322045,Korea Health and Welfare Information Service,KR
https://openalex.org/F4320336788,Belgian Health Care Knowledge Centre,BE
https://openalex.org/F4320335515,"School of Medicine, Tokai University",JP
https://openalex.org/F4320320520,ACT Health,AU
https://openalex.org/F4320325941,Fondation pour la Recherche Nuovo-Soldati,CH
https://openalex.org/F4320338387,EIT Digital,
https://openalex.org/F4320325556,Anhui University of Chinese Medicine,CN
https://openalex.org/F4320333436,"Translational Science Center, Wake Forest University",US
https://openalex.org/F4320316600,California Walnut Commission,US
https://openalex.org/F4320317172,International Centre for Theoretical Sciences,IN
https://openalex.org/F4320316772,Region Östergötland,SE
https://openalex.org/F4320326367,Fabrikant Einar Willumsens Mindelegat,DK
https://openalex.org/F4320316981,Hoansha Foundation,JP
https://openalex.org/F4320335387,"Medizinische Fakultät, Heinrich-Heine-Universität Düsseldorf",DE
https://openalex.org/F4320315607,Fondation Air Liquide,FR
https://openalex.org/F4320334294,"Harrington Discovery Institute, University Hospitals",US
https://openalex.org/F4320338467,Major Scientific and Technological Project of Zhejiang Province,CN
https://openalex.org/F4320330182,"State Key Laboratory of Biobased Material and Green Papermaking, Qilu University of Technology",CN
https://openalex.org/F4320333884,"Tao Yuan General Hospital, Ministry of Health and Welfare",TW
https://openalex.org/F4320315691,Precise Measurement Technology Promotion Foundation,JP
https://openalex.org/F4320318621,Waalse Gewest,BE
https://openalex.org/F4320326551,"Instituto Tecnológico y de Estudios Superiores de Occidente, Universidad Jesuita de Guadalajara",MX
https://openalex.org/F4320336645,High-level Hospital Construction Project of Guangdong Provincial People's Hospital,CN
https://openalex.org/F4320314445,National Institutes for Water Resources,US
https://openalex.org/F4320335700,Shanghai Minhang Health And Family Planning Commission,CN
https://openalex.org/F4320313769,Oakley Mental Health Research Foundation,NZ
https://openalex.org/F4320334051,"Center for AIDS Research, Johns Hopkins University",US
https://openalex.org/F4320335868,China Agricultural University Education Foundation,CN
https://openalex.org/F4320337742,Defense and Veterans Brain Injury Center,US
https://openalex.org/F4320314010,Iris O'Brien Foundation,IE
https://openalex.org/F4320337764,Third Health Programme,
https://openalex.org/F4320329190,KU-KIST Graduate School of Converging Science and Technology,KR
https://openalex.org/F4320335989,Sinopec Ministry of Science and Technology Basic Prospective Research Project,CN
https://openalex.org/F4320322738,Icelandic Ministry of Fisheries and Agriculture,IS
https://openalex.org/F4320336018,National Clinical Key Specialty Project Foundation,CN
https://openalex.org/F4320327095,Guangdong Key Laboratory of High Performance and Functional Polymer Materials,CN
https://openalex.org/F4320327274,Hong Kong Arts Development Council,HK
https://openalex.org/F4320336500,Peking University Health Science Center,CN
https://openalex.org/F4320325435,Changhai Hospital of Shanghai,CN
https://openalex.org/F4320329841,Guangdong Provincial Key Laboratory of Construction Foundation,CN
https://openalex.org/F4320335859,Berrikuntza + Ikerketa + Osasuna Eusko Fundazioa,ES
https://openalex.org/F4320315717,National Cancer Center Japan,JP
https://openalex.org/F4320325962,Norwegian Fund for Post-Graduate Training in Physiotherapy,NO
https://openalex.org/F4320329131,Kids Brain Health Network,CA
https://openalex.org/F4320333022,Amgen Canada,CA
https://openalex.org/F4320317779,Zhejiang Provincial Postdoctoral Science Foundation,CN
https://openalex.org/F4320326246,Science and Technology Bureau of Nanchang City,CN
https://openalex.org/F4320317020,Food Science Institute Foundation,JP
https://openalex.org/F4320336275,"Vice Chancellor for Research and Technology, Hamadan University of Medical Sciences",IR
https://openalex.org/F4320335963,Open Foundation of National Research Center of Pumps,CN
https://openalex.org/F4320330882,European Research Area Network on Cardiovascular Diseases,DE
https://openalex.org/F4320327694,TOBE MAKI Scholarship Foundation,JP
https://openalex.org/F4320334287,"Clinical and Translational Science Institute, University of Florida",US
https://openalex.org/F4320333868,Clinical Science Research and Development,US
https://openalex.org/F4320333743,"Markey Cancer Center, University of Kentucky",US
https://openalex.org/F4320333284,"Center for Innovative Medicine, Johns Hopkins University",US
https://openalex.org/F4320336629,Special Project of Central Government for Local Science and Technology Development of Hubei Province,CN
https://openalex.org/F4320334062,National Natural Science Foundation of China-Liaoning Joint Fund,CN
https://openalex.org/F4320313880,"Department of Economic Development, Jobs, Transport and Resources, State Government of Victoria",AU
https://openalex.org/F4320325261,EP-Nuffic,NL
https://openalex.org/F4320325349,Tamil Nadu State Council for Higher Education,IN
https://openalex.org/F4320313218,Fundación Bancaria Caja de Ahorros de Asturias,ES
https://openalex.org/F4320330673,South-Central University for Nationalities,CN
https://openalex.org/F4320335382,"Aarhus Institute of Advanced Studies, Aarhus Universitet",DK
https://openalex.org/F4320317798,Health Commission of Hubei Province,CN
https://openalex.org/F4320321369,Hoseo University,KR
https://openalex.org/F4320327798,Science and Technology Project of Longyan City,CN
https://openalex.org/F4320313185,Sheikh Hamdan Bin Rashid Al Maktoum Award for Medical Sciences,AE
https://openalex.org/F4320326162,ELMA Foundation,ZA
https://openalex.org/F4320307689,Prostate Cancer Research & Education Foundation,US
https://openalex.org/F4320336451,"Bilimsel Araştırma Projeleri, Erciyes Üniversitesi",TR
https://openalex.org/F4320333255,"Digestive Diseases Reseach Core Center, University of Chicago",US
https://openalex.org/F4320309312,Fullerton College Foundation,US
https://openalex.org/F4320328824,Seoul Metropolitan Government Seoul National University Boramae Medical Center,KR
https://openalex.org/F4320336207,"Conselleria de Cultura, Educación y Ciencia, Generalitat Valenciana",ES
https://openalex.org/F4320329792,Shenzhen International Cooperation Research Project,CN
https://openalex.org/F4320313899,College of Optometrists,GB
https://openalex.org/F4320314331,Centre de Recherches Mathématiques,CA
https://openalex.org/F4320336585,Foundation Research Project of Jiangsu Province,CN
https://openalex.org/F4320309777,Lee Hysan Foundation,HK
https://openalex.org/F4320317581,Health Commission of Hunan Province,CN
https://openalex.org/F4320317802,Jiangsu Commission of Health,CN
https://openalex.org/F4320316095,Recherches Avancées sur la Biologie de l’Arbre et les Ecosystèmes Forestiers,FR
https://openalex.org/F4320327832,Shantou Science and Technology Project,CN
https://openalex.org/F4320327495,Huai’an Science and Technology Bureau,CN
https://openalex.org/F4320312413,OmniActive Health Technologies,US
https://openalex.org/F4320336621,Shenyang Young and Middle-aged Science and Technology Innovation Talent Support Program,CN
https://openalex.org/F4320319716,Massachusetts Consortium on Pathogen Readiness,US
https://openalex.org/F4320335463,"Liver and Gastrointestinal Diseases Research Center, Tabriz University of Medical Sciences",IR
https://openalex.org/F4320329370,"Departamento de Salud, Gobierno de Navarra",ES
https://openalex.org/F4320314153,"Joint Programming Initiative More Years, Better Lives",NL
https://openalex.org/F4320312319,Percy Falks Stiftelse för Forskning Beträffande Prostata- och Bröstcancer,SE
https://openalex.org/F4320330327,Bio-Based Industries Joint Undertaking,BE
https://openalex.org/F4320326904,State Key Laboratory of Neuroscience,CN
https://openalex.org/F4320330720,Jiangsu Agriculture Research System,CN
https://openalex.org/F4320326618,Innóvate Perú,PE
https://openalex.org/F4320327722,Guangdong Provincial Key Laboratory of Prevention and Control for Severe Clinical Animal Diseases,CN
https://openalex.org/F4320337723,"School of Medicine, University of California, San Diego",US
https://openalex.org/F4320333925,"Medical College of Georgia, Augusta University",US
https://openalex.org/F4320328293,Boehringer Ingelheim France,FR
https://openalex.org/F4320325969,Allmänna Sjukhusets i Malmö Stiftelse för Bekämpande av Cancer,SE
https://openalex.org/F4320329539,Xuzhou Science and Technology Bureau,CN
https://openalex.org/F4320335461,Jiangsu Key Laboratory of Agricultural Meteorology Foundation,CN
https://openalex.org/F4320329862,Natural Science Foundation of Tibet Autonomous Region,CN
https://openalex.org/F4320325929,Stichting Zeldzame Ziekten Fonds,NL
https://openalex.org/F4320335608,"Care and Public Health Research Institute, Universiteit Maastricht",NL
https://openalex.org/F4320316534,Korea University Guro Hospital,KR
https://openalex.org/F4320328701,YangZhou Science and Technology Bureau,CN
https://openalex.org/F4320329621,Cancer Research UK Manchester Centre,GB
https://openalex.org/F4320333643,Shandong Education Science Plan,CN
https://openalex.org/F4320330403,Medical and Health Science and Technology Development Project of Shandong Province,CN
https://openalex.org/F4320326703,Shandong Provincial Finance Department,CN
https://openalex.org/F4320327111,Fondation MAIF,FR
https://openalex.org/F4320328749,Hunan University of Chinese Medicine,CN
https://openalex.org/F4320325690,Northern Ireland Chest Heart and Stroke,GB
https://openalex.org/F4320336396,Digestive Medical Coordinated Development Center of Beijing Hospitals Authority,CN
https://openalex.org/F4320336819,Science Fund for Distinguished Young Scholars of Hubei Province,CN
https://openalex.org/F4320313283,Foundation for Liver Research,GB
https://openalex.org/F4320336395,"Department of Health, Taipei City Government",TW
https://openalex.org/F4320325982,Ernhold Lundströms stiftelse,SE
https://openalex.org/F4320333459,Swiss Re Foundation,CH
https://openalex.org/F4320314907,Humanities in the European Research Area,IE
https://openalex.org/F4320330773,Health Commission of Sichuan Province,CN
https://openalex.org/F4320307432,American Association for the Surgery of Trauma,US
https://openalex.org/F4320325389,Ministerstvo Pôdohospodárstva a Rozvoja Vidieka Slovenskej Republiky,SK
https://openalex.org/F4320335530,"Board of College and University Development, Savitribai Phule Pune University",IN
https://openalex.org/F4320316136,Groupe Lipides et Nutrition,FR
https://openalex.org/F4320328089,European Association of Cardiovascular Imaging,FR
https://openalex.org/F4320329656,Youth Foundation of Hebei Educational Committee,CN
https://openalex.org/F4320317617,E-Rare,
https://openalex.org/F4320335409,"Livsvitenskap, Universitetet i Oslo",NO
https://openalex.org/F4320336640,Special Project of Cultivation and Development of Innovation Base,CN
https://openalex.org/F4320316533,Korean Society of Cardiology,KR
https://openalex.org/F4320336610,Outstanding Youth Science and Technology Talents Program of Sichuan,CN
https://openalex.org/F4320315261,CHEO Research Institute,CA
https://openalex.org/F4320325483,Osaka Gas Group Welfare Foundation,JP
https://openalex.org/F4320328487,Państwowy Instytut Weterynaryjny - Państwowy Instytut Badawczy,PL
https://openalex.org/F4320328012,Jane och Dan Olssons Stiftelse,SE
https://openalex.org/F4320324380,Associação Brasileira de Distrofia Muscular,BR
https://openalex.org/F4320325448,Japanese Foundation for Prostate Research,JP
https://openalex.org/F4320314083,Mendez National Institute of Transplantation Foundation,US
https://openalex.org/F4320315207,British Neuropathological Society,GB
https://openalex.org/F4320335991,Startup Project for High-level Talents of Guizhou Institute of Technology,CN
https://openalex.org/F4320325545,European Society of Contraception and Reproductive Health,BE
https://openalex.org/F4320336073,"Medizinische Fakultät, Universität Leipzig",DE
https://openalex.org/F4320311554,Tony’s Prostate Cancer Research,US
https://openalex.org/F4320334067,"Rogel Cancer Center, University of Michigan",US
https://openalex.org/F4320328295,AstraZeneca Pharma Poland,PL
https://openalex.org/F4320329191,Korea University Anam Hospital,KR
https://openalex.org/F4320325253,GambleAware,GB
https://openalex.org/F4320312470,Pediatric Orthopaedic Society of North America,US
https://openalex.org/F4320313201,National Cancer Centre of Singapore,SG
https://openalex.org/F4320307695,Jacob Randall Foundation for Morquio,US
https://openalex.org/F4320321088,Australian College of Nursing,AU
https://openalex.org/F4320325578,Secretaría de Salud,MX
https://openalex.org/F4320332950,Shanghai Aircraft Manufacturing Company,CN
https://openalex.org/F4320316751,Japan Advanced Institute of Science and Technology,JP
https://openalex.org/F4320317014,Bethune Charitable Foundation,CN
https://openalex.org/F4320329052,Marine S&T Fund of Shandong Province,CN
https://openalex.org/F4320326151,Tangshan Science and Technology Bureau,CN
https://openalex.org/F4320326714,Department of Health of Guizhou Province,CN
https://openalex.org/F4320329086,World Animal Protection,GB
https://openalex.org/F4320325924,Putian Science and Technology Bureau,CN
https://openalex.org/F4320325910,Beijing Municipal Administration of Traditional Chinese Medicine,CN
https://openalex.org/F4320336245,"State Key Laboratory of Nuclear Physics and Technology, Peking University",CN
https://openalex.org/F4320336638,Yangcheng Scholars Research Project of Guangzhou,CN
https://openalex.org/F4320335474,Research Foundation for Advanced Talents of Ludong University,CN
https://openalex.org/F4320313995,Barrow Neurological Institute,US
https://openalex.org/F4320315866,Center for Advanced Imaging Innovation and Research,US
https://openalex.org/F4320330105,Brockman Foundation,BM
https://openalex.org/F4320325407,Nanjing Municipal Health Bureau,CN
https://openalex.org/F4320335656,Shenzhen Key Laboratory of Neuropsychiatric Modulation,CN
https://openalex.org/F4320331172,Canadian Frailty Network,CA
https://openalex.org/F4320316496,Taiju Life Social Welfare Foundation,JP
https://openalex.org/F4320316891,Third Coast Center for AIDS Research,US
https://openalex.org/F4320313696,Bryon Riesch Paralysis Foundation,US
https://openalex.org/F4320329462,Høgskolen i Innlandet,NO
https://openalex.org/F4320328602,Korean Society for Transplantation,KR
https://openalex.org/F4320329284,Yulgilbar Foundation,AU
https://openalex.org/F4320315468,European Society of Musculoskeletal Radiology,AT
https://openalex.org/F4320327737,Sjællands Universitetshospital,DK
https://openalex.org/F4320330404,"Applied Basic Research Project of Shanxi Province, China",CN
https://openalex.org/F4320336276,"Kangdong Sacred Heart Hospital, Hallym University",KR
https://openalex.org/F4320336646,Innovation Program in Military Medicine of Chinese People’s Liberation Army,CN
https://openalex.org/F4320316993,Lisa Dean Moseley Foundation,US
https://openalex.org/F4320325697,"Faculty of Health and Medical Sciences, University of Western Australia",AU
https://openalex.org/F4320323009,Fundação Ary Frauzino para Pesquisa e Controle do Câncer,BR
https://openalex.org/F4320316755,Rare Diseases Clinical Research Network,US
https://openalex.org/F4320333155,"Transdisciplinary Research Academy, Texas Tech University",US
https://openalex.org/F4320328875,Hebei Province Medical Science Research Key Project,CN
https://openalex.org/F4320335541,"Faculteit Ingenieurswetenschappen en Architectuur, Universiteit Gent",BE
https://openalex.org/F4320327019,National Key Laboratory of Science and Technology on Micro/Nano Fabrication,CN
https://openalex.org/F4320329839,Construction Project of Fujian Province Minimally Invasive Medical Center,CN
https://openalex.org/F4320321238,Howon University,KR
https://openalex.org/F4320326588,Luzhou Medical College,CN
https://openalex.org/F4320328530,Foundation for Scientific and Technological Development in Health,BR
https://openalex.org/F4320316318,Fuzhou Science and Technology Bureau,CN
https://openalex.org/F4320313548,Midwest Center for Occupational Health and Safety,US
https://openalex.org/F4320327080,Nanyang Science and Technology Information Network,CN
https://openalex.org/F4320309231,ARC of the Piedmont,US
https://openalex.org/F4320322661,Starmed,KR
https://openalex.org/F4320310828,Kohn Foundation,GB
https://openalex.org/F4320319249,Belmont Forum,UY
https://openalex.org/F4320330880,Santa Casa da Misericórdia de Lisboa,PT
https://openalex.org/F4320325815,Türk Kardiyoloji Derneği,TR
https://openalex.org/F4320327079,Baoding City Science and Technology and Intellectual Property Bureau,CN
https://openalex.org/F4320319118,Veterans Administration Medical Center,US
https://openalex.org/F4320329686,CAMS Central Public Welfare Scientific Research Institute Basal Research Expenses,CN
https://openalex.org/F4320325779,Dechra Veterinary Products,GB
https://openalex.org/F4320337076,Rashtriya Uchchatar Shiksha Abhiyan,IN
https://openalex.org/F4320317568,Japanese Society of Hematology,JP
https://openalex.org/F4320325695,Cystinosis Ireland,IE
https://openalex.org/F4320318736,Gujarat Council on Science and Technology,IN
https://openalex.org/F4320324613,"Medicinski Fakultet, Sveučilište u Zagrebu",HR
https://openalex.org/F4320314402,Afya Bora Consortium,US
https://openalex.org/F4320329414,Instituto Nacional de Ciência e Tecnologia em Biodiversidade e Produtos Naturais,BR
https://openalex.org/F4320315900,Fondazione Barilla Center for Food and Nutrition,IT
https://openalex.org/F4320332910,"College of Veterinary Medicine, University of Tennessee",US
https://openalex.org/F4320321812,Nederlandse Stichting Zuivel voor Voeding en Gezondheid,NL
https://openalex.org/F4320333900,"College of Natural Science, Michigan State University",US
https://openalex.org/F4320327983,Ottogi Corporation,KR
https://openalex.org/F4320334948,Uijeongbu St. Mary’s Hospital,KR
https://openalex.org/F4320334175,NIHR BioResource,GB
https://openalex.org/F4320318650,Foundation for a Smoke-Free World,US
https://openalex.org/F4320329827,China Health Promotion Foundation,CN
https://openalex.org/F4320317418,Arla Foods Ingredients Group,DK
https://openalex.org/F4320316088,Hangzhou Municipal Health and Family Planning Commission,CN
https://openalex.org/F4320316666,National Strength and Conditioning Association,US
https://openalex.org/F4320325468,Helse Nord-Trøndelag,NO
https://openalex.org/F4320316289,Ulusal Bor Araştırma Enstitüsü,TR
https://openalex.org/F4320314434,American Psychiatric Nurses Association,US
https://openalex.org/F4320316341,Guangdong Provincial Translational Medicine Innovation Platform for Diagnosis and Treatment of Major Neurological Disease,CN
https://openalex.org/F4320334120,Science Fund for Distinguished Young Scholars of Xinjiang Autonomous Region,CN
https://openalex.org/F4320315578,Fondation de l’Université Laval,CA
https://openalex.org/F4320317804,Tianjin Municipal Health Commission,CN
https://openalex.org/F4320323182,"Núcleo de Estudos, Pesquisa e Assessoria à Saúde",BR
https://openalex.org/F4320334179,"Health Science Center, University of North Texas",US
https://openalex.org/F4320316956,Motor Neurone Disease Research Australia,AU
https://openalex.org/F4320328859,"Ministerio de Sanidad, Consumo y Bienestar",ES
https://openalex.org/F4320329257,Guangdong Provincial Key Laboratory of Animal Molecular Design and Precise Breeding,CN
https://openalex.org/F4320333491,Palo Alto Medical Foundation,US
https://openalex.org/F4320337939,"Center for AIDS Research, University of California Los Angeles",US
https://openalex.org/F4320315710,Orthopaedic Institute Limited,GB
https://openalex.org/F4320317719,Nemzetgazdasági Minisztérium,HU
https://openalex.org/F4320314697,Indiana University Health Foundation,US
https://openalex.org/F4320336096,"Astellas Pharma, Netherlands",NL
https://openalex.org/F4320317828,Nora Eccles Treadwell Foundation,US
https://openalex.org/F4320336258,Hunan Provincial Key Laboratory of Traditional Chinese Medicine Diagnostics,CN
https://openalex.org/F4320313118,A Breath of Hope Lung Foundation,US
https://openalex.org/F4320336492,Ferring Research Institute,US
https://openalex.org/F4320333802,"Farmaceutická fakulta, Univerzita Komenského v Bratislave",SK
https://openalex.org/F4320337792,Air Force Surgeon General,US
https://openalex.org/F4320328951,Suomen Onkologiayhdistys,FI
https://openalex.org/F4320314797,Cockrell Foundation,US
https://openalex.org/F4320309921,Bloddonorerne i Danmark,DK
https://openalex.org/F4320316372,Japanese Society of Anesthesiologists,JP
https://openalex.org/F4320328134,"Universitatea de Medicină, Farmacie, Științe și Tehnologie din Târgu Mureș",RO
https://openalex.org/F4320330245,Sociedad Española de Farmacia Familiar y Comunitaria,ES
https://openalex.org/F4320312476,Österreichische Gesellschaft für Neurowissenschaften,AT
https://openalex.org/F4320319682,Instituto D'Or de Pesquisa e Ensino,BR
https://openalex.org/F4320312504,International Society of Oncology Pharmacy Practitioners,CA
https://openalex.org/F4320330616,Santander Universities,GB
https://openalex.org/F4320316678,Iqra University,PK
https://openalex.org/F4320331199,Waterford Institute of Technology,IE
https://openalex.org/F4320331797,Munster Technological University,IE
https://openalex.org/F4320332005,Fondation Princesse Grace de Monaco,MC
https://openalex.org/F4320321001,National Natural Science Foundation of China,CN
https://openalex.org/F4320332161,National Institutes of Health,US
https://openalex.org/F4320306076,National Science Foundation,US
https://openalex.org/F4320320879,Deutsche Forschungsgemeinschaft,DE
https://openalex.org/F4320335777,National Key Research and Development Program of China,CN
https://openalex.org/F4320320912,"Ministry of Education, Culture, Sports, Science and Technology",JP
https://openalex.org/F4320335787,Fundamental Research Funds for the Central Universities,CN
https://openalex.org/F4320322120,National Research Foundation of Korea,KR
https://openalex.org/F4320334593,Natural Sciences and Engineering Research Council of Canada,CA
https://openalex.org/F4320334764,Japan Society for the Promotion of Science,JP
https://openalex.org/F4320321543,China Postdoctoral Science Foundation,CN
https://openalex.org/F4320321540,Ministry of Science and Technology of the People's Republic of China,CN
https://openalex.org/F4320334704,Australian Research Council,AU
https://openalex.org/F4320334627,Engineering and Physical Sciences Research Council,GB
https://openalex.org/F4320334678,European Research Council,
https://openalex.org/F4320321106,Ministry of Education of the People's Republic of China,CN
https://openalex.org/F4320320300,European Commission,
https://openalex.org/F4320322025,Conselho Nacional de Desenvolvimento Científico e Tecnológico,BR
https://openalex.org/F4320337351,National Cancer Institute,US
https://openalex.org/F4320320924,Schweizerischer Nationalfonds zur Förderung der Wissenschaftlichen Forschung,CH
https://openalex.org/F4320321133,Chinese Academy of Sciences,CN
https://openalex.org/F4320322725,China Scholarship Council,CN
https://openalex.org/F4320337354,National Institute of General Medical Sciences,US
https://openalex.org/F4320321837,Ministerio de Economía y Competitividad,ES
https://openalex.org/F4320337346,National Institute of Mental Health,US
https://openalex.org/F4320320883,Agence Nationale de la Recherche,FR
https://openalex.org/F4320322769,Natural Science Foundation of Jiangsu Province,CN
https://openalex.org/F4320321114,Bundesministerium für Bildung und Forschung,DE
https://openalex.org/F4320321091,Coordenação de Aperfeiçoamento de Pessoal de Nível Superior,BR
https://openalex.org/F4320334506,Canadian Institutes of Health Research,CA
https://openalex.org/F4320338335,H2020 European Research Council,
https://openalex.org/F4320335322,European Regional Development Fund,
https://openalex.org/F4320334626,Medical Research Council,GB
https://openalex.org/F4320338279,Air Force Office of Scientific Research,US
https://openalex.org/F4320337480,Basic Energy Sciences,US
https://openalex.org/F4320306101,National Aeronautics and Space Administration,US
https://openalex.org/F4320337345,Office of Naval Research,US
https://openalex.org/F4320337355,National Institute of Allergy and Infectious Diseases,US
https://openalex.org/F4320322581,Vetenskapsrådet,SE
https://openalex.org/F4320320997,Fundação de Amparo à Pesquisa do Estado de São Paulo,BR
https://openalex.org/F4320334705,National Health and Medical Research Council,AU
https://openalex.org/F4320322795,"Ministry of Science and Technology, Taiwan",TW
https://openalex.org/F4320337338,"National Heart, Lung, and Blood Institute",US
https://openalex.org/F4320321921,Natural Science Foundation of Guangdong Province,CN
https://openalex.org/F4320307874,Wellcome,GB
https://openalex.org/F4320337337,National Institute on Aging,US
https://openalex.org/F4320334629,Biotechnology and Biological Sciences Research Council,GB
https://openalex.org/F4320321800,Nederlandse Organisatie voor Wetenschappelijk Onderzoek,NL
https://openalex.org/F4320334779,Fundação para a Ciência e a Tecnologia,PT
https://openalex.org/F4320334960,Seventh Framework Programme,
https://openalex.org/F4320338281,Army Research Office,US
https://openalex.org/F4320337357,National Institute of Diabetes and Digestive and Kidney Diseases,US
https://openalex.org/F4320324174,Natural Science Foundation of Shandong Province,CN
https://openalex.org/F4320337359,National Institute of Neurological Disorders and Stroke,US
https://openalex.org/F4320306078,U.S. Department of Defense,US
https://openalex.org/F4320321108,Academy of Finland,FI
https://openalex.org/F4320321885,Science and Technology Commission of Shanghai Municipality,CN
https://openalex.org/F4320338464,Natural Science Foundation of Zhejiang Province,CN
https://openalex.org/F4320334771,Science and Engineering Research Board,IN
https://openalex.org/F4320332999,Horizon 2020 Framework Programme,
https://openalex.org/F4320322930,Ministerio de Ciencia e Innovación,ES
https://openalex.org/F4320322919,Natural Science Foundation of Beijing Municipality,CN
https://openalex.org/F4320321079,Russian Foundation for Basic Research,RU
https://openalex.org/F4320306082,Howard Hughes Medical Institute,US
https://openalex.org/F4320306137,Bill and Melinda Gates Foundation,US
https://openalex.org/F4320337393,Division of Chemistry,US
https://openalex.org/F4320322349,"Ministry of Education, Science and Technology",KR
https://openalex.org/F4320320719,"Department of Science and Technology, Ministry of Science and Technology, India",IN
https://openalex.org/F4320321181,Austrian Science Fund,AT
https://openalex.org/F4320322511,Narodowe Centrum Nauki,PL
https://openalex.org/F4320332180,Defense Advanced Research Projects Agency,US
https://openalex.org/F4320321408,Ministry of Education,KR
https://openalex.org/F4320319990,National Institute for Health and Care Research,GB
https://openalex.org/F4320322030,"Ministry of Science, ICT and Future Planning",KR
https://openalex.org/F4320337347,National Institute on Drug Abuse,US
https://openalex.org/F4320334789,Japan Science and Technology Agency,JP
https://openalex.org/F4320320721,"Council of Scientific and Industrial Research, India",IN
https://openalex.org/F4320323299,Norges Forskningsråd,NO
https://openalex.org/F4320320006,Royal Society,GB
https://openalex.org/F4320321006,Grantová Agentura České Republiky,CZ
https://openalex.org/F4320308269,Alexander von Humboldt-Stiftung,DE
https://openalex.org/F4320320751,Ministry of Education - Singapore,SG
https://openalex.org/F4320337367,Division of Materials Research,US
https://openalex.org/F4320324099,Russian Science Foundation,RU
https://openalex.org/F4320333065,Seventh Framework Programme,
https://openalex.org/F4320334631,Natural Environment Research Council,GB
https://openalex.org/F4320321040,National Science Council,TW
https://openalex.org/F4320321873,"Ministero dell’Istruzione, dell’Università e della Ricerca",IT
https://openalex.org/F4320327518,Priority Academic Program Development of Jiangsu Higher Education Institutions,CN
https://openalex.org/F4320311904,Wellcome Trust,GB
https://openalex.org/F4320322252,Israel Science Foundation,IL
https://openalex.org/F4320306230,American Heart Association,US
https://openalex.org/F4320334924,Program for New Century Excellent Talents in University,CN
https://openalex.org/F4320306114,U.S. Department of Agriculture,US
https://openalex.org/F4320320709,National Research Foundation Singapore,SG
https://openalex.org/F4320321592,"Research Grants Council, University Grants Committee",HK
https://openalex.org/F4320322892,Centre National de la Recherche Scientifique,FR
https://openalex.org/F4320321739,Consejo Nacional de Ciencia y Tecnología,MX
https://openalex.org/F4320306196,Welch Foundation,US
https://openalex.org/F4320320671,National Research Foundation,ZA
https://openalex.org/F4320321730,Fonds Wetenschappelijk Onderzoek,BE
https://openalex.org/F4320320767,University Grants Commission,IN
https://openalex.org/F4320337472,National Center for Advancing Translational Sciences,US
https://openalex.org/F4320319985,Cancer Research UK,GB
https://openalex.org/F4320327912,Higher Education Discipline Innovation Project,CN
https://openalex.org/F4320322847,Youth Innovation Promotion Association of the Chinese Academy of Sciences,CN
https://openalex.org/F4320334632,Science and Technology Facilities Council,GB
https://openalex.org/F4320332299,National Institute of Food and Agriculture,US
https://openalex.org/F4320337361,National Institute of Environmental Health Sciences,US
https://openalex.org/F4320338337,H2020 Marie Skłodowska-Curie Actions,
https://openalex.org/F4320335254,Horizon 2020,
https://openalex.org/F4320334630,Economic and Social Research Council,GB
https://openalex.org/F4320321764,"Ministerio de Educación, Cultura y Deporte",ES
https://openalex.org/F4320307765,Pfizer,US
https://openalex.org/F4320334923,Instituto de Salud Carlos III,ES
https://openalex.org/F4320320847,Science Foundation Ireland,IE
https://openalex.org/F4320322434,Max-Planck-Gesellschaft,DE
https://openalex.org/F4320321005,"Ministerstvo Školství, Mládeže a Tělovýchovy",CZ
https://openalex.org/F4320319993,Leverhulme Trust,GB
https://openalex.org/F4320337363,National Institute of Biomedical Imaging and Bioengineering,US
https://openalex.org/F4320336024,Specialized Research Fund for the Doctoral Program of Higher Education of China,CN
https://openalex.org/F4320322186,Natural Science Foundation of Hubei Province,CN
https://openalex.org/F4320322327,Knut och Alice Wallenbergs Stiftelse,SE
https://openalex.org/F4320306095,American Cancer Society,US
https://openalex.org/F4320320994,Canada Research Chairs,CA
https://openalex.org/F4320309612,Natural Science Foundation of Shanghai,CN
https://openalex.org/F4320320366,European Cooperation in Science and Technology,BE
https://openalex.org/F4320338080,European Social Fund,
https://openalex.org/F4320306080,Foundation for the National Institutes of Health,US
https://openalex.org/F4320334617,Social Sciences and Humanities Research Council of Canada,CA
https://openalex.org/F4320337364,National Institute of Child Health and Human Development,US
https://openalex.org/F4320321912,Ministry of Education and Science of the Russian Federation,RU
https://openalex.org/F4320321709,"Ministry of Higher Education, Malaysia",MY
https://openalex.org/F4320323993,Natural Science Foundation of Tianjin City,CN
https://openalex.org/F4320337611,Eunice Kennedy Shriver National Institute of Child Health and Human Development,US
https://openalex.org/F4320338075,Core Research for Evolutional Science and Technology,JP
https://openalex.org/F4320321945,"Ministry of Health, Labour and Welfare",JP
https://openalex.org/F4320311405,Japan Agency for Medical Research and Development,JP
https://openalex.org/F4320306164,Simons Foundation,US
https://openalex.org/F4320322843,Natural Science Foundation of Hunan Province,CN
https://openalex.org/F4320319992,British Heart Foundation,GB
https://openalex.org/F4320306127,U.S. Department of Veterans Affairs,US
https://openalex.org/F4320306202,Gordon and Betty Moore Foundation,US
https://openalex.org/F4320321594,Consejo Nacional de Investigaciones Científicas y Técnicas,AR
https://openalex.org/F4320321505,Generalitat de Catalunya,ES
https://openalex.org/F4320337375,National Center for Research Resources,US
https://openalex.org/F4320306151,Alfred P. Sloan Foundation,US
https://openalex.org/F4320335595,National Natural Science Foundation of China-Yunnan Joint Fund,CN
https://openalex.org/F4320337390,"Division of Chemical, Bioengineering, Environmental, and Transport Systems",US
https://openalex.org/F4320322320,King Abdullah University of Science and Technology,SA
https://openalex.org/F4320321033,Svenska Forskningsrådet Formas,SE
https://openalex.org/F4320321681,"Ministry of Trade, Industry and Energy",KR
https://openalex.org/F4320323054,Associazione Italiana per la Ricerca sul Cancro,IT
https://openalex.org/F4320335353,National Science Foundation of Sri Lanka,LK
https://openalex.org/F4320321878,Natural Science Foundation of Fujian Province,CN
https://openalex.org/F4320337348,National Human Genome Research Institute,US
https://openalex.org/F4320337330,National Institute on Alcohol Abuse and Alcoholism,US
https://openalex.org/F4320319952,Canada Foundation for Innovation,CA
https://openalex.org/F4320307770,AstraZeneca,GB
https://openalex.org/F4320337362,National Institute of Arthritis and Musculoskeletal and Skin Diseases,US
https://openalex.org/F4320320875,Deutscher Akademischer Austauschdienst,DE
https://openalex.org/F4320307773,GlaxoSmithKline,GB
https://openalex.org/F4320334897,Natural Science Foundation of Anhui Province,CN
https://openalex.org/F4320334832,Agencia Nacional de Promoción Científica y Tecnológica,AR
https://openalex.org/F4320320893,Institut National de la Santé et de la Recherche Médicale,FR
https://openalex.org/F4320320698,National University of Singapore,SG
https://openalex.org/F4320307778,Novartis,CH
https://openalex.org/F4320325957,Novo Nordisk Fonden,DK
https://openalex.org/F4320321595,Federación Española de Enfermedades Raras,ES
https://openalex.org/F4320320943,Danmarks Grundforskningsfond,DK
https://openalex.org/F4320322554,Javna Agencija za Raziskovalno Dejavnost RS,SI
https://openalex.org/F4320337368,Division of Graduate Education,US
https://openalex.org/F4320322729,"Ministarstvo Prosvete, Nauke i Tehnološkog Razvoja",RS
https://openalex.org/F4320321605,Government of Jiangsu Province,CN
https://openalex.org/F4320322749,Fundação Carlos Chagas Filho de Amparo à Pesquisa do Estado do Rio de Janeiro,BR
https://openalex.org/F4320337350,National Eye Institute,US
https://openalex.org/F4320321864,Generalitat Valenciana,ES
https://openalex.org/F4320322980,Fundação de Amparo à Pesquisa do Estado de Minas Gerais,BR
https://openalex.org/F4320338352,FP7 Ideas: European Research Council,
https://openalex.org/F4320320717,"Department of Biotechnology, Ministry of Science and Technology, India",IN
https://openalex.org/F4320321978,State Administration of Foreign Experts Affairs,CN
https://openalex.org/F4320323085,Natural Science Foundation of Heilongjiang Province,CN
https://openalex.org/F4320324173,Natural Science Foundation of Shaanxi Province,CN
https://openalex.org/F4320338073,Fondo Nacional de Desarrollo Científico y Tecnológico,CL
https://openalex.org/F4320322626,Türkiye Bilimsel ve Teknolojik Araştırma Kurumu,TR
https://openalex.org/F4320332162,Centers for Disease Control and Prevention,US
https://openalex.org/F4320306107,U.S. Environmental Protection Agency,US
https://openalex.org/F4320308129,Cancer Prevention and Research Institute of Texas,US
https://openalex.org/F4320320696,"Agency for Science, Technology and Research",SG
https://openalex.org/F4320307776,Merck,US
https://openalex.org/F4320322163,Natural Science Foundation of Hebei Province,CN
https://openalex.org/F4320332186,Defense Threat Reduction Agency,US
https://openalex.org/F4320321881,Shanghai Municipal Education Commission,CN
https://openalex.org/F4320307758,Eli Lilly and Company,US
https://openalex.org/F4320321145,King Saud University,SA
https://openalex.org/F4320322243,Iran National Science Foundation,IR
https://openalex.org/F4320321007,ZonMw,NL
https://openalex.org/F4320332181,National Oceanic and Atmospheric Administration,US
https://openalex.org/F4320321999,Lundbeckfonden,DK
https://openalex.org/F4320332753,Qatar National Research Fund,QA
https://openalex.org/F4320321994,Hungarian Scientific Research Fund,HU
https://openalex.org/F4320322614,Thailand Research Fund,TH
https://openalex.org/F4320320766,Nanyang Technological University,SG
https://openalex.org/F4320322733,Ministerstwo Edukacji i Nauki,PL
https://openalex.org/F4320335199,Korea Institute of Energy Technology Evaluation and Planning,KR
https://openalex.org/F4320332505,U.S. Public Health Service,US
https://openalex.org/F4320307813,Medtronic,US
https://openalex.org/F4320307115,Bristol-Myers Squibb,US
https://openalex.org/F4320337349,NIH Office of the Director,US
https://openalex.org/F4320321589,Fondation pour la Recherche Médicale,FR
https://openalex.org/F4320306133,Burroughs Wellcome Fund,US
https://openalex.org/F4320337365,National Institute of Dental and Craniofacial Research,US
https://openalex.org/F4320306193,John Templeton Foundation,US
https://openalex.org/F4320322665,Natural Science Foundation of Jiangxi Province,CN
https://openalex.org/F4320321390,Fonds De La Recherche Scientifique - FNRS,BE
https://openalex.org/F4320338295,Army Research Laboratory,US
https://openalex.org/F4320334899,Instituto Nazionale di Fisica Nucleare,IT
https://openalex.org/F4320306115,United States Agency for International Development,US
https://openalex.org/F4320322724,"Ministry of Education, India",IN
https://openalex.org/F4320332360,Office of Energy Efficiency and Renewable Energy,US
https://openalex.org/F4320309618,Ministry of Science and Technology,VN
https://openalex.org/F4320334812,Comisión Nacional de Investigación Científica y Tecnológica,CL
https://openalex.org/F4320326262,"Ministerio de Asuntos Económicos y Transformación Digital, Gobierno de España",ES
https://openalex.org/F4320322598,Hong Kong Polytechnic University,HK
https://openalex.org/F4320306219,Alzheimer's Association,US
https://openalex.org/F4320320940,Stiftelsen för Strategisk Forskning,SE
https://openalex.org/F4320307779,Roche,CH
https://openalex.org/F4320322034,Ministry of Health and Welfare,KR
https://openalex.org/F4320335795,Science and Technology Planning Project of Guangdong Province,CN
https://openalex.org/F4320309807,Takeda Science Foundation,JP
https://openalex.org/F4320315062,"Ministerio de Ciencia, Innovación y Universidades",ES
https://openalex.org/F4320323086,Natural Science Foundation of Liaoning Province,CN
https://openalex.org/F4320332183,U.S. Geological Survey,US
https://openalex.org/F4320307781,Sanofi,US
https://openalex.org/F4320307844,European Molecular Biology Organization,DE
https://openalex.org/F4320337388,Division of Computer and Network Systems,US
https://openalex.org/F4320321705,Eusko Jaurlaritza,ES
https://openalex.org/F4320321781,Ministero della Salute,IT
https://openalex.org/F4320322768,Natural Science Foundation of Guangxi Province,CN
https://openalex.org/F4320320338,Human Frontier Science Program,FR
https://openalex.org/F4320322604,Universiti Malaya,MY
https://openalex.org/F4320322777,KWF Kankerbestrijding,NL
https://openalex.org/F4320336125,National Science Fund for Distinguished Young Scholars,CN
https://openalex.org/F4320325902,Beijing Municipal Science and Technology Commission,CN
https://openalex.org/F4320322928,Danmarks Frie Forskningsfond,DK
https://openalex.org/F4320337389,Division of Information and Intelligent Systems,US
https://openalex.org/F4320320876,Helmholtz-Gemeinschaft,DE
https://openalex.org/F4320321034,New Energy and Industrial Technology Development Organization,JP
https://openalex.org/F4320310490,Villum Fonden,DK
https://openalex.org/F4320337352,National Institute on Deafness and Other Communication Disorders,US
https://openalex.org/F4320334661,Health Technology Assessment Programme,GB
https://openalex.org/F4320322108,Ministry of Science and Technology,KR
https://openalex.org/F4320322436,Novo Nordisk,DK
https://openalex.org/F4320337391,"Division of Civil, Mechanical and Manufacturing Innovation",US
https://openalex.org/F4320313831,Comunidad de Madrid,ES
https://openalex.org/F4320318240,European Space Agency,FR
https://openalex.org/F4320321487,"Canadian Network for Research and Innovation in Machining Technology, Natural Sciences and Engineering Research Council of Canada",CA
https://openalex.org/F4320324202,Guangdong Science and Technology Department,CN
https://openalex.org/F4320332178,National Institute of Standards and Technology,US
https://openalex.org/F4320336026,National Key Research and Development Program of China Stem Cell and Translational Research,CN
https://openalex.org/F4320309893,City University of Hong Kong,HK
https://openalex.org/F4320337387,Division of Computing and Communication Foundations,US
https://openalex.org/F4320309955,"Departamento Administrativo de Ciencia, Tecnología e Innovación (COLCIENCIAS)",CO
https://openalex.org/F4320320882,Volkswagen Foundation,DE
https://openalex.org/F4320334737,National Medical Research Council,SG
https://openalex.org/F4320311687,Ministry of Education,TW
https://openalex.org/F4320332177,Agency for Healthcare Research and Quality,US
https://openalex.org/F4320334978,Beijing Nova Program,CN
https://openalex.org/F4320321652,Eidgenössische Technische Hochschule Zürich,CH
https://openalex.org/F4320332276,Advanced Research Projects Agency - Energy,US
https://openalex.org/F4320323172,Natural Science Foundation of Chongqing,CN
https://openalex.org/F4320322866,Natural Science Foundation of Hainan Province,CN
https://openalex.org/F4320306079,David and Lucile Packard Foundation,US
https://openalex.org/F4320310760,Uehara Memorial Foundation,JP
https://openalex.org/F4320320682,"Council for Scientific and Industrial Research, South Africa",ZA
https://openalex.org/F4320307105,Amgen,US
https://openalex.org/F4320322308,KU Leuven,BE
https://openalex.org/F4320337509,Biological and Environmental Research,US
https://openalex.org/F4320338074,Government of Shandong Province,CN
https://openalex.org/F4320320720,Indian Council of Medical Research,IN
https://openalex.org/F4320309949,Canadian Institute for Advanced Research,CA
https://openalex.org/F4320335726,"Deanship of Scientific Research, King Saud University",SA
https://openalex.org/F4320322922,Department of Science and Technology of Sichuan Province,CN
https://openalex.org/F4320309117,AbbVie,US
https://openalex.org/F4320326705,"Science, Technology and Innovation Commission of Shenzhen Municipality",CN
https://openalex.org/F4320321514,Central South University,CN
https://openalex.org/F4320322502,Fundação de Amparo à Pesquisa do Estado do Rio Grande do Sul,BR
https://openalex.org/F4320332193,Genentech,US
https://openalex.org/F4320309123,"Division of Intramural Research, National Institute of Allergy and Infectious Diseases",US
https://openalex.org/F4320306085,U.S. Department of Health and Human Services,US
https://openalex.org/F4320338294,Air Force Research Laboratory,US
https://openalex.org/F4320334830,Agència de Gestió d'Ajuts Universitaris i de Recerca,ES
https://openalex.org/F4320332197,Directorate-General for Research and Innovation,
https://openalex.org/F4320322799,"Higher Education Commission, Pakistan",PK
https://openalex.org/F4320320212,Japan Society for the Promotion of Science London,GB
https://openalex.org/F4320321042,Fundacja na rzecz Nauki Polskiej,PL
https://openalex.org/F4320306271,Damon Runyon Cancer Research Foundation,US
https://openalex.org/F4320322392,Tsinghua University,CN
https://openalex.org/F4320322315,Karolinska Institutet,SE
https://openalex.org/F4320306260,Breast Cancer Research Foundation,US
https://openalex.org/F4320326754,Junta de Andalucía,ES
https://openalex.org/F4320335598,Agencia Estatal de Investigación,ES
https://openalex.org/F4320326441,Institute for Basic Science,KR
https://openalex.org/F4320321491,Cancerfonden,SE
https://openalex.org/F4320322363,Ligue Contre le Cancer,FR
https://openalex.org/F4320333596,Key Technology Research and Development Program of Shandong,CN
https://openalex.org/F4320334841,Fonds de recherche du Québec – Nature et technologies,CA
https://openalex.org/F4320322650,Narodowym Centrum Nauki,PL
https://openalex.org/F4320334857,Consejo Superior de Investigaciones Científicas,ES
https://openalex.org/F4320306811,Research to Prevent Blindness,US
https://openalex.org/F4320322091,Korea Institute of Science and Technology,KR
https://openalex.org/F4320306161,National Multiple Sclerosis Society,US
https://openalex.org/F4320335768,National Postdoctoral Program for Innovative Talents,CN
https://openalex.org/F4320322904,Financiadora de Estudos e Projetos,BR
https://openalex.org/F4320323556,Deutsche Krebshilfe,DE
https://openalex.org/F4320320907,Japan Science and Technology Corporation,JP
https://openalex.org/F4320308573,Gilead Sciences,US
https://openalex.org/F4320320386,Commonwealth Scientific and Industrial Research Organisation,AU
https://openalex.org/F4320326182,Six Talent Peaks Project in Jiangsu Province,CN
https://openalex.org/F4320332605,Agricultural Research Service,US
https://openalex.org/F4320332587,Natural Science Foundation of Ningbo,CN
https://openalex.org/F4320310094,University of Washington,US
https://openalex.org/F4320321030,VINNOVA,SE
https://openalex.org/F4320306089,American Diabetes Association,US
https://openalex.org/F4320326655,Xunta de Galicia,ES
https://openalex.org/F4320332369,National Nuclear Security Administration,US
https://openalex.org/F4320313796,Innovationsfonden,DK
https://openalex.org/F4320308590,University of California,US
https://openalex.org/F4320334618,Fonds de Recherche du Québec - Santé,CA
https://openalex.org/F4320322997,King Abdulaziz City for Science and Technology,SA
https://openalex.org/F4320334893,Stichting voor de Technische Wetenschappen,NL
https://openalex.org/F4320322107,Korea Health Industry Development Institute,KR
https://openalex.org/F4320321499,Fondazione Cariplo,IT
https://openalex.org/F4320335204,"Secretaría de Estado de Investigación, Desarrollo e Innovación",ES
https://openalex.org/F4320338368,FP7 People: Marie-Curie Actions,
https://openalex.org/F4320322666,Natural Science Foundation of Shanxi Province,CN
https://openalex.org/F4320321917,General Secretariat for Research and Technology,GR
https://openalex.org/F4320307856,World Health Organization,CH
https://openalex.org/F4320306147,Brain and Behavior Research Foundation,US
https://openalex.org/F4320307771,Bayer,DE
https://openalex.org/F4320323807,Institut National Du Cancer,FR
https://openalex.org/F4320322348,Korea Science and Engineering Foundation,KR
https://openalex.org/F4320322035,Rural Development Administration,KR
https://openalex.org/F4320322699,Universiti Kebangsaan Malaysia,MY
https://openalex.org/F4320322674,Hrvatska Zaklada za Znanost,HR
https://openalex.org/F4320306183,James S. McDonnell Foundation,US
https://openalex.org/F4320308295,Leukemia and Lymphoma Society,US
https://openalex.org/F4320332195,Samsung,KR
https://openalex.org/F4320335773,National High-tech Research and Development Program,CN
https://openalex.org/F4320308507,Stanford University,US
https://openalex.org/F4320320890,Fondation Leducq,FR
https://openalex.org/F4320323670,"Department of Science and Technology, Government of Kerala",IN
https://openalex.org/F4320321454,Belgian Federal Science Policy Office,BE
https://openalex.org/F4320327720,Foundation for Innovative Research Groups of the National Natural Science Foundation of China,CN
https://openalex.org/F4320323251,Agentúra na Podporu Výskumu a Vývoja,SK
https://openalex.org/F4320310121,Natural Science Foundation of Jilin Province,CN
https://openalex.org/F4320309327,Google,US
https://openalex.org/F4320323573,Ministry of Education and Science,BG
https://openalex.org/F4320309652,University of Michigan,US
https://openalex.org/F4320306139,Robert Wood Johnson Foundation,US
https://openalex.org/F4320322999,Shanghai Jiao Tong University,CN
https://openalex.org/F4320323300,Universiti Teknologi Malaysia,MY
https://openalex.org/F4320309090,"Center for Hierarchical Manufacturing, National Science Foundation",US
https://openalex.org/F4320338287,Oak Ridge National Laboratory,US
https://openalex.org/F4320334749,Health Research Council of New Zealand,NZ
https://openalex.org/F4320320984,University of Queensland,AU
https://openalex.org/F4320323737,Ministerio de Ciencia y Tecnología,ES
https://openalex.org/F4320306159,W. M. Keck Foundation,US
https://openalex.org/F4320327557,National Office for Philosophy and Social Sciences,CN
https://openalex.org/F4320326716,"Department of Science and Technology, Republic of the Philippines",PH
https://openalex.org/F4320322192,Magyar Tudományos Akadémia,HU
https://openalex.org/F4320322757,Universiti Sains Malaysia,MY
https://openalex.org/F4320334953,China National Funds for Distinguished Young Scientists,CN
https://openalex.org/F4320322482,Akademie Věd České Republiky,CZ
https://openalex.org/F4320332457,GE Healthcare,GB
https://openalex.org/F4320322841,Universidade de Macau,MO
https://openalex.org/F4320328359,"Ministry of Science and ICT, South Korea",KR
https://openalex.org/F4320306136,Michael J. Fox Foundation for Parkinson's Research,US
https://openalex.org/F4320322322,King Abdulaziz University,SA
https://openalex.org/F4320332194,Johnson and Johnson,US
https://openalex.org/F4320335785,Project 211,CN
https://openalex.org/F4320321883,Huazhong University of Science and Technology,CN
https://openalex.org/F4320335039,Narodowe Centrum Badań i Rozwoju,PL
https://openalex.org/F4320322170,University of Hong Kong,HK
https://openalex.org/F4320321732,Agentschap voor Innovatie door Wetenschap en Technologie,BE
https://openalex.org/F4320323803,Bundesministerium für Wirtschaft und Energie,DE
https://openalex.org/F4320320950,United States-Israel Binational Science Foundation,IL
https://openalex.org/F4320321966,Università degli Studi di Padova,IT
https://openalex.org/F4320338286,Lawrence Livermore National Laboratory,US
https://openalex.org/F4320335960,National Major Science and Technology Projects of China,CN
https://openalex.org/F4320337534,National Institute on Minority Health and Health Disparities,US
https://openalex.org/F4320337504,Research and Development,US
https://openalex.org/F4320309024,National Geographic Society,US
https://openalex.org/F4320320768,"Department of Atomic Energy, Government of India",IN
https://openalex.org/F4320337353,National Institute of Nursing Research,US
https://openalex.org/F4320323031,Österreichische Forschungsförderungsgesellschaft,AT
https://openalex.org/F4320321041,Academia Sinica,TW
https://openalex.org/F4320321519,Centre National d’Etudes Spatiales,FR
https://openalex.org/F4320308022,California Department of Fish and Game,US
https://openalex.org/F4320333335,Sichuan Province Science and Technology Support Program,CN
https://openalex.org/F4320321090,Eesti Teadusagentuur,EE
https://openalex.org/F4320321056,Irish Research Council,IE
https://openalex.org/F4320321019,University Grants Committee,HK
https://openalex.org/F4320321504,Carlsbergfondet,DK
https://openalex.org/F4320309617,National Foundation for Science and Technology Development,VN
https://openalex.org/F4320335448,Special Fund for Agro-scientific Research in the Public Interest,CN
https://openalex.org/F4320338304,Los Alamos National Laboratory,US
https://openalex.org/F4320307846,Human Frontier Science Program,FR
https://openalex.org/F4320334977,Beijing Municipal Natural Science Foundation,CN
https://openalex.org/F4320309432,F. Hoffmann-La Roche,CH
https://openalex.org/F4320334801,Russian Academy of Sciences,RU
https://openalex.org/F4320311026,Shandong University,CN
https://openalex.org/F4320338292,Lawrence Berkeley National Laboratory,US
https://openalex.org/F4320311440,National Alliance for Research on Schizophrenia and Depression,US
https://openalex.org/F4320309446,Leona M. and Harry B. Helmsley Charitable Trust,US
https://openalex.org/F4320322942,Chinese University of Hong Kong,HK
https://openalex.org/F4320334945,Fok Ying Tong Education Foundation,CN
https://openalex.org/F4320306142,John D. and Catherine T. MacArthur Foundation,US
https://openalex.org/F4320321920,Innovation and Technology Commission,HK
https://openalex.org/F4320321919,Euskal Herriko Unibertsitatea,ES
https://openalex.org/F4320321799,"Ministerie van Onderwijs, Cultuur en Wetenschap",NL
https://openalex.org/F4320332210,Institute of Education Sciences,US
https://openalex.org/F4320309608,Verband der Chemischen Industrie,DE
https://openalex.org/F4320315254,Innovative Research Group Project of the National Natural Science Foundation of China,CN
https://openalex.org/F4320321855,Tekes,FI
https://openalex.org/F4320306106,U.S. Department of Education,US
https://openalex.org/F4320306315,Camille and Henry Dreyfus Foundation,US
https://openalex.org/F4320322990,Sichuan University,CN
https://openalex.org/F4320306257,Boehringer Ingelheim,US
https://openalex.org/F4320315885,Australian Government,AU
https://openalex.org/F4320338111,Precursory Research for Embryonic Science and Technology,JP
https://openalex.org/F4320322603,Universiteit Gent,BE
https://openalex.org/F4320327803,Shanghai Rising-Star Program,CN
https://openalex.org/F4320306168,Cystic Fibrosis Foundation,US
https://openalex.org/F4320322893,Institut Universitaire de France,FR
https://openalex.org/F4320306493,Abbott Laboratories,US
https://openalex.org/F4320335055,Health and Medical Research Fund,HK
https://openalex.org/F4320321038,Fonds National de la Recherche Luxembourg,LU
https://openalex.org/F4320309636,University of Minnesota,US
https://openalex.org/F4320334898,Guangzhou Science and Technology Program key projects,CN
https://openalex.org/F4320332163,U.S. Food and Drug Administration,US
https://openalex.org/F4320320672,South African Medical Research Council,ZA
https://openalex.org/F4320321640,Ministry of Knowledge Economy,KR
https://openalex.org/F4320311778,China Association for Science and Technology,CN
https://openalex.org/F4320320005,Royal Academy of Engineering,GB
https://openalex.org/F4320338298,Office of Naval Research Global,US
https://openalex.org/F4320335880,Fundamental Research Funds for Central Universities of the Central South University,CN
https://openalex.org/F4320322007,Ministry of Environment,KR
https://openalex.org/F4320319880,Government of Canada,CA
https://openalex.org/F4320310567,Boston Scientific Corporation,US
https://openalex.org/F4320309785,Naito Foundation,JP
https://openalex.org/F4320337356,Fogarty International Center,US
https://openalex.org/F4320306171,California Institute for Regenerative Medicine,US
https://openalex.org/F4320326279,Department of Education of Guangdong Province,CN
https://openalex.org/F4320335682,Major Science and Technology Program for Water Pollution Control and Treatment,CN
https://openalex.org/F4320309369,Massachusetts Institute of Technology,US
https://openalex.org/F4320310388,Novartis Pharmaceuticals Corporation,US
https://openalex.org/F4320323764,Medicinska Forskningsrådet,SE
https://openalex.org/F4320323760,Sigrid Juséliuksen Säätiö,FI
https://openalex.org/F4320309622,Harvard University,US
https://openalex.org/F4320337372,U.S. National Library of Medicine,US
https://openalex.org/F4320323845,Natural Science Foundation of Henan Province,CN
https://openalex.org/F4320334926,China Geological Survey,CN
https://openalex.org/F4320310483,"Sundhed og Sygdom, Det Frie Forskningsråd",DK
https://openalex.org/F4320334601,National Research Council Canada,CA
https://openalex.org/F4320333688,National Outstanding Youth Science Fund Project of National Natural Science Foundation of China,CN
https://openalex.org/F4320320286,University College London,GB
https://openalex.org/F4320319994,Department of Health and Social Care,GB
https://openalex.org/F4320335443,Postdoctoral Research Foundation of China,CN
https://openalex.org/F4320306163,Prostate Cancer Foundation,US
https://openalex.org/F4320310441,Boehringer Ingelheim,DE
https://openalex.org/F4320321940,Harbin Institute of Technology,CN
https://openalex.org/F4320322572,Studienstiftung des Deutschen Volkes,DE
https://openalex.org/F4320323893,Fundo para o Desenvolvimento das Ciências e da Tecnologia,MO
https://openalex.org/F4320322323,King Fahd University of Petroleum and Minerals,SA
https://openalex.org/F4320319995,"Department for Environment, Food and Rural Affairs, UK Government",GB
https://openalex.org/F4320336213,National Natural Science Foundation of China-Guangdong Joint Fund,CN
https://openalex.org/F4320323257,Universidad de Buenos Aires,AR
https://openalex.org/F4320321886,"Ontario Ministry of Research, Innovation and Science",CA
https://openalex.org/F4320332932,Merck Sharp and Dohme,GB
https://openalex.org/F4320323641,Vedecká Grantová Agentúra MŠVVaŠ SR a SAV,SK
https://openalex.org/F4320312041,Health Research Board,IE
https://openalex.org/F4320306148,Pew Charitable Trusts,US
https://openalex.org/F4320338273,Congressionally Directed Medical Research Programs,US
https://openalex.org/F4320322714,Universiti Putra Malaysia,MY
https://openalex.org/F4320307102,Intel Corporation,US
https://openalex.org/F4320320283,Imperial College London,GB
https://openalex.org/F4320310455,Kræftens Bekæmpelse,DK
https://openalex.org/F4320308306,Muscular Dystrophy Association,US
https://openalex.org/F4320319996,"Department for International Development, UK Government",GB
https://openalex.org/F4320322880,Natural Science Foundation of Gansu Province,CN
https://openalex.org/F4320321726,Suomen Kulttuurirahasto,FI
https://openalex.org/F4320309756,Strategiske Forskningsråd,DK
https://openalex.org/F4320311649,Ministry of Education,TH
https://openalex.org/F4320320064,Scottish Funding Council,GB
https://openalex.org/F4320320045,Arthritis Research UK,GB
https://openalex.org/F4320322437,National Science and Technology Development Agency,TH
https://openalex.org/F4320322857,Aeronautical Science Foundation of China,CN
https://openalex.org/F4320306399,Kavli Foundation,US
https://openalex.org/F4320332898,Stand Up To Cancer,US
https://openalex.org/F4320321572,Beijing Municipal Commission of Education,CN
https://openalex.org/F4320319965,Michael Smith Health Research BC,CA
https://openalex.org/F4320337954,Fondo para la Investigación Científica y Tecnológica,AR
https://openalex.org/F4320320691,"Department of Science and Technology, Republic of South Africa",ZA
https://openalex.org/F4320332389,St. Jude Medical,US
https://openalex.org/F4320335774,Key Technologies Research and Development Program,CN
https://openalex.org/F4320335179,Board of Research in Nuclear Sciences,IN
https://openalex.org/F4320320301,European Science Foundation,FR
https://openalex.org/F4320320974,University of Melbourne,AU
https://openalex.org/F4320322148,Eisai,JP
https://openalex.org/F4320320769,Indian Council of Agricultural Research,IN
https://openalex.org/F4320332167,Directorate for Biological Sciences,US
https://openalex.org/F4320320442,National Heart Foundation of Australia,AU
https://openalex.org/F4320320966,University of Sydney,AU
https://openalex.org/F4320323983,"Unitatea Executiva pentru Finantarea Invatamantului Superior, a Cercetarii, Dezvoltarii si Inovarii",RO
https://openalex.org/F4320321655,Science and Technology Development Fund,EG
https://openalex.org/F4320306182,March of Dimes Foundation,US
https://openalex.org/F4320314023,European Molecular Biology Laboratory,DE
https://openalex.org/F4320337400,Division of Environmental Biology,US
https://openalex.org/F4320322570,Stockholms Läns Landsting,SE
https://openalex.org/F4320307381,National Sleep Foundation,US
https://openalex.org/F4320325698,Helmholtz Association,DE
https://openalex.org/F4320322845,National Health Research Institutes,TW
https://openalex.org/F4320321983,"Ministry of Business, Innovation and Employment",NZ
https://openalex.org/F4320322011,Ministry of Oceans and Fisheries,KR
https://openalex.org/F4320306110,U.S. Department of Homeland Security,US
https://openalex.org/F4320310787,Genome Canada,CA
https://openalex.org/F4320324195,Medical Research Council Canada,CA
https://openalex.org/F4320322927,Zhejiang University,CN
https://openalex.org/F4320338336,H2020 Future and Emerging Technologies,
https://openalex.org/F4320322675,Mitacs,CA
https://openalex.org/F4320320947,German-Israeli Foundation for Scientific Research and Development,IL
https://openalex.org/F4320322169,Hjärt-Lungfonden,SE
https://openalex.org/F4320321550,Chongqing Science and Technology Commission,CN
https://openalex.org/F4320322300,Jilin University,CN
https://openalex.org/F4320323910,Institut National de la Recherche Agronomique,FR
https://openalex.org/F4320306487,Research Corporation for Science Advancement,US
https://openalex.org/F4320326656,"Department of Biotechnology, Government of West Bengal",IN
https://openalex.org/F4320323874,Universität Zürich,CH
https://openalex.org/F4320322015,University of Toronto,CA
https://openalex.org/F4320337544,"Office of Extramural Research, National Institutes of Health",US
https://openalex.org/F4320326762,Nemzeti Kutatási Fejlesztési és Innovációs Hivatal,HU
https://openalex.org/F4320337376,NIH Clinical Center,US
https://openalex.org/F4320309139,Edwards Lifesciences,US
https://openalex.org/F4320320965,University of New South Wales,AU
https://openalex.org/F4320320273,University of Cambridge,GB
https://openalex.org/F4320307845,Heart and Stroke Foundation of Canada,CA
https://openalex.org/F4320309475,Northwestern University,US
https://openalex.org/F4320314731,UK Research and Innovation,GB
https://openalex.org/F4320321992,"Ministério da Ciência, Tecnologia e Inovação",BR
https://openalex.org/F4320322361,Fondation ARC pour la Recherche sur le Cancer,FR
https://openalex.org/F4320309480,Nvidia,US
https://openalex.org/F4320321147,Ministry of Higher Education,EG
https://openalex.org/F4320332502,"University of California, Los Angeles",US
https://openalex.org/F4320324856,Southeast University,CN
https://openalex.org/F4320332172,Directorate for Mathematical and Physical Sciences,US
https://openalex.org/F4320322347,Ministry of Science ICT and Future Planning,KR
https://openalex.org/F4320320774,Royal Society Te Apārangi,NZ
https://openalex.org/F4320337380,Division of Mathematical Sciences,US
https://openalex.org/F4320332170,Directorate for Engineering,US
https://openalex.org/F4320335377,Pearl River S and T Nova Program of Guangzhou,CN
https://openalex.org/F4320324004,"Forskningsrådet om Hälsa, Arbetsliv och Välfärd",SE
https://openalex.org/F4320335489,Institute for Information and Communications Technology Promotion,KR
https://openalex.org/F4320309398,California Institute of Technology,US
https://openalex.org/F4320334679,Research Executive Agency,
https://openalex.org/F4320334595,Agriculture and Agri-Food Canada,CA
https://openalex.org/F4320332179,Office of the Director,US
https://openalex.org/F4320321976,Haridus- ja Teadusministeerium,EE
https://openalex.org/F4320335087,Innovate UK,GB
https://openalex.org/F4320320004,British Academy,GB
https://openalex.org/F4320322736,Ministry of Agriculture of the People's Republic of China,CN
https://openalex.org/F4320320878,Minerva Foundation,DE
https://openalex.org/F4320335100,"Dirección General de Asuntos del Personal Académico, Universidad Nacional Autónoma de México",MX
https://openalex.org/F4320337398,Division of Biological Infrastructure,US
https://openalex.org/F4320334997,Chinese Universities Scientific Fund,CN
https://openalex.org/F4320334971,Science and Engineering Research Council,SG
https://openalex.org/F4320306134,Doris Duke Charitable Foundation,US
https://openalex.org/F4320321798,Ministerstvo Zdravotnictví Ceské Republiky,CZ
https://openalex.org/F4320321747,Fonds Québécois de la Recherche sur la Nature et les Technologies,CA
https://openalex.org/F4320306155,Cancer Research Institute,US
https://openalex.org/F4320324278,Comisión Interministerial de Ciencia y Tecnología,ES
https://openalex.org/F4320322651,Consiglio Nazionale delle Ricerche,IT
https://openalex.org/F4320309755,Univerzita Karlova v Praze,CZ
https://openalex.org/F4320321179,Fondazione Telethon,IT
https://openalex.org/F4320322817,National Research Council of Thailand,TH
https://openalex.org/F4320322646,Fondation de France,FR
https://openalex.org/F4320337415,Janssen Research and Development,US
https://openalex.org/F4320321048,AXA Research Fund,FR
https://openalex.org/F4320309814,JPB Foundation,US
https://openalex.org/F4320337382,National Institute for Occupational Safety and Health,US
https://openalex.org/F4320327494,Ministry of Science and Higher Education of the Russian Federation,RU
https://openalex.org/F4320320971,Monash University,AU
https://openalex.org/F4320334576,Canadian Cancer Society Research Institute,CA
https://openalex.org/F4320320320,Rosetrees Trust,GB
https://openalex.org/F4320327235,Servier,FR
https://openalex.org/F4320321392,Northwestern Polytechnical University,CN
https://openalex.org/F4320322868,Natural Science Foundation of Inner Mongolia,CN
https://openalex.org/F4320338291,Sandia National Laboratories,US
https://openalex.org/F4320308927,Patient-Centered Outcomes Research Institute,US
https://openalex.org/F4320334825,Dalian Institute of Chemical Physics,CN
https://openalex.org/F4320322364,Labex,SE
https://openalex.org/F4320320835,Environmental Protection Agency,IE
https://openalex.org/F4320322667,University of Tehran,IR
https://openalex.org/F4320326631,Innovative Medicines Initiative,BE
https://openalex.org/F4320321557,Chulalongkorn University,TH
https://openalex.org/F4320309626,University of Chicago,US
https://openalex.org/F4320323911,Commissariat à l'Énergie Atomique et aux Énergies Alternatives,FR
https://openalex.org/F4320309749,Association pour la Recherche sur le Cancer,FR
https://openalex.org/F4320321004,Österreichischen Akademie der Wissenschaften,AT
https://openalex.org/F4320309086,Celgene,US
https://openalex.org/F4320308960,United States - Israel Binational Science Foundation,IL
https://openalex.org/F4320333169,"National Science Foundation, United Arab Emirates",AE
https://openalex.org/F4320337358,National Center for Complementary and Alternative Medicine,US
https://openalex.org/F4320321884,Shanxi Scholarship Council of China,CN
https://openalex.org/F4320324433,King Khalid University,SA
https://openalex.org/F4320323900,National Taiwan University,TW
https://openalex.org/F4320334879,Korea Evaluation Institute of Industrial Technology,KR
https://openalex.org/F4320310820,Juvenile Diabetes Research Foundation United States of America,US
https://openalex.org/F4320306253,Arnold and Mabel Beckman Foundation,US
https://openalex.org/F4320321672,Else Kröner-Fresenius-Stiftung,DE
https://openalex.org/F4320335440,Natural Science Research of Jiangsu Higher Education Institutions of China,CN
https://openalex.org/F4320319927,Alberta Innovates - Health Solutions,CA
https://openalex.org/F4320333051,Intelligence Advanced Research Projects Activity,US
https://openalex.org/F4320321471,Hunan Provincial Science and Technology Department,CN
https://openalex.org/F4320335000,Changjiang Scholar Program of Chinese Ministry of Education,CN
https://openalex.org/F4320321602,Deutsches Zentrum für Luft- und Raumfahrt,DE
https://openalex.org/F4320308604,Biogen,US
https://openalex.org/F4320332521,University of Texas MD Anderson Cancer Center,US
https://openalex.org/F4320332175,Health Resources and Services Administration,US
https://openalex.org/F4320322850,National Academy of Sciences of Ukraine,UA
https://openalex.org/F4320310145,Johns Hopkins University,US
https://openalex.org/F4320321642,Hartstichting,NL
https://openalex.org/F4320325626,Education Department of Jiangxi Province,CN
https://openalex.org/F4320323137,Chinese Academy of Medical Sciences,CN
https://openalex.org/F4320335869,National Social Science Fund of China,CN
https://openalex.org/F4320326297,Fok Ying Tung Education Foundation,CN
https://openalex.org/F4320321024,Defence Research and Development Organisation,IN
https://openalex.org/F4320320324,University of Nottingham,GB
https://openalex.org/F4320337430,National Institute of Justice,US
https://openalex.org/F4320320290,University of Oxford,GB
https://openalex.org/F4320321562,"Consejería de Economía, Innovación, Ciencia y Empleo, Junta de Andalucía",ES
https://openalex.org/F4320335473,Postdoctoral Science Foundation of Jiangsu Province,CN
https://openalex.org/F4320327282,Department of Science and Technology of Jilin Province,CN
https://openalex.org/F4320308296,Melanoma Research Alliance,US
https://openalex.org/F4320306550,Wenner-Gren Foundation,US
https://openalex.org/F4320326189,Taishan Scholar Project of Shandong Province,CN
https://openalex.org/F4320337531,"Defense Sciences Office, DARPA",US
https://openalex.org/F4320334994,CAS-SAFEA International Partnership Program for Creative Research Teams,CN
https://openalex.org/F4320337593,National Center for Complementary and Integrative Health,US
https://openalex.org/F4320323180,University of British Columbia,CA
https://openalex.org/F4320313619,Chang Gung Memorial Hospital,TW
https://openalex.org/F4320309434,University of Wisconsin-Madison,US
https://openalex.org/F4320326701,Recruitment Program of Global Experts,CN
https://openalex.org/F4320338204,Program for Changjiang Scholars and Innovative Research Team in University,CN
https://openalex.org/F4320306536,V Foundation for Cancer Research,US
https://openalex.org/F4320322168,Hjärnfonden,SE
https://openalex.org/F4320322510,Sapienza Università di Roma,IT
https://openalex.org/F4320335796,Program of Shanghai Academic Research Leader,CN
https://openalex.org/F4320309370,University of Pennsylvania,US
https://openalex.org/F4320306143,Mayo Clinic,US
https://openalex.org/F4320327336,Vlaamse regering,BE
https://openalex.org/F4320321481,"Canada Excellence Research Chairs, Government of Canada",CA
https://openalex.org/F4320332182,U.S. Fish and Wildlife Service,US
https://openalex.org/F4320323771,Centre National pour la Recherche Scientifique et Technique,MA
https://openalex.org/F4320322890,Ministère de l'Enseignement Supérieur et de la Recherche,FR
https://openalex.org/F4320322689,Lietuvos Mokslo Taryba,LT
https://openalex.org/F4320321769,Foundation for the Author of National Excellent Doctoral Dissertation of the People's Republic of China,CN
https://openalex.org/F4320307855,World Bank Group,US
https://openalex.org/F4320321896,"Bundesministerium für Wissenschaft, Forschung und Wirtschaft",AT
https://openalex.org/F4320306172,Juvenile Diabetes Research Foundation International,US
https://openalex.org/F4320306360,William T. Grant Foundation,US
https://openalex.org/F4320307384,New York Stem Cell Foundation,US
https://openalex.org/F4320310419,Pennsylvania State University,US
https://openalex.org/F4320310657,Sumitomo Foundation,JP
https://openalex.org/F4320323722,Taif University,SA
https://openalex.org/F4320308854,Dr. Miriam and Sheldon G. Adelson Medical Research Foundation,US
https://openalex.org/F4320338280,Medical Research and Materiel Command,US
https://openalex.org/F4320332467,U.S. Air Force,US
https://openalex.org/F4320335790,Shenzhen Peacock Plan,CN
https://openalex.org/F4320322727,"Ministère de l'Education Nationale, de l'Enseignement Superieur et de la Recherche",FR
https://openalex.org/F4320326275,"Higher Education Commision, Pakistan",PK
https://openalex.org/F4320310758,Kreftforeningen,NO
https://openalex.org/F4320335471,Jiangsu Planned Projects for Postdoctoral Research Funds,CN
https://openalex.org/F4320310214,Fundación Ramón Areces,ES
https://openalex.org/F4320327721,K. C. Wong Education Foundation,HK
https://openalex.org/F4320322121,Institució Catalana de Recerca i Estudis Avançats,ES
https://openalex.org/F4320325370,National Research Council of Science and Technology,KR
https://openalex.org/F4320322010,"Ministry of Land, Infrastructure and Transport",KR
https://openalex.org/F4320325627,Education Department of Shaanxi Province,CN
https://openalex.org/F4320320291,University of Manchester,GB
https://openalex.org/F4320323401,Universidad Nacional Autónoma de México,MX
https://openalex.org/F4320320033,Gatsby Charitable Foundation,GB
https://openalex.org/F4320309374,Ohio State University,US
https://openalex.org/F4320309996,Asahi Glass Foundation,JP
https://openalex.org/F4320333334,Guangdong Province Introduction of Innovative R&D Team,CN
https://openalex.org/F4320326190,Tianjin Science and Technology Committee,CN
https://openalex.org/F4320332447,U.S. Army,US
https://openalex.org/F4320320332,University of Edinburgh,GB
https://openalex.org/F4320324984,Tarbiat Modares University,IR
https://openalex.org/F4320306232,ALS Association,US
https://openalex.org/F4320322670,Tehran University of Medical Sciences and Health Services,IR
https://openalex.org/F4320310016,Michigan State University,US
https://openalex.org/F4320335447,Earmarked Fund for China Agriculture Research System,CN
https://openalex.org/F4320321625,Daiichi-Sankyo,JP
https://openalex.org/F4320321018,Eesti Teadusfondi,EE
https://openalex.org/F4320322804,"Deanship of Scientific Research, King Faisal University",SA
https://openalex.org/F4320322855,Mashhad University of Medical Sciences,IR
https://openalex.org/F4320321292,Seoul National University,KR
https://openalex.org/F4320310578,University of Maryland,US
https://openalex.org/F4320338110,Science and Technology Department of Zhejiang Province,CN
https://openalex.org/F4320309746,Compagnia di San Paolo,IT
https://openalex.org/F4320329860,National Science and Technology Major Project,CN
https://openalex.org/F4320322033,"Ministry of Agriculture, Food and Rural Affairs",KR
https://openalex.org/F4320324805,Chongqing Municipal Education Commission,CN
https://openalex.org/F4320321663,Association Nationale de la Recherche et de la Technologie,FR
https://openalex.org/F4320332382,Oak Ridge Institute for Science and Education,US
https://openalex.org/F4320322832,University of Tokyo,JP
https://openalex.org/F4320326270,Education Department of Jilin Province,CN
https://openalex.org/F4320327794,Qinglan Project of Jiangsu Province of China,CN
https://openalex.org/F4320334609,Arts and Humanities Research Council,GB
https://openalex.org/F4320321780,Ministerie van Economische Zaken,NL
https://openalex.org/F4320321501,Carl Tryggers Stiftelse för Vetenskaplig Forskning,SE
https://openalex.org/F4320321160,Sun Yat-sen University,CN
https://openalex.org/F4320320670,Wolfson Foundation,GB
https://openalex.org/F4320335581,Young Scientists Fund,CN
https://openalex.org/F4320313598,American Lebanese Syrian Associated Charities,US
https://openalex.org/F4320322266,"Ministry of Agriculture, Forestry and Fisheries",JP
https://openalex.org/F4320306301,Crohn's and Colitis Foundation of America,US
https://openalex.org/F4320310465,Takeda Pharmaceutical Company,JP
https://openalex.org/F4320309229,National Institute on Handicapped Research,US
https://openalex.org/F4320323155,Chinese Academy of Agricultural Sciences,CN
https://openalex.org/F4320310087,Fundación Séneca,ES
https://openalex.org/F4320321851,Fudan University,CN
https://openalex.org/F4320306091,American Association for Cancer Research,US
https://openalex.org/F4320319949,International Development Research Centre,CA
https://openalex.org/F4320327865,Chongqing Research Program of Basic Research and Frontier Technology,CN
https://openalex.org/F4320321003,Vienna Science and Technology Fund,AT
https://openalex.org/F4320310009,University of Florida,US
https://openalex.org/F4320320868,Boehringer Ingelheim Fonds,DE
https://openalex.org/F4320336025,Science Challenge Project,CN
https://openalex.org/F4320320360,University of Bristol,GB
https://openalex.org/F4320322616,Mitsubishi Foundation,JP
https://openalex.org/F4320337399,Division of Integrative Organismal Systems,US
https://openalex.org/F4320321373,Korea University,KR
https://openalex.org/F4320324348,"Consejo Nacional de Ciencia y Tecnología, Guatemala",GT
https://openalex.org/F4320335227,Bijzonder Onderzoeksfonds UGent,BE
https://openalex.org/F4320308380,Yale University,US
https://openalex.org/F4320319966,Ontario Ministry of Health and Long-Term Care,CA
https://openalex.org/F4320335102,Helse Sør-Øst RHF,NO
https://openalex.org/F4320322111,Korea Basic Science Institute,KR
https://openalex.org/F4320309111,Columbia University,US
https://openalex.org/F4320321680,New Energy and Industrial Technology Development Organization,JP
https://openalex.org/F4320308990,BrightFocus Foundation,US
https://openalex.org/F4320321868,Ministério da Educação e Ciência,PT
https://openalex.org/F4320323809,Ministério da Educação,BR
https://openalex.org/F4320326644,Canada First Research Excellence Fund,CA
https://openalex.org/F4320320934,Koninklijke Nederlandse Akademie van Wetenschappen,NL
https://openalex.org/F4320324560,Department of Education of Liaoning Province,CN
https://openalex.org/F4320320285,King's College London,GB
https://openalex.org/F4320320983,Queensland University of Technology,AU
https://openalex.org/F4320337601,Janssen Pharmaceuticals,US
https://openalex.org/F4320323678,Fundação de Amparo à Ciência e Tecnologia do Estado de Pernambuco,BR
https://openalex.org/F4320322256,Agenzia Spaziale Italiana,IT
https://openalex.org/F4320310164,Texas A and M University,US
https://openalex.org/F4320306228,American Federation for Aging Research,US
https://openalex.org/F4320311052,Deutsches Zentrum für Infektionsforschung,DE
https://openalex.org/F4320308349,Massachusetts General Hospital,US
https://openalex.org/F4320332603,"University of California, San Diego",US
https://openalex.org/F4320322861,Emil Aaltosen Säätiö,FI
https://openalex.org/F4320319907,Alberta Innovates - Technology Futures,CA
https://openalex.org/F4320324618,Svenska Läkaresällskapet,SE
https://openalex.org/F4320324787,Peking University,CN
https://openalex.org/F4320309411,University of California Berkeley,US
https://openalex.org/F4320334962,Sixth Framework Programme,
https://openalex.org/F4320332585,Allergan,IE
https://openalex.org/F4320307920,Baxter International,US
https://openalex.org/F4320308851,Lustgarten Foundation,US
https://openalex.org/F4320320217,Marie Curie,GB
https://openalex.org/F4320309895,Carl-Zeiss-Stiftung,DE
https://openalex.org/F4320329895,Liaoning Revitalization Talents Program,CN
https://openalex.org/F4320321410,Jiangsu University,CN
https://openalex.org/F4320321563,"Canadian HIV Trials Network, Canadian Institutes of Health Research",CA
https://openalex.org/F4320322587,Tabriz University of Medical Sciences,IR
https://openalex.org/F4320321843,Bulgarian National Science Fund,BG
https://openalex.org/F4320321784,"Kementerian Sains, Teknologi dan Inovasi",MY
https://openalex.org/F4320311213,Education Department of Hunan Province,CN
https://openalex.org/F4320319946,University of Alberta,CA
https://openalex.org/F4320323059,South China University of Technology,CN
https://openalex.org/F4320320176,Chief Scientist Office,GB
https://openalex.org/F4320336454,Division of Physics,US
https://openalex.org/F4320309944,Cure Alzheimer's Fund,US
https://openalex.org/F4320322282,Jane ja Aatos Erkon Säätiö,FI
https://openalex.org/F4320320025,British Council,GB
https://openalex.org/F4320334763,Leibniz-Gemeinschaft,DE
https://openalex.org/F4320306108,U.S. Department of Transportation,US
https://openalex.org/F4320335830,International Science and Technology Cooperation Programme,CN
https://openalex.org/F4320322858,State Government of Victoria,AU
https://openalex.org/F4320337403,Division of Earth Sciences,US
https://openalex.org/F4320322271,Science Fund for Creative Research Groups,CN
https://openalex.org/F4320321761,Crafoordska Stiftelsen,SE
https://openalex.org/F4320337197,Nuclear Fuel Cycle and Supply Chain,US
https://openalex.org/F4320321679,"Ministry of Economy, Trade and Industry",JP
https://openalex.org/F4320337111,Basic and Applied Basic Research Foundation of Guangdong Province,CN
https://openalex.org/F4320321673,EMBO,DE
https://openalex.org/F4320321348,Ulsan National Institute of Science and Technology,KR
https://openalex.org/F4320332222,University of Illinois at Urbana-Champaign,US
https://openalex.org/F4320320801,University of Auckland,NZ
https://openalex.org/F4320327777,Jiangsu Provincial Key Research and Development Program,CN
https://openalex.org/F4320320955,Hong Kong Baptist University,HK
https://openalex.org/F4320324638,Wuhan University of Technology,CN
https://openalex.org/F4320334770,Danish Agency for Science and Higher Education,DK
https://openalex.org/F4320306216,Paul G. Allen Family Foundation,US
https://openalex.org/F4320309815,Qatar Foundation,QA
https://openalex.org/F4320333422,"Materials Research Science and Engineering Center, Harvard University",US
https://openalex.org/F4320322772,Fundação Araucária,BR
https://openalex.org/F4320310414,Baden-Württemberg Stiftung,DE
https://openalex.org/F4320321081,Alzheimer’s Research UK,GB
https://openalex.org/F4320322064,Korea Institute for Advancement of Technology,KR
https://openalex.org/F4320323553,Università di Bologna,IT
https://openalex.org/F4320310848,Ministry of Health and Welfare,TW
https://openalex.org/F4320310638,McGill University,CA
https://openalex.org/F4320322220,"Department of Health and Aged Care, Australian Government",AU
https://openalex.org/F4320333591,Multidisciplinary University Research Initiative,US
https://openalex.org/F4320321169,Xi’an Jiaotong University,CN
https://openalex.org/F4320320991,University of Western Australia,AU
https://openalex.org/F4320324116,Wuhan University,CN
https://openalex.org/F4320312058,“la Caixa” Foundation,ES
https://openalex.org/F4320322128,Svenska Sällskapet för Medicinsk Forskning,SE
https://openalex.org/F4320309468,Memorial Sloan-Kettering Cancer Center,US
https://openalex.org/F4320328351,Junta de Castilla y León,ES
https://openalex.org/F4320338275,Division of Arctic Sciences,US
https://openalex.org/F4320312060,Francis Crick Institute,GB
https://openalex.org/F4320322628,Türkiye Bilimler Akademisi,TR
https://openalex.org/F4320320591,Macquarie University,AU
https://openalex.org/F4320323648,"Ministry of the Environment, Government of Japan",JP
https://openalex.org/F4320337753,Interreg,
https://openalex.org/F4320323441,"Chang Gung Memorial Hospital, Linkou",TW
https://openalex.org/F4320322970,Education Department of Sichuan Province,CN
https://openalex.org/F4320322878,Henan University,CN
https://openalex.org/F4320306589,Alex's Lemonade Stand Foundation for Childhood Cancer,US
https://openalex.org/F4320323015,Bundesministerium für Forschung und Technologie,DE
https://openalex.org/F4320323190,Fujian Provincial Department of Science and Technology,CN
https://openalex.org/F4320310485,"Natur og Univers, Det Frie Forskningsråd",DK
https://openalex.org/F4320321002,Research Promotion Foundation,CY
https://openalex.org/F4320306097,Autism Speaks,US
https://openalex.org/F4320326266,Agriculture Research System of China,CN
https://openalex.org/F4320320978,University of Adelaide,AU
https://openalex.org/F4320320967,University of Technology Sydney,AU
https://openalex.org/F4320324595,Universiteit Antwerpen,BE
https://openalex.org/F4320306305,Dana Foundation,US
https://openalex.org/F4320322923,Siemens,DE
https://openalex.org/F4320323642,"Ministério da Ciência, Tecnologia e Ensino Superior",PT
https://openalex.org/F4320315119,Parker Institute for Cancer Immunotherapy,US
https://openalex.org/F4320322679,International Atomic Energy Agency,AT
https://openalex.org/F4320321675,Empresa Brasileira de Pesquisa Agropecuária,BR
https://openalex.org/F4320320870,European Foundation for the Study of Diabetes,DE
https://openalex.org/F4320324703,University of Tabriz,IR
https://openalex.org/F4320320438,National Breast Cancer Foundation,AU
https://openalex.org/F4320310086,Helsingin Yliopisto,FI
https://openalex.org/F4320321722,Ferdowsi University of Mashhad,IR
https://openalex.org/F4320335480,Guangzhou Municipal Science and Technology Project,CN
https://openalex.org/F4320306237,Arthritis Foundation,US
https://openalex.org/F4320320998,Kommission für Technologie und Innovation,CH
https://openalex.org/F4320312420,Newton Fund,GB
https://openalex.org/F4320311496,Ludwig Institute for Cancer Research,US
https://openalex.org/F4320325376,"Department of Science and Technology, Government of West Bengal",IN
https://openalex.org/F4320306555,Wisconsin Alumni Research Foundation,US
https://openalex.org/F4320321833,Agence Nationale de Recherches sur le Sida et les Hépatites Virales,FR
https://openalex.org/F4320322147,Université de Strasbourg,FR
https://openalex.org/F4320320969,University of Wollongong,AU
https://openalex.org/F4320333067,Sixth Framework Programme,
https://openalex.org/F4320324615,Ministry of Education and Science of Ukraine,UA
https://openalex.org/F4320325108,"Consellería de Cultura, Educación e Ordenación Universitaria, Xunta de Galicia",ES
https://openalex.org/F4320322766,Zhengzhou University,CN
https://openalex.org/F4320334840,Fonds pour la Formation à la Recherche dans l’Industrie et dans l’Agriculture,BE
https://openalex.org/F4320323467,Mochida Memorial Foundation for Medical and Pharmaceutical Research,JP
https://openalex.org/F4320321135,Chongqing University,CN
https://openalex.org/F4320309291,Indiana University,US
https://openalex.org/F4320306710,Glenn Foundation for Medical Research,US
https://openalex.org/F4320320933,Rijksuniversiteit Groningen,NL
https://openalex.org/F4320325571,Shenzhen University,CN
https://openalex.org/F4320311040,Norges Teknisk-Naturvitenskapelige Universitet,NO
https://openalex.org/F4320327358,Taipei Veterans General Hospital,TW
https://openalex.org/F4320313620,Hubei Provincial Department of Education,CN
https://openalex.org/F4320313607,Swedish Cancer Foundation,SE
https://openalex.org/F4320322449,Tongji University,CN
https://openalex.org/F4320322885,NordForsk,NO
https://openalex.org/F4320323706,"Ministry of Science and Technology, Israel",IL
https://openalex.org/F4320324852,Nanjing University,CN
https://openalex.org/F4320306149,Rockefeller Foundation,US
https://openalex.org/F4320337395,Division of Emerging Frontiers in Research and Innovation,US
https://openalex.org/F4320310210,Fundación Cellex,ES
https://openalex.org/F4320313609,Guangdong Innovative and Entrepreneurial Research Team Program,CN
https://openalex.org/F4320335016,Israeli Centers for Research Excellence,IL
https://openalex.org/F4320322515,Saint Petersburg State University,RU
https://openalex.org/F4320321990,"Ministerium für Wissenschaft, Forschung und Kunst Baden-Württemberg",DE
https://openalex.org/F4320310701,Fundació la Marató de TV3,ES
https://openalex.org/F4320312559,Sigma Xia,US
https://openalex.org/F4320321469,Bundesministerium für Wirtschaft und Technologie,DE
https://openalex.org/F4320320303,Bayer HealthCare,DE
https://openalex.org/F4320309133,Duke University,US
https://openalex.org/F4320311090,Iowa State University,US
https://openalex.org/F4320332736,Novartis Pharma,DE
https://openalex.org/F4320322068,"Korea Institute of Planning and Evaluation for Technology in Food, Agriculture, Forestry and Fisheries",KR
https://openalex.org/F4320320543,Cancer Institute NSW,AU
https://openalex.org/F4320310174,University of Pittsburgh,US
https://openalex.org/F4320311647,Merck KGaA,DE
https://openalex.org/F4320324499,Università di Pisa,IT
https://openalex.org/F4320321372,Konkuk University,KR
https://openalex.org/F4320324778,Ningbo Municipal Bureau of Science and Technology,CN
https://openalex.org/F4320322272,Guizhou Science and Technology Department,CN
https://openalex.org/F4320337670,H2020 Euratom,
https://openalex.org/F4320309464,Mayo Foundation for Medical Education and Research,US
https://openalex.org/F4320309392,Louisiana Board of Regents,US
https://openalex.org/F4320321806,Lunds Universitet,SE
https://openalex.org/F4320320831,"Department of Agriculture, Food and the Marine, Ireland",IE
https://openalex.org/F4320320834,Enterprise Ireland,IE
https://openalex.org/F4320322555,Smoking Research Foundation,JP
https://openalex.org/F4320323380,Universiti Teknologi Petronas,MY
https://openalex.org/F4320322261,Jacobs Foundation,CH
https://openalex.org/F4320320836,Health Research Board,IE
https://openalex.org/F4320321032,Forskningsrådet för Arbetsliv och Socialvetenskap,SE
https://openalex.org/F4320323457,Shahid Beheshti University of Medical Sciences,IR
https://openalex.org/F4320320065,Diabetes UK,GB
https://openalex.org/F4320322325,Oesterreichische Nationalbank,AT
https://openalex.org/F4320308812,ASCRS Research Foundation,US
https://openalex.org/F4320309870,Jiangsu Agricultural Science and Technology Innovation Fund,CN
https://openalex.org/F4320307132,Alzheimer's Drug Discovery Foundation,US
https://openalex.org/F4320321779,"Ministerstvo školstva, vedy, výskumu a športu Slovenskej republiky",SK
https://openalex.org/F4320332164,Substance Abuse and Mental Health Services Administration,US
https://openalex.org/F4320322601,Western University,CA
https://openalex.org/F4320306141,Susan G. Komen for the Cure,US
https://openalex.org/F4320335892,Youth Innovation Promotion Association,CN
https://openalex.org/F4320315474,Chan Zuckerberg Initiative,US
https://openalex.org/F4320319908,"Ontario Ministry of Agriculture, Food and Rural Affairs",CA
https://openalex.org/F4320323537,Hong Kong University of Science and Technology,HK
https://openalex.org/F4320323103,Agency for Defense Development,KR
https://openalex.org/F4320334709,Australian Centre for International Agricultural Research,AU
https://openalex.org/F4320309969,Instituto Nacional de Investigación y Tecnología Agraria y Alimentaria,ES
https://openalex.org/F4320323422,National Taiwan University Hospital,TW
https://openalex.org/F4320323383,Technische Universität München,DE
https://openalex.org/F4320323260,Universitetet i Oslo,NO
https://openalex.org/F4320309764,Fundación BBVA,ES
https://openalex.org/F4320310389,Novartis Foundation,CH
https://openalex.org/F4320309541,University of Tennessee,US
https://openalex.org/F4320309995,Nihon University,JP
https://openalex.org/F4320323539,Ministry of Human Resources and Social Security,CN
https://openalex.org/F4320323593,United Arab Emirates University,AE
https://openalex.org/F4320336045,NIHR Oxford Biomedical Research Centre,GB
https://openalex.org/F4320323365,Kyoto University,JP
https://openalex.org/F4320322334,"Khalifa University of Science, Technology and Research",AE
https://openalex.org/F4320333332,Office of the Higher Education Commission,TH
https://openalex.org/F4320308883,United States - Israel Binational Agricultural Research and Development Fund,IL
https://openalex.org/F4320334876,Korea National Institute of Health,KR
https://openalex.org/F4320307875,Styrelsen för Internationellt Utvecklingssamarbete,SE
https://openalex.org/F4320322579,Naturvårdsverket,SE
https://openalex.org/F4320335767,Sanming Project of Medicine in Shenzhen,CN
https://openalex.org/F4320322401,Mahidol University,TH
https://openalex.org/F4320326078,Regione Lombardia,IT
https://openalex.org/F4320320981,Griffith University,AU
https://openalex.org/F4320313269,Scottish Government,GB
https://openalex.org/F4320320241,Academy of Medical Sciences,GB
https://openalex.org/F4320310627,Oklahoma Center for the Advancement of Science and Technology,US
https://openalex.org/F4320325580,The Wellcome Trust DBT India Alliance,IN
https://openalex.org/F4320323688,Einstein Stiftung Berlin,DE
https://openalex.org/F4320325114,"Consejería de Educación, Junta de Castilla y León",ES
https://openalex.org/F4320336035,Shanxi Provincial Key Research and Development Project,CN
https://openalex.org/F4320308970,Teva Pharmaceutical Industries,IL
https://openalex.org/F4320334925,Science and Technology Support Program of Jiangsu Province,CN
https://openalex.org/F4320322545,Shiraz University of Medical Sciences,IR
https://openalex.org/F4320332483,"Cooperative State Research, Education, and Extension Service",US
https://openalex.org/F4320320342,University of Sheffield,GB
https://openalex.org/F4320327726,"Natural Science Foundation Project of Chongqing, Chongqing Science and Technology Commission",CN
https://openalex.org/F4320309951,Stiftelsen för Miljöstrategisk Forskning,SE
https://openalex.org/F4320309624,Cornell University,US
https://openalex.org/F4320320948,"Ministry of Science, Technology and Space",IL
https://openalex.org/F4320310371,University of Otago,NZ
https://openalex.org/F4320309751,Association Française contre les Myopathies,FR
https://openalex.org/F4320310160,University of Arizona,US
https://openalex.org/F4320320339,University of Birmingham,GB
https://openalex.org/F4320326185,Taishan Scholar Foundation of Shandong Province,CN
https://openalex.org/F4320323970,Ministry of Industry and Information Technology of the People's Republic of China,CN
https://openalex.org/F4320321529,Chiang Mai University,TH
https://openalex.org/F4320320939,Swedish Foundation for International Cooperation in Research and Higher Education,SE
https://openalex.org/F4320320431,Australian National University,AU
https://openalex.org/F4320312065,University of Illinois System,US
https://openalex.org/F4320332622,"University of California, San Francisco",US
https://openalex.org/F4320327918,H. Lundbeck A/S,DK
https://openalex.org/F4320335765,National Key Scientific Instrument and Equipment Development Projects of China,CN
https://openalex.org/F4320337628,U.S. Naval Research Laboratory,US
https://openalex.org/F4320334882,Korea Centers for Disease Control and Prevention,KR
https://openalex.org/F4320322227,Universidad Nacional de La Plata,AR
https://openalex.org/F4320324196,Innovation and Technology Commission - Hong Kong,HK
https://openalex.org/F4320310050,University of Utah,US
https://openalex.org/F4320332564,"University of California, Davis",US
https://openalex.org/F4320322105,Korea Institute of Science and Technology Information,KR
https://openalex.org/F4320309835,Arizona State University,US
https://openalex.org/F4320321600,"Departament d'Innovació, Universitats i Empresa, Generalitat de Catalunya",ES
https://openalex.org/F4320329006,Kementerian Pendidikan Malaysia,MY
https://openalex.org/F4320309911,Aix-Marseille Université,FR
https://openalex.org/F4320322472,Qatar University,QA
https://openalex.org/F4320321949,Department of Education of Hebei Province,CN
https://openalex.org/F4320323193,Natural Science Foundation of Yunnan Province,CN
https://openalex.org/F4320307769,Astellas Pharma US,US
https://openalex.org/F4320320970,Deakin University,AU
https://openalex.org/F4320312069,Deutsches Zentrum für Herz-Kreislaufforschung,DE
https://openalex.org/F4320323830,Université de Genève,CH
https://openalex.org/F4320307849,North Atlantic Treaty Organization,BE
https://openalex.org/F4320323202,Fundação Cearense de Apoio ao Desenvolvimento Científico e Tecnológico,BR
https://openalex.org/F4320320987,Curtin University of Technology,AU
https://openalex.org/F4320324232,RWTH Aachen University,DE
https://openalex.org/F4320311413,Susan G. Komen,US
https://openalex.org/F4320323349,Fundação de Amparo à Pesquisa e Inovação do Estado de Santa Catarina,BR
https://openalex.org/F4320310865,University of Saskatchewan,CA
https://openalex.org/F4320313460,Agentschap Innoveren en Ondernemen,BE
https://openalex.org/F4320321545,China Sponsorship Council,CN
https://openalex.org/F4320321916,State Scholarships Foundation,GR
https://openalex.org/F4320309037,Office of Research and Development,US
https://openalex.org/F4320322926,Universitat Jaume I,ES
https://openalex.org/F4320309151,Vanderbilt University,US
https://openalex.org/F4320308668,University of Southern California,US
https://openalex.org/F4320309568,University of Missouri,US
https://openalex.org/F4320314070,Broad Institute,US
https://openalex.org/F4320322559,Southwest University of Science and Technology,CN
https://openalex.org/F4320323499,Bundesministerium für Ernährung und Landwirtschaft,DE
https://openalex.org/F4320326427,Innovation and Technology Fund,HK
https://openalex.org/F4320323591,Christian Doppler Forschungsgesellschaft,AT
https://openalex.org/F4320317015,Alzheimer's Society,GB
https://openalex.org/F4320309290,New York University,US
https://openalex.org/F4320321691,Universität Wien,AT
https://openalex.org/F4320321067,Public Health England,GB
https://openalex.org/F4320309342,University of North Carolina,US
https://openalex.org/F4320336023,Program for Professor of Special Appointment (Eastern Scholar) at Shanghai Institutions of Higher Learning,CN
https://openalex.org/F4320323766,Barncancerfonden,SE
https://openalex.org/F4320322716,Japan International Cooperation Agency,JP
https://openalex.org/F4320323681,Fundação de Amparo à Pesquisa do Estado da Bahia,BR
https://openalex.org/F4320311196,King’s College London,GB
https://openalex.org/F4320311255,Israel National Road Safety Authority,IL
https://openalex.org/F4320325651,Alberta Innovates,CA
https://openalex.org/F4320338354,Pacific Northwest National Laboratory,US
https://openalex.org/F4320309331,Hartwell Foundation,US
https://openalex.org/F4320314849,Searle Scholars Program,US
https://openalex.org/F4320320279,University of Warwick,GB
https://openalex.org/F4320309819,Torsten Söderbergs Stiftelse,SE
https://openalex.org/F4320309610,Health Services Research and Development,US
https://openalex.org/F4320322014,Ministry of Food and Drug Safety,KR
https://openalex.org/F4320335848,Agricultural Science and Technology Innovation Program,CN
https://openalex.org/F4320321995,Queensland Government,AU
https://openalex.org/F4320323569,"Ministrstvo za Izobraževanje, Znanost in Šport",SI
https://openalex.org/F4320322681,"Onderzoeksraad, KU Leuven",BE
https://openalex.org/F4320310707,Wilhelm Sander-Stiftung,DE
https://openalex.org/F4320306250,Battelle,US
https://openalex.org/F4320321411,Fundación Científica Asociación Española Contra el Cáncer,ES
https://openalex.org/F4320309825,University of Kentucky,US
https://openalex.org/F4320327608,China Agricultural Research System,CN
https://openalex.org/F4320308906,St. Baldrick's Foundation,US
https://openalex.org/F4320323024,Astellas Pharma,JP
https://openalex.org/F4320309001,American Psychological Association,US
https://openalex.org/F4320322597,Terry Fox Research Institute,CA
https://openalex.org/F4320320337,University of Glasgow,GB
https://openalex.org/F4320326208,Gobierno de Aragón,ES
https://openalex.org/F4320308109,Pennsylvania Department of Health,US
https://openalex.org/F4320308324,McKnight Foundation,US
https://openalex.org/F4320309530,Stanley Medical Research Institute,US
https://openalex.org/F4320310536,University of Virginia,US
https://openalex.org/F4320323476,Emberi Eroforrások Minisztériuma,HU
https://openalex.org/F4320324301,China Medical University,CN
https://openalex.org/F4320306571,American Society of Hematology,US
https://openalex.org/F4320320842,"Irish Research Council for Science, Engineering and Technology",IE
https://openalex.org/F4320322101,Korea Research Institute of Chemical Technology,KR
https://openalex.org/F4320323938,Ministerstvo Zemědělství,CZ
https://openalex.org/F4320323712,Université de Bordeaux,FR
https://openalex.org/F4320322692,Prince of Songkla University,TH
https://openalex.org/F4320324119,Uppsala Universitet,SE
https://openalex.org/F4320322909,Isaac Newton Trust,GB
https://openalex.org/F4320310753,Agencia Nacional de Investigación e Innovación,UY
https://openalex.org/F4320338465,Zhejiang Province Public Welfare Technology Application Research Project,CN
https://openalex.org/F4320320736,All India Council for Technical Education,IN
https://openalex.org/F4320321643,Nierstichting,NL
https://openalex.org/F4320334707,Cancer Council Victoria,AU
https://openalex.org/F4320310466,Universität Basel,CH
https://openalex.org/F4320322225,Linköpings Universitet,SE
https://openalex.org/F4320325437,Jiangsu Science and Technology Department,CN
https://openalex.org/F4320334392,Health Canada,CA
https://openalex.org/F4320332600,University of North Carolina at Chapel Hill,US
https://openalex.org/F4320324070,"Ministry of Education and Research, Romania",RO
https://openalex.org/F4320323834,Universidad de Granada,ES
https://openalex.org/F4320323268,Nanjing University of Posts and Telecommunications,CN
https://openalex.org/F4320308840,Leakey Foundation,US
https://openalex.org/F4320307785,3M,US
https://openalex.org/F4320310017,University of Connecticut,US
https://openalex.org/F4320306420,G. Harold and Leila Y. Mathers Charitable Foundation,US
https://openalex.org/F4320309788,Neurosciences Research Foundation,GB
https://openalex.org/F4320323741,Magnus Bergvalls Stiftelse,SE
https://openalex.org/F4320306598,American Foundation for Suicide Prevention,US
https://openalex.org/F4320323101,Shiraz University,IR
https://openalex.org/F4320323021,Nankai University,CN
https://openalex.org/F4320322659,Riksbankens Jubileumsfond,SE
https://openalex.org/F4320327051,Science and Technology Department of Henan Province,CN
https://openalex.org/F4320324135,Kempestiftelserna,SE
https://openalex.org/F4320335271,British Columbia Knowledge Development Fund,CA
https://openalex.org/F4320333642,Scientific Research Foundation of Hunan Provincial Education Department,CN
https://openalex.org/F4320308445,American Roentgen Ray Society,US
https://openalex.org/F4320322484,Princess Nourah Bint Abdulrahman University,SA
https://openalex.org/F4320315071,"NIHR Biomedical Research Centre, Royal Marsden NHS Foundation Trust/Institute of Cancer Research",GB
https://openalex.org/F4320322557,Seoul National University Hospital,KR
https://openalex.org/F4320310537,University of Calgary,CA
https://openalex.org/F4320324041,Università degli Studi di Torino,IT
https://openalex.org/F4320326069,Regione Autonoma della Sardegna,IT
https://openalex.org/F4320306553,Whitehall Foundation,US
https://openalex.org/F4320309928,Aarhus Universitet,DK
https://openalex.org/F4320321314,Yonsei University,KR
https://openalex.org/F4320320972,RMIT University,AU
https://openalex.org/F4320322726,Ministry of Education and Science of the Republic of Kazakhstan,KZ
https://openalex.org/F4320330206,Science and Technology Program of Hunan Province,CN
https://openalex.org/F4320320995,Canada Foundation for Innovation,CA
https://openalex.org/F4320309938,"Centre of Excellence for Environmental Decisions, Australian Research Council",AU
https://openalex.org/F4320332538,University of Colorado Boulder,US
https://openalex.org/F4320310207,Carnegie Mellon University,US
https://openalex.org/F4320332169,Directorate for Computer and Information Science and Engineering,US
https://openalex.org/F4320335966,Science and Technology Planning Project of Shenzhen Municipality,CN
https://openalex.org/F4320321474,"Cabinet Office, Government of Japan",JP
https://openalex.org/F4320322110,Korea Research Institute of Bioscience and Biotechnology,KR
https://openalex.org/F4320338377,FP7 Health,
https://openalex.org/F4320314607,Government of Ontario,CA
https://openalex.org/F4320322444,Stiftelsen Olle Engkvist Byggmästare,SE
https://openalex.org/F4320324162,Università degli Studi di Ferrara,IT
https://openalex.org/F4320321446,Aarhus Universitets Forskningsfond,DK
https://openalex.org/F4320320277,University of Southampton,GB
https://openalex.org/F4320321435,Anhui University,CN
https://openalex.org/F4320326685,"Guangzhou Science, Technology and Innovation Commission",CN
https://openalex.org/F4320334986,Chinese Academy of Sciences Key Project,CN
https://openalex.org/F4320314178,European Federation of Pharmaceutical Industries and Associations,BE
https://openalex.org/F4320322565,Stavros Niarchos Foundation,GR
https://openalex.org/F4320326178,Heilongjiang Provincial Postdoctoral Science Foundation,CN
https://openalex.org/F4320325353,Fujian Agriculture and Forestry University,CN
https://openalex.org/F4320323069,Stichting Tegen Kanker,BE
https://openalex.org/F4320322583,Krebsliga Schweiz,CH
https://openalex.org/F4320319963,Heart and Stroke Foundation of Canada,CA
https://openalex.org/F4320310077,National Research Centre,EG
https://openalex.org/F4320334928,Institut national des sciences de l'Univers,FR
https://openalex.org/F4320334877,Korea Environmental Industry and Technology Institute,KR
https://openalex.org/F4320322218,Regione Campania,IT
https://openalex.org/F4320322499,Renmin University of China,CN
https://openalex.org/F4320322182,Huaqiao University,CN
https://openalex.org/F4320309697,Alzheimer's Disease Neuroimaging Initiative,US
https://openalex.org/F4320332533,Applied Basic Research Foundation of Yunnan Province,CN
https://openalex.org/F4320306740,Israel Cancer Research Fund,US
https://openalex.org/F4320322812,Inyuvesi Yakwazulu-Natali,ZA
https://openalex.org/F4320322741,Ministerstvo Průmyslu a Obchodu,CZ
https://openalex.org/F4320322335,Khon Kaen University,TH
https://openalex.org/F4320309249,University of Miami,US
https://openalex.org/F4320309763,Hjerteforeningen,DK
https://openalex.org/F4320321047,Partnership for Advanced Computing in Europe AISBL,BE
https://openalex.org/F4320310010,University of Georgia,US
https://openalex.org/F4320320351,Commonwealth Scholarship Commission,GB
https://openalex.org/F4320321432,Beijing Normal University,CN
https://openalex.org/F4320338126,Medical Research Foundation,GB
https://openalex.org/F4320312568,Public Health Agency of Canada,CA
https://openalex.org/F4320310699,Juvenile Diabetes Research Foundation United Kingdom,GB
https://openalex.org/F4320321008,Universiteit van Amsterdam,NL
https://openalex.org/F4320313895,Department of Science and Technology of Shandong Province,CN
https://openalex.org/F4320309872,"Grantová Agentura, Univerzita Karlova",CZ
https://openalex.org/F4320323942,Campus France,FR
https://openalex.org/F4320322291,University of Jinan,CN
https://openalex.org/F4320338462,European and Developing Countries Clinical Trials Partnership,NL
https://openalex.org/F4320337112,National Institute on Disability and Rehabilitation Research,US
https://openalex.org/F4320311401,Oregon State University,US
https://openalex.org/F4320328015,West Light Foundation of the Chinese Academy of Sciences,CN
https://openalex.org/F4320322526,"Secretaría de Educación Superior, Ciencia, Tecnología e Innovación",EC
https://openalex.org/F4320334905,Universitat Politècnica de València,ES
https://openalex.org/F4320309627,Colorado State University,US
https://openalex.org/F4320336567,Natural Science Basic Research Program of Shaanxi Province,CN
https://openalex.org/F4320335983,National Natural Science Foundation of China-Shandong Joint Fund for Marine Science Research Centers,CN
https://openalex.org/F4320308625,Flight Attendant Medical Research Institute,US
https://openalex.org/F4320324303,Beijing University of Chemical Technology,CN
https://openalex.org/F4320322823,Fondazione Umberto Veronesi,IT
https://openalex.org/F4320322634,Vrije Universiteit Brussel,BE
https://openalex.org/F4320322582,Sveriges Lantbruksuniversitet,SE
https://openalex.org/F4320322052,National Cancer Center,KR
https://openalex.org/F4320324977,Shaanxi University of Science and Technology,CN
https://openalex.org/F4320321685,Ente Cassa di Risparmio di Firenze,IT
https://openalex.org/F4320322814,Taipei Medical University,TW
https://openalex.org/F4320322370,East China Normal University,CN
https://openalex.org/F4320321585,Universidad Complutense de Madrid,ES
https://openalex.org/F4320321010,Universiteit Utrecht,NL
https://openalex.org/F4320325330,European League Against Rheumatism,CH
https://openalex.org/F4320309725,Fondazione Italiana Sclerosi Multipla,IT
https://openalex.org/F4320324161,Korea Advanced Institute of Science and Technology,KR
https://openalex.org/F4320334715,Cancer Council NSW,AU
https://openalex.org/F4320320936,Royal Swedish Academy of Sciences,SE
https://openalex.org/F4320313199,Iran University of Medical Sciences,IR
https://openalex.org/F4320309565,Boston University,US
https://openalex.org/F4320310071,Indian Institute of Science,IN
https://openalex.org/F4320312330,Slovenská Akadémia Vied,SK
https://openalex.org/F4320310358,Achievement Rewards for College Scientists Foundation,US
https://openalex.org/F4320321876,Fritz Thyssen Stiftung,DE
https://openalex.org/F4320306239,Conquer Cancer Foundation,US
https://openalex.org/F4320321142,Hanyang University,KR
https://openalex.org/F4320309773,Japan Health Sciences Foundation,JP
https://openalex.org/F4320319841,Alzheimer's Research Trust,GB
https://openalex.org/F4320323092,National Tsing Hua University,TW
https://openalex.org/F4320333566,National Defense Science and Engineering Graduate,US
https://openalex.org/F4320306098,U.S. Department of Justice,US
https://openalex.org/F4320322837,Vlaams Instituut voor Biotechnologie,BE
https://openalex.org/F4320306777,National Foundation for Cancer Research,US
https://openalex.org/F4320313610,Shanghai Science and Technology Development Foundation,CN
https://openalex.org/F4320337669,H2020 European Institute of Innovation and Technology,
https://openalex.org/F4320324224,Wenzhou Municipal Science and Technology Bureau,CN
https://openalex.org/F4320308992,Biogen Idec,US
https://openalex.org/F4320309791,Suzuken Memorial Foundation,JP
https://openalex.org/F4320320722,Indian Space Research Organisation,IN
https://openalex.org/F4320327216,Junta de Comunidades de Castilla-La Mancha,ES
https://openalex.org/F4320324797,Reumatikerförbundet,SE
https://openalex.org/F4320322191,Hunan University,CN
https://openalex.org/F4320337378,Office of Integrative Activities,US
https://openalex.org/F4320320869,Robert Bosch Stiftung,DE
https://openalex.org/F4320323264,Gates Cambridge Trust,GB
https://openalex.org/F4320309829,Canadian Diabetes Association,CA
https://openalex.org/F4320310264,University of Nebraska-Lincoln,US
https://openalex.org/F4320337561,Biosense Webster,US
https://openalex.org/F4320309832,Fondazione Cassa di Risparmio di Padova e Rovigo,IT
https://openalex.org/F4320308294,Tobacco-Related Disease Research Program,US
https://openalex.org/F4320322451,Osaka University,JP
https://openalex.org/F4320321664,"Ministerio de Ciencia, Tecnología e Innovación Productiva",AR
https://openalex.org/F4320323204,Fundação de Amparo à Pesquisa do Estado de Goiás,BR
https://openalex.org/F4320324207,Jiangsu Provincial Department of Education,CN
https://openalex.org/F4320334659,Research Trainees Coordinating Centre,GB
https://openalex.org/F4320323292,University of Electronic Science and Technology of China,CN
https://openalex.org/F4320324215,Conseil National de la Recherche Scientifique,LB
https://openalex.org/F4320308332,Presbyterian Historical Society,US
https://openalex.org/F4320321027,Indo-French Centre for the Promotion of Advanced Research,IN
https://openalex.org/F4320321987,European Union Agency for Network and Information Security,GR
https://openalex.org/F4320309590,Università degli Studi di Napoli Federico II,IT
https://openalex.org/F4320335478,"Secretaría de Ciencia y Técnica, Universidad de Buenos Aires",AR
https://openalex.org/F4320306460,Oak Foundation,US
https://openalex.org/F4320320265,Health Foundation,GB
https://openalex.org/F4320309885,California Institute of Regenerative Medicine,US
https://openalex.org/F4320322193,Nemzeti Kutatási és Technológiai Hivatal,HU
https://openalex.org/F4320310841,University of Iowa,US
https://openalex.org/F4320321542,China Pharmaceutical University,CN
https://openalex.org/F4320308297,Craig H. Neilsen Foundation,US
https://openalex.org/F4320313475,Università degli Studi di Milano,IT
https://openalex.org/F4320321317,Gwangju Institute of Science and Technology,KR
https://openalex.org/F4320320298,University of Leeds,GB
https://openalex.org/F4320323831,Université de Lausanne,CH
https://openalex.org/F4320308971,Rheumatology Research Foundation,US
https://openalex.org/F4320325124,CYTED Ciencia y Tecnología para el Desarrollo,ES
https://openalex.org/F4320338106,Fondo de Fomento al Desarrollo Científico y Tecnológico,CL
https://openalex.org/F4320322609,China Medical University Hospital,TW
https://openalex.org/F4320323350,Fundação de Apoio à Pesquisa do Distrito Federal,BR
https://openalex.org/F4320335238,"Staatssekretariat für Bildung, Forschung und Innovation",CH
https://openalex.org/F4320323682,Fundação de Amparo à Pesquisa e Inovação do Espírito Santo,BR
https://openalex.org/F4320321125,Beihang University,CN
https://openalex.org/F4320307799,Procter and Gamble,US
https://openalex.org/F4320311419,Ministry of Health,JM
https://openalex.org/F4320320118,Canadian Cancer Society,CA
https://openalex.org/F4320320080,Dunhill Medical Trust,GB
https://openalex.org/F4320337374,National Center on Minority Health and Health Disparities,US
https://openalex.org/F4320321301,Soonchunhyang University,KR
https://openalex.org/F4320322245,Isfahan University of Medical Sciences,IR
https://openalex.org/F4320334796,"National Cancer Institute, Cairo University",EG
https://openalex.org/F4320334785,Health Services and Delivery Research Programme,GB
https://openalex.org/F4320324663,National Cheng Kung University,TW
https://openalex.org/F4320323988,Ministero degli Affari Esteri e della Cooperazione Internazionale,IT
https://openalex.org/F4320321645,"Ministerie van Volksgezondheid, Welzijn en Sport",NL
https://openalex.org/F4320309673,Harvard Catalyst,US
https://openalex.org/F4320319973,Genome British Columbia,CA
https://openalex.org/F4320321694,Instituto Politécnico Nacional,MX
https://openalex.org/F4320332645,Fonds de Recherche du Québec-Société et Culture,CA
https://openalex.org/F4320336405,Special Project for Research and Development in Key areas of Guangdong Province,CN
https://openalex.org/F4320335961,National Science and Technology Planning Project,CN
https://openalex.org/F4320336573,"Humanities and Social Sciences Youth Foundation, Ministry of Education of the People's Republic of China",CN
https://openalex.org/F4320310645,European Respiratory Society,CH
https://openalex.org/F4320310751,Suomen Lääketieteen Säätiö,FI
https://openalex.org/F4320335111,"Kerala State Council for Science, Technology and Environment",IN
https://openalex.org/F4320322770,Foundation of Henan Educational Committee,CN
https://openalex.org/F4320322690,Università di Catania,IT
https://openalex.org/F4320310420,CSL Behring,US
https://openalex.org/F4320321637,Department for International Development,GB
https://openalex.org/F4320320350,Cardiff University,GB
https://openalex.org/F4320328501,Business Finland,FI
https://openalex.org/F4320320692,University of Pretoria,ZA
https://openalex.org/F4320308321,"United Nations Educational, Scientific and Cultural Organization",FR
https://openalex.org/F4320320963,University of Newcastle Australia,AU
https://openalex.org/F4320327859,Hellenic Foundation for Research and Innovation,GR
https://openalex.org/F4320310630,University of Ottawa,CA
https://openalex.org/F4320322921,Grand Challenges Canada,CA
https://openalex.org/F4320323744,Électricité de France,FR
https://openalex.org/F4320320333,"National Centre for the Replacement, Refinement and Reduction of Animals in Research",GB
https://openalex.org/F4320334938,Department of Science and Technology for Social Development,CN
https://openalex.org/F4320320323,University of Liverpool,GB
https://openalex.org/F4320310484,"Teknologi og Produktion, Det Frie Forskningsråd",DK
https://openalex.org/F4320320322,University of Bath,GB
https://openalex.org/F4320321380,Yeungnam University,KR
https://openalex.org/F4320322132,"Centre of Excellence in Cognition and its Disorders, Australian Research Council",AU
https://openalex.org/F4320324293,SUVA,CH
https://openalex.org/F4320327296,Ministry of Education – Kingdom of Saudi Arabi,SA
https://openalex.org/F4320309999,American University of Beirut,LB
https://openalex.org/F4320322663,Universiteit Stellenbosch,ZA
https://openalex.org/F4320337558,Maternal and Child Health Bureau,US
https://openalex.org/F4320322427,Nordisk Ministerråd,NO
https://openalex.org/F4320335953,Jilin Scientific and Technological Development Program,CN
https://openalex.org/F4320323437,Medizinische Universität Wien,AT
https://openalex.org/F4320322262,"Ikerbasque, Basque Foundation for Science",ES
https://openalex.org/F4320309778,Li Ka Shing Foundation,HK
https://openalex.org/F4320337432,Center for Scientific Review,US
https://openalex.org/F4320310693,Deutsches Krebsforschungszentrum,DE
https://openalex.org/F4320320022,Sight Research UK,GB
https://openalex.org/F4320310246,University of Rochester,US
https://openalex.org/F4320327514,Beijing Institute of Technology Research Fund Program for Young Scholars,CN
https://openalex.org/F4320326174,Shaanxi Province Postdoctoral Science Foundation,CN
https://openalex.org/F4320335295,Yonsei University College of Medicine,KR
https://openalex.org/F4320334596,Fisheries and Oceans Canada,CA
https://openalex.org/F4320335476,Sichuan Province Youth Science and Technology Innovation Team,CN
https://openalex.org/F4320323197,Universidad de Antioquia,CO
https://openalex.org/F4320309646,Virginia Polytechnic Institute and State University,US
https://openalex.org/F4320309070,Brown University,US
https://openalex.org/F4320310942,Ontario Centres of Excellence,CA
https://openalex.org/F4320321721,Bundesministerium für Gesundheit,DE
https://openalex.org/F4320333299,Biomedical Advanced Research and Development Authority,US
https://openalex.org/F4320308347,Brigham and Women's Hospital,US
https://openalex.org/F4320309209,UNICEF,US
https://openalex.org/F4320324142,European Society for Medical Oncology,CH
https://openalex.org/F4320321370,Inha University,KR
https://openalex.org/F4320320275,University of Exeter,GB
https://openalex.org/F4320327806,Tip-top Scientific and Technical Innovative Youth Talents of Guangdong Special Support Program,CN
https://openalex.org/F4320323533,Hokkaido University,JP
https://openalex.org/F4320309272,Wayne State University,US
https://openalex.org/F4320309170,Florida State University,US
https://openalex.org/F4320335038,Kasetsart University Research and Development Institute,TH
https://openalex.org/F4320334846,"Agenzia Italiana del Farmaco, Ministero della Salute",IT
https://openalex.org/F4320309920,Belarusian Republican Foundation for Fundamental Research,BY
https://openalex.org/F4320321043,Centro para el Desarrollo Tecnológico Industrial,ES
https://openalex.org/F4320322735,National Health and Family Planning Commission of the People's Republic of China,CN
https://openalex.org/F4320323866,Cancéropôle Ile de France,FR
https://openalex.org/F4320320979,University of South Australia,AU
https://openalex.org/F4320306380,Larry L. Hillblom Foundation,US
https://openalex.org/F4320322381,A.G. Leventis Foundation,CY
https://openalex.org/F4320332184,National Academy of Sciences,US
https://openalex.org/F4320310678,"Center for Strategic Scientific Initiatives, National Cancer Institute",US
https://openalex.org/F4320322811,Kaohsiung Medical University,TW
https://openalex.org/F4320323030,Augustinus Fonden,DK
https://openalex.org/F4320310131,University of Kansas,US
https://openalex.org/F4320321284,Pusan National University,KR
https://openalex.org/F4320324983,Nanjing Tech University,CN
https://openalex.org/F4320322648,Università degli Studi di Firenze,IT
https://openalex.org/F4320321020,Icelandic Centre for Research,IS
https://openalex.org/F4320325263,Environment and Climate Change Canada,CA
https://openalex.org/F4320310030,Takeda Pharmaceuticals U.S.A.,US
https://openalex.org/F4320323033,"Bundesministerium für Verkehr, Innovation und Technologie",AT
https://openalex.org/F4320312210,Fulbright Association,US
https://openalex.org/F4320307772,Genzyme,US
https://openalex.org/F4320335551,Erasmus+,
https://openalex.org/F4320336008,National College Students Innovation and Entrepreneurship Training Program,CN
https://openalex.org/F4320310654,Indian National Science Academy,IN
https://openalex.org/F4320323645,Institute for Research in Fundamental Sciences,IR
https://openalex.org/F4320329791,Shenzhen Fundamental Research Program,CN
https://openalex.org/F4320323333,Sydäntutkimussäätiö,FI
https://openalex.org/F4320322818,King Mongkut's University of Technology Thonburi,TH
https://openalex.org/F4320321974,Universitat de València,ES
https://openalex.org/F4320311777,Secretaría de Educación Pública,MX
https://openalex.org/F4320324143,Fondazione Italiana per la Ricerca sul Cancro,IT
https://openalex.org/F4320324849,Nanjing University of Information Science and Technology,CN
https://openalex.org/F4320320873,Friedrich-Alexander-Universität Erlangen-Nürnberg,DE
https://openalex.org/F4320332664,Science and Technology Directorate,US
https://openalex.org/F4320310256,University of Cincinnati,US
https://openalex.org/F4320311169,Cancer Research Society,CA
https://openalex.org/F4320322836,"Ministry of Health, British Columbia",CA
https://openalex.org/F4320323078,Universitetet i Bergen,NO
https://openalex.org/F4320337405,Division of Behavioral and Cognitive Sciences,US
https://openalex.org/F4320321773,Fraunhofer-Gesellschaft,DE
https://openalex.org/F4320309904,Auburn University,US
https://openalex.org/F4320310224,Georgia Research Alliance,US
https://openalex.org/F4320322400,Magnus Ehrnroothin Säätiö,FI
https://openalex.org/F4320321961,Hessisches Ministerium für Wissenschaft und Kunst,DE
https://openalex.org/F4320320270,UK-India Education and Research Initiative,GB
https://openalex.org/F4320311239,Russian Science Support Foundation,RU
https://openalex.org/F4320320858,University College Dublin,IE
https://openalex.org/F4320325854,"Council for Science, Technology and Innovation",JP
https://openalex.org/F4320309381,Emory University,US
https://openalex.org/F4320327269,Conseil régional de Bourgogne-Franche-Comté,FR
https://openalex.org/F4320315019,Simons Foundation Autism Research Initiative,US
https://openalex.org/F4320322435,Norsk Sykepleierforbund,NO
https://openalex.org/F4320326086,Provincia Autonoma di Trento,IT
https://openalex.org/F4320327344,Marcus och Amalia Wallenbergs minnesfond,SE
https://openalex.org/F4320323563,Kementerian Pendidikan dan Kebudayaan,ID
https://openalex.org/F4320336042,"West China Hospital, Sichuan University",CN
https://openalex.org/F4320334982,Basic Research Program of Jiangsu Province,CN
https://openalex.org/F4320314152,Directorate-General for Migration and Home Affairs,BE
https://openalex.org/F4320306096,Office of Dietary Supplements,US
https://openalex.org/F4320311952,University of Manitoba,CA
https://openalex.org/F4320323296,Université Paris Descartes,FR
https://openalex.org/F4320323917,Fundação Oswaldo Cruz,BR
https://openalex.org/F4320324137,Universidad Nacional de Mar del Plata,AR
https://openalex.org/F4320323001,AFM-Téléthon,FR
https://openalex.org/F4320325384,Ministry of Science Research and Technology,IR
https://openalex.org/F4320322720,Southwest Jiaotong University,CN
https://openalex.org/F4320312926,Crohn's and Colitis Foundation,US
https://openalex.org/F4320324704,Japan Science Society,JP
https://openalex.org/F4320321584,Fédération Wallonie-Bruxelles,BE
https://openalex.org/F4320323048,Ahvaz Jundishapur University of Medical Sciences,IR
https://openalex.org/F4320319905,Ontario Genomics Institute,CA
https://openalex.org/F4320321588,Concordia University,CA
https://openalex.org/F4320323444,Autoritatea Natională pentru Cercetare Stiintifică,RO
https://openalex.org/F4320310833,Lloyd's Register Foundation,GB
https://openalex.org/F4320321078,The World Academy of Sciences,IT
https://openalex.org/F4320310992,University of Bern,CH
https://openalex.org/F4320323799,Syddansk Universitet,DK
https://openalex.org/F4320321458,Universidad Nacional de Colombia,CO
https://openalex.org/F4320332589,Direktoratet for Utviklingssamarbeid,NO
https://openalex.org/F4320324164,University of Cape Town,ZA
https://openalex.org/F4320321422,Alberta Livestock and Meat Agency,CA
https://openalex.org/F4320320609,University of Tasmania,AU
https://openalex.org/F4320324085,Centro de Investigación Biomédica en Red de Salud Mental,ES
https://openalex.org/F4320322994,Fundação de Amparo à Pesquisa do Estado do Amazonas,BR
https://openalex.org/F4320335846,Biomedical Research Council,SG
https://openalex.org/F4320326494,"Bundesministerium für Bildung, Wissenschaft, Forschung und Technologie",DE
https://openalex.org/F4320327239,Templeton World Charity Foundation,BS
https://openalex.org/F4320323105,Universitair Medisch Centrum Groningen,NL
https://openalex.org/F4320313141,Gobierno del Principado de Asturias,ES
https://openalex.org/F4320332357,Office of Electricity Delivery and Energy Reliability,US
https://openalex.org/F4320324131,University of Delhi,IN
https://openalex.org/F4320320881,Universität Heidelberg,DE
https://openalex.org/F4320327511,Development and Reform Commission of Shenzhen Municipality,CN
https://openalex.org/F4320306650,China Medical Board,US
https://openalex.org/F4320326696,Jiangxi Provincial Department of Science and Technology,CN
https://openalex.org/F4320308687,CHDI Foundation,US
https://openalex.org/F4320327486,National Institute for Medical Research Development,IR
https://openalex.org/F4320321665,Aase og Ejnar Danielsens Fond,DK
https://openalex.org/F4320310151,Dana-Farber Cancer Institute,US
https://openalex.org/F4320322210,Inamori Foundation,JP
https://openalex.org/F4320323698,Radboud Universitair Medisch Centrum,NL
https://openalex.org/F4320310489,Velux Fonden,DK
https://openalex.org/F4320322792,Nanchang University,CN
https://openalex.org/F4320325436,Department of Education of Zhejiang Province,CN
https://openalex.org/F4320310161,University of Central Florida,US
https://openalex.org/F4320321430,American University of Sharjah,AE
https://openalex.org/F4320324289,Worldwide Cancer Research,GB
https://openalex.org/F4320309603,Varian Medical Systems,US
https://openalex.org/F4320327599,Central Universities in China,CN
https://openalex.org/F4320321724,Fetal Medicine Foundation,GB
https://openalex.org/F4320323408,Universidad Nacional del Litoral,AR
https://openalex.org/F4320325440,Yunnan Provincial Science and Technology Department,CN
https://openalex.org/F4320323916,Ministério da Saúde,BR
https://openalex.org/F4320336022,Program for Jilin University Science and Technology Innovative Research Team,CN
https://openalex.org/F4320309412,Lung Cancer Research Foundation,US
https://openalex.org/F4320332200,EMD Serono,US
https://openalex.org/F4320310747,Movember Foundation,AU
https://openalex.org/F4320308982,American Society of Clinical Oncology,US
https://openalex.org/F4320325829,Kementerian Riset Teknologi Dan Pendidikan Tinggi Republik Indonesia,ID
https://openalex.org/F4320337381,Office of Research on Women's Health,US
https://openalex.org/F4320320177,US-UK Fulbright Commission,GB
https://openalex.org/F4320322991,Università degli Studi di Palermo,IT
https://openalex.org/F4320323237,"Bayerisches Staatsministerium für Wissenschaft, Forschung und Kunst",DE
https://openalex.org/F4320314745,FP7 Coherent Development of Research Policies,
https://openalex.org/F4320334952,Wageningen University and Research,NL
https://openalex.org/F4320306437,Morris Animal Foundation,US
https://openalex.org/F4320338333,"Division of Cancer Epidemiology and Genetics, National Cancer Institute",US
https://openalex.org/F4320335827,UCLH Biomedical Research Centre,GB
https://openalex.org/F4320321450,Bayerische Forschungsstiftung,DE
https://openalex.org/F4320309593,Utah Agricultural Experiment Station,US
https://openalex.org/F4320323390,Ludwig-Maximilians-Universität München,DE
https://openalex.org/F4320332688,"University of California, Irvine",US
https://openalex.org/F4320309356,Boston Children's Hospital,US
https://openalex.org/F4320309700,Foundation for Barnes-Jewish Hospital,US
https://openalex.org/F4320321112,Eberhard Karls Universität Tübingen,DE
https://openalex.org/F4320320577,La Trobe University,AU
https://openalex.org/F4320311011,Universidad de Alicante,ES
https://openalex.org/F4320306673,Dermatology Foundation,US
https://openalex.org/F4320332173,"Directorate for Social, Behavioral and Economic Sciences",US
https://openalex.org/F4320324133,Università degli Studi di Salerno,IT
https://openalex.org/F4320320697,Ministry of Health -Singapore,SG
https://openalex.org/F4320320439,"Department of Health and Ageing, Australian Government",AU
https://openalex.org/F4320324271,Astellas Foundation for Research on Metabolic Disorders,JP
https://openalex.org/F4320312169,National Computational Infrastructure,AU
https://openalex.org/F4320327387,Danmarks Frie Forskningsfond,DK
https://openalex.org/F4320323074,Fundação Bial,PT
https://openalex.org/F4320321332,Kyung Hee University,KR
https://openalex.org/F4320335209,Bio-oriented Technology Research Advancement Institution,JP
https://openalex.org/F4320310431,University of Alabama at Birmingham,US
https://openalex.org/F4320320501,Cancer Australia,AU
https://openalex.org/F4320323416,Sahlgrenska Universitetssjukhuset,SE
https://openalex.org/F4320334856,Bundesamt für Umwelt,CH
https://openalex.org/F4320324316,Klaus Tschira Stiftung,DE
https://openalex.org/F4320309684,"Division of Cancer Prevention, National Cancer Institute",US
https://openalex.org/F4320323482,Uniwersytet Medyczny w Lodzi,PL
https://openalex.org/F4320324096,Iran University of Science and Technology,IR
https://openalex.org/F4320322767,Chang Gung Medical Foundation,TW
https://openalex.org/F4320321849,Chinese Academy of Meteorological Sciences,CN
https://openalex.org/F4320306176,Commonwealth Fund,US
https://openalex.org/F4320323711,Southwest University,CN
https://openalex.org/F4320321908,Göran Gustafssons Stiftelse för Naturvetenskaplig och Medicinsk Forskning,SE
https://openalex.org/F4320323428,Universitat de Barcelona,ES
https://openalex.org/F4320309549,University of Houston,US
https://openalex.org/F4320337604,"National Institute on Disability, Independent Living, and Rehabilitation Research",US
https://openalex.org/F4320322337,Killam Trusts,CA
https://openalex.org/F4320311526,McMaster University,CA
https://openalex.org/F4320321618,"Criminology Research Advisory Council, Australian Institute of Criminology",AU
https://openalex.org/F4320319926,Alzheimer Society,CA
https://openalex.org/F4320309650,Washington University in St. Louis,US
https://openalex.org/F4320335955,Key Scientific Research Project of Colleges and Universities in Henan Province,CN
https://openalex.org/F4320311007,Nippon Sheet Glass Foundation for Materials Science and Engineering,JP
https://openalex.org/F4320335456,Independent Innovation Foundation of Shandong University,CN
https://openalex.org/F4320320021,Parkinson's UK,GB
https://openalex.org/F4320322303,Jordan University of Science and Technology,JO
https://openalex.org/F4320310187,Victorian Cancer Agency,AU
https://openalex.org/F4320335090,Comisión Sectorial de Investigación Científica,UY
https://openalex.org/F4320320738,Indo-US Science and Technology Forum,IN
https://openalex.org/F4320308611,Health Research,US
https://openalex.org/F4320306621,Belgian American Educational Foundation,US
https://openalex.org/F4320310845,National Space Biomedical Research Institute,US
https://openalex.org/F4320309052,Alexion Pharmaceuticals,US
https://openalex.org/F4320333003,Chugai Pharmaceutical,JP
https://openalex.org/F4320323291,Food and Health Bureau,HK
https://openalex.org/F4320307766,Philips,NL
https://openalex.org/F4320323415,Kungliga Fysiografiska Sällskapet i Lund,SE
https://openalex.org/F4320335577,Major Research Plan,CN
https://openalex.org/F4320321202,Chung-Ang University,KR
https://openalex.org/F4320309644,State University of New York,US
https://openalex.org/F4320309856,National Youth Science Foundation,US
https://openalex.org/F4320334966,Bhabha Atomic Research Centre,IN
https://openalex.org/F4320311350,Life Sciences Research Foundation,US
https://openalex.org/F4320332697,University of Illinois at Chicago,US
https://openalex.org/F4320310260,University of Notre Dame,US
https://openalex.org/F4320313002,Shriners Hospitals for Children,US
https://openalex.org/F4320322305,Juho Vainion Säätiö,FI
https://openalex.org/F4320323514,Daiichi Sankyo Foundation of Life Science,JP
https://openalex.org/F4320310847,University of South Florida,US
https://openalex.org/F4320325104,Wuhan National Laboratory for Optoelectronics,CN
https://openalex.org/F4320327974,Conseil Régional des Pays de la Loire,FR
https://openalex.org/F4320310745,Sylvia and Charles Viertel Charitable Foundation,AU
https://openalex.org/F4320337373,Center for Information Technology,US
https://openalex.org/F4320311238,Fondation Brain Canada,CA
https://openalex.org/F4320308928,University of Delaware,US
https://openalex.org/F4320310723,Japan Foundation for Applied Enzymology,JP
https://openalex.org/F4320334943,"John Fell Fund, University of Oxford",GB
https://openalex.org/F4320310055,Itä-Suomen Yliopisto,FI
https://openalex.org/F4320310967,Universidad de Sevilla,ES
https://openalex.org/F4320337515,"Center for Advanced Study, University of Illinois at Urbana-Champaign",US
https://openalex.org/F4320327780,Key Research and Development Program of Jiangxi Province,CN
https://openalex.org/F4320310212,Fundación Alfonso Martín Escudero,ES
https://openalex.org/F4320321248,Kangwon National University,KR
https://openalex.org/F4320327039,State Key Laboratory for Mechanical Behavior of Materials,CN
https://openalex.org/F4320321793,Beijing Municipal Education Commission,CN
https://openalex.org/F4320308018,California Breast Cancer Research Program,US
https://openalex.org/F4320323898,Bergens Forskningsstiftelse,NO
https://openalex.org/F4320322161,Guangdong Medical Research Foundation,CN
https://openalex.org/F4320311795,Yrjö Jahnssonin Säätiö,FI
https://openalex.org/F4320306799,Pharmaceutical Research and Manufacturers of America Foundation,US
https://openalex.org/F4320326664,Anhui Provincial Department of Education,CN
https://openalex.org/F4320324130,Yangzhou University,CN
https://openalex.org/F4320328499,Narodowa Agencja Wymiany Akademickiej,PL
https://openalex.org/F4320321727,Opetus- ja Kulttuuriministeriö,FI
https://openalex.org/F4320319928,Canadian Cancer Society,CA
https://openalex.org/F4320327572,Promotion and Mutual Aid Corporation for Private Schools of Japan,JP
https://openalex.org/F4320321613,Technische Universität Dresden,DE
https://openalex.org/F4320322780,Universiti Teknologi MARA,MY
https://openalex.org/F4320332884,McDonnell Center for Systems Neuroscience,US
https://openalex.org/F4320320084,Multiple Sclerosis Society,GB
https://openalex.org/F4320321445,Assistance Publique - Hôpitaux de Paris,FR
https://openalex.org/F4320323702,Cordis,
https://openalex.org/F4320319669,Action Medical Research,GB
https://openalex.org/F4320334791,National Center of Competence in Research Affective Sciences - Emotions in Individual Behaviour and Social Processes,CH
https://openalex.org/F4320320464,Meat and Livestock Australia,AU
https://openalex.org/F4320322887,The Research Council,OM
https://openalex.org/F4320322217,"Department of Education, Heilongjiang Province",CN
https://openalex.org/F4320334633,World Cancer Research Fund,GB
https://openalex.org/F4320324760,Bloodwise,GB
https://openalex.org/F4320321893,"Department of Education, Fujian Province",CN
https://openalex.org/F4320334974,Hebei Province Science and Technology Support Program,CN
https://openalex.org/F4320311064,University of Portsmouth,GB
https://openalex.org/F4320311198,South London and Maudsley NHS Foundation Trust,GB
https://openalex.org/F4320324123,National Nanotechnology Center,TH
https://openalex.org/F4320320776,Auckland Medical Research Foundation,NZ
https://openalex.org/F4320310467,Helsingin ja Uudenmaan Sairaanhoitopiiri,FI
https://openalex.org/F4320306590,Rita Allen Foundation,US
https://openalex.org/F4320311855,University of Colorado,US
https://openalex.org/F4320321413,AFA Försäkring,SE
https://openalex.org/F4320335711,"Conselleria d'Educació, Investigació, Cultura i Esport",ES
https://openalex.org/F4320307873,William and Flora Hewlett Foundation,US
https://openalex.org/F4320306203,M.J. Murdock Charitable Trust,US
https://openalex.org/F4320321610,Università degli Studi di Milano-Bicocca,IT
https://openalex.org/F4320323220,Alexander S. Onassis Public Benefit Foundation,LI
https://openalex.org/F4320319921,Prostate Cancer Canada,CA
https://openalex.org/F4320325287,SENSHIN Medical Research Foundation,JP
https://openalex.org/F4320325136,Boehringer Ingelheim Stiftung,DE
https://openalex.org/F4320320325,University of Sussex,GB
https://openalex.org/F4320307859,Atlantic Philanthropies,US
https://openalex.org/F4320332591,Intellectual and Developmental Disabilities Research Center,US
https://openalex.org/F4320322113,Korea Institute of Oriental Medicine,KR
https://openalex.org/F4320306877,American Psychological Foundation,US
https://openalex.org/F4320322573,Sultan Qaboos University,OM
https://openalex.org/F4320327215,Région Bretagne,FR
https://openalex.org/F4320327224,Shaanxi Provincial Science and Technology Department,CN
https://openalex.org/F4320323768,ReumaNederland,NL
https://openalex.org/F4320320914,AO Foundation,CH
https://openalex.org/F4320328352,Junta de Extremadura,ES
https://openalex.org/F4320306342,"amfAR, The Foundation for AIDS Research",US
https://openalex.org/F4320332669,Johns Hopkins Bloomberg School of Public Health,US
https://openalex.org/F4320306471,Parkinson's Disease Foundation,US
https://openalex.org/F4320323714,Agència per a la Competitivitat de l’Empresa,ES
https://openalex.org/F4320320615,Lister Institute of Preventive Medicine,GB
https://openalex.org/F4320322092,Korea Institute of Industrial Technology,KR
https://openalex.org/F4320335467,Natural Science Foundation of Shaanxi Provincial Department of Education,CN
https://openalex.org/F4320324127,Univerzita Palackého v Olomouci,CZ
https://openalex.org/F4320322529,Shaanxi Normal University,CN
https://openalex.org/F4320309408,Indiana Clinical and Translational Sciences Institute,US
https://openalex.org/F4320324466,Universidad de Castilla-La Mancha,ES
https://openalex.org/F4320323378,Beijing Technology and Business University,CN
https://openalex.org/F4320331904,Stony Brook University,US
https://openalex.org/F4320313540,Maryland Stem Cell Research Fund,US
https://openalex.org/F4320321818,Kuwait Foundation for the Advancement of Sciences,KW
https://openalex.org/F4320310326,Holsworth Wildlife Research Endowment,AU
https://openalex.org/F4320322877,Natural Science Foundation of Ningxia Province,CN
https://openalex.org/F4320322292,Jinan University,CN
https://openalex.org/F4320327605,Southern University of Science and Technology,CN
https://openalex.org/F4320322574,Suranaree University of Technology,TH
https://openalex.org/F4320323990,Bundesministerium für Bildung und Frauen,AT
https://openalex.org/F4320321687,Erasmus Medisch Centrum,NL
https://openalex.org/F4320324625,Korea Agency for Infrastructure Technology Advancement,KR
https://openalex.org/F4320320251,Royal Society of Chemistry,GB
https://openalex.org/F4320325456,Princess Takamatsu Cancer Research Fund,JP
https://openalex.org/F4320337377,Office of Advanced Cyberinfrastructure,US
https://openalex.org/F4320308760,American Museum of Natural History,US
https://openalex.org/F4320322734,Ministère des Affaires Sociales et de la Santé,FR
https://openalex.org/F4320325677,Science for Life Laboratory,SE
https://openalex.org/F4320325911,Beijing Municipal Administration of Hospitals,CN
https://openalex.org/F4320319981,Physicians' Services Incorporated Foundation,CA
https://openalex.org/F4320312235,Dairy Farmers of Canada,CA
https://openalex.org/F4320323207,Fundação Amazônia Paraense de Amparo à Pesquisa,BR
https://openalex.org/F4320334685,European Institute of Innovation and Technology,HU
https://openalex.org/F4320324664,Akademia Górniczo-Hutnicza im. Stanislawa Staszica,PL
https://openalex.org/F4320332140,Arizona Biomedical Research Commission,US
https://openalex.org/F4320323339,Universidade de São Paulo,BR
https://openalex.org/F4320336350,Key Research and Development Projects of Shaanxi Province,CN
https://openalex.org/F4320326523,Università degli Studi di Perugia,IT
https://openalex.org/F4320308035,New York State Department of Health,US
https://openalex.org/F4320306300,Wallace H. Coulter Foundation,US
https://openalex.org/F4320324587,Singapore Millennium Foundation,SG
https://openalex.org/F4320337407,Division of Human Resource Development,US
https://openalex.org/F4320323402,Universidad Nacional del Sur,AR
https://openalex.org/F4320335406,University Natural Science Research Project of Anhui Province,CN
https://openalex.org/F4320312570,Jazz Pharmaceuticals,IE
https://openalex.org/F4320310281,Case Western Reserve University,US
https://openalex.org/F4320316111,Llywodraeth Cymru,GB
https://openalex.org/F4320321374,Kwangwoon University,KR
https://openalex.org/F4320323068,Beijing Postdoctoral Science Foundation,CN
https://openalex.org/F4320325338,Shanghai Hospital Development Center,CN
https://openalex.org/F4320319899,Cystic Fibrosis Canada,CA
https://openalex.org/F4320310906,National Research Council Sri Lanka,LK
https://openalex.org/F4320334884,Korea Food Research Institute,KR
https://openalex.org/F4320321363,Incheon National University,KR
https://openalex.org/F4320321272,Kyungpook National University,KR
https://openalex.org/F4320325706,Beijing Municipal Administration of Hospitals Clinical Medicine Development of Special Funding Support,CN
https://openalex.org/F4320324632,Ministero dello Sviluppo Economico,IT
https://openalex.org/F4320335542,"Fondo Nacional de Desarrollo Científico, Tecnológico y de Innovación Tecnológica",PE
https://openalex.org/F4320320816,Massey University,NZ
https://openalex.org/F4320324489,Istanbul Teknik Üniversitesi,TR
https://openalex.org/F4320309030,Small Business Innovation Research,US
https://openalex.org/F4320307791,Cisco Systems,US
https://openalex.org/F4320312529,"Empire State Development's Division of Science, Technology and Innovation",US
https://openalex.org/F4320321494,Government of Inner Mongolia Autonomous Region,CN
https://openalex.org/F4320324106,Miljøstyrelsen,DK
https://openalex.org/F4320321386,Terry Fox Foundation,CA
https://openalex.org/F4320322957,Westfälische Wilhelms-Universität Münster,DE
https://openalex.org/F4320310339,"Auckland University of Technology, New Zealand",NZ
https://openalex.org/F4320311013,Russian Humanitarian Foundation,RU
https://openalex.org/F4320320008,Kidney Research UK,GB
https://openalex.org/F4320323354,"Fundação de Apoio ao Desenvolvimento do Ensino, Ciência e Tecnologia do Estado de Mato Grosso do Sul",BR
https://openalex.org/F4320310234,University of Strathclyde,GB
https://openalex.org/F4320326227,Région Hauts-de-France,FR
https://openalex.org/F4320322794,Università degli Studi di Genova,IT
https://openalex.org/F4320322971,Umeå Universitet,SE
https://openalex.org/F4320335305,"School of Medicine, Shanghai Jiao Tong University",CN
https://openalex.org/F4320335603,Council on grants of the President of the Russian Federation,RU
https://openalex.org/F4320311436,Salt Science Research Foundation,JP
https://openalex.org/F4320332374,Ames Research Center,US
https://openalex.org/F4320323222,Agence Nationale pour le Développement de la Recherche en Santé,DZ
https://openalex.org/F4320324521,Freie Universität Berlin,DE
https://openalex.org/F4320332813,Food and Drug Administration,TW
https://openalex.org/F4320309116,Cotton Incorporated,US
https://openalex.org/F4320321959,Gemeinnützige Hertie-Stiftung,DE
https://openalex.org/F4320320072,Brain Research Trust,GB
https://openalex.org/F4320324148,Orionin Tutkimussäätiö,FI
https://openalex.org/F4320325116,"Consejería de Educación, Juventud y Deporte, Comunidad de Madrid",ES
https://openalex.org/F4320324283,Shanghai Municipal Health Bureau,CN
https://openalex.org/F4320326502,"Department of Science and Technology, Hubei Provincial People's Government",CN
https://openalex.org/F4320323139,Azrieli Foundation,CA
https://openalex.org/F4320334845,"Agentúra Ministerstva Školstva, Vedy, Výskumu a Športu SR",SK
https://openalex.org/F4320309793,Familjen Erling-Perssons Stiftelse,SE
https://openalex.org/F4320334761,German Academic Exchange Service London,GB
https://openalex.org/F4320323227,Kermanshah University of Medical Sciences,IR
https://openalex.org/F4320325030,Guangdong University of Technology,CN
https://openalex.org/F4320308615,Thrasher Research Fund,US
https://openalex.org/F4320310773,National Cancer Center,US
https://openalex.org/F4320322813,Hamadan University of Medical Sciences,IR
https://openalex.org/F4320327931,Innosuisse - Schweizerische Agentur für Innovationsförderung,CH
https://openalex.org/F4320309888,Chiesi Farmaceutici,IT
https://openalex.org/F4320325955,Erzincan Üniversitesi,TR
https://openalex.org/F4320306791,Pancreatic Cancer Action Network,US
https://openalex.org/F4320323828,Fondation Leenaards,CH
https://openalex.org/F4320315660,Joint Fire Science Program,US
https://openalex.org/F4320324553,Majmaah University,SA
https://openalex.org/F4320322131,"Ministerio de Sanidad, Servicios Sociales e Igualdad",ES
https://openalex.org/F4320320292,Prostate Cancer UK,GB
https://openalex.org/F4320335045,"National Plan for Science, Technology and Innovation",SA
https://openalex.org/F4320311028,Natural Science Foundation of Xinjiang Province,CN
https://openalex.org/F4320334322,HORIZON EUROPE Framework Programme,
https://openalex.org/F4320311106,National Institute for Social Care and Health Research,GB
https://openalex.org/F4320309029,George Mason University,US
https://openalex.org/F4320335575,Key Programme,CN
https://openalex.org/F4320321770,"Siberian Branch, Russian Academy of Sciences",RU
https://openalex.org/F4320320985,University of Southern Queensland,AU
https://openalex.org/F4320322602,Polska Akademia Nauk,PL
https://openalex.org/F4320321424,Ministère de l'Enseignement Supérieur et de la Recherche Scientifique,DZ
https://openalex.org/F4320323080,Leids Universitair Medisch Centrum,NL
https://openalex.org/F4320334724,Cancer Council Queensland,AU
https://openalex.org/F4320309605,Västra Götalandsregionen,SE
https://openalex.org/F4320324727,Silesian University of Technology,PL
https://openalex.org/F4320322898,Shota Rustaveli National Science Foundation,GE
https://openalex.org/F4320327444,Versus Arthritis,GB
https://openalex.org/F4320311039,Ministry of Higher Education and Scientific Research,AE
https://openalex.org/F4320306186,MetLife Foundation,US
https://openalex.org/F4320328455,Ipsen,FR
https://openalex.org/F4320310169,University of Texas Southwestern Medical Center,US
https://openalex.org/F4320322137,Fundação de Amparo à Pesquisa e ao Desenvolvimento Científico e Tecnológico do Maranhão,BR
https://openalex.org/F4320334881,Korea Forest Service,KR
https://openalex.org/F4320326804,Université de Lyon,FR
https://openalex.org/F4320335134,National Institutes of Natural Sciences,JP
https://openalex.org/F4320322456,Päivikki ja Sakari Sohlbergin Säätiö,FI
https://openalex.org/F4320309309,Brigham Young University,US
https://openalex.org/F4320307759,General Electric,US
https://openalex.org/F4320324101,State Committee of Science,AM
https://openalex.org/F4320324811,Universität zu Köln,DE
https://openalex.org/F4320321204,Chungnam National University,KR
https://openalex.org/F4320311351,American Gastroenterological Association,US
https://openalex.org/F4320324952,Université de Montpellier,FR
https://openalex.org/F4320311701,Nottingham Trent University,GB
https://openalex.org/F4320337449,Janssen Biotech,US
https://openalex.org/F4320322668,Kuwait University,KW
https://openalex.org/F4320309718,Fondazione Banco di Sardegna,IT
https://openalex.org/F4320323011,"Asan Institute for Life Sciences, Asan Medical Center",KR
https://openalex.org/F4320321587,Vlaamse Overheid,BE
https://openalex.org/F4320322672,Fondazione Cassa di Risparmio di Perugia,IT
https://openalex.org/F4320324529,"Agence Nationale de Sécurité Sanitaire de l’Alimentation, de l’Environnement et du Travail",FR
https://openalex.org/F4320309677,Arizona Department of Health Services,US
https://openalex.org/F4320322203,Ichiro Kanehara Foundation for the Promotion of Medical Sciences and Medical Care,JP
https://openalex.org/F4320322138,Universidad Politécnica de Madrid,ES
https://openalex.org/F4320308016,California Air Resources Board,US
https://openalex.org/F4320326012,Region Skåne,SE
https://openalex.org/F4320326548,Masarykova Univerzita,CZ
https://openalex.org/F4320308797,University of California Institute for Mexico and the United States,US
https://openalex.org/F4320321116,Academy of Scientific Research and Technology,EG
https://openalex.org/F4320327473,Department of Science and Technology of Liaoning Province,CN
https://openalex.org/F4320326228,Southern Medical University,CN
https://openalex.org/F4320320334,National Heart and Lung Institute,GB
https://openalex.org/F4320323654,Hospital for Sick Children,CA
https://openalex.org/F4320310111,Wenzhou Medical University,CN
https://openalex.org/F4320316805,University of Sharjah,AE
https://openalex.org/F4320336039,NIHR Imperial Biomedical Research Centre,GB
https://openalex.org/F4320310598,Amazon Web Services,US
https://openalex.org/F4320324291,Nanjing Medical University,CN
https://openalex.org/F4320313223,Vietnam Academy of Science and Technology,VN
https://openalex.org/F4320324497,Universitat Rovira i Virgili,ES
https://openalex.org/F4320309972,České Vysoké Učení Technické v Praze,CZ
https://openalex.org/F4320338067,Institute of Infection and Immunity,CA
https://openalex.org/F4320325090,Internationale Stichting Alzheimer Onderzoek,NL
https://openalex.org/F4320323170,Deutsches Zentrum für Neurodegenerative Erkrankungen,DE
https://openalex.org/F4320322263,"Conseil Régional, Île-de-France",FR
https://openalex.org/F4320313698,"Edward Mallinckrodt, Jr. Foundation",US
https://openalex.org/F4320320451,Neurosurgical Research Foundation,AU
https://openalex.org/F4320321198,Chonnam National University,KR
https://openalex.org/F4320322406,Mazandaran University of Medical Sciences,IR
https://openalex.org/F4320306138,International AIDS Vaccine Initiative,US
https://openalex.org/F4320324261,National Research University Higher School of Economics,RU
https://openalex.org/F4320310859,Ontario Brain Institute,CA
https://openalex.org/F4320313889,Lanzhou University,CN
https://openalex.org/F4320323286,Ministero delle Politiche Agricole Alimentari e Forestali,IT
https://openalex.org/F4320309360,Florida Department of Health,US
https://openalex.org/F4320326489,"Consejería de Salud y Familias, Junta de Andalucía",ES
https://openalex.org/F4320321708,Diabetes Fonds,NL
https://openalex.org/F4320309508,Sandler Foundation,US
https://openalex.org/F4320308793,Fred Hutchinson Cancer Research Center,US
https://openalex.org/F4320312331,Banco Santander,ES
https://openalex.org/F4320322884,Novartis Stiftung für Medizinisch-Biologische Forschung,CH
https://openalex.org/F4320323236,Natural Science Foundation of Guizhou Province,CN
https://openalex.org/F4320310842,Stryker,US
https://openalex.org/F4320323405,Università Cattolica del Sacro Cuore,IT
https://openalex.org/F4320321015,University of Twente,NL
https://openalex.org/F4320327695,Nazarbayev University,KZ
https://openalex.org/F4320309786,Nancy Lurie Marks Family Foundation,US
https://openalex.org/F4320332549,"City, University of London",GB
https://openalex.org/F4320320041,Royal Society of Edinburgh,GB
https://openalex.org/F4320321688,Erciyes Üniversitesi,TR
https://openalex.org/F4320319919,Saskatchewan Health Research Foundation,CA
https://openalex.org/F4320311096,Virginia Commonwealth University,US
https://openalex.org/F4320306684,Epilepsy Foundation,US
https://openalex.org/F4320322250,Israel Cancer Association,IL
https://openalex.org/F4320310137,Université Laval,CA
https://openalex.org/F4320313290,Ontario Institute for Cancer Research,CA
https://openalex.org/F4320309658,Icahn School of Medicine at Mount Sinai,US
https://openalex.org/F4320320982,James Cook University,AU
https://openalex.org/F4320335119,Fonden til Lægevidenskabens Fremme,DK
https://openalex.org/F4320323160,"Bureau of International Cooperation, Chinese Academy of Sciences",CN
https://openalex.org/F4320327675,ShanghaiTech University,CN
https://openalex.org/F4320311278,Corporación de Fomento de la Producción,CL
https://openalex.org/F4320335357,Guangdong Academy of Sciences,CN
https://openalex.org/F4320321199,Chosun University,KR
https://openalex.org/F4320335376,Medical Science and Technology Foundation of Guangdong Province,CN
https://openalex.org/F4320322551,Simon Fraser University,CA
https://openalex.org/F4320321955,Henan University of Technology,CN
https://openalex.org/F4320310935,University of York,GB
https://openalex.org/F4320334896,Japan Agency for Marine-Earth Science and Technology,JP
https://openalex.org/F4320311367,Kenneth Rainin Foundation,US
https://openalex.org/F4320320111,British Ecological Society,GB
https://openalex.org/F4320306596,American Brain Tumor Association,US
https://openalex.org/F4320311029,Institut Français de Recherche pour l'Exploitation de la Mer,FR
https://openalex.org/F4320322338,Medical Engineering Centre King’s College London,GB
https://openalex.org/F4320335160,Dirección General de Investigación Científica y Técnica,ES
https://openalex.org/F4320306948,Fight for Sight,US
https://openalex.org/F4320311542,Breast Cancer Now,GB
https://openalex.org/F4320323295,Shahid Chamran University of Ahvaz,IR
https://openalex.org/F4320309099,Children's Hospital of Philadelphia,US
https://openalex.org/F4320309445,Leon Levy Foundation,US
https://openalex.org/F4320323225,Natural Science Foundation of Ningbo Municipality,CN
https://openalex.org/F4320306430,National Parkinson Foundation,US
https://openalex.org/F4320324509,Université de Rennes 1,FR
https://openalex.org/F4320309137,University of Nebraska Medical Center,US
https://openalex.org/F4320334890,"University Research Committee, University of Hong Kong",HK
https://openalex.org/F4320325060,Hersenstichting,NL
https://openalex.org/F4320322918,Nordea-fonden,DK
https://openalex.org/F4320313467,Alan Turing Institute,GB
https://openalex.org/F4320321367,Hallym University,KR
https://openalex.org/F4320337664,H2020 Societal Challenges,
https://openalex.org/F4320311816,Finska Läkaresällskapet,FI
https://openalex.org/F4320306605,American Society of Nephrology,US
https://openalex.org/F4320321629,Dalhousie University,CA
https://openalex.org/F4320306340,Foundation Fighting Blindness,US
https://openalex.org/F4320307611,Henry M. Jackson Foundation,US
https://openalex.org/F4320321109,Suomalainen Tiedeakatemia,FI
https://openalex.org/F4320325031,Zhejiang University of Technology,CN
https://openalex.org/F4320320370,Prostate Cancer Foundation of Australia,AU
https://openalex.org/F4320309601,Vanderbilt-Ingram Cancer Center,US
https://openalex.org/F4320327778,Jiangsu Provincial Medical Youth Talent,CN
https://openalex.org/F4320320489,Hunter Medical Research Institute,AU
https://openalex.org/F4320325162,NOMIS Stiftung,CH
https://openalex.org/F4320306153,Brain Research Foundation,US
https://openalex.org/F4320320014,Royal College of Surgeons of England,GB
https://openalex.org/F4320332513,Weill Cornell Medical College,US
https://openalex.org/F4320321870,Georg-August-Universität Göttingen,DE
https://openalex.org/F4320309842,"Biomedical Laboratory Research and Development, VA Office of Research and Development",US
https://openalex.org/F4320327264,"Ministrstvo za visoko šolstvo, znanost in tehnologijo",SI
https://openalex.org/F4320323755,Universidad de Alcalá,ES
https://openalex.org/F4320335843,Beijing Science and Technology Planning Project,CN
https://openalex.org/F4320324111,Universidad de Zaragoza,ES
https://openalex.org/F4320322065,National IT Industry Promotion Agency,KR
https://openalex.org/F4320323870,Central European Institute of Technology,CZ
https://openalex.org/F4320325356,Julius-Maximilians-Universität Würzburg,DE
https://openalex.org/F4320335059,"Faculdade de Ciências e Tecnologia, Universidade Nova de Lisboa",PT
https://openalex.org/F4320326173,Excellent Youth Foundation of Heilongjiang Province of China,CN
https://openalex.org/F4320306603,American Philosophical Society,US
https://openalex.org/F4320324177,Otsuka Pharmaceutical,JP
https://openalex.org/F4320306229,American Health Assistance Foundation,US
https://openalex.org/F4320322103,Korea Research Institute of Standards and Science,KR
https://openalex.org/F4320306606,American Thoracic Society,US
https://openalex.org/F4320309705,Shire,GB
https://openalex.org/F4320332201,Office of the Secretary of Defense,US
https://openalex.org/F4320320977,Flinders University,AU
https://openalex.org/F4320313565,Weston Brain Institute,CA
https://openalex.org/F4320320108,Motor Neurone Disease Association,GB
https://openalex.org/F4320320359,University of Aberdeen,GB
https://openalex.org/F4320328346,Shanghai Municipal Health and Family Planning Commission,CN
https://openalex.org/F4320310502,University of Canterbury,NZ
https://openalex.org/F4320313707,National Council for Eurasian and East European Research,US
https://openalex.org/F4320326075,Regione Emilia-Romagna,IT
https://openalex.org/F4320325397,"Centre of Excellence for Electromaterials Science, Australian Research Council",AU
https://openalex.org/F4320325901,"Ministerium für Innovation, Wissenschaft und Forschung des Landes Nordrhein-Westfalen",DE
https://openalex.org/F4320335064,Terveyden Tutkimuksen Toimikunta,FI
https://openalex.org/F4320323596,Center for Translational Molecular Medicine,NL
https://openalex.org/F4320311968,Hellman Foundation,US
https://openalex.org/F4320323316,Shionogi,JP
https://openalex.org/F4320311227,Prince Sattam bin Abdulaziz University,SA
https://openalex.org/F4320332658,Michigan Institute for Clinical and Health Research,US
https://openalex.org/F4320309723,Fondazione CRT,IT
https://openalex.org/F4320322109,Korea Research Council of Fundamental Science and Technology,KR
https://openalex.org/F4320320715,Tata Institute of Fundamental Research,IN
https://openalex.org/F4320306372,Health Effects Institute,US
https://openalex.org/F4320323089,"Centro de Investigación Biomédica en Red en Bioingeniería, Biomateriales y Nanomedicina",ES
https://openalex.org/F4320322987,Universidade Federal do Rio Grande do Sul,BR
https://openalex.org/F4320328054,Japan Heart Foundation,JP
https://openalex.org/F4320307767,Agilent Technologies,US
https://openalex.org/F4320321378,Sungkyunkwan University,KR
https://openalex.org/F4320311265,Universidad de Málaga,ES
https://openalex.org/F4320322584,Schweizerische Herzstiftung,CH
https://openalex.org/F4320320916,European Society of Clinical Microbiology and Infectious Diseases,CH
https://openalex.org/F4320323195,Region Hovedstaden,DK
https://openalex.org/F4320311280,"University of the Witwatersrand, Johannesburg",ZA
https://openalex.org/F4320312526,Thermo Fisher Scientific,US
https://openalex.org/F4320320326,University of Reading,GB
https://openalex.org/F4320325247,Alzheimerfonden,SE
https://openalex.org/F4320338030,Institute of Cancer Research,CA
https://openalex.org/F4320310400,Dartmouth College,US
https://openalex.org/F4320324515,National Taiwan University of Science and Technology,TW
https://openalex.org/F4320327470,Swedish Orphan Biovitrum,SE
https://openalex.org/F4320320432,"Department of Foreign Affairs and Trade, Australian Government",AU
https://openalex.org/F4320333337,Applied Basic Research Program of Sichuan Province,CN
https://openalex.org/F4320310750,Universitat de Girona,ES
https://openalex.org/F4320309820,Universitetet i Tromsø,NO
https://openalex.org/F4320327714,ETH Zürich Foundation,CH
https://openalex.org/F4320321979,University of Surrey,GB
https://openalex.org/F4320323692,Oulun Yliopisto,FI
https://openalex.org/F4320326082,Regione Puglia,IT
https://openalex.org/F4320327891,Major Basic Research Project of the Natural Science Foundation of the Jiangsu Higher Education Institutions,CN
https://openalex.org/F4320324072,Commission on Higher Education,PH
https://openalex.org/F4320323217,Universidad de Costa Rica,CR
https://openalex.org/F4320308571,North Carolina Biotechnology Center,US
https://openalex.org/F4320321213,Dongguk University,KR
https://openalex.org/F4320312270,Harbin Medical University,CN
https://openalex.org/F4320320988,Edith Cowan University,AU
https://openalex.org/F4320322637,Politechnika Warszawska,PL
https://openalex.org/F4320327522,Guangxi University,CN
https://openalex.org/F4320321526,Charité – Universitätsmedizin Berlin,DE
https://openalex.org/F4320326583,Monash University Malaysia,MY
https://openalex.org/F4320327577,SystemsX.ch,CH
https://openalex.org/F4320320012,Epilepsy Research UK,GB
https://openalex.org/F4320310462,National Pork Board,US
https://openalex.org/F4320324775,Huazhong Agricultural University,CN
https://openalex.org/F4320321759,Stiftelsen för Kunskaps- och Kompetensutveckling,SE
https://openalex.org/F4320311407,Sunovion,US
https://openalex.org/F4320325847,Istituto Italiano di Tecnologia,IT
https://openalex.org/F4320332616,Harvard Stem Cell Institute,US
https://openalex.org/F4320316481,Global Challenges Research Fund,GB
https://openalex.org/F4320335465,National Outstanding Youth Foundation of China,CN
https://openalex.org/F4320311559,Princess Margaret Cancer Foundation,CA
https://openalex.org/F4320312775,United Kingdom Clinical Research Collaboration,GB
https://openalex.org/F4320320316,"Department for Education, UK Government",GB
https://openalex.org/F4320321985,"Department of Agriculture, Australian Government",AU
https://openalex.org/F4320310759,Nakatomi Foundation,JP
https://openalex.org/F4320308125,Texas AgriLife Research,US
https://openalex.org/F4320308932,Radiological Society of North America,US
https://openalex.org/F4320335327,Krajowy Naukowy Osrodek Wiodacy,PL
https://openalex.org/F4320320839,Irish Cancer Society,IE
https://openalex.org/F4320332530,"Medical Center, University of Pittsburgh",US
https://openalex.org/F4320335967,Science and Technology Project of State Grid,CN
https://openalex.org/F4320309555,United Therapeutics Corporation,US
https://openalex.org/F4320323906,Vifor Pharma,CH
https://openalex.org/F4320332205,Centers for Medicare and Medicaid Services,US
https://openalex.org/F4320327785,Major Program of National Fund of Philosophy and Social Science of China,CN
https://openalex.org/F4320310936,Ministry of Education and Science,AM
https://openalex.org/F4320322776,Kerman University of Medical Sciences,IR
https://openalex.org/F4320326943,State Key Laboratory of Advanced Technology for Materials Synthesis and Processing,CN
https://openalex.org/F4320313001,Brien Holden Vision Institute,AU
https://openalex.org/F4320321421,Albert-Ludwigs-Universität Freiburg,DE
https://openalex.org/F4320332427,"School of Medicine, Stanford University",US
https://openalex.org/F4320324299,Urmia University,IR
https://openalex.org/F4320313387,Hercules Foundation,US
https://openalex.org/F4320308341,Canon Foundation in Europe,NL
https://openalex.org/F4320306572,American Liver Foundation,US
https://openalex.org/F4320338258,Engineer Research and Development Center,US
https://openalex.org/F4320315323,Technology Agency of the Czech Republic,CZ
https://openalex.org/F4320307214,Citizens United for Research in Epilepsy,US
https://openalex.org/F4320323320,"BHF Centre of Research Excellence, Oxford",GB
https://openalex.org/F4320327913,ShanXi Science and Technology Department,CN
https://openalex.org/F4320313613,Natural Science Foundation of Guangxi Zhuang Autonomous Region,CN
https://openalex.org/F4320332403,Rehabilitation Research and Development Service,US
https://openalex.org/F4320323977,"Ministarstvo Znanosti, Obrazovanja i Sporta",HR
https://openalex.org/F4320321740,Fonds NutsOhra,NL
https://openalex.org/F4320308949,Sidney Kimmel Foundation for Cancer Research,US
https://openalex.org/F4320312852,University of Alabama,US
https://openalex.org/F4320335152,Agencia de Innovación y Desarrollo de Andalucía,ES
https://openalex.org/F4320306262,Bristol-Myers Squibb Foundation,US
https://openalex.org/F4320322353,Krembil Foundation,CA
https://openalex.org/F4320311210,Pakistan Science Foundation,PK
https://openalex.org/F4320332504,Uniformed Services University of the Health Sciences,US
https://openalex.org/F4320306728,Charles H. Hood Foundation,US
https://openalex.org/F4320321623,Technologická Agentura České Republiky,CZ
https://openalex.org/F4320322739,Ministry of Agriculture and Rural Development,IL
https://openalex.org/F4320323458,Universidad de Chile,CL
https://openalex.org/F4320323721,Technion-Israel Institute of Technology,IL
https://openalex.org/F4320337379,Office of Behavioral and Social Sciences Research,US
https://openalex.org/F4320326670,Chengdu Science and Technology Bureau,CN
https://openalex.org/F4320335491,"UGC-DAE Consortium for Scientific Research, University Grants Commission",IN
https://openalex.org/F4320327317,Kom op tegen Kanker,BE
https://openalex.org/F4320320593,Royal Australasian College of Physicians,AU
https://openalex.org/F4320324120,Università degli Studi di Verona,IT
https://openalex.org/F4320323554,Deutsche Stiftung für Herzforschung,DE
https://openalex.org/F4320324956,University of South Africa,ZA
https://openalex.org/F4320326425,Tri-Service General Hospital,TW
https://openalex.org/F4320321443,Covidien,IE
https://openalex.org/F4320324387,Instituto Nacional de Ciência e Tecnologia para Excitotoxicidade e Neuroproteção,BR
https://openalex.org/F4320320409,Australian Academy of Science,AU
https://openalex.org/F4320323555,Deutsche Herzstiftung,DE
https://openalex.org/F4320322784,Ministry for Business Innovation and Employment,NZ
https://openalex.org/F4320309422,John S. Dunn Foundation,US
https://openalex.org/F4320335070,Chinese Academy of Fishery Sciences,CN
https://openalex.org/F4320329039,Project of Shandong Province Higher Educational Science and Technology Program,CN
https://openalex.org/F4320310460,Gigtforeningen,DK
https://openalex.org/F4320311629,International Society of Nephrology,BE
https://openalex.org/F4320320849,Teagasc,IE
https://openalex.org/F4320322874,Università degli Studi di Pavia,IT
https://openalex.org/F4320308364,Klarman Family Foundation,US
https://openalex.org/F4320309129,Cystic Fibrosis Foundation Therapeutics,US
https://openalex.org/F4320322448,Ontario Institute for Cancer Research,CA
https://openalex.org/F4320323313,Turun Yliopisto,FI
https://openalex.org/F4320306231,American Institute for Cancer Research,US
https://openalex.org/F4320311779,Shanghai Association for Science and Technology,CN
https://openalex.org/F4320321603,Anhui Medical University,CN
https://openalex.org/F4320307847,International Foundation for Science,SE
https://openalex.org/F4320324250,Cancerföreningen i Stockholm,SE
https://openalex.org/F4320326565,Instituto Nacional de Tecnología Agropecuaria,AR
https://openalex.org/F4320324279,Ministry of Science and Technology of Thailand,TH
https://openalex.org/F4320320458,Ian Potter Foundation,AU
https://openalex.org/F4320310084,Stowers Institute for Medical Research,US
https://openalex.org/F4320336049,National Science and Technology Program during the Twelfth Five-year Plan Period,CN
https://openalex.org/F4320308463,American-Italian Cancer Foundation,US
https://openalex.org/F4320321729,Työsuojelurahasto,FI
https://openalex.org/F4320324051,National Taipei University of Technology,TW
https://openalex.org/F4320324716,Hangzhou Normal University,CN
https://openalex.org/F4320337661,Center for Tobacco Products,US
https://openalex.org/F4320323837,National Taiwan Normal University,TW
https://openalex.org/F4320337464,Office of AIDS Research,US
https://openalex.org/F4320336044,Wellcome Trust Centre for Mitochondrial Research,GB
https://openalex.org/F4320322875,Università degli Studi di Parma,IT
https://openalex.org/F4320325390,"Ministry of Science and Technology, Government of the People’s Republic of Bangladesh",BD
https://openalex.org/F4320313139,Niedersächsische Ministerium für Wissenschaft und Kultur,DE
https://openalex.org/F4320321131,China Agricultural University,CN
https://openalex.org/F4320322295,Postdoctoral Foundation of Hei Long Jiang Province,CN
https://openalex.org/F4320321927,Guizhou University,CN
https://openalex.org/F4320321365,Ewha Womans University,KR
https://openalex.org/F4320322125,Stiftelserna Wilhelm och Martina Lundgrens,SE
https://openalex.org/F4320322732,"Ministry of Education, Government of the People's Republic of Bangladesh",BD
https://openalex.org/F4320307604,Institute of International Education,US
https://openalex.org/F4320320419,Fisheries Research and Development Corporation,AU
https://openalex.org/F4320308400,American Association for the Study of Liver Diseases,US
https://openalex.org/F4320306812,International Rett Syndrome Foundation,US
https://openalex.org/F4320310061,Kansas State University,US
https://openalex.org/F4320334961,Fourth Framework Programme,
https://openalex.org/F4320320980,Central Queensland University,AU
https://openalex.org/F4320321524,Chang Gung University,TW
https://openalex.org/F4320324643,Ministerie van Buitenlandse Zaken,NL
https://openalex.org/F4320324679,Shenyang Science and Technology Bureau,CN
https://openalex.org/F4320308861,Woods Hole Oceanographic Institution,US
https://openalex.org/F4320322093,Electronics and Telecommunications Research Institute,KR
https://openalex.org/F4320332531,Wu Jieping Medical Foundation,CN
https://openalex.org/F4320320094,Association for International Cancer Research,GB
https://openalex.org/F4320334940,"Institut Pengurusan dan Pemantauan Penyelidikan, Universiti Malaya",MY
https://openalex.org/F4320333249,Pan American Health Organization,US
https://openalex.org/F4320324406,Paulon Säätiö,FI
https://openalex.org/F4320335079,Direktorat Jenderal Pendidikan Tinggi,ID
https://openalex.org/F4320328735,Freistaat Sachsen,DE
https://openalex.org/F4320322500,Research and Development Corporation of Newfoundland and Labrador,CA
https://openalex.org/F4320325298,Universität Leipzig,DE
https://openalex.org/F4320324559,Osteology Foundation,CH
https://openalex.org/F4320312517,Vertex Pharmaceuticals,US
https://openalex.org/F4320310756,Japan Research Foundation for Clinical Pharmacology,JP
https://openalex.org/F4320325061,Maag Lever Darm Stichting,NL
https://openalex.org/F4320306631,National Brain Tumor Society,US
https://openalex.org/F4320324251,Radiumhemmets Forskningsfonder,SE
https://openalex.org/F4320332584,Alcon,US
https://openalex.org/F4320321836,"Cooperative Research Centres, Australian Government Department of Industry",AU
https://openalex.org/F4320322214,Industrial Technology Research Institute,TW
https://openalex.org/F4320324052,Tampereen Tuberkuloosisäätiö,FI
https://openalex.org/F4320324152,University of Isfahan,IR
https://openalex.org/F4320310221,Fundación Alicia Koplowitz,ES
https://openalex.org/F4320308158,Michigan Economic Development Corporation,US
https://openalex.org/F4320336756,Tianjin Science and Technology Program,CN
https://openalex.org/F4320310082,Stiftelsen Kristian Gerhard Jebsen,NO
https://openalex.org/F4320310970,Uniwersytet Jagielloński Collegium Medicum,PL
https://openalex.org/F4320309607,Velux Stiftung,CH
https://openalex.org/F4320334621,Networks of Centres of Excellence of Canada,CA
https://openalex.org/F4320311914,Kurata Memorial Hitachi Science and Technology Foundation,JP
https://openalex.org/F4320338296,National Center for Medical Rehabilitation Research,US
https://openalex.org/F4320319947,Kidney Foundation of Canada,CA
https://openalex.org/F4320322319,Kato Memorial Bioscience Foundation,JP
https://openalex.org/F4320325077,Fondazione per la Ricerca sulla Fibrosi Cistica,IT
https://openalex.org/F4320322833,Stiftelsen Lars Hiertas Minne,SE
https://openalex.org/F4320325065,Sichuan Agricultural University,CN
https://openalex.org/F4320319980,New Brunswick Innovation Foundation,CA
https://openalex.org/F4320321210,Dong-A University,KR
https://openalex.org/F4320313458,European Association of National Metrology Institutes,DE
https://openalex.org/F4320326074,Regione del Veneto,IT
https://openalex.org/F4320323829,Hôpitaux Universitaires de Genève,CH
https://openalex.org/F4320310697,Joachim Herz Stiftung,DE
https://openalex.org/F4320326442,"Kementerian Riset, Teknologi dan Pendidikan Tinggi",ID
https://openalex.org/F4320334909,Senior Talent Foundation of Jiangsu University,CN
https://openalex.org/F4320321931,Heiwa Nakajima Foundation,JP
https://openalex.org/F4320310223,Georgetown University,US
https://openalex.org/F4320335066,National Institute of Biological Resources,KR
https://openalex.org/F4320306403,Esther A. and Joseph Klingenstein Fund,US
https://openalex.org/F4320334790,Daiichi Sankyo Company,JP
https://openalex.org/F4320326674,Department of Education of Guizhou Province,CN
https://openalex.org/F4320306212,Pittsburgh Foundation,US
https://openalex.org/F4320332522,"Albert Einstein College of Medicine, Yeshiva University",US
https://openalex.org/F4320311551,Northern California Institute for Research and Education,US
https://openalex.org/F4320309575,Cincinnati Children's Hospital Medical Center,US
https://openalex.org/F4320322366,Laerdal Foundation for Acute Medicine,NO
https://openalex.org/F4320325113,Fundación para el Fomento en Asturias de la Investigación Científica Aplicada y la Tecnología,ES
https://openalex.org/F4320322359,Kyowa Hakko Kirin,JP
https://openalex.org/F4320334860,"Global Collaborative Research, King Abdullah University of Science and Technology",SA
https://openalex.org/F4320336569,Shenzhen Science and Technology Innovation Program,CN
https://openalex.org/F4320322485,Prinses Beatrix Spierfonds,NL
https://openalex.org/F4320323819,Universitas Indonesia,ID
https://openalex.org/F4320325796,Conseil Régional Aquitaine,FR
https://openalex.org/F4320335237,"Secretaria de Ciencia y Tecnica, Universidad de Buenos Aires",AR
https://openalex.org/F4320334782,Public Health Research Programme,GB
https://openalex.org/F4320320188,Fight for Sight UK,GB
https://openalex.org/F4320306827,Scleroderma Foundation,US
https://openalex.org/F4320308981,Infectious Diseases Society of America,US
https://openalex.org/F4320310258,University of Wyoming,US
https://openalex.org/F4320322933,National Cheng Kung University Hospital,TW
https://openalex.org/F4320321013,Radboud Universiteit,NL
https://openalex.org/F4320322992,Ferring Pharmaceuticals,CH
https://openalex.org/F4320308646,Kinship Foundation,US
https://openalex.org/F4320320083,Guy's and St Thomas' Charity,GB
https://openalex.org/F4320326487,Deutsches Zentrum für Lungenforschung,DE
https://openalex.org/F4320328148,Helmut Horten Stiftung,CH
https://openalex.org/F4320306597,American Epilepsy Society,US
https://openalex.org/F4320320066,Asthma and Lung UK,GB
https://openalex.org/F4320306470,Elsa U. Pardee Foundation,US
https://openalex.org/F4320324181,Helse Nord RHF,NO
https://openalex.org/F4320326308,Daegu Gyeongbuk Institute of Science and Technology,KR
https://openalex.org/F4320323216,Uniwersytet Medyczny w Bialymstoku,PL
https://openalex.org/F4320332786,Economic Research Service,US
https://openalex.org/F4320310810,Research Manitoba,CA
https://openalex.org/F4320322356,Kuopion Yliopistollinen Sairaala,FI
https://openalex.org/F4320329666,Berlin Institute of Health,DE
https://openalex.org/F4320310741,Diabetes Australia Research Trust,AU
https://openalex.org/F4320326567,Pasteur Institute of Iran,IR
https://openalex.org/F4320322998,Royan Institute,IR
https://openalex.org/F4320324252,Université Paris-Saclay,FR
https://openalex.org/F4320323272,Hacettepe Üniversitesi,TR
https://openalex.org/F4320325570,Shanghai Municipal Human Resources and Social Security Bureau,CN
https://openalex.org/F4320320471,Rebecca L. Cooper Medical Research Foundation,AU
https://openalex.org/F4320323944,"Ministry of Health, State of Israel",IL
https://openalex.org/F4320335141,"Fundo de Apoio ao Ensino, à Pesquisa e Extensão, Universidade Estadual de Campinas",BR
https://openalex.org/F4320315051,Environmental Restoration and Conservation Agency,JP
https://openalex.org/F4320338388,Eurostars,BE
https://openalex.org/F4320327643,Kazan Federal University,RU
https://openalex.org/F4320321148,Cairo University,EG
https://openalex.org/F4320323406,Lastentautien Tutkimussäätiö,FI
https://openalex.org/F4320321615,Västerbotten Läns Landsting,SE
https://openalex.org/F4320310064,Śląski Uniwersytet Medyczny,PL
https://openalex.org/F4320325678,European Association for the Study of the Liver,CH
https://openalex.org/F4320312961,Higher Education Funding Council for England,GB
https://openalex.org/F4320320195,Royal Geographical Society,GB
https://openalex.org/F4320322752,Helse Midt-Norge,NO
https://openalex.org/F4320323782,Vlaamse Interuniversitaire Raad,BE
https://openalex.org/F4320326183,Doctoral Start-up Foundation of Liaoning Province,CN
https://openalex.org/F4320332718,Pfizer Foundation,US
https://openalex.org/F4320315060,Wenner-Gren Stiftelserna,SE
https://openalex.org/F4320320344,European Society of Cardiology,FR
https://openalex.org/F4320338117,Adaptable and Seamless Technology Transfer Program through Target-Driven R and D,JP
https://openalex.org/F4320320055,British Lung Foundation,GB
https://openalex.org/F4320325772,National Center of Neurology and Psychiatry,JP
https://openalex.org/F4320311371,Mizutani Foundation for Glycoscience,JP
https://openalex.org/F4320310181,Institute of Clinical and Translational Sciences,US
https://openalex.org/F4320323606,Universidad de Guanajuato,MX
https://openalex.org/F4320322440,Ocean University of China,CN
https://openalex.org/F4320311176,Children's Discovery Institute,US
https://openalex.org/F4320327945,Deutsche Akademie der Naturforscher Leopoldina - Nationale Akademie der Wissenschaften,DE
https://openalex.org/F4320319862,Alberta Cancer Foundation,CA
https://openalex.org/F4320308612,PATH,US
https://openalex.org/F4320323739,Koning Boudewijnstichting,BE
https://openalex.org/F4320322278,Istituto Superiore di Sanità,IT
https://openalex.org/F4320309667,Purdue Research Foundation,US
https://openalex.org/F4320323528,Dietmar Hopp Stiftung,DE
https://openalex.org/F4320309536,University of Texas System,US
https://openalex.org/F4320322950,Mackay Memorial Hospital,TW
https://openalex.org/F4320323484,State Administration of Traditional Chinese Medicine of the People's Republic of China,CN
https://openalex.org/F4320308987,American Parkinson Disease Association,US
https://openalex.org/F4320321656,Ege Üniversitesi,TR
https://openalex.org/F4320320968,University of Western Sydney,AU
https://openalex.org/F4320338063,Institute of Circulatory and Respiratory Health,CA
https://openalex.org/F4320309582,University of New Mexico,US
https://openalex.org/F4320311251,Landsteiner Foundation for Blood Transfusion Research,NL
https://openalex.org/F4320323479,Centro Nacional de Investigaciones Cardiovasculares,ES
https://openalex.org/F4320306206,Mary Kay Foundation,US
https://openalex.org/F4320315655,Danish Diabetes Academy,DK
https://openalex.org/F4320309346,"Center for Integrated Healthcare, U.S. Department of Veterans Affairs",US
https://openalex.org/F4320323090,Nantong University,CN
https://openalex.org/F4320326571,Stazione Zoologica Anton Dohrn,IT
https://openalex.org/F4320320864,Trinity College Dublin,IE
https://openalex.org/F4320309233,Oregon Health and Science University,US
https://openalex.org/F4320334821,"Drug Applied Research Center, Tabriz University of Medical Sciences",IR
https://openalex.org/F4320320807,Neurological Foundation of New Zealand,NZ
https://openalex.org/F4320306191,Donald W. Reynolds Foundation,US
https://openalex.org/F4320332923,U.S. Navy,US
https://openalex.org/F4320324764,Department of Education and Training,AU
https://openalex.org/F4320320753,Ministry of National Development - Singapore,SG
https://openalex.org/F4320312064,Universidad Nacional de Córdoba,AR
https://openalex.org/F4320310274,Dana-Farber/Harvard Cancer Center,US
https://openalex.org/F4320320018,Breast Cancer Campaign,GB
https://openalex.org/F4320310116,Council of Agriculture,TW
https://openalex.org/F4320321950,Hebrew University of Jerusalem,IL
https://openalex.org/F4320323319,Memorial University of Newfoundland,CA
https://openalex.org/F4320321366,Gachon University,KR
https://openalex.org/F4320323104,Kuwait Institute for Scientific Research,KW
https://openalex.org/F4320311737,Northumbria University,GB
https://openalex.org/F4320321387,Istanbul Üniversitesi,TR
https://openalex.org/F4320308392,American Academy of Neurology,US
https://openalex.org/F4320323439,Thammasat University,TH
https://openalex.org/F4320332582,"Center for AIDS Research, University of Washington",US
https://openalex.org/F4320309008,Hope for Depression Research Foundation,US
https://openalex.org/F4320321887,Fundação de Amparo à Pesquisa do Estado de Alagoas,BR
https://openalex.org/F4320321496,Capital Medical University,CN
https://openalex.org/F4320324734,Yunnan Provincial Department of Education,CN
https://openalex.org/F4320309654,Harvard University Center for AIDS Research,US
https://openalex.org/F4320335503,"Departament de Salut, Generalitat de Catalunya",ES
https://openalex.org/F4320310911,University of North Texas,US
https://openalex.org/F4320334973,Excellent Young Talents Fund Program of Higher Education Institutions of Anhui Province,CN
https://openalex.org/F4320311274,West Virginia University,US
https://openalex.org/F4320321209,Dankook University,KR
https://openalex.org/F4320307013,Melanoma Research Foundation,US
https://openalex.org/F4320309088,"Center for Outcomes Research and Evaluation, Yale School of Medicine",US
https://openalex.org/F4320334984,Applied Basic Research Key Project of Yunnan,CN
https://openalex.org/F4320323697,Česká Zemědělská Univerzita v Praze,CZ
https://openalex.org/F4320310928,Sveučilište u Zagrebu,HR
https://openalex.org/F4320310058,University of Arkansas,US
https://openalex.org/F4320332378,Langley Research Center,US
https://openalex.org/F4320325938,Uniwersytet Medyczny im. Piastów Slaskich we Wroclawiu,PL
https://openalex.org/F4320316507,Coalition for Epidemic Preparedness Innovations,NO
https://openalex.org/F4320323050,"Ekonomiaren Garapen eta Lehiakortasun Saila, Eusko Jaurlaritza",ES
https://openalex.org/F4320331146,Agencia Nacional de Investigación y Desarrollo,CL
https://openalex.org/F4320311773,Women and Children's Health Research Institute,CA
https://openalex.org/F4320322098,Korea Institute of Machinery and Materials,KR
https://openalex.org/F4320320368,Multiple Sclerosis Australia,AU
https://openalex.org/F4320336593,Henan Provincial Science and Technology Research Project,CN
https://openalex.org/F4320308027,Department of Water Resources,US
https://openalex.org/F4320321862,Gebert Rüf Stiftung,DE
https://openalex.org/F4320311400,New Mexico State University,US
https://openalex.org/F4320321502,Carl Zeiss Meditec AG,DE
https://openalex.org/F4320306689,Fetzer Institute,US
https://openalex.org/F4320334009,Guangdong Provincial Pearl River Talents Program,CN
https://openalex.org/F4320323708,Anhui University of Science and Technology,CN
https://openalex.org/F4320335216,Rijksinstituut voor Volksgezondheid en Milieu,NL
https://openalex.org/F4320334850,Agentschap NL,NL
https://openalex.org/F4320329659,Thailand Science Research and Innovation,TH
https://openalex.org/F4320323420,Università Politecnica delle Marche,IT
https://openalex.org/F4320315143,Mark Foundation For Cancer Research,US
https://openalex.org/F4320306997,LUNGevity Foundation,US
https://openalex.org/F4320310907,Alfred Kordelinin Säätiö,FI
https://openalex.org/F4320333318,Bureau of Ocean Energy Management,US
https://openalex.org/F4320323583,Fundación General CSIC,ES
https://openalex.org/F4320310104,American College of Gastroenterology,US
https://openalex.org/F4320321379,Catholic University of Korea,KR
https://openalex.org/F4320310049,W.K. Kellogg Foundation,US
https://openalex.org/F4320326827,"National University Cancer Institute, Singapore",SG
https://openalex.org/F4320321310,Wonkwang University,KR
https://openalex.org/F4320322678,National Youth Foundation of China,CN
https://openalex.org/F4320327286,Turun Yliopistollinen Keskussairaala,FI
https://openalex.org/F4320335482,Capital Health Research and Development of Special Fund,CN
https://openalex.org/F4320323028,Atlantic Canada Opportunities Agency,CA
https://openalex.org/F4320323269,Latvijas Zinātnes Padome,LV
https://openalex.org/F4320327825,Jiangsu National Synergistic Innovation Center for Advanced Materials,CN
https://openalex.org/F4320322441,Odense Universitetshospital,DK
https://openalex.org/F4320322595,Chongqing Medical University,CN
https://openalex.org/F4320322910,Lund University Medical Faculty Foundation,SE
https://openalex.org/F4320338299,Armed Forces Institute of Regenerative Medicine,US
https://openalex.org/F4320323322,Universität des Saarlandes,DE
https://openalex.org/F4320324132,Universidad de Jaén,ES
https://openalex.org/F4320311314,University of Hull,GB
https://openalex.org/F4320321877,Fonds Unique Interministériel,FR
https://openalex.org/F4320332558,Baxter Healthcare Corporation,US
https://openalex.org/F4320322852,Innoviris,BE
https://openalex.org/F4320322969,Shahrekord University,IR
https://openalex.org/F4320326500,Deutsche Gesellschaft für Kardiologie-Herz und Kreislaufforschung.,DE
https://openalex.org/F4320306274,Roy J. Carver Charitable Trust,US
https://openalex.org/F4320322275,Università degli Studi di Trento,IT
https://openalex.org/F4320327636,Centro de Investigación Biomédica en Red-Fisiopatología de la Obesidad y Nutrición,ES
https://openalex.org/F4320332749,University of Massachusetts Amherst,US
https://openalex.org/F4320321530,"Shanghai Institutes for Biological Sciences, Chinese Academy of Sciences",CN
https://openalex.org/F4320324312,National Center for Geriatrics and Gerontology,JP
https://openalex.org/F4320321898,"Ministarstvo Obrazovanja, Znanosti i Sporta",HR
https://openalex.org/F4320315694,Bloomberg Philanthropies,US
https://openalex.org/F4320327569,Deutschen Konsortium für Translationale Krebsforschung,DE
https://openalex.org/F4320313621,Russian Foundation for Fundamental Investigations,RU
https://openalex.org/F4320323424,Universidade de Lisboa,PT
https://openalex.org/F4320320637,Great Ormond Street Hospital Charity,GB
https://openalex.org/F4320322215,IngaBritt och Arne Lundbergs Forskningsstiftelse,SE
https://openalex.org/F4320323382,University of Jordan,JO
https://openalex.org/F4320338409,Northwest Fisheries Science Center,US
https://openalex.org/F4320310914,Medical College of Wisconsin,US
https://openalex.org/F4320310153,Ryerson University,CA
https://openalex.org/F4320309532,Syracuse University,US
https://openalex.org/F4320326584,National Institute of Environmental Research,KR
https://openalex.org/F4320324633,Istituto Nazionale per l'Assicurazione Contro Gli Infortuni sul Lavoro,IT
https://openalex.org/F4320310642,Dr. Ralph and Marian Falk Medical Research Trust,US
https://openalex.org/F4320312931,UK Space Agency,GB
https://openalex.org/F4320311022,Università Degli Studi di Modena e Reggio Emila,IT
https://openalex.org/F4320313762,Frederick National Laboratory for Cancer Research,US
https://openalex.org/F4320311869,Queensland Health,AU
https://openalex.org/F4320310135,University of Texas Medical Branch,US
https://openalex.org/F4320313591,Cyrus Tang Foundation,US
https://openalex.org/F4320334726,Cancer Council Western Australia,AU
https://openalex.org/F4320322130,Association France Alzheimer,FR
https://openalex.org/F4320306463,Orthopaedic Research and Education Foundation,US
https://openalex.org/F4320312581,"Rutgers, The State University of New Jersey",US
https://openalex.org/F4320327457,Indian Institute of Technology Guwahati,IN
https://openalex.org/F4320323502,Najran University,SA
https://openalex.org/F4320306614,"Sidney R. Baer, Jr. Foundation",US
https://openalex.org/F4320311362,Universidad Nacional de San Luis,AR
https://openalex.org/F4320322632,Vlaamse Liga Tegen Kanker,BE
https://openalex.org/F4320338149,Tianjin Research Program of Application Foundation and Advanced Technology of China,CN
https://openalex.org/F4320311364,Universidad Nacional de Rosario,AR
https://openalex.org/F4320333063,Stanford Bio-X,US
https://openalex.org/F4320323043,Arak University,IR
https://openalex.org/F4320311284,EkstraStiftelsen Helse og Rehabilitering (Stiftelsen Dam),NO
https://openalex.org/F4320335803,Shenzhen Fundamental Research and Discipline Layout project,CN
https://openalex.org/F4320320448,Australian Rotary Health,AU
https://openalex.org/F4320332578,Oregon Clinical and Translational Research Institute,US
https://openalex.org/F4320310607,Georgia State University,US
https://openalex.org/F4320322848,Fondazione del Monte di Bologna e Ravenna,IT
https://openalex.org/F4320324656,European Society for Clinical Nutrition and Metabolism,LU
https://openalex.org/F4320326607,Università degli Studi di Camerino,IT
https://openalex.org/F4320321375,Pukyong National University,KR
https://openalex.org/F4320324626,Oticon Fonden,DK
https://openalex.org/F4320310168,Gladstone Institutes,US
https://openalex.org/F4320306144,McKnight Endowment Fund for Neuroscience,US
https://openalex.org/F4320310700,Université du Luxembourg,LU
https://openalex.org/F4320323275,National Yang-Ming University,TW
https://openalex.org/F4320335061,Kulttuurin ja Yhteiskunnan Tutkimuksen Toimikunta,FI
https://openalex.org/F4320321942,Hasler Stiftung,CH
https://openalex.org/F4320322159,Graduate School of Excellence Materials Science In Mainz,DE
https://openalex.org/F4320319925,Arthritis Society,CA
https://openalex.org/F4320306679,Dystonia Medical Research Foundation,US
https://openalex.org/F4320321789,Alberta Children's Hospital Foundation,CA
https://openalex.org/F4320324763,"Ministry of Environment, Forest and Climate Change",IN
https://openalex.org/F4320332429,"Alzheimer's Disease Research Center, Emory University",US
https://openalex.org/F4320309599,Vanderbilt Institute for Clinical and Translational Research,US
https://openalex.org/F4320322377,Université Libanaise,LB
https://openalex.org/F4320306513,W. W. Smith Charitable Trust,US
https://openalex.org/F4320313712,Institute for Clinical Evaluative Sciences,CA
https://openalex.org/F4320321654,"Ministry of Higher Education, Egypt",EG
https://openalex.org/F4320311653,Taiho Pharmaceutical,JP
https://openalex.org/F4320327819,Ministry of SMEs and Startups,KR
https://openalex.org/F4320323483,Ministry of Health of the People's Republic of China,CN
https://openalex.org/F4320325115,"Consejería de Educación y Empleo, Junta de Extremadura",ES
https://openalex.org/F4320310110,Hamad Medical Corporation,QA
https://openalex.org/F4320319881,Ontario Neurotrauma Foundation,CA
https://openalex.org/F4320322421,Orta Doğu Teknik Üniversitesi,TR
https://openalex.org/F4320324671,"Agencia Canaria de Investigación, Innovación y Sociedad de la Información",ES
https://openalex.org/F4320337550,Jonsson Comprehensive Cancer Center,US
https://openalex.org/F4320313449,National Center for Global Health and Medicine,JP
https://openalex.org/F4320324201,"Secretaría de Investigación y Posgrado, Instituto Politécnico Nacional",MX
https://openalex.org/F4320320843,Irish Research Council for the Humanities and Social Sciences,IE
https://openalex.org/F4320326604,Temasek Life Sciences Laboratory,SG
https://openalex.org/F4320325859,Pontificia Universidad Javeriana,CO
https://openalex.org/F4320311226,University of Tabuk,SA
https://openalex.org/F4320321951,Heinrich-Heine-Universität Düsseldorf,DE
https://openalex.org/F4320334989,Estonian Research Competency Council,EE
https://openalex.org/F4320326650,Anhui Provincial Department of Science and Technology,CN
https://openalex.org/F4320322542,Shihezi University,CN
https://openalex.org/F4320311781,Jihočeská Univerzita v Českých Budějovicích,CZ
https://openalex.org/F4320307379,National Psoriasis Foundation,US
https://openalex.org/F4320323368,Göteborgs Läkaresällskap,SE
https://openalex.org/F4320327250,National University Health System,SG
https://openalex.org/F4320326232,Taichung Veterans General Hospital,CN
https://openalex.org/F4320323175,Université de Montréal,CA
https://openalex.org/F4320323367,Gottfried und Julia Bangerter-Rhyner-Stiftung,CH
https://openalex.org/F4320336584,Dalian Science and Technology Innovation Fund,CN
https://openalex.org/F4320322706,Top Institute Pharma,NL
https://openalex.org/F4320326687,Harbin Science and Technology Bureau,CN
https://openalex.org/F4320332759,Pfizer UK,GB
https://openalex.org/F4320336709,NIHR Cambridge Biomedical Research Centre,GB
https://openalex.org/F4320315730,Bayer Fund,US
https://openalex.org/F4320323377,Akdeniz Üniversitesi,TR
https://openalex.org/F4320324873,South University of Science and Technology of China,CN
https://openalex.org/F4320320901,International Centre for Genetic Engineering and Biotechnology,IT
https://openalex.org/F4320335333,Bundesinstitut für Risikobewertung,DE
https://openalex.org/F4320320964,University of New England,AU
https://openalex.org/F4320308102,Illinois Department of Public Health,US
https://openalex.org/F4320322873,Universiti Teknikal Malaysia Melaka,MY
https://openalex.org/F4320323616,Universidad de los Andes,CO
https://openalex.org/F4320310352,Ben and Catherine Ivy Foundation,US
https://openalex.org/F4320325530,Universität Ulm,DE
https://openalex.org/F4320323888,"Bayerisches Staatsministerium für Wirtschaft und Medien, Energie und Technologie",DE
https://openalex.org/F4320310142,Tulane University,US
https://openalex.org/F4320311847,Xiamen Municipal Bureau of Science and Technology,CN
https://openalex.org/F4320323856,EuroQol Research Foundation,NL
https://openalex.org/F4320310903,Takahashi Industrial and Economic Research Foundation,JP
https://openalex.org/F4320332713,"Cancer Institute, University of Pittsburgh",US
https://openalex.org/F4320326700,Qingdao Municipal Science and Technology Bureau,CN
https://openalex.org/F4320321294,Seoul National University of Science and Technology,KR
https://openalex.org/F4320324401,Nippon Foundation,JP
https://openalex.org/F4320309738,Fondation de l'Avenir pour la Recherche Médicale Appliquée,FR
https://openalex.org/F4320310557,BioMarin Pharmaceutical,US
https://openalex.org/F4320308605,Beth Israel Deaconess Medical Center,US
https://openalex.org/F4320323823,Universidad de Oviedo,ES
https://openalex.org/F4320310177,University of Louisville,US
https://openalex.org/F4320326710,Traditional Chinese Medicine Bureau of Guangdong Province,CN
https://openalex.org/F4320321546,China Three Gorges University,CN
https://openalex.org/F4320309594,Utah Science Technology and Research,US
https://openalex.org/F4320326734,Wallonie-Bruxelles International,BE
https://openalex.org/F4320306119,U.S. Department of Housing and Urban Development,US
https://openalex.org/F4320325078,Marmara Üniversitesi,TR
https://openalex.org/F4320323564,Politechnika Wrocławska,PL
https://openalex.org/F4320324157,Semnan University,IR
https://openalex.org/F4320322649,Universidad de Navarra,ES
https://openalex.org/F4320313941,Friedrich-Schiller-Universität Jena,DE
https://openalex.org/F4320324551,Vlaamse Instelling voor Technologisch Onderzoek,BE
https://openalex.org/F4320327652,"China Medical University, Taiwan",TW
https://openalex.org/F4320309907,Alberta Health Services,CA
https://openalex.org/F4320323603,Universidad de la República Uruguay,UY
https://openalex.org/F4320327772,Guangdong Provincial Applied Science and Technology Research and Development Program,CN
https://openalex.org/F4320328086,"Bundesministerium für Bildung, Wissenschaft und Forschung",AT
https://openalex.org/F4320324866,Golestan University of Medical Sciences,IR
https://openalex.org/F4320322316,Kashan University of Medical Sciences,IR
https://openalex.org/F4320315803,Centres de Recerca de Catalunya,ES
https://openalex.org/F4320308395,American Academy of Periodontology Foundation,US
https://openalex.org/F4320325927,Science and Technology Department of Gansu Province,CN
https://openalex.org/F4320335819,NIHR Newcastle Biomedical Research Centre,GB
https://openalex.org/F4320323027,Atatürk Üniversitesi,TR
https://openalex.org/F4320327941,Swiss Cancer Research Foundation,CH
https://openalex.org/F4320327176,Kaohsiung Medical University Chung-Ho Memorial Hospital,TW
https://openalex.org/F4320321907,"Departamento de Educación, Gobierno de Navarra",ES
https://openalex.org/F4320320250,Action on Hearing Loss,GB
https://openalex.org/F4320310343,Drexel University,US
https://openalex.org/F4320310176,University of Wisconsin Carbone Cancer Center,US
https://openalex.org/F4320333685,"Chief Scientist Office, Scottish Government Health and Social Care Directorate",GB
https://openalex.org/F4320327600,Jiangsu Agricultural Science and Technology Independent Innovation Fund,CN
https://openalex.org/F4320321859,Garnett Passe and Rodney Williams Memorial Foundation,AU
https://openalex.org/F4320335934,National Institute for Health Research Biomedical Research Centre at Moorfields Eye Hospital NHS Foundation Trust and UCL Institute of Ophthalmology,GB
https://openalex.org/F4320329857,Major Scientific and Technological Innovation Project of Shandong Province,CN
https://openalex.org/F4320337634,Ethicon,US
https://openalex.org/F4320306784,New Jersey Health Foundation,US
https://openalex.org/F4320307084,University of Delaware Research Foundation,US
https://openalex.org/F4320322748,Vysoké Učení Technické v Brně,CZ
https://openalex.org/F4320306123,FRAXA Research Foundation,US
https://openalex.org/F4320323860,Fédération pour la Recherche sur le Cerveau,FR
https://openalex.org/F4320307851,"Global Fund to Fight AIDS, Tuberculosis and Malaria",CH
https://openalex.org/F4320307853,CRDF Global,US
https://openalex.org/F4320322774,Université de Bourgogne,FR
https://openalex.org/F4320315318,European Food Safety Authority,IT
https://openalex.org/F4320321055,GlaxoSmithKline foundation,GB
https://openalex.org/F4320326672,China Petrochemical Corporation,CN
https://openalex.org/F4320337630,Army Research Institute for the Behavioral and Social Sciences,US
https://openalex.org/F4320324342,Università degli Studi di Brescia,BR
https://openalex.org/F4320309383,Medical University of South Carolina,US
https://openalex.org/F4320321178,Governo Brasil,BR
https://openalex.org/F4320309950,Futaba Electronics Memorial Foundation,JP
https://openalex.org/F4320310535,A. Alfred Taubman Medical Research Institute,US
https://openalex.org/F4320322568,Stiftung Rheinland-Pfalz für Innovation,DE
https://openalex.org/F4320313937,Université Grenoble Alpes,FR
https://openalex.org/F4320324544,Korea Food and Drug Administration,KR
https://openalex.org/F4320323612,"Department of Health, Government of Western Australia",AU
https://openalex.org/F4320310295,Autism Science Foundation,US
https://openalex.org/F4320312773,University of South Alabama,US
https://openalex.org/F4320308305,Elsevier Foundation,NL
https://openalex.org/F4320323589,Bayer Schering,DE
https://openalex.org/F4320313505,"Robert J. Kleberg, Jr. and Helen C. Kleberg Foundation",US
https://openalex.org/F4320309707,University of Arizona Cancer Center,US
https://openalex.org/F4320306542,Walther Cancer Foundation,US
https://openalex.org/F4320324257,Svenska Kulturfonden,FI
https://openalex.org/F4320312020,American Society of Mammalogists,US
https://openalex.org/F4320323637,"Centre of Excellence for Coherent X-Ray Science, Australian Research Council",AU
https://openalex.org/F4320332608,"Perelman School of Medicine, University of Pennsylvania",US
https://openalex.org/F4320310702,National Cancer Research Institute,GB
https://openalex.org/F4320323878,Hospices Civils de Lyon,FR
https://openalex.org/F4320319991,Diabetes Research and Wellness Foundation,GB
https://openalex.org/F4320338412,"Division of Microbiology and Infectious Diseases, National Institute of Allergy and Infectious Diseases",US
https://openalex.org/F4320334712,"Faculty of Medicine, Nursing and Health Sciences, Monash University",AU
https://openalex.org/F4320334739,"Faculty of Science, National University of Singapore",SG
https://openalex.org/F4320337466,Office of Strategic Coordination,US
https://openalex.org/F4320310327,Wings for Life,AT
https://openalex.org/F4320310766,Jeanssons Stiftelser,SE
https://openalex.org/F4320306422,Robert and Janice McNair Foundation,US
https://openalex.org/F4320325519,Société Francophone du Diabète,FR
https://openalex.org/F4320314113,Saskatchewan Pulse Growers,CA
https://openalex.org/F4320324328,Universidad del Valle,CO
https://openalex.org/F4320325869,Agentura Pro Zdravotnický Výzkum České Republiky,CZ
https://openalex.org/F4320308519,American College of Cardiology Foundation,US
https://openalex.org/F4320325101,Instrumentariumin Tiedesäätiö,FI
https://openalex.org/F4320323168,Jyväskylän Yliopisto,FI
https://openalex.org/F4320321537,"State Key Laboratory of Space Medicine Fundamentals and Application, China Astronaut Research and Training Center",CN
https://openalex.org/F4320310075,Jinan Science and Technology Bureau,CN
https://openalex.org/F4320334933,Chung Shan Medical University Hospital,TW
https://openalex.org/F4320310129,Baylor College of Medicine,US
https://openalex.org/F4320321768,Academisch Medisch Centrum,NL
https://openalex.org/F4320309423,Jackson State University,US
https://openalex.org/F4320333319,Secretaria de Ciencia y Tecnología - Universidad Nacional de Córdoba,AR
https://openalex.org/F4320307330,Knowledge Foundation,US
https://openalex.org/F4320309687,Albert Einstein Cancer Center,US
https://openalex.org/F4320323344,Uniwersytet Łódzki,PL
https://openalex.org/F4320323411,A.P. Møller og Hustru Chastine Mc-Kinney Møllers Fond til almene Formaal,DK
https://openalex.org/F4320338069,"Institute of Neurosciences, Mental Health and Addiction",CA
https://openalex.org/F4320327478,Beijing Forestry University,CN
https://openalex.org/F4320323098,Jimma University,ET
https://openalex.org/F4320313282,Waterloo Foundation,GB
https://openalex.org/F4320308805,International Association for the Study of Lung Cancer,US
https://openalex.org/F4320325182,Chiba University,JP
https://openalex.org/F4320310601,CurePSP,US
https://openalex.org/F4320326535,Uniwersytet Medyczny w Lublinie,PL
https://openalex.org/F4320320617,Roche Organ Transplant Research Foundation,CH
https://openalex.org/F4320321472,"Bureau of Energy, Ministry of Economic Affairs, Republic of Taiwan",TW
https://openalex.org/F4320306226,American Diabetes Association Research Foundation,US
https://openalex.org/F4320308298,California HIV/AIDS Research Program,US
https://openalex.org/F4320315977,Barts Charity,GB
https://openalex.org/F4320319903,Mountain Equipment Co-operative,CA
https://openalex.org/F4320308280,Ohio Department of Development,US
https://openalex.org/F4320311434,Sociedad Española de Cardiología,ES
https://openalex.org/F4320320473,Raine Medical Research Foundation,AU
https://openalex.org/F4320310832,Edward P. Evans Foundation,US
https://openalex.org/F4320323786,Association Vaincre la Mucoviscidose,FR
https://openalex.org/F4320308849,Kaiser Permanente,US
https://openalex.org/F4320312960,Chronic Disease Research Foundation,GB
https://openalex.org/F4320324084,Fondazione Cassa di Risparmio di Verona Vicenza Belluno e Ancona,IT
https://openalex.org/F4320311377,Toyota Foundation,JP
https://openalex.org/F4320335223,Thailand Graduate Institute of Science and Technology,TH
https://openalex.org/F4320320020,Inspire Foundation,GB
https://openalex.org/F4320325079,Xi'an Municipal Bureau of Science and Technology,CN
https://openalex.org/F4320324036,Université Claude Bernard Lyon 1,FR
https://openalex.org/F4320337383,National Center for Chronic Disease Prevention and Health Promotion,US
https://openalex.org/F4320320921,International Foundation for Research in Paraplegia,CH
https://openalex.org/F4320327491,Universität Innsbruck,AT
https://openalex.org/F4320320284,Imperial College Healthcare NHS Trust,GB
https://openalex.org/F4320311433,University Health Network,CA
https://openalex.org/F4320320201,Age UK,GB
https://openalex.org/F4320324172,King Mongkut's Institute of Technology Ladkrabang,TH
https://openalex.org/F4320308356,American College of Surgeons,US
https://openalex.org/F4320310144,Tertiary Education Commission,NZ
https://openalex.org/F4320321049,World Anti-Doping Agency,CA
https://openalex.org/F4320321354,Ajou University,KR
https://openalex.org/F4320328991,Innovációs és Technológiai Minisztérium,HU
https://openalex.org/F4320332498,Quality Enhancement Research Initiative,US
https://openalex.org/F4320334910,Distinguished Middle-Aged and Young Scientist Encourage and Reward Foundation of Shandong Province,CN
https://openalex.org/F4320323335,Fundação Calouste Gulbenkian,PT
https://openalex.org/F4320323527,Dansk Kræftforsknings Fond,DK
https://openalex.org/F4320325380,Universidad del Rosario,CO
https://openalex.org/F4320320756,National Cancer Institute - Singapore,SG
https://openalex.org/F4320332265,National Science Board,US
https://openalex.org/F4320337594,"Lineberger Comprehensive Cancer Center, University of North Carolina at Chapel Hill",US
https://openalex.org/F4320323943,"Consejería de Sanidad, Comunidad de Madrid",ES
https://openalex.org/F4320320549,Cure Cancer Australia Foundation,AU
https://openalex.org/F4320327322,Mauritius Research Council,MU
https://openalex.org/F4320327359,Kaohsiung Veterans General Hospital,TW
https://openalex.org/F4320325658,Debreceni Egyetem,HU
https://openalex.org/F4320309737,Fondation pour l'Aide à la Recherche sur la Sclérose en Plaques,FR
https://openalex.org/F4320338469,Science and Technology Program of Zhejiang Province,CN
https://openalex.org/F4320320468,Fulbright Australia,AU
https://openalex.org/F4320336589,Guangxi Key Research and Development Program,CN
https://openalex.org/F4320306353,Gerber Foundation,US
https://openalex.org/F4320325093,Chengdu University of Traditional Chinese Medicine,CN
https://openalex.org/F4320320986,University of the Sunshine Coast,AU
https://openalex.org/F4320321861,Gazi Üniversitesi,TR
https://openalex.org/F4320307834,PepsiCo,US
https://openalex.org/F4320324932,Science and Technology Center in Ukraine,UA
https://openalex.org/F4320328325,Centro de Investigación Biomédica en Red de Cáncer,ES
https://openalex.org/F4320323426,National Institute for Environmental Studies,JP
https://openalex.org/F4320325866,Universiteit Hasselt,BE
https://openalex.org/F4320321854,Fundación Mapfre,AR
https://openalex.org/F4320319912,Stem Cell Network,CA
https://openalex.org/F4320311429,Guangzhou Medical University,CN
https://openalex.org/F4320309013,North Dakota State University,US
https://openalex.org/F4320337759,"Carolina Population Center, University of North Carolina at Chapel Hill",US
https://openalex.org/F4320320898,European School of Oncology,IT
https://openalex.org/F4320310076,National Center for Child Health and Development,JP
https://openalex.org/F4320310230,Grainger Foundation,US
https://openalex.org/F4320320244,Rhodes Scholarships,GB
https://openalex.org/F4320309058,ALS Therapy Alliance,US
https://openalex.org/F4320308271,American Society of Transplantation,US
https://openalex.org/F4320320854,Marine Institute,IE
https://openalex.org/F4320322481,Politechnika Poznańska,PL
https://openalex.org/F4320325357,Anadolu Üniversitesi,TR
https://openalex.org/F4320324153,Uniwersytet Jagielloński w Krakowie,PL
https://openalex.org/F4320310932,University of Victoria,CA
https://openalex.org/F4320323471,Université de Fribourg,CH
https://openalex.org/F4320337417,National Center for Injury Prevention and Control,US
https://openalex.org/F4320327142,Prince Albert II of Monaco Foundation,MC
https://openalex.org/F4320310263,Indiana University-Purdue University Indianapolis,US
https://openalex.org/F4320322277,"Bilimsel Araştirma Projeleri Birimi, Istanbul Üniversitesi",TR
https://openalex.org/F4320310960,NHS Blood and Transplant,GB
https://openalex.org/F4320320675,Cancer Association of South Africa,ZA
https://openalex.org/F4320324425,Familien Hede Nielsens Fond,DK
https://openalex.org/F4320335555,Sunway University,MY
https://openalex.org/F4320323700,Humboldt-Universität zu Berlin,DE
https://openalex.org/F4320320631,CHILDREN with CANCER UK,GB
https://openalex.org/F4320323106,Agricultural Research Development Agency,TH
https://openalex.org/F4320323359,José Carreras Leukämie-Stiftung,DE
https://openalex.org/F4320332647,Center for Neuroscience Research,US
https://openalex.org/F4320319987,Foundation Fighting Blindness,CA
https://openalex.org/F4320308304,New Jersey Commission on Spinal Cord Research,US
https://openalex.org/F4320306828,Scleroderma Research Foundation,US
https://openalex.org/F4320323485,China Academy of Chinese Medical Sciences,CN
https://openalex.org/F4320321774,Fredrik och Ingrid Thurings Stiftelse,SE
https://openalex.org/F4320322750,Istituto Pasteur-Fondazione Cenci Bolognetti,IT
https://openalex.org/F4320321000,Brain Tumour Charity,GB
https://openalex.org/F4320322827,Suzhou University of Science and Technology,CN
https://openalex.org/F4320336578,Anhui Provincial Key Research and Development Plan,CN
https://openalex.org/F4320310546,Cancer Genomics Centre,NL
https://openalex.org/F4320325166,Schweizerische Multiple Sklerose Gesellschaft,CH
https://openalex.org/F4320335839,National Institute of Information and Communications Technology,JP
https://openalex.org/F4320311614,Université de Sherbrooke,CA
https://openalex.org/F4320335132,South African Agency for Science and Technology Advancement,ZA
https://openalex.org/F4320325254,Global Affairs Canada,CA
https://openalex.org/F4320310408,"Comprehensive Cancer Center, City of Hope",US
https://openalex.org/F4320324511,Université de Rouen,FR
https://openalex.org/F4320324882,Hainan Provincial Department of Science and Technology,CN
https://openalex.org/F4320325299,Universidad de Córdoba,CO
https://openalex.org/F4320327566,Mitsubishi Tanabe Pharma Corporation,JP
https://openalex.org/F4320338070,"Institute of Nutrition, Metabolism and Diabetes",CA
https://openalex.org/F4320323833,Centre Hospitalier Universitaire Vaudois,CH
https://openalex.org/F4320324965,Hebei Provincial Department of Bureau of Science and Technology,CN
https://openalex.org/F4320321646,Stichting MS Research,NL
https://openalex.org/F4320310705,Unity through Knowledge Fund,HR
https://openalex.org/F4320324298,International Islamic University Malaysia,MY
https://openalex.org/F4320324479,Fondation Plan Alzheimer,FR
https://openalex.org/F4320338103,Sydney Medical School Foundation,AU
https://openalex.org/F4320320778,Cancer Society of New Zealand,NZ
https://openalex.org/F4320321697,LOEWE Zentrum AdRIA,DE
https://openalex.org/F4320320264,Tenovus,GB
https://openalex.org/F4320332643,School of Medicine,US
https://openalex.org/F4320323051,Ben-Gurion University of the Negev,IL
https://openalex.org/F4320322620,Thüringer Aufbaubank,DE
https://openalex.org/F4320314105,Government of Alberta,CA
https://openalex.org/F4320324107,Ministeriet Sundhed Forebyggelse,DK
https://openalex.org/F4320335239,"Pró-Reitoria de Pesquisa, Universidade Federal de Minas Gerais",BR
https://openalex.org/F4320321191,Jeju National University,KR
https://openalex.org/F4320306371,Hawaii Community Foundation,US
https://openalex.org/F4320308757,Foundation for Anesthesia Education and Research,US
https://openalex.org/F4320324858,Xihua University,CN
https://openalex.org/F4320320942,Danida Fellowship Centre,DK
https://openalex.org/F4320311010,Justus Liebig Universität Gießen,DE
https://openalex.org/F4320324941,Association France Parkinson,FR
https://openalex.org/F4320310646,European Hematology Association,NL
https://openalex.org/F4320326446,National Development and Reform Commission,CN
https://openalex.org/F4320311591,Tower Cancer Research Foundation,US
https://openalex.org/F4320322492,Quaid-i-Azam University,PK
https://openalex.org/F4320310381,Hyundai Motor Group,KR
https://openalex.org/F4320323205,Fundação de Amparo à Pesquisa do Estado de Mato Grosso,BR
https://openalex.org/F4320324382,Instituto Nacional de Ciência e Tecnologia Centro de Estudos das Adaptações da Biota Aquática da Amazônia,BR
https://openalex.org/F4320311065,University of Windsor,CA
https://openalex.org/F4320323770,Universidad Carlos III de Madrid,ES
https://openalex.org/F4320326153,Xinjiang Production and Construction Corps,CN
https://openalex.org/F4320326614,"Consejo Nacional de Ciencia, Tecnología e Innovación Tecnológica",PE
https://openalex.org/F4320334706,Cancer Council South Australia,AU
https://openalex.org/F4320325403,Zhejiang A and F University,CN
https://openalex.org/F4320309409,Lilly Endowment,US
https://openalex.org/F4320323020,Naresuan University,TH
https://openalex.org/F4320308848,Harry J. Lloyd Charitable Trust,US
https://openalex.org/F4320307871,The World Academy of Sciences,IT
https://openalex.org/F4320334983,Basic Research Programs of Sichuan Province,CN
https://openalex.org/F4320312462,University of Vermont,US
https://openalex.org/F4320332679,Parkinsonfonden,SE
https://openalex.org/F4320320061,North West Cancer Research,GB
https://openalex.org/F4320338062,Institute of Aging,CA
https://openalex.org/F4320310099,Almond Board of California,US
https://openalex.org/F4320310341,AstraZeneca Canada,CA
https://openalex.org/F4320323899,Academia Româna,RO
https://openalex.org/F4320336475,National Safety Academic Fund,CN
https://openalex.org/F4320312085,Cook Medical,US
https://openalex.org/F4320337772,National Marine Fisheries Service,US
https://openalex.org/F4320323775,Canceropôle PACA,FR
https://openalex.org/F4320325290,Terumo Foundation for Life Sciences and Arts,JP
https://openalex.org/F4320320782,Maurice and Phyllis Paykel Trust,NZ
https://openalex.org/F4320324388,Ministério da Ciência e Tecnologia,BR
https://openalex.org/F4320322162,Hangzhou Science and Technology Bureau,CN
https://openalex.org/F4320309324,Giovanni Armenise-Harvard Foundation,US
https://openalex.org/F4320327892,European Society of Intensive Care Medicine,BE
https://openalex.org/F4320321300,Sookmyung Women's University,KR
https://openalex.org/F4320324403,Qassim University,SA
https://openalex.org/F4320325740,Mekelle University,ET
https://openalex.org/F4320310170,Baylor College of Medicine,US
https://openalex.org/F4320310742,Motor Neurone Disease Research Institute of Australia,AU
https://openalex.org/F4320311598,Roy Castle Lung Cancer Foundation,GB
https://openalex.org/F4320310677,University of Texas at San Antonio,US
https://openalex.org/F4320333390,Alberta Children's Hospital Research Institute,CA
https://openalex.org/F4320322805,Universidad de Murcia,ES
https://openalex.org/F4320322552,SingHealth Foundation,SG
https://openalex.org/F4320325454,Nakatani Foundation for Advancement of Measuring Technologies in Biomedical Engineering,JP
https://openalex.org/F4320310812,Allen Foundation,US
https://openalex.org/F4320312021,Saint Louis University,US
https://openalex.org/F4320321910,Universitair Ziekenhuis Gent,BE
https://openalex.org/F4320334816,"Addenbrooke's Charitable Trust, Cambridge University Hospitals",GB
https://openalex.org/F4320326239,Medizinische Universität Graz,AT
https://openalex.org/F4320325526,University of Kurdistan,IR
https://openalex.org/F4320323978,"Ministry of Science and Technology, Croatia",HR
https://openalex.org/F4320326161,Chongqing Postdoctoral Science Special Foundation,CN
https://openalex.org/F4320307136,American Association of Immunologists,US
https://openalex.org/F4320311498,Freiwillige Akademische Gesellschaft,CH
https://openalex.org/F4320311479,Dravet Syndrome Foundation,US
https://openalex.org/F4320337421,National Center for Immunization and Respiratory Diseases,US
https://openalex.org/F4320310775,American College of Sports Medicine,US
https://openalex.org/F4320309589,Universidad de Santiago de Chile,CL
https://openalex.org/F4320335286,"Secretaría de Ciencia y Técnica, Universidad Nacional de Río Cuarto",AR
https://openalex.org/F4320333364,"Clinical and Translational Science Collaborative of Cleveland, School of Medicine, Case Western Reserve University",US
https://openalex.org/F4320335753,Kaohsiung Chang Gung Memorial Hospital,TW
https://openalex.org/F4320320498,Ophthalmic Research Institute of Australia,AU
https://openalex.org/F4320324122,Third Military Medical University,CN
https://openalex.org/F4320306725,Hereditary Disease Foundation,US
https://openalex.org/F4320311330,COMSATS Institute of Information Technology,PK
https://openalex.org/F4320322177,Hospital de Clínicas de Porto Alegre,BR
https://openalex.org/F4320326807,Skånes universitetssjukhus,SE
https://openalex.org/F4320321590,Gentofte Hospital,DK
https://openalex.org/F4320326152,Dalian Science and Technology Bureau,CN
https://openalex.org/F4320335138,Shun Hing Institute of Advanced Engineering,HK
https://openalex.org/F4320334956,Eisai Incorporated,US
https://openalex.org/F4320333028,University of North Carolina at Charlotte,US
https://openalex.org/F4320309936,Ankara Universitesi,TR
https://openalex.org/F4320324500,Universidad de Valladolid,ES
https://openalex.org/F4320320427,Australian Catholic University,AU
https://openalex.org/F4320323969,Chi Mei Medical Center,TW
https://openalex.org/F4320327861,Central Public-interest Scientific Institution Basal Research Fund for Chinese Academy of Tropical Agricultural Sciences,CN
https://openalex.org/F4320306775,Musculoskeletal Transplant Foundation,US
https://openalex.org/F4320313885,Zoetis,US
https://openalex.org/F4320322935,Beijing University of Chinese Medicine,CN
https://openalex.org/F4320325027,Zanjan University of Medical Sciences,IR
https://openalex.org/F4320327635,Centro de Investigación Biomédica en Red Enfermedades Cardiovasculares,ES
https://openalex.org/F4320324311,Deutsche Kinderkrebsstiftung,DE
https://openalex.org/F4320322512,Evelyn Trust,GB
https://openalex.org/F4320327728,University Nursing Program for Young Scholar with Creative Talents in Heilongjiang Province,CN
https://openalex.org/F4320307808,Colgate-Palmolive Company,US
https://openalex.org/F4320309035,Georgia Southern University,US
https://openalex.org/F4320338438,HORIZON EUROPE Marie Sklodowska-Curie Actions,
https://openalex.org/F4320322929,Zhejiang Chinese Medical University,CN
https://openalex.org/F4320334773,"Science for Equity, Empowerment and Development Division",IN
https://openalex.org/F4320335293,Deutscher Akademischer Austausch Dienst Kairo,EG
https://openalex.org/F4320322803,Universidad Autónoma de Nuevo León,MX
https://openalex.org/F4320327783,Leading Talents Program of Guangdong Province,CN
https://openalex.org/F4320332312,"Institute for Clinical and Translational Research, University of Wisconsin, Madison",US
https://openalex.org/F4320323462,Helsefonden,DK
https://openalex.org/F4320322244,Ministry of Health and Medical Education,IR
https://openalex.org/F4320322625,"Ministère de l’Enseignement Supérieur, de la Recherche Scientifique et des Technologies de l'Information et de la Communication",TN
https://openalex.org/F4320320411,Diabetes Australia,AU
https://openalex.org/F4320320542,Beyond Blue,AU
https://openalex.org/F4320324369,Universidade Federal de Minas Gerais,BR
https://openalex.org/F4320314025,Génome Québec,CA
https://openalex.org/F4320325666,Sveriges Kommuner och Landsting,SE
https://openalex.org/F4320323644,Sächsisches Staatsministerium für Wissenschaft und Kunst,DE
https://openalex.org/F4320332705,Brigham Research Institute,US
https://openalex.org/F4320309171,Focused Ultrasound Foundation,US
https://openalex.org/F4320329913,RUDN University,RU
https://openalex.org/F4320313996,Cedars-Sinai Medical Center,US
https://openalex.org/F4320320396,"Department of Sport and Recreation, Government of Western Australia",AU
https://openalex.org/F4320333257,Abbott Nutrition,US
https://openalex.org/F4320309080,"Bureau for Economic Growth, Education, and Environment, United States Agency for International Development",US
https://openalex.org/F4320323896,Ministerio de Ciencia Tecnología y Telecomunicaciones,CR
https://openalex.org/F4320326893,State Key Laboratory of Analytical Chemistry for Life Sciences,CN
https://openalex.org/F4320320013,British Skin Foundation,GB
https://openalex.org/F4320309931,AgResearch,NZ
https://openalex.org/F4320310505,Agency for Health Care Policy and Research,US
https://openalex.org/F4320312834,Florida Department of Agriculture and Consumer Services,US
https://openalex.org/F4320336636,Wuhan Science and Technology Project,CN
https://openalex.org/F4320324593,Crohn's and Colitis Canada,CA
https://openalex.org/F4320320078,British Medical Association,GB
https://openalex.org/F4320311797,Medicinska Understödsföreningen Liv och Hälsa,FI
https://openalex.org/F4320320932,Nutricia Research Foundation,NL
https://openalex.org/F4320320891,International Brain Research Organization,FR
https://openalex.org/F4320311713,University of Huddersfield,GB
https://openalex.org/F4320327851,Federal Agency for Scientific Organizations,RU
https://openalex.org/F4320323427,Dokuz Eylül Üniversitesi,TR
https://openalex.org/F4320322660,Sakarya Üniversitesi,TR
https://openalex.org/F4320324310,Wuyi University,CN
https://openalex.org/F4320337529,Cordis,US
https://openalex.org/F4320325873,Universidad Nacional de Quilmes,AR
https://openalex.org/F4320323366,Goethe-Universität Frankfurt am Main,DE
https://openalex.org/F4320321110,Institut de Recherche Robert-Sauvé en Santé et en Sécurité du Travail,CA
https://openalex.org/F4320323442,Vereniging Trustfonds Erasmus Universiteit Rotterdam,NL
https://openalex.org/F4320325125,Mejeribrugets ForskningsFond,DK
https://openalex.org/F4320338087,Advanced Science Institute,JP
https://openalex.org/F4320311480,Foundation for Physical Therapy,US
https://openalex.org/F4320322313,Karadeniz Teknik Üniversitesi,TR
https://openalex.org/F4320323715,Ruhr-Universität Bochum,DE
https://openalex.org/F4320323375,Åhlén-stiftelsen,SE
https://openalex.org/F4320320034,Wellbeing of Women,GB
https://openalex.org/F4320306169,Eli and Edythe Broad Foundation,US
https://openalex.org/F4320337548,Small Business Innovative Research and Small Business Technology Transfer,US
https://openalex.org/F4320310048,Massachusetts Lions Eye Research Fund,US
https://openalex.org/F4320311870,Banting Research Foundation,CA
https://openalex.org/F4320310328,Automotive Research Center,US
https://openalex.org/F4320324597,Manpei Suzuki Diabetes Foundation,JP
https://openalex.org/F4320335344,Advance Queensland,AU
https://openalex.org/F4320325963,Universidade Federal de Ouro Preto,BR
https://openalex.org/F4320322412,Warszawski Uniwersytet Medyczny,PL
https://openalex.org/F4320306878,American Skin Association,US
https://openalex.org/F4320335970,Scientific Research Plan Projects of Shaanxi Education Department,CN
https://openalex.org/F4320325176,Lietuvos Mokslų Akademija,LT
https://openalex.org/F4320311494,Hospital Research Foundation,AU
https://openalex.org/F4320321915,"Ministry of Education and Religious Affairs, Sport and Culture",GR
https://openalex.org/F4320321874,Ministère de l'Europe et des Affaires Étrangères,FR
https://openalex.org/F4320326785,Miljø- og Fødevareministeriet,DK
https://openalex.org/F4320311132,Fondation Thierry Latran,FR
https://openalex.org/F4320306165,Spinal Muscular Atrophy Foundation,US
https://openalex.org/F4320334819,"Departamento de Investigaciones Científicas y Tecnológicas, Universidad de Santiago de Chile",CL
https://openalex.org/F4320312288,Asahi Kasei Pharma Corporation,JP
https://openalex.org/F4320320794,Canterbury Medical Research Foundation,NZ
https://openalex.org/F4320325109,Friedrich-Baur-Stiftung,DE
https://openalex.org/F4320321583,"Comisión Nacional de Energía Atómica, Gobierno de Argentina",AR
https://openalex.org/F4320336608,Natural Science Foundation of Jiangsu Province for Distinguished Young Scholars,CN
https://openalex.org/F4320326149,Shanghai International Science and Technology,CN
https://openalex.org/F4320318891,Virginia Marine Resources Commission,US
https://openalex.org/F4320311333,Ministerstvo Vnitra České Republiky,CZ
https://openalex.org/F4320311810,Maud Kuistilan Muistosäätiö,FI
https://openalex.org/F4320320000,Sir Jules Thorn Charitable Trust,GB
https://openalex.org/F4320322976,European Organisation for Research and Treatment of Cancer,BE
https://openalex.org/F4320334784,Health Services Research Programme,GB
https://openalex.org/F4320327902,King Abdullah International Medical Research Center,SA
https://openalex.org/F4320328113,Fujian Medical University,CN
https://openalex.org/F4320325197,Diabetesförbundet,SE
https://openalex.org/F4320320374,"Department of Social Services, Australian Government",AU
https://openalex.org/F4320322972,Cancer Research Foundation in Northern Sweden,SE
https://openalex.org/F4320323705,Stichting Kinderen Kankervrij,NL
https://openalex.org/F4320335149,"Det Sundhedsvidenskabelige Fakultet, Københavns Universitet",DK
https://openalex.org/F4320323284,Xi'an University of Architecture and Technology,CN
https://openalex.org/F4320320614,Ipsen Fund,GB
https://openalex.org/F4320309845,Bloomberg Family Foundation,US
https://openalex.org/F4320310724,University of the Punjab,PK
https://openalex.org/F4320325083,UBS Optimus Foundation,CH
https://openalex.org/F4320306601,American Kennel Club Canine Health Foundation,US
https://openalex.org/F4320321102,Semmelweis Egyetem,HU
https://openalex.org/F4320309985,Dalhousie Medical Research Foundation,CA
https://openalex.org/F4320338071,Institute of Population and Public Health,CA
https://openalex.org/F4320307867,Association for International Cancer Research,GB
https://openalex.org/F4320323907,National Institute for Genetic Engineering and Biotechnology,IR
https://openalex.org/F4320310549,Bournemouth University,GB
https://openalex.org/F4320311890,Kent State University,US
https://openalex.org/F4320337711,Colorado Clinical and Translational Sciences Institute,US
https://openalex.org/F4320321619,Çukurova Üniversitesi,TR
https://openalex.org/F4320322516,Santen,JP
https://openalex.org/F4320310591,"Dan L. Duncan Cancer Center, Baylor College of Medicine",US
https://openalex.org/F4320323811,Universidad de Las Palmas de Gran Canaria,ES
https://openalex.org/F4320320381,"Department of Veterans' Affairs, Australian Government",AU
https://openalex.org/F4320326518,Tays,FI
https://openalex.org/F4320311435,Vehicle Racing Commemorative Foundation,JP
https://openalex.org/F4320313911,Royal College of Surgeons in Ireland,IE
https://openalex.org/F4320312217,Huntsman Cancer Foundation,US
https://openalex.org/F4320313327,Genesis Research Trust,GB
https://openalex.org/F4320322001,Ministry of Foreign Affairs,KR
https://openalex.org/F4320323343,Università degli Studi di Sassari,IT
https://openalex.org/F4320309724,Fondazione IRCCS Policlinico San Matteo,IT
https://openalex.org/F4320335198,EEA Grants,BE
https://openalex.org/F4320329174,Shenzhen Municipal Science and Technology Innovation Council,CN
https://openalex.org/F4320323690,Politechnika Gdańska,PL
https://openalex.org/F4320324333,Ministry of Health and Family Welfare,IN
https://openalex.org/F4320327222,Korea Institute of Marine Science and Technology promotion,KR
https://openalex.org/F4320321703,European Association of Urology,NL
https://openalex.org/F4320334604,"Banting and Best Diabetes Centre, University of Toronto",CA
https://openalex.org/F4320311246,European Chemical Industry Council,BE
https://openalex.org/F4320332511,"Health Science Center, University of Tennessee",US
https://openalex.org/F4320309867,Agricultural Research Council,ZA
https://openalex.org/F4320306962,Heart Foundation,US
https://openalex.org/F4320308217,Organization for Autism Research,US
https://openalex.org/F4320329861,Natural Science Foundation of Sichuan Province,CN
https://openalex.org/F4320322314,Karen Elise Jensens Fond,DK
https://openalex.org/F4320326737,Health Research Fund of Central Denmark Region,DK
https://openalex.org/F4320324350,Yen Tjing Ling Medical Foundation,TW
https://openalex.org/F4320324570,Changhua Christian Hospital,TW
https://openalex.org/F4320325918,Pontificia Universidad Católica de Chile,CL
https://openalex.org/F4320334010,Key Research and Development Program of Ningxia,CN
https://openalex.org/F4320306199,Hearst Foundations,US
https://openalex.org/F4320309886,Rutgers Cancer Institute of New Jersey,US
https://openalex.org/F4320332674,"Center for AIDS Research, Emory University",US
https://openalex.org/F4320309799,John Merck Fund,US
https://openalex.org/F4320326435,Uniwersytet Medyczny im. Karola Marcinkowskiego w Poznaniu,PL
https://openalex.org/F4320321621,Sivas Cumhuriyet Üniversitesi,TR
https://openalex.org/F4320322967,Instituto Mexicano del Seguro Social,MX
https://openalex.org/F4320312725,"University of Nevada, Reno",US
https://openalex.org/F4320324799,Tokyo Medical and Dental University,JP
https://openalex.org/F4320335273,Oxford University Press,GB
https://openalex.org/F4320310023,Banyu Life Science Foundation International,JP
https://openalex.org/F4320327619,North Minzu University,CN
https://openalex.org/F4320306903,Chesapeake Research Consortium,US
https://openalex.org/F4320332988,"Office of the Vice President for Research, University of South Carolina",US
https://openalex.org/F4320323455,Baqiyatallah University of Medical Sciences,IR
https://openalex.org/F4320306488,Retirement Research Foundation,US
https://openalex.org/F4320315327,Arizona Alzheimer’s Consortium,US
https://openalex.org/F4320338466,Zhejiang Xinmiao Talents Program,CN
https://openalex.org/F4320308088,Massachusetts Department of Fish and Game,US
https://openalex.org/F4320322505,Consiliului National al Cercetarii Stiintifice din Invatamantul Superior,RO
https://openalex.org/F4320334798,"Institute of Chinese Materia Medica, China Academy of Chinese Medical Sciences and Peking Union Medical College",CN
https://openalex.org/F4320335358,"Department of Health Research, India",IN
https://openalex.org/F4320329394,Yayasan UTP,MY
https://openalex.org/F4320309729,Université Catholique de Louvain,BE
https://openalex.org/F4320324494,Sociedad Española de Neumología y Cirugía Torácica,ES
https://openalex.org/F4320332817,Norris Cotton Cancer Center,US
https://openalex.org/F4320312083,Intuitive Surgical,US
https://openalex.org/F4320337665,H2020 Spreading Excellence and Widening Participation,
https://openalex.org/F4320309681,Cleveland Clinic Foundation,US
https://openalex.org/F4320326532,Guangzhou University of Chinese Medicine,CN
https://openalex.org/F4320335012,"Female Center for Scientific and Medical Colleges, King Saud University",SA
https://openalex.org/F4320324322,Bundesinstitut für Sportwissenschaft,DE
https://openalex.org/F4320313575,Chongqing Municipal Education Commission Foundation,CN
https://openalex.org/F4320320853,Public Health Agency,GB
https://openalex.org/F4320310609,Harvard T.H. Chan School of Public Health,US
https://openalex.org/F4320336029,Helmholtz Zentrum München,DE
https://openalex.org/F4320306808,Public Health Institute,US
https://openalex.org/F4320321068,Ministeriet for Forskning Innovation og Videregående Uddannelser,DK
https://openalex.org/F4320321371,Inje University,KR
https://openalex.org/F4320322115,Korea Atomic Energy Research Institute,KR
https://openalex.org/F4320306481,Prevent Cancer Foundation,US
https://openalex.org/F4320314289,French Muscular Dystrophy Association,FR
https://openalex.org/F4320320023,Tommy's Baby Charity,GB
https://openalex.org/F4320322311,Kanazawa Medical University,JP
https://openalex.org/F4320324245,Connaught Fund,CA
https://openalex.org/F4320336122,"Korea Institute of Planning and Evaluation for Technology in Food, Agriculture and Forestry",KR
https://openalex.org/F4320325395,University of Hail,SA
https://openalex.org/F4320313309,Royal Marsden NHS Foundation Trust,GB
https://openalex.org/F4320320485,Royal Brisbane and Women's Hospital Foundation,AU
https://openalex.org/F4320320889,Fondation Jérôme Lejeune,FR
https://openalex.org/F4320325905,Service Public de Wallonie,BE
https://openalex.org/F4320310066,Instituto de Ciencia y Tecnología del Distrito Federal,MX
https://openalex.org/F4320311224,Stiftelsen Promobilia,SE
https://openalex.org/F4320325387,Senri Life Science Foundation,JP
https://openalex.org/F4320320043,International Spinal Research Trust,GB
https://openalex.org/F4320332686,University of Texas Health Science Center at San Antonio,US
https://openalex.org/F4320313510,Sigma Theta Tau International,US
https://openalex.org/F4320335497,Health and Family Planning Commission of Hunan Province,CN
https://openalex.org/F4320320011,Medical Research Scotland,GB
https://openalex.org/F4320323640,Kultúrna a Edukacná Grantová Agentúra MŠVVaŠ SR,SK
https://openalex.org/F4320306761,Be The Match Foundation,US
https://openalex.org/F4320310585,University of Arkansas for Medical Sciences,US
https://openalex.org/F4320313680,Centro de Investigación Biomédica en Red Fragilidad y Envejecimiento Saludable,ES
https://openalex.org/F4320313455,University of Idaho,US
https://openalex.org/F4320323689,Direktör Albert Påhlssons Stiftelse,SE
https://openalex.org/F4320320400,Healthway,AU
https://openalex.org/F4320323704,Universiti Malaysia Sabah,MY
https://openalex.org/F4320326188,Walailak University,TH
https://openalex.org/F4320325500,Stiftung Synapsis - Alzheimer Forschung Schweiz AFS,CH
https://openalex.org/F4320327916,Mercator Research Center Ruhr,DE
https://openalex.org/F4320332728,National Highway Traffic Safety Administration,US
https://openalex.org/F4320310402,"Department of Education and Learning, Northern Ireland",GB
https://openalex.org/F4320338064,Institute of Gender and Health,CA
https://openalex.org/F4320323282,Alfred Österlunds Stiftelse,SE
https://openalex.org/F4320335576,Major International Joint Research Programme,CN
https://openalex.org/F4320324579,Università degli Studi di Roma Tor Vergata,IT
https://openalex.org/F4320310856,Lawson Health Research Institute,CA
https://openalex.org/F4320333059,"Nutrition Obesity Research Center, University of North Carolina",US
https://openalex.org/F4320310947,ALS Society of Canada,CA
https://openalex.org/F4320312218,Huntsman Cancer Institute,US
https://openalex.org/F4320334955,E-Institutes of Shanghai Municipal Education Commission,CN
https://openalex.org/F4320325797,Conseil Régional du Centre-Val de Loire,FR
https://openalex.org/F4320310968,University of Patras,GR
https://openalex.org/F4320337424,National Center for Health Statistics,US
https://openalex.org/F4320309424,Thomas F. and Kate Miller Jeffress Memorial Trust,US
https://openalex.org/F4320337422,"National Center for HIV/AIDS, Viral Hepatitis, STD, and TB Prevention",US
https://openalex.org/F4320327561,LEO Fondet,DK
https://openalex.org/F4320337470,Center for Global Health,US
https://openalex.org/F4320324206,Sveriges Regering,SE
https://openalex.org/F4320310242,Guthy-Jackson Charitable Foundation,US
https://openalex.org/F4320338068,Institute of Musculoskeletal Health and Arthritis,CA
https://openalex.org/F4320307428,Rally Foundation,US
https://openalex.org/F4320326787,National Center for Genetic Engineering and Biotechnology,TH
https://openalex.org/F4320306649,Children's Tumor Foundation,US
https://openalex.org/F4320310595,"Case Comprehensive Cancer Center, Case Western Reserve University",US
https://openalex.org/F4320332563,Astellas Pharma Global Development,US
https://openalex.org/F4320308401,American Association for Thoracic Surgery,US
https://openalex.org/F4320325099,Shanghai Municipal Population and Family Planning Commission,CN
https://openalex.org/F4320327829,Primary Research and Development Plan of Zhejiang Province,CN
https://openalex.org/F4320312582,New Jersey Agricultural Experiment Station,US
https://openalex.org/F4320323752,Sächsische Aufbaubank,DE
https://openalex.org/F4320314019,Hotchkiss Brain Institute,CA
https://openalex.org/F4320306350,Genentech Foundation,US
https://openalex.org/F4320308156,Department of Natural Resources,US
https://openalex.org/F4320306941,Emergency Medicine Foundation,US
https://openalex.org/F4320319976,Ontario Trillium Foundation,CA
https://openalex.org/F4320324337,All-India Institute of Medical Sciences,IN
https://openalex.org/F4320322506,Royal Adelaide Hospital,AU
https://openalex.org/F4320312269,"Ironwood Pharmaceuticals, Incorporated",US
https://openalex.org/F4320307050,Progeria Research Foundation,US
https://openalex.org/F4320325635,Nantong Science and Technology Bureau,CN
https://openalex.org/F4320321327,Kumoh National Institute of Technology,KR
https://openalex.org/F4320332604,Institute for Translational Neuroscience,US
https://openalex.org/F4320334913,Sydney Medical School,AU
https://openalex.org/F4320310453,Scleroseforeningen,DK
https://openalex.org/F4320323662,ERAB: The European Foundation for Alcohol Research,BE
https://openalex.org/F4320325739,Peking University Third Hospital,CN
https://openalex.org/F4320336370,Ontario Ministry of Research and Innovation,CA
https://openalex.org/F4320338065,Institute of Genetics,CA
https://openalex.org/F4320306093,Abbott Fund,US
https://openalex.org/F4320322251,Israel National Institute for Health Policy Research,IL
https://openalex.org/F4320311699,Manchester Metropolitan University,GB
https://openalex.org/F4320325439,Shanghai Municipal Commission of Agriculture and Rural Affairs,CN
https://openalex.org/F4320324554,Al Jouf University,SA
https://openalex.org/F4320324899,Pusan National University Hospital,KR
https://openalex.org/F4320327691,Japan Epilepsy Research Foundation,JP
https://openalex.org/F4320333552,"Cancer Center, University of Colorado",US
https://openalex.org/F4320321343,Daegu University,KR
https://openalex.org/F4320320673,Poliomyelitis Research Foundation,ZA
https://openalex.org/F4320333204,Winship Cancer Institute,US
https://openalex.org/F4320306544,William K. Warren Foundation,US
https://openalex.org/F4320324057,Changzhou University,CN
https://openalex.org/F4320311959,Cincinnati Children’s Research Foundation,US
https://openalex.org/F4320323036,Universidad Autónoma del Estado de México,MX
https://openalex.org/F4320307782,Siemens USA,US
https://openalex.org/F4320312008,National Institute for Health and Care Excellence,GB
https://openalex.org/F4320324701,Fondation du Collège de France,FR
https://openalex.org/F4320310209,Fundación Banco Santander,ES
https://openalex.org/F4320321250,Keimyung University,KR
https://openalex.org/F4320313845,Niigata University,JP
https://openalex.org/F4320324605,"Mechanobiology Institute, Singapore",SG
https://openalex.org/F4320325961,Lembaga Ilmu Pengetahuan Indonesia,ID
https://openalex.org/F4320335361,Research for Patient Benefit Programme,GB
https://openalex.org/F4320315875,Ministarstvo znanosti i obrazovanja,HR
https://openalex.org/F4320323468,Far Eastern Memorial Hospital,TW
https://openalex.org/F4320321384,Yorkshire Cancer Research,GB
https://openalex.org/F4320337740,"Centre of Excellence for Integrative Brain Function, Australian Research Council",AU
https://openalex.org/F4320310588,"Center for Clinical and Translational Science, University of Illinois at Chicago",US
https://openalex.org/F4320334747,Singapore Institute of Manufacturing Technology,SG
https://openalex.org/F4320326341,Landelijke Stichting voor Blinden en Slechtzienden,NL
https://openalex.org/F4320323491,Société Française de Dermatologie et de Pathologie Sexuellement Transmissible,FR
https://openalex.org/F4320312739,Royal Australasian College of Surgeons,AU
https://openalex.org/F4320308933,Whitaker International Fellows and Scholars Program,US
https://openalex.org/F4320322037,Nuclear Safety and Security Commission,KR
https://openalex.org/F4320311802,Sonnenfeld Stiftung,DE
https://openalex.org/F4320312954,Macmillan Cancer Support,GB
https://openalex.org/F4320306478,PKD Foundation,US
https://openalex.org/F4320306480,Presbyterian Health Foundation,US
https://openalex.org/F4320324901,Universidade Federal de Pernambuco,BR
https://openalex.org/F4320310461,Sihtasutus Archimedes,EE
https://openalex.org/F4320332480,"Center for AIDS Research, Duke University",US
https://openalex.org/F4320332509,Kaiser Foundation Research Institute,US
https://openalex.org/F4320321203,Chungbuk National University,KR
https://openalex.org/F4320335712,Conselleria de Sanitat Universal i Salut Pública,ES
https://openalex.org/F4320337585,Department of Surgery,US
https://openalex.org/F4320338066,"Institute of Human Development, Child and Youth Health",CA
https://openalex.org/F4320324427,Hans Böckler Stiftung,DE
https://openalex.org/F4320320770,"Ministry of Health, New Zealand",NZ
https://openalex.org/F4320338301,Naval Medical Research Center,US
https://openalex.org/F4320322213,Ningbo Municipal People's Government,CN
https://openalex.org/F4320311545,Barrow Neurological Foundation,US
https://openalex.org/F4320334834,"Centro de Investigación Científica y de Educación Superior de Ensenada, Baja California",MX
https://openalex.org/F4320327278,Science and Technology Department of Guangxi Zhuang Autonomous,CN
https://openalex.org/F4320332961,"School of Medicine, Indiana University",US
https://openalex.org/F4320309952,Ida Montinin Säätiö,FI
https://openalex.org/F4320308574,H. Lee Moffitt Cancer Center and Research Institute,US
https://openalex.org/F4320326234,Tianjin Medical University,CN
https://openalex.org/F4320306188,New York Community Trust,US
https://openalex.org/F4320320454,Cass Foundation,AU
https://openalex.org/F4320320345,Sparks,GB
https://openalex.org/F4320310800,"Ministère de l'Agriculture, des Pêcheries et de l'Alimentation",CA
https://openalex.org/F4320335189,"Medicinska Fakulteten, Lunds Universitet",SE
https://openalex.org/F4320325413,Shanghai Municipal Commission of Economy and Informatization,CN
https://openalex.org/F4320322932,Manipal University,IN
https://openalex.org/F4320324890,Ministry of Defense,IL
https://openalex.org/F4320308436,American Physiological Society,US
https://openalex.org/F4320317068,Paul G. Allen Frontiers Group,US
https://openalex.org/F4320334647,"ESRC National Centre for Research Methods, University of Southampton",GB
https://openalex.org/F4320322414,Universität zu Lübeck,DE
https://openalex.org/F4320306591,Alpha-1 Foundation,US
https://openalex.org/F4320309715,Fondation Méditerranée Infection,FR
https://openalex.org/F4320309916,Akiyama Life Science Foundation,JP
https://openalex.org/F4320310736,Australian Wool Innovation,AU
https://openalex.org/F4320321023,Indian Council of Social Science Research,IN
https://openalex.org/F4320332255,"North Carolina Sea Grant, North Carolina State University",US
https://openalex.org/F4320323326,Medizinischen Hochschule Hannover,DE
https://openalex.org/F4320313345,Maudsley Charity,GB
https://openalex.org/F4320325936,University Grants Commission- Nepal,NP
https://openalex.org/F4320325143,Universitas Airlangga,ID
https://openalex.org/F4320337671,H2020 Fast Track to Innovation,
https://openalex.org/F4320315367,Fondation Maladies Rares,FR
https://openalex.org/F4320320027,Retina UK,GB
https://openalex.org/F4320309988,International Center for Genetic Engineering and Biotechnology,IT
https://openalex.org/F4320313975,Università degli Studi di Siena,IT
https://openalex.org/F4320324634,Fondo Nacional de Ciencia Tecnología e Innovación,VE
https://openalex.org/F4320336754,Tianjin Research Innovation Project for Postgraduate Students,CN
https://openalex.org/F4320332681,Binghamton University,US
https://openalex.org/F4320322100,Korea Electrotechnology Research Institute,KR
https://openalex.org/F4320323418,Shahrekord University of Medical Sciences,IR
https://openalex.org/F4320323646,Epilepsiefonds,NL
https://openalex.org/F4320324640,Shahid Bahonar University of Kerman,IR
https://openalex.org/F4320325321,Association Européenne contre les Leucodystrophies,FR
https://openalex.org/F4320320119,Company of Biologists,GB
https://openalex.org/F4320328121,Shenyang Pharmaceutical University,CN
https://openalex.org/F4320323789,Uniwersytet Mikolaja Kopernika w Toruniu,PL
https://openalex.org/F4320322473,Fondazione Pierfranco e Luisa Mariani,IT
https://openalex.org/F4320323386,Babol University of Medical Sciences,IR
https://openalex.org/F4320330743,Guangzhou Municipal Science and Technology Bureau,CN
https://openalex.org/F4320319900,Ontario HIV Treatment Network,CA
https://openalex.org/F4320320455,Dairy Australia,AU
https://openalex.org/F4320309054,"Roswell Park Alliance Foundation, Roswell Park Cancer Institute",US
https://openalex.org/F4320327512,Water Resources Department of Guangdong Province,CN
https://openalex.org/F4320335511,Taipei Medical University Hospital,TW
https://openalex.org/F4320335046,"Central Research Institute, Fukuoka University",JP
https://openalex.org/F4320309520,Ralph W. and Grace M. Showalter Research Trust Fund,US
https://openalex.org/F4320335082,"College of Medicine and Health Sciences, United Arab Emirates University",AE
https://openalex.org/F4320335563,"State Administration for Science, Technology and Industry for National Defense",CN
https://openalex.org/F4320310251,Edward N. and Della L. Thome Memorial Foundation,US
https://openalex.org/F4320311814,Aarne Koskelon Säätiö,FI
https://openalex.org/F4320334800,"Research Committee, Aristotle University of Thessaloniki",GR
https://openalex.org/F4320332649,Feinberg School of Medicine,US
https://openalex.org/F4320314489,World Cancer Research Fund International,GB
https://openalex.org/F4320324765,Breast Cancer Now,GB
https://openalex.org/F4320337539,U.S. Army Materiel Command,US
https://openalex.org/F4320321473,Bushehr University of Medical Sciences,IR
https://openalex.org/F4320327753,Uniwersytet Warmińsko-Mazurski w Olsztynie,PL
https://openalex.org/F4320307377,National Pancreas Foundation,US
https://openalex.org/F4320332592,"Institute of Food and Agricultural Sciences, University of Florida",US
https://openalex.org/F4320337441,"Beckman Institute for Advanced Science and Technology, University of Illinois, Urbana-Champaign",US
https://openalex.org/F4320337575,NIST Center for Neutron Research,US
https://openalex.org/F4320320519,Australian and New Zealand College of Anaesthetists,AU
https://openalex.org/F4320312037,Children's Investment Fund Foundation,GB
https://openalex.org/F4320325516,Sociedad Española de Oncología Médica,ES
https://openalex.org/F4320325719,Université de Nantes,FR
https://openalex.org/F4320334965,Helse Vest Regionalt Helseføretak,NO
https://openalex.org/F4320326124,Eötvös Loránd Tudományegyetem,HU
https://openalex.org/F4320332682,"Medical School, University of Michigan",US
https://openalex.org/F4320309385,Texas Emerging Technology Fund,US
https://openalex.org/F4320325671,Technological University Dublin,IE
https://openalex.org/F4320309775,Konica Minolta Imaging Science Foundation,JP
https://openalex.org/F4320322124,Stiftelsen Handlanden Hjalmar Svenssons,SE
https://openalex.org/F4320332896,Gulf Research Program,US
https://openalex.org/F4320310761,Hørslev-Fonden,DK
https://openalex.org/F4320323374,Università degli Studi del Piemonte Orientale,IT
https://openalex.org/F4320325266,Chung Shan Medical University,TW
https://openalex.org/F4320329434,Université de Sfax,TN
https://openalex.org/F4320307446,Sarcoma Foundation of America,US
https://openalex.org/F4320325165,Schweizerische Akademie der Medizinischen Wissenschaften,CH
https://openalex.org/F4320336135,National Institute for Health Research Collaboration for Leadership in Applied Health Research and Care Yorkshire and Humber,GB
https://openalex.org/F4320324962,Peking Union Medical College Hospital,CN
https://openalex.org/F4320338092,Canadian Arthritis Network,CA
https://openalex.org/F4320309657,V. Kann Rasmussen Foundation,US
https://openalex.org/F4320309984,Beatrice Hunter Cancer Research Institute,CA
https://openalex.org/F4320317789,Shanghai Municipal Health Commission,CN
https://openalex.org/F4320334681,Directorate-General for the Environment,
https://openalex.org/F4320325401,University of Sri Jayewardenepura,LK
https://openalex.org/F4320333979,"Hansjörg Wyss Institute for Biologically Inspired Engineering, Harvard University",US
https://openalex.org/F4320325475,Università degli Studi di Messina,IT
https://openalex.org/F4320322341,Kocaeli Üniversitesi,TR
https://openalex.org/F4320332925,Defense Health Agency,US
https://openalex.org/F4320316880,Natural Science Foundation of Shenzhen City,CN
https://openalex.org/F4320325238,STROKE-Riksförbundet,SE
https://openalex.org/F4320312423,Yale Cancer Center,US
https://openalex.org/F4320313438,Society of Family Planning,US
https://openalex.org/F4320333376,MSD K.K.,JP
https://openalex.org/F4320335951,Fundamental and Frontier Research Project of Chongqing,CN
https://openalex.org/F4320308838,LAM Foundation,US
https://openalex.org/F4320323585,Agence de la Biomédecine,FR
https://openalex.org/F4320323661,Foundation for Promotion of Material Science and Technology of Japan,JP
https://openalex.org/F4320311073,Moffitt Cancer Center,US
https://openalex.org/F4320320779,Cure Kids,NZ
https://openalex.org/F4320306926,Hearing Health Foundation,US
https://openalex.org/F4320306348,GAVI Alliance,CH
https://openalex.org/F4320338120,Development of Advanced Measurement and Analysis Systems,JP
https://openalex.org/F4320307116,United Technologies,US
https://openalex.org/F4320324292,Det Obelske Familiefond,DK
https://openalex.org/F4320324095,Chinese Medical Association,CN
https://openalex.org/F4320327883,Nasjonalforeningen for Folkehelsen,NO
https://openalex.org/F4320337520,"Center for International Business Education and Research, University of Illinois at Urbana-Champaign",US
https://openalex.org/F4320332687,Federal Emergency Management Agency,US
https://openalex.org/F4320323305,Akademiska Sjukhuset,SE
https://openalex.org/F4320310452,Hamilton Health Sciences,CA
https://openalex.org/F4320325068,Guangdong Pharmaceutical University,CN
https://openalex.org/F4320312320,Demensförbundet,SE
https://openalex.org/F4320324421,Agência Nacional de Inovação,PT
https://openalex.org/F4320327613,Distinguished Professor of Liaoning Province,CN
https://openalex.org/F4320328099,Hefei University of Technology,CN
https://openalex.org/F4320328759,Shanghai Office of Philosophy and Social Science,CN
https://openalex.org/F4320320638,Horserace Betting Levy Board,GB
https://openalex.org/F4320332407,Office of the Assistant Secretary for Health,US
https://openalex.org/F4320338199,Medical Science and Technology Project of Zhejiang Province,CN
https://openalex.org/F4320325135,Ontario Institute for Regenerative Medicine,CA
https://openalex.org/F4320322446,Ondokuz Mayis Üniversitesi,TR
https://openalex.org/F4320326252,Shanghai Shen Kang Hospital Development Center,CN
https://openalex.org/F4320335438,Excellent Youth Development Foundation of Zhengzhou University,CN
https://openalex.org/F4320315016,National Palliative Care Research Center,US
https://openalex.org/F4320324459,Fundação Luso-Americana para o Desenvolvimento,PT
https://openalex.org/F4320306902,Chemotherapy Foundation,US
https://openalex.org/F4320324526,Agence Nationale de Sécurité du Médicament et des Produits de Santé,FR
https://openalex.org/F4320307427,Pulmonary Fibrosis Foundation,US
https://openalex.org/F4320323032,Asia University,TW
https://openalex.org/F4320330968,Intas Pharmaceuticals,IN
https://openalex.org/F4320322744,"Brandenburger Staatsministerium für Wissenschaft, Forschung und Kultur",DE
https://openalex.org/F4320321706,Evangelisches Studienwerk Villigst,DE
https://openalex.org/F4320309712,Fondation Jérôme Lejeune,FR
https://openalex.org/F4320319939,Sick Kids Foundation,CA
https://openalex.org/F4320323053,Stiftelsen Assar Gabrielssons Fond,SE
https://openalex.org/F4320325639,Université Toulouse III - Paul Sabatier,FR
https://openalex.org/F4320306362,Great Lakes Fishery Trust,US
https://openalex.org/F4320333428,Center for Neuroscience and Regenerative Medicine,US
https://openalex.org/F4320323532,Hirosaki University,JP
https://openalex.org/F4320326213,Conseil Régional de Picardie,FR
https://openalex.org/F4320324980,Shaoxing University,CN
https://openalex.org/F4320336616,Science and Technology Program of Gansu Province,CN
https://openalex.org/F4320320992,University of Canberra,AU
https://openalex.org/F4320335213,"Pró-Reitoria de Pesquisa, Universidade Federal do Rio Grande do Sul",BR
https://openalex.org/F4320327311,Xinxiang Medical University,CN
https://openalex.org/F4320315679,NIHR Bristol Biomedical Research Centre,GB
https://openalex.org/F4320332612,"School of Medicine and Public Health, University of Wisconsin-Madison",US
https://openalex.org/F4320322936,Zahedan University of Medical Sciences,IR
https://openalex.org/F4320335185,"Institute for NanoScience and NanoTechnology, Sharif University of Technology",IR
https://openalex.org/F4320313675,University of Texas Health Science Center at Houston,US
https://openalex.org/F4320327604,Akershus Universitetssykehus,NO
https://openalex.org/F4320327525,Major Discipline Academic and Technical Leaders Training Program of Jiangxi Province,CN
https://openalex.org/F4320323599,Astellas Pharma Europe,GB
https://openalex.org/F4320324750,Fujita Health University,JP
https://openalex.org/F4320328652,Southwest Medical University,CN
https://openalex.org/F4320324717,Tartu Ülikool,EE
https://openalex.org/F4320325173,Vontobel-Stiftung,CH
https://openalex.org/F4320311123,Cogito Foundation,CH
https://openalex.org/F4320311603,Ramaciotti Foundations,AU
https://openalex.org/F4320327061,Shanghai Minhang Science and Technology Commission,CN
https://openalex.org/F4320334719,Australia Awards,AU
https://openalex.org/F4320312415,Portola Pharmaceuticals,US
https://openalex.org/F4320323859,"Ural Branch, Russian Academy of Sciences",RU
https://openalex.org/F4320320297,Orthopaedic Research UK,GB
https://openalex.org/F4320320862,University of Limerick,IE
https://openalex.org/F4320333181,Sidney Kimmel Comprehensive Cancer Center,US
https://openalex.org/F4320338072,Institute of Health Services and Policy Research,CA
https://openalex.org/F4320323475,Università degli Studi G. d'Annunzio Chieti - Pescara,IT
https://openalex.org/F4320308613,RSNA Research and Education Foundation,US
https://openalex.org/F4320324165,Arak University of Medical Sciences,IR
https://openalex.org/F4320309543,Texas Children's Hospital,US
https://openalex.org/F4320323369,Hakim Sabzevari University,IR
https://openalex.org/F4320309714,Fondation Louvain,BE
https://openalex.org/F4320320962,Southern Cross University,AU
https://openalex.org/F4320309633,Mars,US
https://openalex.org/F4320310929,Universidade de Brasília,BR
https://openalex.org/F4320323615,Krebsliga Beider Basel,CH
https://openalex.org/F4320311257,Baxalta,US
https://openalex.org/F4320321039,Malta Council for Science and Technology,MT
https://openalex.org/F4320326538,Karabük Üniversitesi,TR
https://openalex.org/F4320308350,American Academy of Pediatrics,US
https://openalex.org/F4320314917,National Institute for Health Care Management Foundation,US
https://openalex.org/F4320322140,Universitair Medisch Centrum Utrecht,NL
https://openalex.org/F4320313633,University of Toledo,US
https://openalex.org/F4320324670,Kitasato University,JP
https://openalex.org/F4320322846,E-Da Hospital,TW
https://openalex.org/F4320323261,Universidad Nacional de Educación a Distancia,ES
https://openalex.org/F4320309919,Univerzita Komenského v Bratislave,SK
https://openalex.org/F4320321797,"Centre of Excellence for Particle Physics at the Terascale, Australian Research Council",AU
https://openalex.org/F4320308390,American Academy of Child and Adolescent Psychiatry,US
https://openalex.org/F4320326699,Ministry of Public Security of the People's Republic of China,CN
https://openalex.org/F4320322207,Ilam University of Medical Sciences,IR
https://openalex.org/F4320323129,Birjand University of Medical Sciences,IR
https://openalex.org/F4320311162,Egg Nutrition Center,US
https://openalex.org/F4320323014,Süleyman Demirel Üniversitesi,TR
https://openalex.org/F4320307047,Plastic Surgery Foundation,US
https://openalex.org/F4320326293,Guangxi Key Laboratory of Automatic Detection Technology and Instrument Foundation,CN
https://openalex.org/F4320315266,Royal College of Physicians and Surgeons of Canada,CA
https://openalex.org/F4320323140,Brock University,CA
https://openalex.org/F4320337677,"Center for AIDS Research, University of North Carolina at Chapel Hill",US
https://openalex.org/F4320311054,Cancer League of Colorado,US
https://openalex.org/F4320322123,Adlerbertska Stiftelserna,SE
https://openalex.org/F4320306352,Georgia Cancer Coalition,US
https://openalex.org/F4320332984,"North Carolina Agricultural Research Service, North Carolina State University",US
https://openalex.org/F4320323022,National Chung-Hsing University,TW
https://openalex.org/F4320326285,Astma- och Allergiförbundet,SE
https://openalex.org/F4320337579,California National Primate Research Center,US
https://openalex.org/F4320337645,"Clinical and Translational Science Institute, University of California, San Francisco",US
https://openalex.org/F4320322900,Universidad Michoacana de San Nicolás de Hidalgo,MX
https://openalex.org/F4320311266,Leukemia and Lymphoma Society of Canada,CA
https://openalex.org/F4320327877,"MSD Life Science Foundation, Public Interest Incorporated Foundation",JP
https://openalex.org/F4320313903,Tata Consultancy Services,IN
https://openalex.org/F4320311503,"Department of Agriculture and Rural Development, Northern Ireland",GB
https://openalex.org/F4320322419,Universidad Autónoma Metropolitana,MX
https://openalex.org/F4320309647,"School of Medicine, Boston University",US
https://openalex.org/F4320322155,Newcastle upon Tyne Hospitals NHS Foundation Trust,GB
https://openalex.org/F4320324757,European Association for the Study of Diabetes,DE
https://openalex.org/F4320311720,Sheffield Hallam University,GB
https://openalex.org/F4320312226,Canadian Thoracic Society,CA
https://openalex.org/F4320311334,Armenian National Science and Education Fund,US
https://openalex.org/F4320335161,"Faculti Sains, Universiti Putra Malaysia",MY
https://openalex.org/F4320325358,Animal and Plant Quarantine Agency,KR
https://openalex.org/F4320319920,Physiotherapy Foundation of Canada,CA
https://openalex.org/F4320324217,"Comisión de Operación y Fomento de Actividades Académicas, Instituto Politécnico Nacional",MX
https://openalex.org/F4320325201,Diabetesfonden,SE
https://openalex.org/F4320328762,Health Commission of Zhejiang Province,CN
https://openalex.org/F4320308759,Francis Family Foundation,US
https://openalex.org/F4320327119,Marga und Walter Boll-Stiftung,DE
https://openalex.org/F4320310940,Health Research Foundation,CA
https://openalex.org/F4320325904,Pécsi Tudományegyetem,HU
https://openalex.org/F4320311223,Jazan University,SA
https://openalex.org/F4320321635,"Dementia Collaborative Research Centres, Australia",AU
https://openalex.org/F4320330207,Shanghai Aerospace Science and Technology Innovation Foundation,CN
https://openalex.org/F4320322069,National Evidence-based Healthcare Collaborating Agency,KR
https://openalex.org/F4320306737,International Retinal Research Foundation,US
https://openalex.org/F4320322688,Benha University,EG
https://openalex.org/F4320323639,"Gil Medical Center, Gachon University",KR
https://openalex.org/F4320334745,Institute of Chemical and Engineering Sciences,SG
https://openalex.org/F4320307891,Rotary Foundation,US
https://openalex.org/F4320324324,Kobayashi International Scholarship Foundation,JP
https://openalex.org/F4320338090,National Institute for Basic Biology,JP
https://openalex.org/F4320337530,"Carolina Center of Cancer Nanotechnology Excellence, University of North Carolina - Chapel Hill",US
https://openalex.org/F4320322053,National Health Insurance Service,KR
https://openalex.org/F4320307857,African Development Bank Group,TN
https://openalex.org/F4320323473,Bahir Dar University,ET
https://openalex.org/F4320310926,Università degli Studi Roma Tre,IT
https://openalex.org/F4320313406,Cerebral Palsy Alliance Research Foundation,US
https://openalex.org/F4320306794,Ara Parseghian Medical Research Foundation,US
https://openalex.org/F4320325217,Norske Kvinners Sanitetsforening,NO
https://openalex.org/F4320306090,Amgen Foundation,US
https://openalex.org/F4320324594,Universiteit van Tilburg,NL
https://openalex.org/F4320312222,Cidara Therapeutics,US
https://openalex.org/F4320309042,American College of Radiology Imaging Network,US
https://openalex.org/F4320309776,Lee Foundation,SG
https://openalex.org/F4320323500,Nemzeti Fejlesztési Minisztérium,HU
https://openalex.org/F4320332418,AbbVie Deutschland,DE
https://openalex.org/F4320322102,Korea Institute of Toxicology,KR
https://openalex.org/F4320322418,Mersin Üniversitesi,TR
https://openalex.org/F4320322934,Haramaya University,ET
https://openalex.org/F4320328990,Centro de Investigación Biomédica en Red sobre Enfermedades Neurodegenerativas,ES
https://openalex.org/F4320337551,Office of Women's Health,US
https://openalex.org/F4320319910,Scottish Rite Charitable Foundation of Canada,CA
https://openalex.org/F4320323396,National Taiwan Ocean University,TW
https://openalex.org/F4320335175,Coordinación de la Investigación Científica,MX
https://openalex.org/F4320309659,Henry Ford Health System,US
https://openalex.org/F4320309869,Jiangsu Academy of Agricultural Sciences,CN
https://openalex.org/F4320333389,Children's Hospital Research Institute of Manitoba,CA
https://openalex.org/F4320308309,U.S. Social Security Administration,US
https://openalex.org/F4320310068,"Deanship of Academic Research, University of Jordan",JO
https://openalex.org/F4320320610,Transport Accident Commission,AU
https://openalex.org/F4320323512,Buddhist Tzu Chi Medical Foundation,TW
https://openalex.org/F4320306424,Medical Foundation,US
https://openalex.org/F4320311287,Fuji Foundation for Protein Research,JP
https://openalex.org/F4320323890,Korea Creative Content Agency,KR
https://openalex.org/F4320310682,"Faculty of Medicine, McGill University",CA
https://openalex.org/F4320321251,Kongju National University,KR
https://openalex.org/F4320311962,Anglia Ruskin University,GB
https://openalex.org/F4320320526,Australian Historical Association,AU
https://openalex.org/F4320334822,"National Institute of Oceanography, India",IN
https://openalex.org/F4320322592,Tampereen Yliopisto,FI
https://openalex.org/F4320316485,Seoul National University Bundang Hospital,KR
https://openalex.org/F4320306686,EyeSight Foundation of Alabama,US
https://openalex.org/F4320312101,NHS Education for Scotland,GB
https://openalex.org/F4320306418,T.J. Martell Foundation,US
https://openalex.org/F4320328606,Malaysian Palm Oil Board,MY
https://openalex.org/F4320327736,Universität Rostock,DE
https://openalex.org/F4320309728,Institut de France,FR
https://openalex.org/F4320321653,"Ministry of Scientific Research, Egypt",EG
https://openalex.org/F4320321144,King Faisal Specialist Hospital and Research Centre,SA
https://openalex.org/F4320313184,Al Jalila Foundation,AE
https://openalex.org/F4320313902,Imperial College Healthcare Charity,GB
https://openalex.org/F4320322696,Cape Peninsula University of Technology,ZA
https://openalex.org/F4320308045,Connecticut Innovations,US
https://openalex.org/F4320336607,Natural Science Foundation of Guangdong Province for Distinguished Young Scholars,CN
https://openalex.org/F4320309105,Cleveland State University,US
https://openalex.org/F4320309930,"University Research Council, Aga Khan University",PK
https://openalex.org/F4320309326,Golfers Against Cancer,US
https://openalex.org/F4320308208,Ohio Cancer Research Associates,US
https://openalex.org/F4320309613,VicHealth,AU
https://openalex.org/F4320333002,Pfizer Japan,JP
https://openalex.org/F4320324879,Taipei Tzu Chi Hospital,TW
https://openalex.org/F4320313589,Coins for Alzheimer's Research Trust,US
https://openalex.org/F4320332590,Alliance for Health Policy and Systems Research,CH
https://openalex.org/F4320323876,Fundación Alberto J. Roemmers,AR
https://openalex.org/F4320325007,Universite Angers,FR
https://openalex.org/F4320326958,Fondation Botnar,CH
https://openalex.org/F4320326679,Guangdong Office of Philosophy and Social Science,CN
https://openalex.org/F4320311230,CancerCare Manitoba Foundation,CA
https://openalex.org/F4320324231,Malaysia Toray Science Foundation,MY
https://openalex.org/F4320328182,"Ministerie van Landbouw, Natuur en Voedselkwaliteit",NL
https://openalex.org/F4320326822,Fundación Española para la Ciencia y la Tecnología,ES
https://openalex.org/F4320311643,Ministry of Defence,GB
https://openalex.org/F4320310917,"Hotchkiss Brain Institute, University of Calgary",CA
https://openalex.org/F4320312863,American Orthopaedic Society for Sports Medicine,US
https://openalex.org/F4320306809,Paralyzed Veterans of America Research Foundation,US
https://openalex.org/F4320308417,American Foundation for Aging Research,US
https://openalex.org/F4320325637,Kawasaki Medical School,JP
https://openalex.org/F4320309567,Therakos,US
https://openalex.org/F4320308826,Jackson Laboratory,US
https://openalex.org/F4320323538,Honjo International Scholarship Foundation,JP
https://openalex.org/F4320325952,Fondazione IRCCS Ca' Granda Ospedale Maggiore Policlinico,IT
https://openalex.org/F4320322807,Ministère de la Santé,TN
https://openalex.org/F4320320015,National Association for Colitis and Crohn's Disease,GB
https://openalex.org/F4320323304,Guilan University of Medical Sciences,IR
https://openalex.org/F4320324574,Fondation Ernst et Lucie Schmidheiny,CH
https://openalex.org/F4320332493,"Swanson School of Engineering, University of Pittsburgh",US
https://openalex.org/F4320328070,Sun Pharma,IN
https://openalex.org/F4320332202,Research Foundation of The City University of New York,US
https://openalex.org/F4320320993,Charles Darwin University,AU
https://openalex.org/F4320324698,Fondazione Italiana di Ricerca per la Sclerosi Laterale Amiotrofica,IT
https://openalex.org/F4320333106,Robert H. Lurie Comprehensive Cancer Center,US
https://openalex.org/F4320324138,Harran Üniversitesi,TR
https://openalex.org/F4320323617,Commissariat Général à l'Investissement,FR
https://openalex.org/F4320326042,Chinese Society of Clinical Oncology,CN
https://openalex.org/F4320324530,Fourth Military Medical University,CN
https://openalex.org/F4320320825,Otago Medical Research Foundation,NZ
https://openalex.org/F4320323524,Cheng Hsin General Hospital Foundation,TW
https://openalex.org/F4320326283,National Institute of Development Administration,TH
https://openalex.org/F4320332635,Oregon National Primate Research Center,US
https://openalex.org/F4320320441,"Department of Defence, Australian Government",AU
https://openalex.org/F4320309007,Zimmer,US
https://openalex.org/F4320327362,Hormozgan University of Medical Sciences,IR
https://openalex.org/F4320320355,Newlife – The Charity for Disabled Children,GB
https://openalex.org/F4320310128,"School of Dentistry, Nihon University",JP
https://openalex.org/F4320315544,Nagasaki University,JP
https://openalex.org/F4320324028,Association Française pour l'Etude du Foie,FR
https://openalex.org/F4320325155,Hartmann Müller-Stiftung für Medizinische Forschung,CH
https://openalex.org/F4320321296,Seoul Women`s University,KR
https://openalex.org/F4320323114,Beijing Municipal Health Commission,CN
https://openalex.org/F4320324151,Selçuk Üniversitesi,TR
https://openalex.org/F4320307355,Musella Foundation For Brain Tumor Research and Information,US
https://openalex.org/F4320309762,"Clinical Trial Center, China Medical University Hospital",TW
https://openalex.org/F4320308622,National Operating Committee on Standards for Athletic Equipment,US
https://openalex.org/F4320313720,National Collegiate Athletic Association,US
https://openalex.org/F4320320865,Dublin City University,IE
https://openalex.org/F4320320317,North Atlantic Treaty Organization,BE
https://openalex.org/F4320321507,Cathay General Hospital,TW
https://openalex.org/F4320327211,General Insurance Association of Japan,JP
https://openalex.org/F4320332581,University of North Carolina Wilmington,US
https://openalex.org/F4320322951,Zhejiang University of Science and Technology,CN
https://openalex.org/F4320326309,Deutsche Gesellschaft für Muskelkranke,DE
https://openalex.org/F4320324437,Deutsche Stiftung Friedensforschung,DE
https://openalex.org/F4320310839,Loma Linda University,US
https://openalex.org/F4320332761,Australian Institute of Sport,AU
https://openalex.org/F4320319998,Alcohol Research UK,GB
https://openalex.org/F4320321734,Edmond J. Safra Philanthropic Foundation,CH
https://openalex.org/F4320313792,Neuroscience Research Australia,AU
https://openalex.org/F4320332689,Wake Forest School of Medicine,US
https://openalex.org/F4320337477,Naval Nuclear Propulsion Program (Naval Reactors),US
https://openalex.org/F4320311240,Southern California Clinical and Translational Science Institute,US
https://openalex.org/F4320310980,Çanakkale Onsekiz Mart Üniversitesi,TR
https://openalex.org/F4320322693,Health and Family Planning Commission of Guangdong Province,CN
https://openalex.org/F4320309727,Fondazione Pisa,IT
https://openalex.org/F4320336653,Science and Technology Support Plan for Youth Innovation of Colleges and Universities of Shandong Province of China,CN
https://openalex.org/F4320307131,Alternatives Research and Development Foundation,US
https://openalex.org/F4320328692,Medac,DE
https://openalex.org/F4320323836,Qazvin University of Medical Sciences,IR
https://openalex.org/F4320332286,"Texas Sea Grant, Texas A and M University",US
https://openalex.org/F4320313299,Baker Foundation,US
https://openalex.org/F4320322346,Korean Foundation for Cancer Research,KR
https://openalex.org/F4320321969,Nederlandse Brandwonden Stichting,NL
https://openalex.org/F4320324430,Friedrich Naumann Stiftung,DE
https://openalex.org/F4320323351,Fundação de Apoio à Pesquisa do Estado da Paraíba,BR
https://openalex.org/F4320315877,Universidad de La Laguna,ES
https://openalex.org/F4320324948,Gangstedfonden,DK
https://openalex.org/F4320309210,"U.S. Department of Health, Education and Welfare",US
https://openalex.org/F4320320569,"Department of Health, New South Wales Government",AU
https://openalex.org/F4320336004,"Faculty of Medicine Siriraj Hospital, Mahidol University",TH
https://openalex.org/F4320321074,Toronto Rehabilitation Institute,CA
https://openalex.org/F4320325874,Uniklinikum Giessen und Marburg,DE
https://openalex.org/F4320323252,Linyi University,CN
https://openalex.org/F4320321532,Child Health Research Foundation,BD
https://openalex.org/F4320317188,Janssen Scientific Affairs,US
https://openalex.org/F4320323920,Association pour la Recherche sur la Sclérose Latérale Amyotrophique et autres Maladies du Motoneurone,FR
https://openalex.org/F4320321439,AOSpine,SZ
https://openalex.org/F4320306086,National Hemophilia Foundation,US
https://openalex.org/F4320315990,Laserlab-Europe,
https://openalex.org/F4320309780,Lyda Hill Foundation,US
https://openalex.org/F4320310028,Cure SMA,US
https://openalex.org/F4320309682,Duncan Family Institute for Cancer Prevention and Risk Assessment,US
https://openalex.org/F4320308040,State of Connecticut Department of Public Health,US
https://openalex.org/F4320337450,Ethicon Endo-Surgery,US
https://openalex.org/F4320312316,Petrus och Augusta Hedlunds Stiftelse,SE
https://openalex.org/F4320336620,Shanghai Shuguang Program,CN
https://openalex.org/F4320335408,Health and Family Planning Commission of Sichuan Province,CN
https://openalex.org/F4320310550,New Jersey Commission on Brain Injury Research,US
https://openalex.org/F4320325069,Université Libre de Bruxelles,BE
https://openalex.org/F4320313825,Abu Dhabi Education Council,AE
https://openalex.org/F4320324659,Istituto Ortopedico Rizzoli di Bologna,IT
https://openalex.org/F4320309305,San Francisco State University,US
https://openalex.org/F4320320050,Ataxia UK,GB
https://openalex.org/F4320327265,Strålsäkerhetsmyndigheten,SE
https://openalex.org/F4320335332,Instytut Farmakologii im. Jerzego Maja Polskiej Akademii Nauk,PL
https://openalex.org/F4320309943,"Australian Education International, Australian Government",AU
https://openalex.org/F4320322038,"National Research Council for Economics, Humanities and Social Science",KR
https://openalex.org/F4320307607,International Myeloma Foundation,US
https://openalex.org/F4320325404,Heilongjiang Bayi Agricultural University,CN
https://openalex.org/F4320309866,B. Braun Melsungen,DE
https://openalex.org/F4320326147,Pirkanmaan Sairaanhoitopiiri,FI
https://openalex.org/F4320321553,Christian-Albrechts-Universität zu Kiel,DE
https://openalex.org/F4320327626,Universitas Gadjah Mada,ID
https://openalex.org/F4320309716,Fondation Nanosciences,FR
https://openalex.org/F4320320199,Guarantors of Brain,GB
https://openalex.org/F4320306742,Uniting Against Lung Cancer,US
https://openalex.org/F4320320699,National Kidney Foundation,SG
https://openalex.org/F4320326242,Nanfang Hospital,CN
https://openalex.org/F4320324468,Universidad Nacional de Tucumán,AR
https://openalex.org/F4320307149,American Historical Association,US
https://openalex.org/F4320323793,Stiftelsen Clas Groschinskys Minnesfond,SE
https://openalex.org/F4320328212,Instituto Milenio en Inmunología e Inmunoterapia,CL
https://openalex.org/F4320308806,International Association for the Study of Pain,US
https://openalex.org/F4320328128,Kurdistan University Of Medical Sciences,IR
https://openalex.org/F4320332750,Sanofi-Aventis Korea Company,KR
https://openalex.org/F4320321900,Deutsche Gesetzliche Unfallversicherung,DE
https://openalex.org/F4320309736,Associazione Italiana Sclerosi Multipla,IT
https://openalex.org/F4320323321,Ministerstvo Kultury,CZ
https://openalex.org/F4320328177,Kementerian Kesihatan Malaysia,MY
https://openalex.org/F4320322160,Great Ormond Street Hospital for Children,GB
https://openalex.org/F4320323071,Belgisch Ontwikkelingsagentschap,BE
https://openalex.org/F4320324481,Fondazione Cassa di Risparmio di Genova e Imperia,IT
https://openalex.org/F4320326491,"Secretaria Xeral de Investigación e Desenvolvemento, Xunta de Galicia",ES
https://openalex.org/F4320328032,Silmäsäätiö,FI
https://openalex.org/F4320310696,Heidelberger Akademie der Wissenschaften,DE
https://openalex.org/F4320333403,Universitätsklinikum Tübingen,DE
https://openalex.org/F4320322740,Kementerian Pertanian dan Industri Asas Tani Malaysia,MY
https://openalex.org/F4320324248,Universidad Autónoma de Baja California,MX
https://openalex.org/F4320328169,Retina France,FR
https://openalex.org/F4320332756,Novartis Pharmaceuticals UK Limited,GB
https://openalex.org/F4320320340,Colt Foundation,GB
https://openalex.org/F4320324216,Scuola Superiore Sant'Anna,IT
https://openalex.org/F4320337419,Agency for Toxic Substances and Disease Registry,US
https://openalex.org/F4320332857,Reference and User Services Association,US
https://openalex.org/F4320334969,"Cancer Institute and Hospital, Chinese Academy of Medical Sciences",CN
https://openalex.org/F4320326525,Gdański Uniwersytet Medyczny,PL
https://openalex.org/F4320332757,Veterans Affairs San Diego Healthcare System,US
https://openalex.org/F4320322425,Ningxia Medical University,CN
https://openalex.org/F4320323244,Socialdepartementet,SE
https://openalex.org/F4320325958,Stichting De Weijerhorst,NL
https://openalex.org/F4320328269,Universidad de Salamanca,ES
https://openalex.org/F4320329091,Institut Teknologi Bandung,ID
https://openalex.org/F4320316279,Health~Holland,NL
https://openalex.org/F4320321058,King's Health Partners,GB
https://openalex.org/F4320311291,Kungl. Vetenskaps- och Vitterhets-Samhället i Göteborg,SE
https://openalex.org/F4320307349,Minnesota Ovarian Cancer Alliance,US
https://openalex.org/F4320324141,Fondazione CON IL SUD,IT
https://openalex.org/F4320309628,University of North Dakota,US
https://openalex.org/F4320312203,Pediatric Epilepsy Research Foundation,US
https://openalex.org/F4320335265,Institute of Molecular and Cell Biology,SG
https://openalex.org/F4320313690,Novocure,GB
https://openalex.org/F4320325362,Mendelova Univerzita v Brně,CZ
https://openalex.org/F4320310815,Gilead Foundation,US
https://openalex.org/F4320311945,E. Matilda Ziegler Foundation for the Blind,US
https://openalex.org/F4320325350,Henan Institute of Science and Technology,CN
https://openalex.org/F4320334765,"Lady Davis Fellowship Trust, Hebrew University of Jerusalem",IL
https://openalex.org/F4320323557,Dr. Mildred Scheel Stiftung für Krebsforschung,DE
https://openalex.org/F4320306386,Houston Endowment,US
https://openalex.org/F4320332945,Center for African Studies,US
https://openalex.org/F4320307471,Taiho Kogyo Tribology Research Foundation,US
https://openalex.org/F4320327065,Southwest Hospital,CN
https://openalex.org/F4320311384,North Carolina Agricultural Foundation,US
https://openalex.org/F4320333468,"Fisheries Agency,Council of Agriculture",TW
https://openalex.org/F4320322523,Seconda Università degli Studi di Napoli,IT
https://openalex.org/F4320325051,Dumlupinar Üniversitesi,TR
https://openalex.org/F4320307053,Pulmonary Hypertension Association,US
https://openalex.org/F4320308320,Heed Ophthalmic Foundation,US
https://openalex.org/F4320322175,Hospital Authority,HK
https://openalex.org/F4320311327,Amrita Vishwa Vidyapeetham University,IN
https://openalex.org/F4320320415,Kidney Health Australia,AU
https://openalex.org/F4320328389,Helsedirektoratet,NO
https://openalex.org/F4320326085,Regione Umbria,IT
https://openalex.org/F4320324243,Baugarten Stiftung,CH
https://openalex.org/F4320327622,Lorestan University of Medical Sciences,IR
https://openalex.org/F4320334012,Science and Technology Development Plan of Shandong Province,CN
https://openalex.org/F4320310830,Texas State University,US
https://openalex.org/F4320337592,Abramson Family Cancer Research Institute,US
https://openalex.org/F4320324078,Stiftelsen Frimurare Barnhuset i Stockholm,SE
https://openalex.org/F4320324636,Jilin Agricultural University,CN
https://openalex.org/F4320329674,University of Zabol,IR
https://openalex.org/F4320310927,Yantai University,CN
https://openalex.org/F4320325673,Innovatiefonds Zorgverzekeraars,NL
https://openalex.org/F4320332432,"School of Medicine, Vanderbilt University",US
https://openalex.org/F4320307186,Barth Syndrome Foundation,US
https://openalex.org/F4320321829,Nederlands Instituut voor Onderzoek van de Gezondheidszorg,NL
https://openalex.org/F4320323183,Centre Hospitalier Régional Universitaire de Montpellier,FR
https://openalex.org/F4320337420,National Center for Environmental Health,US
https://openalex.org/F4320320312,Home Office,GB
https://openalex.org/F4320311764,Fulbright Canada,CA
https://openalex.org/F4320334064,National Natural Science Foundation of China-Zhejiang Joint Fund for the Integration of Industrialization and Informatization,CN
https://openalex.org/F4320324171,Yasuj University of Medical Sciences,IR
https://openalex.org/F4320324079,Cooperativa de Ensino Superior Politécnico e Universitário,PT
https://openalex.org/F4320329144,Centro de Investigación Biomédica en Red de Enfermedades Hepáticas y Digestivas,ES
https://openalex.org/F4320328999,Shandong First Medical University,CN
https://openalex.org/F4320321268,Kyonggi University,KR
https://openalex.org/F4320308976,Urology Care Foundation,US
https://openalex.org/F4320323159,Chinese Medicine Research Program of Zhejiang Province,CN
https://openalex.org/F4320311569,FSH Society,US
https://openalex.org/F4320306937,Fraternal Order of Eagles,US
https://openalex.org/F4320322641,Dr. Werner Jackstädt-Stiftung,DE
https://openalex.org/F4320320772,Agricultural and Marketing Research and Development Trust,NZ
https://openalex.org/F4320331528,Ministero dell'Università e della Ricerca,IT
https://openalex.org/F4320335466,"Medical Science and Technology Development Foundation, Nanjing Municipality Health Bureau",CN
https://openalex.org/F4320327762,Japan Food Chemical Research Foundation,JP
https://openalex.org/F4320306674,Diabetes Action Research and Education Foundation,US
https://openalex.org/F4320324645,ZNS - Hannelore Kohl Stiftung,DE
https://openalex.org/F4320325200,Shanxi Medical University,CN
https://openalex.org/F4320313838,International Visegrad Fund,SK
https://openalex.org/F4320310350,Canadian Foundation for AIDS Research,CA
https://openalex.org/F4320311557,"Brain Science Institute, Johns Hopkins University",US
https://openalex.org/F4320336061,Research England,GB
https://openalex.org/F4320311324,Rick Hansen Institute,CA
https://openalex.org/F4320323691,Eskişehir Osmangazi Üniversitesi,TR
https://openalex.org/F4320335253,"Consumers, Health, Agriculture and Food Executive Agency",
https://openalex.org/F4320306173,Pediatric Cancer Research Foundation,US
https://openalex.org/F4320310712,Canadian Poultry Research Council,CA
https://openalex.org/F4320307029,National Multiple Sclerosis Society Michigan Chapter,US
https://openalex.org/F4320309968,German-Russian Interdisciplinary Science Center,DE
https://openalex.org/F4320316512,Bpifrance,FR
https://openalex.org/F4320335649,"Kunming Institute of Botany, Chinese Academy of Sciences",CN
https://openalex.org/F4320323991,"Bundesministerium für Bildung, Wissenschaft und Kultur",AT
https://openalex.org/F4320322561,Saint Joseph University,LB
https://openalex.org/F4320312353,Jascha Fonden,DK
https://openalex.org/F4320320783,"Ministry of Foreign Affairs and Trade, New Zealand",NZ
https://openalex.org/F4320323460,Uniwersytet Przyrodniczy w Poznaniu,PL
https://openalex.org/F4320335205,"Malaysia Japan International Institute of Technology, Universiti Teknologi Malaysia",MY
https://openalex.org/F4320322028,Korea Foundation,KR
https://openalex.org/F4320326694,Jiangsu Provincial Department of Human Resources and Social Security,CN
https://openalex.org/F4320311015,Firat Üniversitesi,TR
https://openalex.org/F4320311541,Chapman University,US
https://openalex.org/F4320323985,Ettevõtluse Arendamise Sihtasutus,EE
https://openalex.org/F4320309641,Creighton University,US
https://openalex.org/F4320330374,Foundation for Science and Technology,GB
https://openalex.org/F4320332607,University of Oklahoma Health Sciences Center,US
https://openalex.org/F4320335298,Schulich School of Medicine and Dentistry,CA
https://openalex.org/F4320321601,"Département Caractérisation et Élaboration des Produits Issus de l’Agriculture, Institut National de la Recherche Agronomique",FR
https://openalex.org/F4320335036,BC Cancer Agency,CA
https://openalex.org/F4320322961,Norrbacka-Eugeniastiftelsen,SE
https://openalex.org/F4320323668,Wojskowa Akademia Techniczna,PL
https://openalex.org/F4320310811,Manitoba Medical Service Foundation,CA
https://openalex.org/F4320335232,"Graduate School, Chiang Mai University",TH
https://openalex.org/F4320308654,Cystinosis Research Foundation,US
https://openalex.org/F4320325561,Heilongjiang University of Chinese Medicine,CN
https://openalex.org/F4320311695,Glasgow Caledonian University,GB
https://openalex.org/F4320320689,Nelson Mandela Metropolitan University,ZA
https://openalex.org/F4320312281,Børnecancerfonden,DK
https://openalex.org/F4320332941,Center for Clinical and Translational Research,US
https://openalex.org/F4320323082,Fonds Joseph Maisin,BE
https://openalex.org/F4320323302,Syngenta Foundation for Sustainable Agriculture,CH
https://openalex.org/F4320306335,Flinn Foundation,US
https://openalex.org/F4320325452,Meiji Yasuda Life Foundation of Health and Welfare,JP
https://openalex.org/F4320335523,Instituto Nacional de Ciência e Tecnologia da Criosfera,BR
https://openalex.org/F4320316953,European Resuscitation Council,BE
https://openalex.org/F4320322860,Veterinární a Farmaceutická Univerzita Brno,CZ
https://openalex.org/F4320306533,University of Maryland Foundation,US
https://openalex.org/F4320315068,"University of Tennessee, Knoxville",US
https://openalex.org/F4320324452,Suomen Aivosäätiö,FI
https://openalex.org/F4320321981,"Department of Education, Australian Governement",AU
https://openalex.org/F4320335629,"Suzhou Institute of Nanotechnology, Chinese Academy of Sciences",CN
https://openalex.org/F4320326094,Beckett-Fonden,DK
https://openalex.org/F4320327602,Middle-aged and Young Teachers' Basic Ability Promotion Project of Guangxi,CN
https://openalex.org/F4320332464,"Hollings Cancer Center, Medical University of South Carolina",US
https://openalex.org/F4320310686,Rotary Club of Eureka,US
https://openalex.org/F4320322549,Sightsavers International,GB
https://openalex.org/F4320311312,University of Missouri-Kansas City,US
https://openalex.org/F4320310611,"Filozofická Fakulta, Univerzita Karlova v Praze",CZ
https://openalex.org/F4320335784,Zhejiang Traditional Chinese Medicine Administration,CN
https://openalex.org/F4320327069,Foshan University,CN
https://openalex.org/F4320310446,Callaghan Innovation,NZ
https://openalex.org/F4320313311,University Hospitals Bristol NHS Foundation Trust,GB
https://openalex.org/F4320315975,Canon Medical Systems Corporation,JP
https://openalex.org/F4320311826,Chengdu University of Information Technology,CN
https://openalex.org/F4320324487,Stichting tot Steun Vereniging tot Christelijke Verzorging van Geestes- en Zenuwzieken,NL
https://openalex.org/F4320327840,Otto A. Malm Lahjoitusrahasto,FI
https://openalex.org/F4320332398,Administration for Community Living,US
https://openalex.org/F4320326343,Pakistan Academy of Sciences,PK
https://openalex.org/F4320335280,Central Institute of Medicinal and Aromatic Plants,IN
https://openalex.org/F4320338453,HORIZON EUROPE European Research Council,
https://openalex.org/F4320326392,Rotterdamse Stichting Blindenbelangen,NL
https://openalex.org/F4320329293,"Data Center of Management Science, National Natural Science Foundation of China - Peking University",CN
https://openalex.org/F4320308363,Goldhirsh Foundation,US
https://openalex.org/F4320323877,Högskolan i Gävle,SE
https://openalex.org/F4320320230,Physiological Society,GB
https://openalex.org/F4320323075,Politechnika Bialostocka,PL
https://openalex.org/F4320325750,IWK Health Centre,CA
https://openalex.org/F4320322939,Gaziosmanpasa Üniversitesi,TR
https://openalex.org/F4320335081,ICIN Netherlands Heart Institute,NL
https://openalex.org/F4320322268,Kunming Medical University,CN
https://openalex.org/F4320323626,Tojuro Iijima Foundation for Food Science and Technology,JP
https://openalex.org/F4320324076,Capital Foundation of Medical Development,CN
https://openalex.org/F4320321475,Università di Cagliari,IT
https://openalex.org/F4320310276,Helsinn,CH
https://openalex.org/F4320316694,Kennedy Trust for Rheumatology Research,GB
https://openalex.org/F4320324978,Univerzita Tomáše Bati ve Zlíně,CZ
https://openalex.org/F4320323740,Universidad Nacional del Centro de la Provincia de Buenos Aires,AR
https://openalex.org/F4320327280,Heilongjiang Provincial Science and Technology Department,CN
https://openalex.org/F4320315513,Canadian Stroke Network,CA
https://openalex.org/F4320315459,Egg Farmers of Canada,CA
https://openalex.org/F4320316210,Università degli Studi di Napoli Parthenope,IT
https://openalex.org/F4320312458,St. John's University,US
https://openalex.org/F4320326212,Region Midtjylland,DK
https://openalex.org/F4320335096,"Facultad de Ciencias, Universidad de los Andes",CO
https://openalex.org/F4320309490,Paralyzed Veterans of America,US
https://openalex.org/F4320317018,"Consejería de Economía, Conocimiento, Empresas y Universidad, Junta de Andalucía",ES
https://openalex.org/F4320309810,Stiftung VERUM,DE
https://openalex.org/F4320319978,Brain Tumour Foundation of Canada,CA
https://openalex.org/F4320308276,Ohio State University Press,US
https://openalex.org/F4320309998,Korean Diabetes Association,KR
https://openalex.org/F4320326818,University of Phayao,TH
https://openalex.org/F4320311543,Pancreatic Cancer UK,GB
https://openalex.org/F4320314727,Ovarian Cancer Research Alliance,US
https://openalex.org/F4320335836,School for Public Health Research,GB
https://openalex.org/F4320309858,Nationwide Children's Hospital,US
https://openalex.org/F4320313520,Arizona Board of Regents,US
https://openalex.org/F4320329542,Zhongnan Hospital of Wuhan University,CN
https://openalex.org/F4320306879,American Society for Gastrointestinal Endoscopy,US
https://openalex.org/F4320323185,Ministry of Innovation and Advanced Education,CA
https://openalex.org/F4320306915,Collins Medical Trust,US
https://openalex.org/F4320312744,International Glaucoma Association,GB
https://openalex.org/F4320323044,Barndiabetesfonden,SE
https://openalex.org/F4320324627,Northern Advancement Center for Science and Technology,JP
https://openalex.org/F4320309436,Kentucky Science and Energy Foundation,US
https://openalex.org/F4320314007,Hunter Cancer Research Alliance,AU
https://openalex.org/F4320308072,New York State Department of Health - Wadsworth Center,US
https://openalex.org/F4320332572,Danone Research Centre for Specialised Nutrition,NL
https://openalex.org/F4320309134,East Tennessee State University,US
https://openalex.org/F4320332905,National Blood Foundation,US
https://openalex.org/F4320326059,Universidad Austral de Chile,CL
https://openalex.org/F4320335243,"Research Institute for Endocrine Sciences, Shahid Beheshti University of Medical Sciences",IR
https://openalex.org/F4320323438,Tallinna Tehnikaülikool,EE
https://openalex.org/F4320334820,"Dirección de Investigación, Universidad Nacional de Colombia",CO
https://openalex.org/F4320333031,University of California Merced,US
https://openalex.org/F4320326536,Hefei University,CN
https://openalex.org/F4320310374,Alborada Trust,GB
https://openalex.org/F4320328222,Centro de Investigación Biomédica en Red Diabetes y Enfermedades Metabólicas Asociadas,ES
https://openalex.org/F4320308589,"Center for Theoretical Biological Physics, University of California, San Diego",US
https://openalex.org/F4320321813,Nederlandse Zuivel Organisatie,NL
https://openalex.org/F4320321699,"Chongqing Municipal Public Health Bureau, Chongqing People's Municipal Government",CN
https://openalex.org/F4320335486,Nationaal Regieorgaan Praktijkgericht Onderzoek SIA,NL
https://openalex.org/F4320327959,Sykehuset Innlandet HF,NO
https://openalex.org/F4320306844,Stop Cancer,US
https://openalex.org/F4320335202,Akademi Sains Malaysia,MY
https://openalex.org/F4320309410,Indiana State Department of Health,US
https://openalex.org/F4320311772,JGW Patterson Foundation,GB
https://openalex.org/F4320325167,Sosiaali- ja Terveysministeriö,FI
https://openalex.org/F4320326620,National Health Laboratory Service,ZA
https://openalex.org/F4320308925,AGA Research Foundation,US
https://openalex.org/F4320334766,"National Institute for Psychobiology in Israel, Hebrew University of Jerusalem",IL
https://openalex.org/F4320306383,Hitchcock Foundation,US
https://openalex.org/F4320336742,Key Research and Development Program of Liaoning Province,CN
https://openalex.org/F4320337467,National Center on Birth Defects and Developmental Disabilities,US
https://openalex.org/F4320314148,State Key Laboratory of Respiratory Disease,CN
https://openalex.org/F4320337428,Center for Mental Health Services,US
https://openalex.org/F4320306891,A-T Children's Project,US
https://openalex.org/F4320324346,Schweizerische Gesellschaft für Radiologie,CH
https://openalex.org/F4320314504,Commonwealth Health Research Board,US
https://openalex.org/F4320336576,Spanish National Plan for Scientific and Technical Research and Innovation,ES
https://openalex.org/F4320337678,"Liver Center, University of California, San Francisco",US
https://openalex.org/F4320327243,"Ministerium für Wirtschaft, Arbeit und Wohnungsbau Baden-Württemberg",DE
https://openalex.org/F4320312146,"MIND Institute, University of California, Davis",US
https://openalex.org/F4320320619,Edinburgh Napier University,GB
https://openalex.org/F4320321748,"Consejo Estatal de Ciencia, Tecnología e Innovación",MX
https://openalex.org/F4320312584,Tennessee Agricultural Experiment Station,US
https://openalex.org/F4320337732,Division of Loan Repayment,US
https://openalex.org/F4320327632,Kulturministeriet,DK
https://openalex.org/F4320335808,Chiayi Chang Gung Memorial Hospital,TW
https://openalex.org/F4320310278,HCF Research Foundation,AU
https://openalex.org/F4320312678,International Biometric Society,US
https://openalex.org/F4320307720,Society of University Surgeons Foundation,US
https://openalex.org/F4320313823,Midwestern University,US
https://openalex.org/F4320323057,"Academic Center for Education, Culture and Research",IR
https://openalex.org/F4320325471,Università Ca' Foscari di Venezia,IT
https://openalex.org/F4320328488,Instytut Biologii Doswiadczalnej im. M. Nenckiego PAN,PL
https://openalex.org/F4320327421,Kieikai Research Foundation,JP
https://openalex.org/F4320308778,Heart Rhythm Society,US
https://openalex.org/F4320322467,Peter MacCallum Cancer Centre,AU
https://openalex.org/F4320310600,PSC Partners Seeking a Cure,US
https://openalex.org/F4320332577,Diabetes Research and Training Center,US
https://openalex.org/F4320313729,Yale-NUS College,SG
https://openalex.org/F4320326959,Jianghan University,CN
https://openalex.org/F4320324678,Lanzhou Science and Technology Bureau,CN
https://openalex.org/F4320310180,Institute for Translational Medicine and Therapeutics,US
https://openalex.org/F4320324115,"Secretaría de Ciencia, Tecnología e Innovación del Distrito Federal",MX
https://openalex.org/F4320335386,"Medizinische Fakultät, RWTH Aachen University",DE
https://openalex.org/F4320323653,National Institute for Interdisciplinary Science and Technology,IN
https://openalex.org/F4320324569,Chungnam National University Hospital,KR
https://openalex.org/F4320336200,Biotechnology Industry Research Assistance Council,IN
https://openalex.org/F4320311475,Appalachian State University,US
https://openalex.org/F4320308609,North Carolina GlaxoSmithKline Foundation,US
https://openalex.org/F4320307171,American Thyroid Association,US
https://openalex.org/F4320306490,RGK Foundation,US
https://openalex.org/F4320327254,Phospholipid Research Center,DE
https://openalex.org/F4320311193,Burke Foundation,US
https://openalex.org/F4320309455,Lucas Foundation,US
https://openalex.org/F4320327752,Szkola Glówna Gospodarstwa Wiejskiego w Warszawie,PL
https://openalex.org/F4320306607,American Urological Association Foundation,US
https://openalex.org/F4320333320,University of Michigan Comprehensive Cancer Center,US
https://openalex.org/F4320335137,"Faculty of Medical and Health Sciences, University of Auckland",NZ
https://openalex.org/F4320322652,Bupa Health Foundation,AU
https://openalex.org/F4320314594,Cambridge Philosophical Society,GB
https://openalex.org/F4320322762,Kyungpook National University Hospital,KR
https://openalex.org/F4320324075,Universitetssjukhuset Örebro,SE
https://openalex.org/F4320324412,Duchenne Parent Project,NL
https://openalex.org/F4320334658,"Menzies Centre for Australian Studies, King's College London, University of London",GB
https://openalex.org/F4320311663,American College of Physicians,US
https://openalex.org/F4320311877,Archer Daniels Midland,US
https://openalex.org/F4320310522,Texas Christian University,US
https://openalex.org/F4320310671,Cochlear,AU
https://openalex.org/F4320333148,Iowa Department of Natural Resources,US
https://openalex.org/F4320325755,Varsinais-Suomen Sairaanhoitopiiri,FI
https://openalex.org/F4320311219,Tzu Chi University,TW
https://openalex.org/F4320321555,Chubu University,JP
https://openalex.org/F4320336062,Inter-University Accelerator Centre,IN
https://openalex.org/F4320311825,"Facoltà di Medicina e Psicologiaa, Sapienza Università di Roma",IT
https://openalex.org/F4320326055,University of Colombo,LK
https://openalex.org/F4320326301,Guizhou Medical University,CN
https://openalex.org/F4320321404,Adnan Menderes Üniversitesi,TR
https://openalex.org/F4320324771,Chest Heart and Stroke Scotland,GB
https://openalex.org/F4320308631,American Association of Orthodontists Foundation,US
https://openalex.org/F4320323246,Damghan University,IR
https://openalex.org/F4320335281,Central Leather Research Institute,IN
https://openalex.org/F4320322531,Shahroud University of Medical Sciences,IR
https://openalex.org/F4320334598,Foreign Affairs and International Trade Canada,CA
https://openalex.org/F4320310106,Kansas State University,US
https://openalex.org/F4320321189,Catholic University of Daegu,KR
https://openalex.org/F4320321285,Sangji University,KR
https://openalex.org/F4320311397,Western Washington University,US
https://openalex.org/F4320320486,Emergency Medicine Foundation,AU
https://openalex.org/F4320310301,Arthritis Foundation of Australia,AU
https://openalex.org/F4320324604,Fundación Para La Innovación Y La Prospectiva En Salud En España,ES
https://openalex.org/F4320324892,Centre Scientifique de Monaco,MC
https://openalex.org/F4320323946,Angelini Pharma,IT
https://openalex.org/F4320327392,European Academy of Neurology,AT
https://openalex.org/F4320328324,Shanghai Shenkang Hospital Development Center,CN
https://openalex.org/F4320310320,COPD Foundation,US
https://openalex.org/F4320315321,Cancer Research Coordinating Committee,US
https://openalex.org/F4320326113,Spar Nord Fonden,DK
https://openalex.org/F4320335858,Sichuan Veterinary Medicine and Drug Innovation Group of China Agricultural Research System,CN
https://openalex.org/F4320311589,Nova Southeastern University,US
https://openalex.org/F4320325746,Université Paris-Est Créteil Val-de-Marne,FR
https://openalex.org/F4320306798,Gustavus and Louise Pfeiffer Research Foundation,US
https://openalex.org/F4320310473,Louis and Harold Price Foundation,US
https://openalex.org/F4320321229,Hannam University,KR
https://openalex.org/F4320310816,Atlanta Clinical and Translational Science Institute,US
https://openalex.org/F4320337537,Federal Office of Rural Health Policy,US
https://openalex.org/F4320325778,Universidad Pontificia Bolivariana,CO
https://openalex.org/F4320332633,Pritzker School of Medicine,US
https://openalex.org/F4320326334,Guts UK,GB
https://openalex.org/F4320329938,Région Normandie,FR
https://openalex.org/F4320327290,Inner Mongolia Agricultural University,CN
https://openalex.org/F4320319989,Canadian Liver Foundation,CA
https://openalex.org/F4320328117,Minzu University of China,CN
https://openalex.org/F4320316417,Trond Mohn stiftelse,NO
https://openalex.org/F4320329568,Grifols,ES
https://openalex.org/F4320308730,West Virginia Space Grant Consortium,US
https://openalex.org/F4320311361,Srinakharinwirot University,TH
https://openalex.org/F4320323841,Fasa University of Medical Sciences,IR
https://openalex.org/F4320306236,Lance Armstrong Foundation,US
https://openalex.org/F4320306112,National Endowment for the Arts,US
https://openalex.org/F4320313661,Bethlehem Griffiths Research Foundation,AU
https://openalex.org/F4320329682,Gobierno de Navarra,ES
https://openalex.org/F4320309611,Verein fur Krebsforschung,CH
https://openalex.org/F4320324321,Binzhou Medical University,CN
https://openalex.org/F4320309355,Commonwealth of Virginia,US
https://openalex.org/F4320326531,Qiqihar University,CN
https://openalex.org/F4320315931,GHR Foundation,US
https://openalex.org/F4320324368,Stiftelsen Sven Jerrings Fond,SE
https://openalex.org/F4320314063,QIMR Berghofer Medical Research Institute,AU
https://openalex.org/F4320325773,Israeli Dairy Board,IL
https://openalex.org/F4320322004,Ministry of National Defense,KR
https://openalex.org/F4320326215,Conseil Régional de La Réunion,RE
https://openalex.org/F4320311620,Juvenile Diabetes Research Foundation Canada,CA
https://openalex.org/F4320334065,National Natural Science Foundation of China-Shandong Joint Fund,CN
https://openalex.org/F4320306259,Bonfils-Stanton Foundation,US
https://openalex.org/F4320311404,Uniwersytet Rolniczy im. Hugona Kołłątaja w Krakowie,PL
https://openalex.org/F4320320315,Royal Society of Medicine,GB
https://openalex.org/F4320310962,Canadian Institute for Theoretical Astrophysics,CA
https://openalex.org/F4320307246,Ecumenical Project for International Cooperation,US
https://openalex.org/F4320308484,American Society for Microbiology,US
https://openalex.org/F4320332609,University of Texas Medical Branch at Galveston,US
https://openalex.org/F4320321944,Hattori Hokokai Foundation,JP
https://openalex.org/F4320332695,Culham Centre for Fusion Energy,GB
https://openalex.org/F4320324121,Second Military Medical University,CN
https://openalex.org/F4320326373,Hellenic Atherosclerosis Society,GR
https://openalex.org/F4320334648,"Gonville and Caius College, University of Cambridge",GB
https://openalex.org/F4320306104,Nanotechnology Initiative,US
https://openalex.org/F4320324755,Stichting Coolsingel,NL
https://openalex.org/F4320334949,"Medizinische Fakultät, Westfälische Wilhelms-Universität Münster",DE
https://openalex.org/F4320310216,Fundación Florencio Fiorini,AR
https://openalex.org/F4320328614,Graduate University of Advanced Technology,IR
https://openalex.org/F4320324327,Universidad de Tarapacá,CL
https://openalex.org/F4320307861,Charles Stewart Mott Foundation,US
https://openalex.org/F4320322344,Korea Drug Development Fund,KR
https://openalex.org/F4320310312,Intermountain Research and Medical Foundation,US
https://openalex.org/F4320324913,Muscular Dystrophy UK,GB
https://openalex.org/F4320313291,United Nations University,JP
https://openalex.org/F4320323936,Bundesamt für Strahlenschutz,DE
https://openalex.org/F4320316313,Postdoctoral Scientific Research Development Fund of Heilongjiang Province,CN
https://openalex.org/F4320326599,Health Systems Research Institute,TH
https://openalex.org/F4320314102,South Carolina Center of Economic Excellence,US
https://openalex.org/F4320310143,Joslin Diabetes Center,US
https://openalex.org/F4320325233,Stiftelsen Längmanska Kulturfonden,SE
https://openalex.org/F4320326394,Stichting Blindenhulp,NL
https://openalex.org/F4320328926,Max-Planck-Institut für Bildungsforschung,DE
https://openalex.org/F4320325055,Stiftelsen Samariten,SE
https://openalex.org/F4320322535,Shanxi Datong University,CN
https://openalex.org/F4320324621,Universitas Sebelas Maret,ID
https://openalex.org/F4320322289,"National Institute of Occupational Safety and Health, Japan",JP
https://openalex.org/F4320323701,Hellenic Cardiological Society,GR
https://openalex.org/F4320330165,Serbian Academy of Sciences and Arts,RS
https://openalex.org/F4320307183,Carol M. Baldwin Breast Cancer Research Fund,US
https://openalex.org/F4320334939,"Faculty of Medicine, Chulalongkorn University",TH
https://openalex.org/F4320315320,Elettra-Sincrotrone Trieste,IT
https://openalex.org/F4320321036,Izglītības un zinātnes ministrija,LV
https://openalex.org/F4320323732,Companhia Energética de Minas Gerais,BR
https://openalex.org/F4320332497,"Social Science Research Institute, Pennsylvania State University",US
https://openalex.org/F4320325521,Istanbul Kalkinma Ajansi,TR
https://openalex.org/F4320320319,Dowager Countess Eleanor Peel Trust,GB
https://openalex.org/F4320310215,Fundación Eugenio Rodríguez Pascual,ES
https://openalex.org/F4320323574,Lietuvos Valstybinis Mokslo ir Studiju Fondas,LT
https://openalex.org/F4320323763,Riisfort Fonden,DK
https://openalex.org/F4320337644,Naval Sea Systems Command,US
https://openalex.org/F4320329092,Universitas Padjadjaran,ID
https://openalex.org/F4320324989,Harboefonden,DK
https://openalex.org/F4320324102,"Ministerio de Ciencia y Tecnología, Gobierno de la Provincia de Córdoba",AR
https://openalex.org/F4320329038,University of Jeddah,SA
https://openalex.org/F4320328361,Brain Research New Zealand,NZ
https://openalex.org/F4320338302,Jonsson Cancer Center Foundation,US
https://openalex.org/F4320323058,Avicenna Research Institute,IR
https://openalex.org/F4320324323,Sundhedsstyrelsen,DK
https://openalex.org/F4320309889,Chuo University,JP
https://openalex.org/F4320333113,"Comprehensive Cancer Center, University of Alabama at Birmingham",US
https://openalex.org/F4320323314,Fukuoka University,JP
https://openalex.org/F4320332690,"Claude Pepper Older Americans Independence Center, Wake Forest School of Medicine",US
https://openalex.org/F4320312012,European Society for Paediatric Endocrinology,GB
https://openalex.org/F4320306500,San Antonio Area Foundation,US
https://openalex.org/F4320323956,Universidad Nacional de San Juan,AR
https://openalex.org/F4320328228,Tempus Közalapítvány,HU
https://openalex.org/F4320307139,American Bar Foundation,US
https://openalex.org/F4320332555,Magyar Tudományos Akadémia Számítástechnikai és Automatizálási Kutatóintézet,HU
https://openalex.org/F4320312402,American Society for Bone and Mineral Research,US
https://openalex.org/F4320314283,Arthritis New Zealand,NZ
https://openalex.org/F4320309027,Tommy Fuss Fund,US
https://openalex.org/F4320307490,Wilson Foundation,US
https://openalex.org/F4320308809,American Society of Colon and Rectal Surgeons,US
https://openalex.org/F4320325664,Försvarsmakten,SE
https://openalex.org/F4320332283,"Florida Sea Grant, University of Florida",US
https://openalex.org/F4320332680,"Dr. Cyrus and Myrtle Katzen Cancer Research Center, George Washington University",US
https://openalex.org/F4320308402,American Association of Colleges of Pharmacy,US
https://openalex.org/F4320314129,Réseau québécois de recherche sur le vieillissement,CA
https://openalex.org/F4320306981,Jain Foundation,US
https://openalex.org/F4320319944,Royal Society of Canada,CA
https://openalex.org/F4320326238,Zhongshan Hospital,CN
https://openalex.org/F4320315322,Fondation Vaincre Alzheimer,FR
https://openalex.org/F4320323879,University of Miyazaki,JP
https://openalex.org/F4320306208,Agilent Foundation,US
https://openalex.org/F4320321168,Universidad ICESI,CO
https://openalex.org/F4320332672,"Diabetes Research Center, University of Washington",US
https://openalex.org/F4320309688,Finding A Cure for Epilepsy and Seizures,US
https://openalex.org/F4320329011,Department of Education and Knowledge,AE
https://openalex.org/F4320309912,Fondation Aix-Marseille Universite,FR
https://openalex.org/F4320313341,Breast Cancer Society of Canada,CA
https://openalex.org/F4320332219,Office of Special Education and Rehabilitative Services,US
https://openalex.org/F4320321376,Sangmyung University,KR
https://openalex.org/F4320319923,"Ontario Council on Graduate Studies, Council of Ontario Universities",CA
https://openalex.org/F4320307645,Myotonic Dystrophy Foundation,US
https://openalex.org/F4320326083,Regione Siciliana,IT
https://openalex.org/F4320312271,Afyon Kocatepe Üniversitesi,TR
https://openalex.org/F4320322636,Wakayama Medical University,JP
https://openalex.org/F4320306441,National Cancer Coalition,US
https://openalex.org/F4320316262,Duke-NUS Medical School,SG
https://openalex.org/F4320325523,Khorramshahr University of Marine Science and Technology,IR
https://openalex.org/F4320324774,Bengbu Medical College,CN
https://openalex.org/F4320327301,Guangxi Medical University,CN
https://openalex.org/F4320320793,Waikato Medical Research Foundation,NZ
https://openalex.org/F4320320071,British Council for Prevention of Blindness,GB
https://openalex.org/F4320325971,Anna och Edwin Bergers Stiftelse,SE
https://openalex.org/F4320324658,Angers Loire Métropole,FR
https://openalex.org/F4320312312,Schweizerische Zahnärzte-Gesellschaft,CH
https://openalex.org/F4320324158,Trakya Üniversitesi,TR
https://openalex.org/F4320320218,Marine Biological Association,GB
https://openalex.org/F4320323081,Bontius Stichting,NL
https://openalex.org/F4320338061,Institute of Aboriginal Peoples Health,CA
https://openalex.org/F4320331009,Ministerio de Educación y Formación Profesional,ES
https://openalex.org/F4320312354,Ögonfonden,SE
https://openalex.org/F4320313471,Education Endowment Foundation,GB
https://openalex.org/F4320327501,Xuzhou Medical University,CN
https://openalex.org/F4320335107,"College of Agriculture Natural Resources, University of Tehran",IR
https://openalex.org/F4320324590,Aichi Cancer Research Foundation,JP
https://openalex.org/F4320324950,Bracco Imaging,IT
https://openalex.org/F4320336823,Science Fund for Distinguished Young Scholars of Tianjin,CN
https://openalex.org/F4320314079,Multiple System Atrophy Trust,GB
https://openalex.org/F4320311597,Duquesne University,US
https://openalex.org/F4320324880,Wuxi Municipal Bureau on Science and Technology,CN
https://openalex.org/F4320326159,Cardinal Tien Hospital,TW
https://openalex.org/F4320309691,American Association of Physicists in Medicine,US
https://openalex.org/F4320331164,National Science and Technology Council,ZM
https://openalex.org/F4320308529,American Society for Pharmacology and Experimental Therapeutics,US
https://openalex.org/F4320322730,Kementerian Pendidikan,BN
https://openalex.org/F4320307842,Council for International Exchange of Scholars,US
https://openalex.org/F4320306702,Gateway for Cancer Research,US
https://openalex.org/F4320323158,Chinese Foundation for Hepatitis Prevention and Control,CN
https://openalex.org/F4320307008,McCarthy Family Foundation,US
https://openalex.org/F4320332742,Taipei Hospital,TW
https://openalex.org/F4320332373,Kennedy Space Center,US
https://openalex.org/F4320327373,Schweizerische Arbeitsgemeinschaft für Klinische Krebsforschung,CH
https://openalex.org/F4320329188,Fondazione Roma,IT
https://openalex.org/F4320311268,Petplan Charitable Trust,GB
https://openalex.org/F4320314658,National MPS Society,US
https://openalex.org/F4320324982,Mustafa Kemal Üniversitesi,TR
https://openalex.org/F4320328410,Uniwersytet Przyrodniczy w Lublinie,PL
https://openalex.org/F4320311710,University of Derby,GB
https://openalex.org/F4320326280,Qinghai University,CN
https://openalex.org/F4320336332,Modern Agricultural Technology Industry System of Shandong province,CN
https://openalex.org/F4320323211,Instituto de Pesquisa Translacional em Saúde e Ambiente na Região Amazônica,BR
https://openalex.org/F4320310265,Grand Valley State University,US
https://openalex.org/F4320324113,Fundación Salud 2000,ES
https://openalex.org/F4320324801,Koninklijk Nederlands Genootschap voor Fysiotherapie,NL
https://openalex.org/F4320324188,Allgemeine Unfallversicherungsanstalt,AT
https://openalex.org/F4320322149,Banca d'Italia,IT
https://openalex.org/F4320312323,OPO-Stiftung,CH
https://openalex.org/F4320313900,National Defense Medical College,JP
https://openalex.org/F4320306446,National Organization for Rare Disorders,US
https://openalex.org/F4320315361,Εθνικό 'Ίδρυμα Ερευνών,GR
https://openalex.org/F4320326689,Health and Family Planning Commission of Jiangxi Province,CN
https://openalex.org/F4320326325,Algemene Nederlandse Vereniging ter voorkoming van Blindheid,NL
https://openalex.org/F4320319198,Tokyo Metropolitan Government,JP
https://openalex.org/F4320323459,Universidade Nova de Lisboa,PT
https://openalex.org/F4320335169,"Pusat Penyelidikan Automotif, Universiti Kebangsaan Malaysia",MY
https://openalex.org/F4320312231,Holland Bloorview Kids Rehabilitation Hospital Foundation,CA
https://openalex.org/F4320317295,Dipartimenti di Eccellenza,IT
https://openalex.org/F4320322983,"Direction Générale de la Compétitivité, de l’Industrie et des Services",FR
https://openalex.org/F4320323330,Stiftung Tierärztliche Hochschule Hannover,DE
https://openalex.org/F4320326647,Genome Prairie,CA
https://openalex.org/F4320335211,"Biotechnology Research Center, Tabriz University of Medical Sciences",IR
https://openalex.org/F4320309100,Children's Hospital Los Angeles,US
https://openalex.org/F4320323855,Yarmouk University,JO
https://openalex.org/F4320325527,University of Social Welfare and Rehabilitation Sciences,IR
https://openalex.org/F4320311527,Astute Medical,US
https://openalex.org/F4320327739,OLVI-Säätiö,FI
https://openalex.org/F4320315079,Pfizer Health Research Foundation,JP
https://openalex.org/F4320307443,Albert J. Ryan Foundation,US
https://openalex.org/F4320322299,Jichi Medical University,JP
https://openalex.org/F4320327259,National Institute of Immunology,IN
https://openalex.org/F4320332752,Philips Oral Healthcare,US
https://openalex.org/F4320324146,Ontario Ministry of Food and Agriculture,CA
https://openalex.org/F4320322962,Sheffield Hospitals Charity,GB
https://openalex.org/F4320332463,"High Energy Physics Group, University of Mississippi",US
https://openalex.org/F4320313482,Douglas Bomford Trust,GB
https://openalex.org/F4320325846,Jawaharlal Institute Of Postgraduate Medical Education and Research,IN
https://openalex.org/F4320309722,Fondazione Città della Speranza,IT
https://openalex.org/F4320331248,Shenzhen Bay Laboratory,CN
https://openalex.org/F4320315049,Harbin Medical University Cancer Hospital,CN
https://openalex.org/F4320309501,Richard M. Schulze Family Foundation,US
https://openalex.org/F4320327398,Nanjing Science and Technology Commission,CN
https://openalex.org/F4320324576,"Kidney Foundation, Japan",JP
https://openalex.org/F4320321852,Fukuda Foundation for Medical Technology,JP
https://openalex.org/F4320312123,NHS Greater Glasgow and Clyde,GB
https://openalex.org/F4320323171,Jilin Department of Health,CN
https://openalex.org/F4320320871,European Geosciences Union,DE
https://openalex.org/F4320322042,Health Insurance Review and Assessment Service,KR
https://openalex.org/F4320332642,"College of Medicine, Drexel University",US
https://openalex.org/F4320335019,Varsinais-Suomen Rahasto,FI
https://openalex.org/F4320323198,Universidade Federal do Piauí,BR
https://openalex.org/F4320335071,National Bureau of Agriculturally Important Microorganisms,IN
https://openalex.org/F4320324386,Instituto Nacional de Ciência e Tecnologia de Ciência Animal,BR
https://openalex.org/F4320313573,Beijing Outstanding Young Talents,CN
https://openalex.org/F4320321639,"Consejería de Educación, Universidades y Sostenibilidad, Gobierno de Canarias",ES
https://openalex.org/F4320316428,Psychiatry Research Trust,GB
https://openalex.org/F4320314312,Brain Aneurysm Foundation,US
https://openalex.org/F4320324839,Njurfonden,SE
https://openalex.org/F4320332726,"Center for Clinical and Translational Science, Ohio State University",US
https://openalex.org/F4320334786,"Division of Health Sciences, University of Otago",NZ
https://openalex.org/F4320335147,"Faculty of Tropical Medicine, Mahidol University",TH
https://openalex.org/F4320329172,BC Cancer Foundation,CA
https://openalex.org/F4320325119,Ernst und Berta Grimmke Stiftung,DE
https://openalex.org/F4320336384,Inserm Transfert,FR
https://openalex.org/F4320308591,Cerebral Palsy International Research Foundation,US
https://openalex.org/F4320310924,Universidad Autónoma de Querétaro,MX
https://openalex.org/F4320322297,Jiangsu Development and Reform Commission,CN
https://openalex.org/F4320327260,M.P. Council of Science and Technology,IN
https://openalex.org/F4320306769,Mesothelioma Applied Research Foundation,US
https://openalex.org/F4320324617,Instituto Nacional de Perinatología,MX
https://openalex.org/F4320322450,Osaka Kidney Foundation,JP
https://openalex.org/F4320308732,Wyoming Space Grant Consortium,US
https://openalex.org/F4320329887,Guangzhou Regenerative Medicine and Health Guangdong Laboratory,CN
https://openalex.org/F4320335026,Pohjois-Savon Rahasto,FI
https://openalex.org/F4320330231,Diputación Foral de Gipuzkoa,ES
https://openalex.org/F4320310913,"Department of Agriculture, Nova Scotia",CA
https://openalex.org/F4320338471,Science Fund for Distinguished Young Scholars of Zhejiang Province,CN
https://openalex.org/F4320307825,Cargill,US
https://openalex.org/F4320321218,Eulji University,KR
https://openalex.org/F4320321097,Kela,FI
https://openalex.org/F4320308814,"Center for Alternatives to Animal Testing, Johns Hopkins Bloomberg School of Public Health",US
https://openalex.org/F4320324409,Lægeforeningen,DK
https://openalex.org/F4320327944,Universidad Tecnológica de Pereira,CO
https://openalex.org/F4320320100,Royal College of Radiologists,GB
https://openalex.org/F4320328550,National Institute of Animal Science,KR
https://openalex.org/F4320333627,"Irving Medical Center, Columbia University",US
https://openalex.org/F4320314078,Psoriasis Association,GB
https://openalex.org/F4320310527,Parkinsonforeningen,DK
https://openalex.org/F4320321902,Ghana Education Trust Fund,GH
https://openalex.org/F4320326580,Universidad Nacional de San Martín,AR
https://openalex.org/F4320310625,Leeds Beckett University,GB
https://openalex.org/F4320324967,Department of Health of Hebei Province,CN
https://openalex.org/F4320322027,Korea International Cooperation Agency,KR
https://openalex.org/F4320307325,Kidney Foundation of Central Pennsylvania,US
https://openalex.org/F4320325474,University of Peradeniya,LK
https://openalex.org/F4320335122,"Faculty of Science, Cairo University",EG
https://openalex.org/F4320308049,State of New Jersey Commission on Science and Technology,US
https://openalex.org/F4320308786,Pediatric Infectious Diseases Society,US
https://openalex.org/F4320310619,Burnet Institute,AU
https://openalex.org/F4320334878,National Institute of Food and Drug Safety Evaluation,KR
https://openalex.org/F4320324384,Instituto Nacional de Ciência e Tecnologia em Nanomateriais de Carbono,BR
https://openalex.org/F4320325355,University of the Ryukyus,JP
https://openalex.org/F4320322458,Pamukkale Üniversitesi,TR
https://openalex.org/F4320311168,Canadian Health Services Research Foundation,CA
https://openalex.org/F4320328107,Fu Jen Catholic University,TW
https://openalex.org/F4320328686,"Istituto Nazionale Tumori IRCCS ""Fondazione G. Pascale""",IT
https://openalex.org/F4320314220,Institute of Translational Health Sciences,US
https://openalex.org/F4320307030,National Organization for Hearing Research Foundation,US
https://openalex.org/F4320314103,Canada's Michael Smith Genome Sciences Centre,CA
https://openalex.org/F4320311366,Jacques und Gloria Gossweiler-Stiftung,CH
https://openalex.org/F4320319940,WorkSafeBC,CA
https://openalex.org/F4320332987,"Clinical and Translational Science Institute, University of Pittsburgh",US
https://openalex.org/F4320307723,Spine Education and Research Institute,US
https://openalex.org/F4320337413,Office of Public Health Preparedness and Response,US
https://openalex.org/F4320314514,Orthopaedic Trauma Association,US
https://openalex.org/F4320327078,Taizhou Municipal Science and Technology Bureau,CN
https://openalex.org/F4320324895,Jeju National University Hospital,KR
https://openalex.org/F4320319964,Muscular Dystrophy Canada,CA
https://openalex.org/F4320333578,Office of the Under Secretary of Defense,US
https://openalex.org/F4320335560,Health and Family Planning Commission of Shandong Province,CN
https://openalex.org/F4320311218,Solve ME/CFS Initiative,US
https://openalex.org/F4320313841,Guangdong Provincial Hospital of Traditional Chinese Medicine,CN
https://openalex.org/F4320338396,Dystonia Coalition,US
https://openalex.org/F4320325043,Elsass Fonden,DK
https://openalex.org/F4320324366,Svend Andersen Fonden,DK
https://openalex.org/F4320321909,Gout Research Foundation of Japan,JP
https://openalex.org/F4320321260,Korea University of Technology and Education,KR
https://openalex.org/F4320334918,Warwick Medical School,GB
https://openalex.org/F4320335166,Agencia Antidroga de la Comunidad de Madrid,ES
https://openalex.org/F4320308700,Iowa Space Grant Consortium,US
https://openalex.org/F4320323686,Deutsche Gesellschaft für Urologie,DE
https://openalex.org/F4320323777,Association for Progressive Communications,ZA
https://openalex.org/F4320327590,Kansai Medical University,JP
https://openalex.org/F4320325339,Deutsche Sporthochschule Köln,DE
https://openalex.org/F4320336089,Wenzhou Institute of Biomaterials and Engineering,CN
https://openalex.org/F4320320813,Education New Zealand,NZ
https://openalex.org/F4320319898,Danone Institute of Canada,CA
https://openalex.org/F4320324285,UniBern Forschungsstiftung,CH
https://openalex.org/F4320338243,JST-Mirai Program,JP
https://openalex.org/F4320313942,"Ministère de l'Education Nationale, de la Formation professionnelle, de l'Enseignement Supérieur et de la Recherche Scientifique",MA
https://openalex.org/F4320314632,M.S.I. Foundation,CA
https://openalex.org/F4320338390,"U.S. Army Natick Soldier Research, Development and Engineering Center",US
https://openalex.org/F4320311505,"School of Veterinary Medicine, University of California, Davis",US
https://openalex.org/F4320310109,Central Taiwan University of Science and Technology,TW
https://openalex.org/F4320313797,Royal Melbourne Hospital,AU
https://openalex.org/F4320332562,Miami Center for AIDS Research,US
https://openalex.org/F4320310103,American Glaucoma Society,US
https://openalex.org/F4320308709,Nebraska Space Grant Consortium,US
https://openalex.org/F4320314228,Ministère de la Santé et des Services sociaux,CA
https://openalex.org/F4320322974,Fondation CHU de Québec,CA
https://openalex.org/F4320323901,Bundesministerium der Verteidigung,DE
https://openalex.org/F4320324513,Hallym University Medical Center,KR
https://openalex.org/F4320306407,National Multiple Sclerosis Society Lone Star,US
https://openalex.org/F4320313221,Kwansei Gakuin University,JP
https://openalex.org/F4320324408,National Institute of Agrobiological Sciences,JP
https://openalex.org/F4320325080,Radiumhospitalets Forskningsstifltelse,NO
https://openalex.org/F4320315747,Amicus Therapeutics,US
https://openalex.org/F4320321796,National Insurance Institute of Israel,IL
https://openalex.org/F4320327650,Ditmanson Medical Foundation Chia-Yi Christian Hospital,TW
https://openalex.org/F4320323588,Celal Bayar Üniversitesi,TR
https://openalex.org/F4320333771,Royal Veterinary College,GB
https://openalex.org/F4320306284,Cleveland Foundation,US
https://openalex.org/F4320313298,Austin Medical Research Foundation,AU
https://openalex.org/F4320322194,Hungkuang University,CN
https://openalex.org/F4320337599,"Center for AIDS Research, University of California, San Diego",US
https://openalex.org/F4320323164,Österreichische Austauschdienst,AT
https://openalex.org/F4320332468,"South Carolina Research Foundation, University of South Carolina",US
https://openalex.org/F4320317112,Yokohama City University,JP
https://openalex.org/F4320335167,"Oficina Regional de Coordinación de Salud Mental, Comunidad de Madrid",ES
https://openalex.org/F4320310635,"Přírodovědecká Fakulta, Univerzita Karlova",CZ
https://openalex.org/F4320325011,Physiotherapy Research Foundation,AU
https://openalex.org/F4320327831,Science and Technology Innovation as a Whole Plan Projects of Shaanxi Province,CN
https://openalex.org/F4320309906,Alberta Cancer Board,CA
https://openalex.org/F4320311943,Field Neurosciences Institute,US
https://openalex.org/F4320310680,"Center for Clinical and Translational Science, University of Cincinnati",US
https://openalex.org/F4320311380,"School of Veterinary Science, Shiraz University",IR
https://openalex.org/F4320335693,Jiangsu Key Laboratory for the Research and Utilization of Plant Resources,CN
https://openalex.org/F4320329833,Basic Scientific Fund for National Public Research Institutes of China,CN
https://openalex.org/F4320311372,Oxalosis and Hyperoxaluria Foundation,US
https://openalex.org/F4320334915,Instytut Biologii Medycznej Polskiej Akademii Nauk,PL
https://openalex.org/F4320333637,"Leonard M. Miller School of Medicine, University of Miami",US
https://openalex.org/F4320314778,University of Texas Rio Grande Valley,US
https://openalex.org/F4320320475,Australian Diabetes Society,AU
https://openalex.org/F4320323465,National Brain Research Centre,IN
https://openalex.org/F4320307514,American Association of Anatomists,US
https://openalex.org/F4320314183,Research Organization of Information and Systems,JP
https://openalex.org/F4320335244,"Shiraz Institute for Cancer Research, Shiraz University of Medical Sciences",IR
https://openalex.org/F4320322786,Fondazione Antonio Carlo Monzino,IT
https://openalex.org/F4320322913,Mochida Pharmaceutical Company,JP
https://openalex.org/F4320311396,Arabian Gulf University,BH
https://openalex.org/F4320309050,AIDS Clinical Trials Group,US
https://openalex.org/F4320337174,"Deanship of Scientific Research, University of Jordan",JO
https://openalex.org/F4320309403,Ikaria,US
https://openalex.org/F4320314760,Workplace Safety and Insurance Board,CA
https://openalex.org/F4320306400,Kessler Foundation,US
https://openalex.org/F4320322828,"Ministry of National Defense, People's Republic of China",CN
https://openalex.org/F4320326802,Atomic Energy Commission of Syria,SY
https://openalex.org/F4320327946,Université Côte d’Azur,FR
https://openalex.org/F4320323980,"Ministerio de Industria, Energía y Turismo",ES
https://openalex.org/F4320310817,International Society for Heart and Lung Transplantation,US
https://openalex.org/F4320311537,Scottish Environment Protection Agency,GB
https://openalex.org/F4320324864,Fondazione Internazionale Menarini,IT
https://openalex.org/F4320331560,"Institut National de Recherche pour l'Agriculture, l'Alimentation et l'Environnement",FR
https://openalex.org/F4320332519,Arthrex GmbH,DE
https://openalex.org/F4320335117,"College of Graduate Studies, Kuwait University",KW
https://openalex.org/F4320308323,Women's Health Initiative,US
https://openalex.org/F4320309523,Peter Michael Foundation,US
https://openalex.org/F4320322719,Ethiopian Institute of Agricultural Research,ET
https://openalex.org/F4320326629,Zorginstituut Nederland,NL
https://openalex.org/F4320328434,Hubei University of Medicine,CN
https://openalex.org/F4320335457,Ústav organické chemie a biochemie Akademie věd České republiky,CZ
https://openalex.org/F4320312409,Comic Relief,GB
https://openalex.org/F4320325711,Saitama Medical University,JP
https://openalex.org/F4320321531,Chienkuo Technology University,TW
https://openalex.org/F4320309665,"School of Medicine, Wayne State University",US
https://openalex.org/F4320308619,Thoracic Surgery Foundation for Research and Education,US
https://openalex.org/F4320323507,"Christian Medical College, Vellore",IN
https://openalex.org/F4320332714,Canadian Nuclear Safety Commission,CA
https://openalex.org/F4320333322,University of Michigan Center for Gastrointestinal Research,US
https://openalex.org/F4320327967,Medela,CH
https://openalex.org/F4320327238,Dirección General de Tráfico,ES
https://openalex.org/F4320312437,American Society of Transplant Surgeons,US
https://openalex.org/F4320323093,NED University of Engineering and Technology,PK
https://openalex.org/F4320315473,Institute of Science and Technology Austria,AT
https://openalex.org/F4320320028,Tuberous Sclerosis Association,GB
https://openalex.org/F4320326110,Oda og Hans Svenningsens Fond,DK
https://openalex.org/F4320325036,Universitat Ramon Llull,ES
https://openalex.org/F4320306129,U.S. Department of Labor,US
https://openalex.org/F4320310939,Integra LifeSciences,US
https://openalex.org/F4320312292,Norske Legeforening,NO
https://openalex.org/F4320308569,Clay Mathematics Institute,GB
https://openalex.org/F4320337647,UCSF Foundation,US
https://openalex.org/F4320308941,Academy of Nutrition and Dietetics Foundation,US
https://openalex.org/F4320322057,National Rehabilitation Center,KR
https://openalex.org/F4320328828,"Department of Industry, Science, Energy and Resources, Australian Government",AU
https://openalex.org/F4320313977,École de technologie supérieure,CA
https://openalex.org/F4320326626,Yüzüncü Yil Üniversitesi,TR
https://openalex.org/F4320306427,Merck Institute for Science Education,US
https://openalex.org/F4320309534,Tennessee Wildlife Resources Agency,US
https://openalex.org/F4320312957,Macular Society,GB
https://openalex.org/F4320323913,"Fakultu Agrobiologie, Potravinových a Prírodních Zdrojů, Česká Zemědělská Univerzita v Praze",CZ
https://openalex.org/F4320335219,"Medizinische Fakultät, Ruhr-Universität Bochum",DE
https://openalex.org/F4320313617,Friends of FSH Research,US
https://openalex.org/F4320323018,Høgskolen i Hedmark,NO
https://openalex.org/F4320333054,Asahi Group Foundation,JP
https://openalex.org/F4320310372,"Department of Zoology, University of Otago",NZ
https://openalex.org/F4320309108,"Northwestern Division, U.S. Army Corps of Engineers",US
https://openalex.org/F4320324911,MQ: Transforming Mental Health,GB
https://openalex.org/F4320324872,Eesti Maaülikool,EE
https://openalex.org/F4320335208,"Fakulta Životního Prostředí, Česká Zemědělská Univerzita v Praze",CZ
https://openalex.org/F4320310228,Glaucoma Research Society of Canada,CA
https://openalex.org/F4320327156,University Grants Commission - Sri Lanka,LK
https://openalex.org/F4320318372,Korea Disease Control and Prevention Agency,KR
https://openalex.org/F4320323332,Universidad Católica de la Santísima Concepción,CL
https://openalex.org/F4320324566,Uludağ Üniversitesi,TR
https://openalex.org/F4320323231,Recep Tayyip Erdogan Üniversitesi,TR
https://openalex.org/F4320335220,"Faculty of Graduate Studies and Research, University of Alberta",CA
https://openalex.org/F4320309694,AtriCure,US
https://openalex.org/F4320320079,British Society for Haematology,GB
https://openalex.org/F4320306452,NFL Charities,US
https://openalex.org/F4320306738,International Waldenstrom's Macroglobulinemia Foundation,US
https://openalex.org/F4320324016,University of Aizu,JP
https://openalex.org/F4320312421,Edinburgh and Lothians Health Foundation,GB
https://openalex.org/F4320324753,Associazione Bianca Garavaglia,IT
https://openalex.org/F4320308726,Vermont Space Grant Consortium,US
https://openalex.org/F4320332567,"Biodesign Institute, Arizona State University",US
https://openalex.org/F4320306184,Meadows Foundation,US
https://openalex.org/F4320320401,State Health Research Advisory Council,AU
https://openalex.org/F4320313733,Clifford Craig Foundation,AU
https://openalex.org/F4320323597,"Ministère des Affaires Sociales, de la Santé et des Droits des Femmes",FR
https://openalex.org/F4320326160,Charotar University of Science and Technology,IN
https://openalex.org/F4320322003,Ministry of Justice,KR
https://openalex.org/F4320335261,"College of Medicine, National Taiwan University",TW
https://openalex.org/F4320316264,Freistaat Thüringen,DE
https://openalex.org/F4320324343,Achmea,NL
https://openalex.org/F4320313513,Texas Biomedical Research Institute,US
https://openalex.org/F4320324795,Inner Mongolia University for Nationalities,CN
https://openalex.org/F4320309708,SPIE,GB
https://openalex.org/F4320334734,Great Ormond Street Institute of Child Health,GB
https://openalex.org/F4320335188,National Center of Excellence for Clinical Trial and Research,TW
https://openalex.org/F4320320365,European External Action Service,BE
https://openalex.org/F4320324126,Fondation L’Oréal,FR
https://openalex.org/F4320336313,Shengjing Hospital,CN
https://openalex.org/F4320312894,Mach-Gaensslen Foundation of Canada,CA
https://openalex.org/F4320323363,Genesis Pharma,GR
https://openalex.org/F4320323006,Danske Fysioterapeuter,DK
https://openalex.org/F4320324697,Agenzia di Ricerca per la Sclerosi Laterale Amiotrofica,IT
https://openalex.org/F4320327873,Stiftelsen Norsk Luftambulanse,NO
https://openalex.org/F4320323971,"Office of the Chief Scientist, Ministry of Health",IL
https://openalex.org/F4320330328,Ajman University,AE
https://openalex.org/F4320328667,Mackay Medical College,TW
https://openalex.org/F4320320416,Australian Egg Corporation Limited,AU
https://openalex.org/F4320320466,Gallipoli Medical Research Foundation,AU
https://openalex.org/F4320327509,Chinese Academy of Inspection and Quarantine,CN
https://openalex.org/F4320306167,Coleman Foundation,US
https://openalex.org/F4320337465,Office of Disease Prevention,US
https://openalex.org/F4320317037,Universidad de Guadalajara,MX
https://openalex.org/F4320328638,China International Medical Foundation,CN
https://openalex.org/F4320333634,"Anschutz Medical Campus, University of Colorado",US
https://openalex.org/F4320335285,"College of Medicine and Health Sciences, University of Gondar",ET
https://openalex.org/F4320313443,National Jewish Health,US
https://openalex.org/F4320308856,"Susan G. Komen for the Cure, Komen Wyoming Affiliate",US
https://openalex.org/F4320306814,Rose Foundation for Communities and the Environment,US
https://openalex.org/F4320323239,Fundación IMSS,MX
https://openalex.org/F4320307208,Child Health Foundation,US
https://openalex.org/F4320312328,Diabetes-Stiftung,DE
https://openalex.org/F4320310196,Comisión México-Estados Unidos para el Intercambio Educativo y Cultural,MX
https://openalex.org/F4320322187,Hubei Provincial Population and Family Planning Commission,CN
https://openalex.org/F4320310951,Heart Research Australia,AU
https://openalex.org/F4320324198,Fondazione Ricerca Molinette,IT
https://openalex.org/F4320330087,Maurice Wilkins Centre for Molecular Biodiscovery,NZ
https://openalex.org/F4320316431,University of Toyama,JP
https://openalex.org/F4320318242,Univerzita Hradec Králové,CZ
https://openalex.org/F4320335165,"Department of Electrical Engineering, Chulalongkorn University",TH
https://openalex.org/F4320334780,Service Delivery and Organisation Programme,GB
https://openalex.org/F4320310622,"School of Medicine, Case Western Reserve University",US
https://openalex.org/F4320312932,Children's Cancer and Leukaemia Group,GB
https://openalex.org/F4320307463,Southeastern Brain Tumor Foundation,US
https://openalex.org/F4320332895,National Academy of Medicine,US
https://openalex.org/F4320324748,National Centre for Advanced Studies in Humanities and Social Sciences,LK
https://openalex.org/F4320309447,Leonard Wood Institute,US
https://openalex.org/F4320310043,Beaumont Health System,US
https://openalex.org/F4320315123,General Medical Council,GB
https://openalex.org/F4320326407,Universidad de Sonora,MX
https://openalex.org/F4320309967,Fundación Canaria de Investigación y Salud,ES
https://openalex.org/F4320332580,Texas A and M University-Corpus Christi,US
https://openalex.org/F4320336142,Second Affiliated Hospital of Soochow University,CN
https://openalex.org/F4320306575,BlueCross BlueShield of South Carolina Foundation,US
https://openalex.org/F4320315566,Japan Racing Association,JP
https://openalex.org/F4320314957,Elton John AIDS Foundation,US
https://openalex.org/F4320329015,Canadian Institute for Military and Veteran Health Research,CA
https://openalex.org/F4320330110,University Hospital Foundation,CA
https://openalex.org/F4320334863,"Consumers, Health and Food Executive Agency",LU
https://openalex.org/F4320308754,Five Colleges,US
https://openalex.org/F4320331088,Natural Science Foundation for Young Scientists of Shanxi Province,CN
https://openalex.org/F4320323862,Eva og Henry Frænkels Mindefond,DK
https://openalex.org/F4320320234,Royal Society of Tropical Medicine and Hygiene,GB
https://openalex.org/F4320334653,"Jesus College, University of Cambridge",GB
https://openalex.org/F4320321273,Kyungsung University,KR
https://openalex.org/F4320322201,I-Shou University,TW
https://openalex.org/F4320332709,President's Council of Cornell Women,US
https://openalex.org/F4320330034,Universidad de La Rioja,ES
https://openalex.org/F4320335922,"Northeast Institute of Geography and Agroecology, Chinese Academy of Sciences",CN
https://openalex.org/F4320337868,"University of Colorado School of Medicine, Anschutz Medical Campus",US
https://openalex.org/F4320310521,American Hospital Association,US
https://openalex.org/F4320329807,Ministry of Health of the Russian Federation,RU
https://openalex.org/F4320308736,Eye Bank Association of America,US
https://openalex.org/F4320309002,ARVO Foundation for Eye Research,US
https://openalex.org/F4320324596,Netherlands Institute of Government,NL
https://openalex.org/F4320314540,Canadian Orthopaedic Foundation,CA
https://openalex.org/F4320329143,Stiftung der Deutschen Wirtschaft,DE
https://openalex.org/F4320321579,Ministerio de Salud y Protección Social,CO
https://openalex.org/F4320316497,Insamlingsstiftelsen Cancer- och Allergifonden,SE
https://openalex.org/F4320312822,University of Alabama in Huntsville,US
https://openalex.org/F4320329739,Werner Otto Stiftung,DE
https://openalex.org/F4320307125,Warren Alpert Foundation,US
https://openalex.org/F4320325917,Hospital Infantil de México Federico Gómez,MX
https://openalex.org/F4320311484,Eastern Health Foundation,AU
https://openalex.org/F4320312393,Hope For Vision,US
https://openalex.org/F4320311809,Lasten Syöpäsäätiö Väreen,FI
https://openalex.org/F4320325160,Kurt und Senta Herrmann Stiftung,LI
https://openalex.org/F4320325806,Stichting Vrienden van het Sophia,NL
https://openalex.org/F4320308553,Society of Toxicology,US
https://openalex.org/F4320324170,Rikkyo University,JP
https://openalex.org/F4320329417,Universidade Federal de Mato Grosso do Sul,BR
https://openalex.org/F4320334731,Caring for our Country,AU
https://openalex.org/F4320312193,University of Toledo Foundation,US
https://openalex.org/F4320328731,Lingnan Normal University,CN
https://openalex.org/F4320329806,Uniwersytet Przyrodniczy we Wroclawiu,PL
https://openalex.org/F4320332825,"Institute for Translational Sciences, University of Texas Medical Branch",US
https://openalex.org/F4320310629,"School of Medicine, Southern Illinois University",US
https://openalex.org/F4320323049,Baskent Üniversitesi,TR
https://openalex.org/F4320325412,Shanghai Chest Hospital,CN
https://openalex.org/F4320328062,MorphoSys,DE
https://openalex.org/F4320334698,Directorate-General for Justice,
https://openalex.org/F4320321293,Seoul National University of Education,KR
https://openalex.org/F4320307159,American Otological Society,US
https://openalex.org/F4320309178,Michigan Department of Mental Health,US
https://openalex.org/F4320314457,Ohio State University Comprehensive Cancer Center – Arthur G. James Cancer Hospital and Richard J. Solove Research Institute,US
https://openalex.org/F4320335949,Science Research Foundation of Yunnan Education Bureau,CN
https://openalex.org/F4320316382,EMBL Australia,AU
https://openalex.org/F4320315029,ACADIA Pharmaceuticals,US
https://openalex.org/F4320335050,"Center of Excellence for Environmental Medicine, Kaohsiung Medical University",TW
https://openalex.org/F4320311965,University of Chester,GB
https://openalex.org/F4320313983,Foro Italico University of Rome,IT
https://openalex.org/F4320315343,American Headache Society,US
https://openalex.org/F4320323781,Bioforsk,NO
https://openalex.org/F4320325712,National Marine Biodiversity Institute of Korea,KR
https://openalex.org/F4320328734,Ministerstvo Obrany České Republiky,CZ
https://openalex.org/F4320310784,"Dookie Campus, University of Melbourne",AU
https://openalex.org/F4320326299,Bingöl Üniversitesi,TR
https://openalex.org/F4320311005,Medical University Sofia,BG
https://openalex.org/F4320330071,Instituto Nacional de Ciência e Tecnologia de Fluidos Complexos,BR
https://openalex.org/F4320332571,"College of Medicine Office of Research, Ohio State University",US
https://openalex.org/F4320312659,Northern Ontario Academic Medicine Association,CA
https://openalex.org/F4320328135,I.M. Sechenov First Moscow State Medical University,RU
https://openalex.org/F4320313847,Toho University,JP
https://openalex.org/F4320322058,Seoul National Hospital,KR
https://openalex.org/F4320323541,Children’s Cancer Foundation,HK
https://openalex.org/F4320322287,Japanese Association of Dialysis Physicians,JP
https://openalex.org/F4320307313,Interstitial Cystitis Association,US
https://openalex.org/F4320321581,Coloplast,DK
https://openalex.org/F4320334810,"Centro de Investigación Médica Aplicada, Universidad de Navarra",ES
https://openalex.org/F4320308474,Arizona Cancer Center,US
https://openalex.org/F4320331467,"Agencia Nacional de Promoción de la Investigación, el Desarrollo Tecnológico y la Innovación",AR
https://openalex.org/F4320311680,Society for Developmental Biology,US
https://openalex.org/F4320332573,Centre for Engineering Research and Development,IN
https://openalex.org/F4320307982,Honeywell Hometown Solutions,US
https://openalex.org/F4320323440,University System of Taiwan,TW
https://openalex.org/F4320330009,Servicio Andaluz de Salud,ES
https://openalex.org/F4320307937,LifeScan,US
https://openalex.org/F4320313706,Qilu Hospital of Shandong University,CN
https://openalex.org/F4320324533,Gambling Research Exchange Ontario,CA
https://openalex.org/F4320308375,American College of Clinical Pharmacy Research Institute,US
https://openalex.org/F4320325189,Fonds Alice et David van Buuren,BE
https://openalex.org/F4320308620,King Pharmaceuticals,US
https://openalex.org/F4320322657,Daewoong Pharmaceutical Company,KR
https://openalex.org/F4320334931,"Consejo de Desarrollo Científico, Humanístico y Tecnológico, Universidad del Zulia",VE
https://openalex.org/F4320321875,Fresenius Biotech,DE
https://openalex.org/F4320309686,Yeshiva University,US
https://openalex.org/F4320328812,Universidad Católica de Valencia San Vicente Màrtir,ES
https://openalex.org/F4320326231,Sykehuset Østfold,NO
https://openalex.org/F4320326169,Huzhou Municipal Science and Technology Bureau,CN
https://openalex.org/F4320329157,Università ta' Malta,MT
https://openalex.org/F4320310790,St. Louis American Parkinson Disease Association,US
https://openalex.org/F4320321777,Freemasons New Zealand,NZ
https://openalex.org/F4320323672,Fördergemeinschaft Kinderkrebs-Zentrum Hamburg,DE
https://openalex.org/F4320325243,Medizinische Abteilung der Margarete und Walter Lichtenstein-Stiftung,CH
https://openalex.org/F4320323341,Faculdade de Medicina da Universidade de São Paulo,BR
https://openalex.org/F4320312368,Associazione Angela Serra per la Ricerca sul Cancro,IT
https://openalex.org/F4320329803,LG Electronics,KR
https://openalex.org/F4320306602,American Orthopaedic Foot and Ankle Society,US
https://openalex.org/F4320312084,Mauna Kea Technologies,US
https://openalex.org/F4320330066,Sirtex Medical,AU
https://openalex.org/F4320332818,Audrey and Theodor Geisel School of Medicine at Dartmouth,US
https://openalex.org/F4320324862,Suomen Anestesiologiyhdistys,FI
https://openalex.org/F4320331496,Oncode Institute,NL
https://openalex.org/F4320306610,AO North America,US
https://openalex.org/F4320324065,Japanese Urological Association,JP
https://openalex.org/F4320335909,State Education Development Agency Republic of Latvia,LV
https://openalex.org/F4320308202,Department of Health Care Services,US
https://openalex.org/F4320308916,Society of Surgical Oncology,US
https://openalex.org/F4320320562,Australian Orthopaedic Association,AU
https://openalex.org/F4320327505,Jinling Institute of Technology,CN
https://openalex.org/F4320334751,New Zealand Aid Programme,NZ
https://openalex.org/F4320336996,NIHR Nottingham Biomedical Research Centre,GB
https://openalex.org/F4320325749,Istituto Oncologico Veneto,IT
https://openalex.org/F4320326318,"Vignan's Foundation for Science, Technology and Research",IN
https://openalex.org/F4320332277,"Woods Hole Sea Grant, Woods Hole Oceanographic Institution",US
https://openalex.org/F4320324630,"Universitatea de Medicină şi Farmacie ""Carol Davila"" Bucureşti",RO
https://openalex.org/F4320310788,Clem Jones Foundation,AU
https://openalex.org/F4320313952,Thompson Rivers University,CA
https://openalex.org/F4320308531,Oncology Nursing Society Foundation,US
https://openalex.org/F4320321922,Guangxi Zhuang Region Health Department,CN
https://openalex.org/F4320325428,Zaozhuang University,CN
https://openalex.org/F4320329122,Bahçeşehir Üniversitesi,TR
https://openalex.org/F4320336588,Fujian Provincial Health Technology Project,CN
https://openalex.org/F4320320329,British Telecommunications,GB
https://openalex.org/F4320312557,Canadian Rheumatology Association,CA
https://openalex.org/F4320334862,"Faculty of Medicine and Health, University of Leeds",GB
https://openalex.org/F4320334823,"Dahlem Centre of Plant Sciences, Freie Universität Berlin",DE
https://openalex.org/F4320325071,Japan Society of Ultrasonics in Medicine,JP
https://openalex.org/F4320332763,"College of Liberal Arts and Sciences, University of Connecticut",US
https://openalex.org/F4320313708,Canadian Centre for Applied Research in Cancer Control,CA
https://openalex.org/F4320321918,Green Lane Research and Educational Fund,NZ
https://openalex.org/F4320335573,Joint Fund of Research utilizing Large-scale Scientific Facilities,CN
https://openalex.org/F4320316992,Tromsø Forskningsstiftelse,NO
https://openalex.org/F4320324817,Fondation Centaure,FR
https://openalex.org/F4320337091,Norwegian Institute of Public Health,NO
https://openalex.org/F4320313970,Universidad Francisco de Vitoria,ES
https://openalex.org/F4320319959,Canadian Foundation for Dietetic Research,CA
https://openalex.org/F4320329572,Ambo University,ET
https://openalex.org/F4320324675,Agencia Española de Medicamentos y Productos Sanitarios,ES
https://openalex.org/F4320325733,Sveučilište Josipa Jurja Strossmayera u Osijeku,HR
https://openalex.org/F4320328750,Wannan Medical College,CN
https://openalex.org/F4320308995,Association for Academic Surgery,US
https://openalex.org/F4320313816,NorthShore University HealthSystem,US
https://openalex.org/F4320323150,AAIR Charity,GB
https://openalex.org/F4320308055,State of New Jersey Department of Education,US
https://openalex.org/F4320307869,European Association for Cancer Research,GB
https://openalex.org/F4320313499,Georgetown-Howard Universities Center for Clinical and Translational Science,US
https://openalex.org/F4320322493,Ministry of Railways,CN
https://openalex.org/F4320325768,Istituto Auxologico Italiano,IT
https://openalex.org/F4320328787,Kaohsiung Armed Forces General Hospital,TW
https://openalex.org/F4320336705,Birmingham Biomedical Research Centre,GB
https://openalex.org/F4320322914,"Instytut Medycyny Doswiadczalnej i Klinicznej im. M. Mossakowskiego, Polskiej Akademii Nauk",PL
https://openalex.org/F4320332671,"Department of Internal Medicine, University of Nebraska Medical Center",US
https://openalex.org/F4320315545,Niigata University of Health and Welfare,JP
https://openalex.org/F4320322642,Universidad de Valparaíso,CL
https://openalex.org/F4320314627,"International Society of Arthroscopy, Knee Surgery and Orthopaedic Sports Medicine",US
https://openalex.org/F4320316127,Chinese Nutrition Society,CN
https://openalex.org/F4320318017,"Inselspital, Universitätsspital Bern",CH
https://openalex.org/F4320338086,"Pusat Penyelidikan dan Inovasi, Universiti Malaysia Sabah",MY
https://openalex.org/F4320308607,NC Triangle affiliate of Susan G. Komen for the Cure,US
https://openalex.org/F4320317028,Yamagata University,JP
https://openalex.org/F4320311308,University of Nebraska Omaha,US
https://openalex.org/F4320310519,National Foundation for Medical Research and Innovation,AU
https://openalex.org/F4320335103,"Shiraz Transplant Research Center, Shiraz University of Medical Sciences",IR
https://openalex.org/F4320313378,Carle Foundation Hospital,US
https://openalex.org/F4320335017,Arbejdstilsynet,DK
https://openalex.org/F4320312555,Smith College,US
https://openalex.org/F4320324878,Buddhist Compassion Relief Tzu Chi Foundation,TW
https://openalex.org/F4320317029,Yamaguchi University,JP
https://openalex.org/F4320325760,Oogfonds,NL
https://openalex.org/F4320324332,Kobe Gakuin University,JP
https://openalex.org/F4320320872,"Research Center for Social and Cultural Studies in Gotha, University of Erfurt",DE
https://openalex.org/F4320307719,Society of the Friendly Sons of St. Patrick for the Relief of Emigrants from Ireland,US
https://openalex.org/F4320321347,University of Suwon,KR
https://openalex.org/F4320332559,"Lékařská Fakulta v Plzni, Univerzita Karlova",CZ
https://openalex.org/F4320306269,California Wellness Foundation,US
https://openalex.org/F4320306977,Israel Cancer Association USA,US
https://openalex.org/F4320336572,Shenzhen Key Laboratory Fund,CN
https://openalex.org/F4320307216,Coalition for Pulmonary Fibrosis,US
https://openalex.org/F4320327801,Shanghai General Hospital,CN
https://openalex.org/F4320332758,Smith and Nephew Orthopaedics,GB
https://openalex.org/F4320316180,Peanut Institute,US
https://openalex.org/F4320331688,National Institute for Health Research Southampton Biomedical Research Centre,GB
https://openalex.org/F4320321715,"Eidgenössischen Departement für Wirtschaft, Bildung und Forschung",CH
https://openalex.org/F4320334797,"Centro universitario di ricerca e formazione per lo sviluppo competitivo delle imprese del settore vitivinicolo italiano, Università degli Studi di Firenze",IT
https://openalex.org/F4320312093,"Texas Institute for Brain Injury and Repair, University of Texas Southwestern Medical Center",US
https://openalex.org/F4320325019,Amis de l'Institut Bordet,BE
https://openalex.org/F4320313710,Menzies School of Health Research,AU
https://openalex.org/F4320332449,"Office of Research and Creative Activities, Brigham Young University",US
https://openalex.org/F4320332734,"College of Veterinary Medicine, Ohio State University",US
https://openalex.org/F4320309834,Canadian Anesthesia Research Foundation,CA
https://openalex.org/F4320329389,Korean Association for the Study of the Liver,KR
https://openalex.org/F4320316353,Università degli Studi di Foggia,IT
https://openalex.org/F4320327956,Instituto Nacional de Medicina Genómica,MX
https://openalex.org/F4320322022,National Assembly,KR
https://openalex.org/F4320326640,Centre hospitalier universitaire Sainte-Justine,CA
https://openalex.org/F4320317312,Graduate Innovative Special Fund Projects of Jiangxi Province,CN
https://openalex.org/F4320321391,Nordisk komité for jordbruks- og matforskning,NO
https://openalex.org/F4320323133,Japanese Physical Therapy Association,JP
https://openalex.org/F4320329579,Université de Reims Champagne-Ardenne,FR
https://openalex.org/F4320316275,Nederlandse Cystic Fibrosis Stichting,NL
https://openalex.org/F4320322226,European Society for Sexual Medicine,IT
https://openalex.org/F4320312937,Chartered Society of Physiotherapy Charitable Trust,GB
https://openalex.org/F4320314324,Canadian Patient Safety Institute,CA
https://openalex.org/F4320333004,Amgen Nederland,NL
https://openalex.org/F4320322761,AstraZeneca Korea,KR
https://openalex.org/F4320307648,National Eczema Association,US
https://openalex.org/F4320332631,Helsinn Therapeutics,US
https://openalex.org/F4320335498,Tata Memorial Centre,IN
https://openalex.org/F4320315757,Nihon Medi-Physics,JP
https://openalex.org/F4320320821,Breast Cancer Foundation New Zealand,NZ
https://openalex.org/F4320328484,Wyższa Szkoła Informatyki i Zarzadzania z siedziba w Rzeszowie,PL
https://openalex.org/F4320337610,Skaggs School of Pharmacy and Pharmaceutical Sciences,US
https://openalex.org/F4320315587,Cronk Family Foundation,US
https://openalex.org/F4320315979,UK Sport,GB
https://openalex.org/F4320322995,Doosan Yonkang Foundation,KR
https://openalex.org/F4320333074,"College of Veterinary Medicine, University of Georgia",US
https://openalex.org/F4320323650,Deutsche Ophthalmologische Gesellschaft,DE
https://openalex.org/F4320335180,"Faculty of Veterinary Medicine, Chiang Mai University",TH
https://openalex.org/F4320326306,Zarqa University,JO
https://openalex.org/F4320320330,Intensive Care Society,GB
https://openalex.org/F4320324707,Tarbiat Moallem University,IR
https://openalex.org/F4320315390,American Neurogastroenterology and Motility Society,US
https://openalex.org/F4320321050,ME Research UK,GB
https://openalex.org/F4320328945,Stichting voor Lever- en Maag-Darm Onderzoek,NL
https://openalex.org/F4320331102,Shenzhen Research Institute of Big Data,CN
https://openalex.org/F4320308942,Michelson Prize and Grants,US
https://openalex.org/F4320309660,Alliance for Vision Research,US
https://openalex.org/F4320332528,Associazione Consiglieri della Regione Autonoma Friuli Venezia Giulia,IT
https://openalex.org/F4320314306,Betsi Cadwaladr University Health Board,GB
https://openalex.org/F4320310102,American College of Veterinary Internal Medicine,US
https://openalex.org/F4320311464,Little Giraffe Foundation,US
https://openalex.org/F4320323002,Guangxi Traditional Chinese Medical University,CN
https://openalex.org/F4320335049,"Faculty of Medicine, Dalhousie University",CA
https://openalex.org/F4320323486,China Academy of Traditional Chinese Medicine,CN
https://openalex.org/F4320322593,Tatung University,TW
https://openalex.org/F4320316443,Accuray,US
https://openalex.org/F4320321312,Woosuk University,KR
https://openalex.org/F4320324710,Adiyaman Üniversitesi,TR
https://openalex.org/F4320321607,Dokkyo Medical University,JP
https://openalex.org/F4320325038,Stiftung Oskar-Helene-Heim,DE
https://openalex.org/F4320333308,"School of Veterinary Medicine, Louisiana State University",US
https://openalex.org/F4320324505,Université de Tunis,TN
https://openalex.org/F4320337009,Institut de Cardiométabolisme et Nutrition,FR
https://openalex.org/F4320311111,ASN Foundation for Kidney Research,US
https://openalex.org/F4320338321,U.S. Army Institute of Surgical Research,US
https://openalex.org/F4320338330,Naval Undersea Warfare Center,US
https://openalex.org/F4320320544,Capital Markets CRC Limited,AU
https://openalex.org/F4320319101,Amsterdam University Medical Centers,NL
https://openalex.org/F4320328691,Gemeinsame Bundesausschuss,DE
https://openalex.org/F4320312145,"College of Science, Engineering and Health, Royal Melbourne Institute of Technology",AU
https://openalex.org/F4320323228,Landseed Hospital,TW
https://openalex.org/F4320311492,Wishlist,AU
https://openalex.org/F4320327114,Georg und Bertha Schwyzer-Winiker-Stiftung,CH
https://openalex.org/F4320315910,Consorzio Interuniversitario Biotecnologie,IT
https://openalex.org/F4320333829,"College of Veterinary Medicine, Kansas State University",US
https://openalex.org/F4320329453,Universidad Autónoma de Sinaloa,MX
https://openalex.org/F4320320126,Association of Medical Research Charities,GB
https://openalex.org/F4320322494,Rajiv Gandhi University of Health Sciences,IN
https://openalex.org/F4320308126,Texas Animal Health Commission,US
https://openalex.org/F4320327270,Instituto Português de Oncologia do Porto,PT
https://openalex.org/F4320329548,Univerzita Pardubice,CZ
https://openalex.org/F4320307687,Preeclampsia Foundation,US
https://openalex.org/F4320323895,Universitatea de Medicina și Farmacie Grigore T. Popa - Iasi,RO
https://openalex.org/F4320334868,Military Manpower Administration,KR
https://openalex.org/F4320331677,Govern de les Illes Balears,ES
https://openalex.org/F4320310229,Good Samaritan Foundation,US
https://openalex.org/F4320312623,New York Academy of Sciences,US
https://openalex.org/F4320306390,Inova Health System Foundation,US
https://openalex.org/F4320310886,Iowa Department of Public Health,US
https://openalex.org/F4320313500,Magee-Womens Research Institute,US
https://openalex.org/F4320317290,Rafsanjan University of Medical Sciences,IR
https://openalex.org/F4320310356,Midwestern State University,US
https://openalex.org/F4320310162,American Stroke Association,US
https://openalex.org/F4320311200,Saving Tiny Hearts Society,US
https://openalex.org/F4320311250,Society for Neuroscience,US
https://openalex.org/F4320324810,Agriculture and Horticulture Development Board,GB
https://openalex.org/F4320329409,Rajshahi University,BD
https://openalex.org/F4320332976,"Department of Radiology, University of Wisconsin-Madison",US
https://openalex.org/F4320311233,Adelphi University,US
https://openalex.org/F4320311896,Union for International Cancer Control,CH
https://openalex.org/F4320337692,"Center for AIDS Research, University of Rochester Medical Center",US
https://openalex.org/F4320332307,"Helen Kellogg Institute for International Studies, University of Notre Dame",US
https://openalex.org/F4320336535,"Ulusal Metroloji Enstitüsü, Türkiye Bilimsel ve Teknolojik Araştirma Kurumu",TR
https://openalex.org/F4320307621,Kennedy's Disease Association,US
https://openalex.org/F4320320762,Singapore Heart Foundation,SG
https://openalex.org/F4320332166,California Department of Conservation,US
https://openalex.org/F4320311566,Society for Women’s Health Research,US
https://openalex.org/F4320324696,National Yang Ming University,TW
https://openalex.org/F4320337606,Administration for Native Americans,US
https://openalex.org/F4320329168,Universidade Estadual de Maringá,BR
https://openalex.org/F4320311782,HELIOS Kliniken,DE
https://openalex.org/F4320328391,Korean Society of Nephrology,KR
https://openalex.org/F4320313588,Canadian Association of Emergency Physicians,CA
https://openalex.org/F4320310990,Australian Federal Police,AU
https://openalex.org/F4320314487,Royal Australian and New Zealand College of Radiologists,AU
https://openalex.org/F4320307212,Chrest Foundation,US
https://openalex.org/F4320335109,"Faculty of Health Sciences, Queen's University",CA
https://openalex.org/F4320316944,Framingham Heart Study,US
https://openalex.org/F4320312079,Alzheimer's Foundation of America,US
https://openalex.org/F4320322834,Ontario Stroke Network,CA
https://openalex.org/F4320313135,UK Stem Cell Foundation,GB
https://openalex.org/F4320330035,Instituto de Investigación Marqués de Valdecilla,ES
https://openalex.org/F4320307362,National Foundation for Ectodermal Dysplasias,US
https://openalex.org/F4320324187,"Insinööritieteiden Korkeakoulu, Aalto-yliopisto",FI
https://openalex.org/F4320329072,Réseau Provincial de Recherche en Adaptation-Réadaptation,CA
https://openalex.org/F4320318902,Instituto Nacional de Cancerología,CO
https://openalex.org/F4320330239,Fundación para el Fomento de la Investigación Sanitaria y Biomédica de la Comunitat Valenciana,ES
https://openalex.org/F4320329472,Inha University Hospital,KR
https://openalex.org/F4320308479,Association for Research in Vision and Ophthalmology,US
https://openalex.org/F4320308951,Society of Abdominal Radiology,US
https://openalex.org/F4320311071,Hairy Cell Leukemia Foundation,US
https://openalex.org/F4320336662,Beatson Institute for Cancer Research,GB
https://openalex.org/F4320332990,"Center for Clinical and Translational Science, University of Utah",US
https://openalex.org/F4320316717,Riley Children's Foundation,US
https://openalex.org/F4320335315,"Genomics Research Institute, University of Pretoria",ZA
https://openalex.org/F4320308137,Texas Health and Human Services Commission,US
https://openalex.org/F4320329041,Melanoma Institute Australia,AU
https://openalex.org/F4320320750,"Ministry of Community Development, Youth and Sports - Singapore",SG
https://openalex.org/F4320317407,Usona Institute,US
https://openalex.org/F4320316771,Sjöbergstiftelsen,SE
https://openalex.org/F4320309497,Ralph C. Wilson Foundation,US
https://openalex.org/F4320311437,"School of Medicine, Kyorin University",JP
https://openalex.org/F4320312985,Northwest Kidney Centers,US
https://openalex.org/F4320336348,Affiliated Hospital of Southwest Medical University,CN
https://openalex.org/F4320327485,Jilin Agricultural Science and Technology University,CN
https://openalex.org/F4320317243,Université Monastir,TN
https://openalex.org/F4320328526,Institut Català de la Salut,ES
https://openalex.org/F4320329095,NATIONAL HEALTH INSURANCE SERVICE ILSANHOSPITAL,KR
https://openalex.org/F4320335214,"Faculty of Public Health, Mahidol University",MY
https://openalex.org/F4320309600,Vanderbilt Memory and Alzheimer's Center,US
https://openalex.org/F4320326048,Busan Metropolitan City,KR
https://openalex.org/F4320310123,Respiratory Health Association,US
https://openalex.org/F4320317457,Children's National Hospital,US
https://openalex.org/F4320324772,Spinal Research,GB
https://openalex.org/F4320328205,Uniwersytet im. Adama Mickiewicza w Poznaniu,PL
https://openalex.org/F4320310885,Playford Trust,AU
https://openalex.org/F4320328549,Terveyden ja hyvinvoinnin laitos,FI
https://openalex.org/F4320324492,Asociación Nacional de Universidades e Instituciones de Educación Superior,MX
https://openalex.org/F4320329699,Zhongshan Science and Technology Bureau,CN
https://openalex.org/F4320310434,UCLA Health System,US
https://openalex.org/F4320316982,National Cerebral and Cardiovascular Center,JP
https://openalex.org/F4320310504,Advanced Cardiac Therapeutics,US
https://openalex.org/F4320310713,Boston VA Research Institute,US
https://openalex.org/F4320325001,P. A. Messerschmidt og Hustrus Fond,DK
https://openalex.org/F4320325192,Japanese Association for Dental Science,JP
https://openalex.org/F4320332426,"Division of Orthopaedic Surgery, University of Alberta",US
https://openalex.org/F4320332440,"National Center for Institutional Diversity, University of Michigan",US
https://openalex.org/F4320329549,Všeobecná Fakultní Nemocnice v Praze,CZ
https://openalex.org/F4320335721,"Fuwai Hospital, Chinese Academy of Medical Sciences",CN
https://openalex.org/F4320309339,Heartland Center for Occupational Safety and Health,US
https://openalex.org/F4320307205,Caring for Carcinoid Foundation,US
https://openalex.org/F4320329804,Korean College of Helicobacter and Upper Gastrointestinal Research,KR
https://openalex.org/F4320310382,"Graduate School of Biomedical Sciences, University of Texas Southwestern Medical Center",US
https://openalex.org/F4320310277,HeartKids Australia,AU
https://openalex.org/F4320329745,Shanghai Pulmonary Hospital,CN
https://openalex.org/F4320311329,Children’s Hospital of Michigan Foundation,US
https://openalex.org/F4320328401,Société Française d’Anesthésie et de Réanimation,FR
https://openalex.org/F4320329842,Guangdong Provincial People's Hospital,CN
https://openalex.org/F4320332473,Ohio State University Foundation,US
https://openalex.org/F4320309079,Association of Schools and Programs of Public Health,US
https://openalex.org/F4320321254,Korea Christian University,KR
https://openalex.org/F4320324501,Instituto de Seguriidad y Servicios Sociales de los Trabadores del Estado,MX
https://openalex.org/F4320336632,Sun Yat-sen University Cancer Center,CN
https://openalex.org/F4320316920,Shimadzu,JP
https://openalex.org/F4320330024,Agriculture Victoria,AU
https://openalex.org/F4320308924,Society for Surgery of the Alimentary Tract,US
https://openalex.org/F4320308988,Utah Space Grant Consortium,US
https://openalex.org/F4320324824,Agria Djurförsäkring,SE
https://openalex.org/F4320309449,LifeCell,US
https://openalex.org/F4320330696,Dr. Rolf M. Schwiete Stiftung,DE
https://openalex.org/F4320318800,Monterey Bay Aquarium Foundation,US
https://openalex.org/F4320332446,"School of Medicine, University of Kansas",US
https://openalex.org/F4320332278,"New Hampshire Sea Grant, University of New Hampshire",US
https://openalex.org/F4320328514,Centre for Food and Allergy Research,AU
https://openalex.org/F4320330067,MED-EL Medical Electronics,AT
https://openalex.org/F4320308996,Association for Academic Surgery Foundation,US
https://openalex.org/F4320329952,Universitatea de Medicină şi Farmacie Iuliu Haţieganu Cluj-Napoca,RO
https://openalex.org/F4320306611,Cooper Foundation,US
https://openalex.org/F4320324830,Fujian University of Traditional Chinese Medicine,CN
https://openalex.org/F4320326566,Lovisenberg Diakonale Sykehus,NO
https://openalex.org/F4320332980,"College of Human Medicine, Michigan State University",US
https://openalex.org/F4320312204,Fondation des Maladies de l'Oeil,CA
https://openalex.org/F4320320496,New South Wales Workers' Compensation Dust Disease Board,AU
https://openalex.org/F4320336695,Fujian Academy of Agricultural Sciences,CN
https://openalex.org/F4320320811,CatWalk Spinal Cord Injury Research Trust,NZ
https://openalex.org/F4320320447,Australian Women and Childrens Research Foundation,AU
https://openalex.org/F4320337603,"Center for Biotechnology, Stony Brook University",US
https://openalex.org/F4320315470,European Society of Radiology,AT
https://openalex.org/F4320310545,Canadian Urological Oncology Group,CA
https://openalex.org/F4320310634,Georgia Regents University,US
https://openalex.org/F4320330363,King Salman Center for Disability Research,SA
https://openalex.org/F4320313704,Guangzhou Brain Hospital,CN
https://openalex.org/F4320321785,Agro-Biotechnology Institute,MY
https://openalex.org/F4320329773,Đại học Huế,VN
https://openalex.org/F4320312027,Metro South Health,AU
https://openalex.org/F4320320436,Australian Spinal Research Foundation,AU
https://openalex.org/F4320326321,Institut pour la Recherche sur la Moelle épinière et l’Encéphale,FR
https://openalex.org/F4320328813,Peking University People's Hospital,CN
https://openalex.org/F4320332970,Asia Pacific Observatory on Health Systems and Policies,PH
https://openalex.org/F4320311836,Fundación Pública Andaluza para la Gestión de la Investigación en Salud de Sevilla,ES
https://openalex.org/F4320320223,Florence Nightingale Foundation,GB
https://openalex.org/F4320335186,"Parents and Professors' Association, Kitasato University School of Medicine",JP
https://openalex.org/F4320316565,Hydrocephalus Association,US
https://openalex.org/F4320318548,Beijing Xisike Clinical Oncology Research Foundation,CN
https://openalex.org/F4320320280,Harold Hyam Wingate Foundation,GB
https://openalex.org/F4320336383,Fundación Pública Andaluza Progreso y Salud,ES
https://openalex.org/F4320337518,"Illinois Program for Research in the Humanities, University of Illinois at Urbana-Champaign",US
https://openalex.org/F4320330631,Nederlandse Organisatie voor Toegepast Natuurwetenschappelijk Onderzoek,NL
https://openalex.org/F4320315947,International Breast Cancer Research Foundation,US
https://openalex.org/F4320311194,Duchenne Research Fund,GB
https://openalex.org/F4320330560,BioTechMed-Graz,AT
https://openalex.org/F4320325378,Universidad Autónoma de Occidente,CO
https://openalex.org/F4320326495,Deutsche Kniegesellschaft,DE
https://openalex.org/F4320327157,University of Jaffna,LK
https://openalex.org/F4320315995,National Blood Authority,AU
https://openalex.org/F4320316303,Stichting Metakids,NL
https://openalex.org/F4320333736,"Wydział Lekarski, Uniwersytet Jagielloński Collegium Medicum",PL
https://openalex.org/F4320328917,Guangdong Medical College,CN
https://openalex.org/F4320337885,"Center for Companion Animal Health, University of California, Davis",US
https://openalex.org/F4320321894,Gangneung Asan Hospital,KR
https://openalex.org/F4320317499,Bundesinstitut für Arzneimittel und Medizinprodukte,DE
https://openalex.org/F4320335275,"College of Medicine, Hanyang University",KR
https://openalex.org/F4320312118,NATA Research and Education Foundation,US
https://openalex.org/F4320309937,Ankara Universitesi Biyoteknoloji Enstitusu,TR
https://openalex.org/F4320329329,René und Susanne Braginsky Stiftung,CH
https://openalex.org/F4320307158,American Osteopathic Association,US
https://openalex.org/F4320317139,Ji Hua Laboratory,CN
https://openalex.org/F4320332596,School of Liberal Arts,US
https://openalex.org/F4320306978,Ittleson Foundation,US
https://openalex.org/F4320306521,RSF Social Finance,US
https://openalex.org/F4320329010,Université de Caen Normandie,FR
https://openalex.org/F4320321444,"Assessorato Regionale della Salute, Regione Siciliana",IT
https://openalex.org/F4320321754,"Functional Polymer Materials and Fine Chemicals Center, Foshan Center of Chinese Academy of Sciences",CN
https://openalex.org/F4320331144,Université de Versailles Saint-Quentin-en-Yvelines,FR
https://openalex.org/F4320312298,Indian Rheumatology Association,IN
https://openalex.org/F4320327187,European Association of Cardiothoracic Anaesthesiology,IT
https://openalex.org/F4320320623,Academy of Medical Royal Colleges,GB
https://openalex.org/F4320323567,Stiftung Endoprothetik,DE
https://openalex.org/F4320329670,Wojskowy Instytut Medyczny,PL
https://openalex.org/F4320314077,Blond McIndoe Research Foundation,GB
https://openalex.org/F4320328038,National Lottery Community Fund,GB
https://openalex.org/F4320336795,"Beijing Friendship Hospital, Capital Medical University",CN
https://openalex.org/F4320332247,"Center for the Art of East Asia, University of Chicago",US
https://openalex.org/F4320335156,"Provozně Ekonomická Fakulta, Česká Zemědělská Univerzita v Praze",CZ
https://openalex.org/F4320331683,Instituto Politécnico de Lisboa,PT
https://openalex.org/F4320307458,Garrett B. Smith Foundation,US
https://openalex.org/F4320321710,Kinderherzen Fördergemeinschaft Deutsche Kinderherzzentren,DE
https://openalex.org/F4320328944,Universiti Sultan Zainal Abidin,MY
https://openalex.org/F4320328867,Sabancı Üniversitesi,TR
https://openalex.org/F4320330765,Wellcome / EPSRC Centre for Interventional and Surgical Sciences,GB
https://openalex.org/F4320308488,Association for Women in Mathematics,US
https://openalex.org/F4320316665,National Cattlemen's Beef Association,US
https://openalex.org/F4320329415,Instituto Nacional de Ciência e Tecnologia em Medicina Regenerativa,BR
https://openalex.org/F4320329797,Xi'an Medical University,CN
https://openalex.org/F4320330771,Health Commission of Jiangxi Province,CN
https://openalex.org/F4320330217,Perron Institute for Neurological and Translational Science,AU
https://openalex.org/F4320333833,"Office of Patient Care Services, Department of Veterans Affairs",US
https://openalex.org/F4320333931,"VISN 4 Mental Illness Research, Education, and Clinical Center",US
https://openalex.org/F4320324114,Sociedade Portuguesa de Nefrologia,PT
https://openalex.org/F4320329145,Sociedad Española de Enfermedades Infecciosas y Microbiología Clínica,ES
https://openalex.org/F4320329710,Chang Bing Show Chwan Memorial Hospital,TW
https://openalex.org/F4320311660,American College of Veterinary Surgeons Foundation,US
https://openalex.org/F4320312988,Stockton University,US
https://openalex.org/F4320317894,Mississippi State Department of Health,US
https://openalex.org/F4320332768,"Harvard Transdisciplinary Research in Energetics and Cancer Center, Harvard University",US
https://openalex.org/F4320331256,European Academy of Dermatology and Venereology,CH
https://openalex.org/F4320317035,Korea University Medicine,KR
https://openalex.org/F4320324398,Chengde Medical University,CN
https://openalex.org/F4320311478,EMDR Research Foundation,US
https://openalex.org/F4320317097,Zinpro,US
https://openalex.org/F4320324063,Landstinget Dalarnas,SE
https://openalex.org/F4320311996,"St. Hilda's College, University of Oxford",GB
https://openalex.org/F4320331698,Walloon excellence in life sciences and biotechnology,BE
https://openalex.org/F4320336958,"Institute for Information Industry, Ministry of Science and Technology, Taiwan",TW
https://openalex.org/F4320307828,Elekta Instruments,SE
https://openalex.org/F4320322483,China Primary Health Care Foundation,CN
https://openalex.org/F4320323912,Fakultní Nemocnice Plzen,CZ
https://openalex.org/F4320338133,Institute of Indigenous Peoples' Health,CA
https://openalex.org/F4320317009,National Institute for the Humanities and Social Sciences,ZA
https://openalex.org/F4320321171,Fujifilm Holdings,JP
https://openalex.org/F4320329995,Semnan University of Medical Sciences and Health Services,IR
https://openalex.org/F4320311635,Navicent Health Foundation,US
https://openalex.org/F4320312339,Tungs' Taichung MetroHarbor Hospital,TW
https://openalex.org/F4320317526,Henan University of Chinese Medicine,CN
https://openalex.org/F4320323445,Hyogo Prefecture Health Promotion Association,JP
https://openalex.org/F4320332982,Baxter Nederland,NL
https://openalex.org/F4320337094,Ulsan University Hospital,KR
https://openalex.org/F4320335074,"Institute of Veterinary, Animal and Biomedical Sciences, Massey University",NZ
https://openalex.org/F4320308926,ASCLS Education and Research Fund,US
https://openalex.org/F4320315557,A.T. Still University,US
https://openalex.org/F4320316467,Hemophilia Center of Western Pennsylvania,US
https://openalex.org/F4320313794,Canadian Imperial Bank of Commerce,CA
https://openalex.org/F4320318855,National Institute of Mental Health and Neurosciences,IN
https://openalex.org/F4320307598,Horses and Humans Research Foundation,US
https://openalex.org/F4320310879,OU College of Medicine Alumni Association,US
https://openalex.org/F4320319200,Konkuk University Medical Center,KR
https://openalex.org/F4320326357,People’s Liberation Army Navy General Hospital,CN
https://openalex.org/F4320321483,Canadian Association of Thoracic Surgeons,CA
https://openalex.org/F4320330621,Schweizerische Anorexia Nervosa Stiftung,CH
https://openalex.org/F4320331265,Partenariat Canadien Contre Le Cancer,CA
https://openalex.org/F4320308421,American Institute for Contemporary German Studies,US
https://openalex.org/F4320328943,Instituto Nacional De Salud Pública,MX
https://openalex.org/F4320319999,Association of Clinical Pathologists,GB
https://openalex.org/F4320337598,Sydney and J.L. Huffines Institute for Sports Medicine and Human Performance,US
https://openalex.org/F4320308922,Society for the Advancement of Scandinavian Study,US
https://openalex.org/F4320309863,Ministère des Finances et des Comptes Publics,FR
https://openalex.org/F4320331143,Tainan Municipal An-Nan Hospital,TW
https://openalex.org/F4320329750,Beijing Hospital,CN
https://openalex.org/F4320309573,Texas Workforce Commission,US
https://openalex.org/F4320335075,"Klinisk Epidemiologisk Forskningsfond, Aarhus Universitetshospital",DK
https://openalex.org/F4320317149,Samsung Medison,KR
https://openalex.org/F4320329317,Townsville Hospital and Health Service,AU
https://openalex.org/F4320315183,"Institute of Marine Engineering, Science and Technology",GB
https://openalex.org/F4320328063,Deutsche Wirbelsäulenstiftung,DE
https://openalex.org/F4320310273,Humana Foundation,US
https://openalex.org/F4320326811,École Nationale d’Ingénieurs de Saint-Etienne,FR
https://openalex.org/F4320316733,Radiation Oncology Institute,US
https://openalex.org/F4320328231,Maccabi Institute for Health Services Research,IL
https://openalex.org/F4320318399,Kaken Pharmaceutical,JP
https://openalex.org/F4320323820,Medical University - Varna,BG
https://openalex.org/F4320329961,Erzurum Teknik Üniversitesi,TR
https://openalex.org/F4320319277,Hualien Armed Forces General Hospital,TW
https://openalex.org/F4320307056,Respiratory Health Association of Metropolitan Chicago,US
https://openalex.org/F4320327784,Longhua Hospital Shanghai University of Traditional Chinese Medicine,CN
https://openalex.org/F4320329476,Pázmány Péter Katolikus Egyetem,HU
https://openalex.org/F4320329725,Nemzeti Fejlesztési Ügynökség,HU
https://openalex.org/F4320334290,"Taipei Medical University-Shuang Ho Hospital, Ministry of Health and Welfare",TW
https://openalex.org/F4320310855,Johns Hopkins Center for Mind-Body Research,US
https://openalex.org/F4320312490,Malaysian Society Nephrology,MY
https://openalex.org/F4320317244,University of Kufa,IQ
https://openalex.org/F4320328133,Universitatea de Medicină şi Farmacie din Craiova,RO
https://openalex.org/F4320314065,Central European Initiative,IT
https://openalex.org/F4320307305,Initial Teaching Alphabet Foundation,US
https://openalex.org/F4320311385,North Carolina Nursery and Landscape Association,US
https://openalex.org/F4320306963,Heineman Foundation,US
https://openalex.org/F4320307735,UNLV Research Foundation,US
https://openalex.org/F4320319044,Kaohsiung Municipal Ta-Tung Hospital,TW
https://openalex.org/F4320317638,Childhood Arthritis and Rheumatology Research Alliance,US
https://openalex.org/F4320323905,Colitis-Crohn Foreningen,DK
https://openalex.org/F4320329626,Centro de Investigação em Tecnologias e Serviços de Saúde,PT
https://openalex.org/F4320325120,CSY China-International Hepatitis Research Foundation,CN
https://openalex.org/F4320310524,Danish Movement Disorder Society,DK
https://openalex.org/F4320329466,Lietuvos Sveikatos Mokslų Universitetas,LT
https://openalex.org/F4320330237,Nanjing Drum Tower Hospital,CN
https://openalex.org/F4320330285,Wuhan Union Hospital,CN
https://openalex.org/F4320311561,International Urogynecological Association,US
https://openalex.org/F4320308119,Pennsylvania Department of Military and Veterans Affairs,US
https://openalex.org/F4320328722,Aerospace Center Hospital,CN
https://openalex.org/F4320329678,Universidad Nacional Autonoma de Honduras,HN
https://openalex.org/F4320337288,Wan Fang Hospital,TW
https://openalex.org/F4320323818,"British Malaysian Institute, Universiti Kuala Lumpur",MY
https://openalex.org/F4320334855,BC Renal Agency,CA
https://openalex.org/F4320306297,Connecticut Bar Foundation,US
https://openalex.org/F4320330543,Chonnam National University Hwasun Hospital,KR
https://openalex.org/F4320306804,Dorothy Rider Pool Health Care Trust,US
https://openalex.org/F4320309569,Commonwealth Neurotrauma Initiative Trust Fund,US
https://openalex.org/F4320322342,Koninklijke Hollandsche Maatschappij der Wetenschappen,NL
https://openalex.org/F4320307092,Dr. Herbert and Nicole Wertheim Family Foundation,US
https://openalex.org/F4320325660,Centralsjukhuset Kristianstad,SE
https://openalex.org/F4320312749,European Rhinologic Society,NL
https://openalex.org/F4320316853,Centro Internacional de la Papa,PE
https://openalex.org/F4320315968,Japan Lifeline,JP
https://openalex.org/F4320319242,Kaohsiung Municipal Siaogang Hospital,TW
https://openalex.org/F4320317735,Landeszentrum Gesundheit Nordrhein-Westfalen,DE
https://openalex.org/F4320318820,ViewRay,US
https://openalex.org/F4320314206,Sutter Health,US
https://openalex.org/F4320318300,Snap,US
https://openalex.org/F4320318090,Consorzio per la Ricerca Sanitaria,IT
https://openalex.org/F4320337553,Office of Community Services,US
https://openalex.org/F4320327875,"Landesamt für Natur, Umwelt und Verbraucherschutz Nordrhein-Westfalen",DE
https://openalex.org/F4320329210,Fujian Province Key Laboratory of Special Aquatic Formula Feed (Fujian Tianma Science and Technology Group),CN
https://openalex.org/F4320307153,American Lung Association in North Carolina,US
https://openalex.org/F4320318304,İstanbul Medeniyet Üniversitesi,TR
https://openalex.org/F4320330603,Cancer Foundation of China,CN
https://openalex.org/F4320335140,"College of Ocean Science and Resource, National Taiwan Ocean University",TW
https://openalex.org/F4320330670,Shanghai Pudong New Area Health Commission,CN
https://openalex.org/F4320317868,NRG Oncology,US
https://openalex.org/F4320307181,Association for Research on Non-Profit Organizations & Voluntary Action,US
https://openalex.org/F4320319285,"Institute for Clinical and Translational Research, University of Maryland, Baltimore",US
https://openalex.org/F4320317529,Texas Department of State Health Services,US
https://openalex.org/F4320336994,"Seoul St. Mary's Hospital, Catholic University of Korea",KR
https://openalex.org/F4320323035,Österreichische Gesellschaft für Hämatologie und Onkologie,AT
https://openalex.org/F4320329349,Jiangsu Agri-animal Husbandry Vocational College,CN
https://openalex.org/F4320317503,Instytut Zootechniki – Państwowy Instytut Badawczy,PL
https://openalex.org/F4320314534,Physician Assistant Education Association,US
https://openalex.org/F4320318914,Universidad Autónoma de Aguascalientes,MX
https://openalex.org/F4320331536,Politechnika Opolska,PL
https://openalex.org/F4320332325,"Italian Academy for Advanced Studies in America, Columbia University",US
https://openalex.org/F4320317050,Akademia Wychowania Fizycznego im. Jerzego Kukuczki w Katowicach,PL
https://openalex.org/F4320318904,Universidad del Tolima,CO
https://openalex.org/F4320318954,Hidradenitis Suppurativa Foundation,US
https://openalex.org/F4320327634,Agencia de Medio Ambiente y Agua de Andalucía,ES
https://openalex.org/F4320307631,Maple Syrup Urine Disease Family Support Group,US
https://openalex.org/F4320319297,Shenzhen Technology University,CN
https://openalex.org/F4320319401,Nevro,US
https://openalex.org/F4320319177,Finpiemonte,IT
https://openalex.org/F4320308173,Minnesota Historical Society,US
https://openalex.org/F4320308399,"Association for Slavic, East European, and Eurasian Studies",US
https://openalex.org/F4320319148,Philadelphia University,JO
https://openalex.org/F4320338494,Naval Submarine Medical Research Laboratory,US
https://openalex.org/F4320330711,Universidad de Monterrey,MX
https://openalex.org/F4320314926,Central Coast Local Health District,AU
https://openalex.org/F4320315397,Brain Injury Association of America,US
https://openalex.org/F4320317504,Fundación Patrimonio Comunal Olivarero,ES
https://openalex.org/F4320318194,Alimera Sciences,US
https://openalex.org/F4320328478,Wojskowy Instytut Medycyny Lotniczej,PL
https://openalex.org/F4320306772,Mitte Foundation,US
https://openalex.org/F4320321702,Stichting Euregio Maas-Rijn,BE
https://openalex.org/F4320306629,Blumenthal Foundation,US
https://openalex.org/F4320319684,University of Petra,JO
https://openalex.org/F4320306599,American Friends of Laniado Hospital,US
https://openalex.org/F4320317543,Phoenix Children's Hospital,US
https://openalex.org/F4320325141,Erik och Anne Marie Detlofs Stiftelse,SE
https://openalex.org/F4320318362,APJ Abdul Kalam Technological University,IN
https://openalex.org/F4320322184,Hua Yuan Group,CN
https://openalex.org/F4320307745,Carl Wilson Foundation,US
https://openalex.org/F4320307326,Kidney Foundation of Greater Cincinnati,US
https://openalex.org/F4320330368,Zunyi Normal University,CN
