iri,pref_label,type
http://purl.obolibrary.org/obo/UBERON_0006082,fundus of urinary bladder,AS
http://purl.obolibrary.org/obo/UBERON_0004326,middle phalanx of digit of foot 4,AS
http://purl.obolibrary.org/obo/UBERON_0004324,middle phalanx of digit of foot 2,AS
http://purl.obolibrary.org/obo/UBERON_0003846,thymus epithelium,AS
http://purl.obolibrary.org/obo/UBERON_0005871,palatine process of maxilla,AS
http://purl.obolibrary.org/obo/UBERON_0002012,pulmonary artery,AS
http://purl.obolibrary.org/obo/UBERON_0002012,pulmonary vein,AS
http://purl.org/sig/ont/fma/fma5840,right lumbar lymph trunk,AS
http://purl.obolibrary.org/obo/UBERON_0003468,ureteric segment of renal artery,AS
http://purl.obolibrary.org/obo/UBERON_0013142,soleal vein,AS
http://purl.obolibrary.org/obo/UBERON_0013142,soleal vein #2,AS
http://purl.obolibrary.org/obo/UBERON_0004328,proximal phalanx of digit of hand 2,AS
http://purl.obolibrary.org/obo/UBERON_0014613,cervical spinal cord gray matter,AS
http://purl.obolibrary.org/obo/UBERON_0002726,cervical spinal cord,AS
http://purl.org/sig/ont/fma/fma8810,dorsal ramus of sixth thoracic spinal nerve,AS
http://purl.obolibrary.org/obo/UBERON_0002702,middle frontal gyrus,AS
http://purl.obolibrary.org/obo/UBERON_0002151,basilar part of pons (pontine nuclei),AS
http://purl.obolibrary.org/obo/UBERON_0002123,cortex of thymus,AS
http://purl.obolibrary.org/obo/UBERON_0005841,cervical spinal cord dorsal column,AS
http://purl.obolibrary.org/obo/UBERON_0035183,calcarine artery,AS
http://purl.obolibrary.org/obo/UBERON_0010994,coronoid process of ulna,AS
http://purl.org/sig/ont/fma/fma52932,middle superior alveolar nerve,AS
http://purl.obolibrary.org/obo/UBERON_0004725,lateral olfactory gyrus,AS
http://purl.obolibrary.org/obo/UBERON_0000052,fornix,AS
http://purl.obolibrary.org/obo/UBERON_0001676,occipital bone,AS
http://purl.obolibrary.org/obo/UBERON_0001703,neurocranium,AS
http://purl.obolibrary.org/obo/UBERON_0001188,right testicular artery,AS
http://purl.obolibrary.org/obo/UBERON_0001383,leg muscle,AS
http://purl.obolibrary.org/obo/UBERON_0001384,primary motor cortex,AS
http://purl.obolibrary.org/obo/UBERON_0001871,temporal lobe,AS
http://purl.obolibrary.org/obo/UBERON_0001105,clavicle bone,AS
http://purl.obolibrary.org/obo/UBERON_0014477,thoracic skeleton,AS
http://purl.obolibrary.org/obo/UBERON_0005944,axial skeleton,AS
http://purl.obolibrary.org/obo/UBERON_0000377,maxillary nerve,AS
http://purl.obolibrary.org/obo/UBERON_0001190,ovarian artery,AS
http://purl.org/sig/ont/fma/fma45441,muscular branch of medial plantar nerve to first lumbrical of foot,AS
http://purl.org/sig/ont/fma/fma6873,transverse cervical nerve,AS
http://purl.obolibrary.org/obo/UBERON_0006453,t5 segment of thoracic spinal cord,AS
http://purl.obolibrary.org/obo/UBERON_0001453,distal tarsal bone 2,AS
http://purl.obolibrary.org/obo/UBERON_0005899,foot bone,AS
http://purl.obolibrary.org/obo/UBERON_0003645,metacarpal bone of digit 1,AS
http://purl.obolibrary.org/obo/UBERON_0003652,metatarsal bone of digit 3,AS
http://purl.obolibrary.org/obo/UBERON_0002395,talus,AS
http://purl.org/sig/ont/fma/fma22750,palmar carpal branch of radial artery,AS
http://purl.org/sig/ont/fma/fma70503,posterior segmental renal artery,AS
http://purl.obolibrary.org/obo/UBERON_0006493,c7 segment of cervical spinal cord,AS
http://purl.obolibrary.org/obo/UBERON_0005839,thoracic spinal cord dorsal column,AS
http://purl.obolibrary.org/obo/UBERON_0014848,patellar tendon,AS
http://purl.org/sig/ont/fma/fma14835,cystic artery,AS
http://purl.org/sig/ont/fma/fma52972,zygomaticotemporal branch of zygomatic nerve,AS
http://purl.org/sig/ont/fma/fma8767,ventral ramus of third lumbar spinal nerve,AS
http://purl.obolibrary.org/obo/UBERON_0004913,hepatopancreatic ampulla,AS
http://purl.obolibrary.org/obo/UBERON_0012303,ureteral orifice,AS
http://purl.org/sig/ont/fma/fma43903,posterior tibial recurrent artery,AS
http://purl.obolibrary.org/obo/UBERON_0001647,facial nerve,AS
http://purl.obolibrary.org/obo/UBERON_0001192,left gastric artery,AS
http://purl.obolibrary.org/obo/UBERON_0001406,ulnar artery,AS
http://purl.obolibrary.org/obo/UBERON_0000178,blood,AS
http://purl.obolibrary.org/obo/UBERON_0004688,costocervical trunk,AS
http://purl.obolibrary.org/obo/UBERON_0002073,hair follicle,AS
http://purl.obolibrary.org/obo/UBERON_0002073,hair follicles,AS
http://purl.obolibrary.org/obo/UBERON_0001737,larynx,AS
http://purl.obolibrary.org/obo/UBERON_0002707,pyramidal tract,AS
http://purl.obolibrary.org/obo/UBERON_0000155,theca cell layer,AS
http://purl.obolibrary.org/obo/UBERON_0008345,epithelium,AS
http://purl.org/sig/ont/fma/fma23066,clavicular branch of thoracoacromial artery,AS
http://purl.obolibrary.org/obo/UBERON_0015834,lamina propria/gut associated lymphoid tissue (galt),AS
http://purl.obolibrary.org/obo/UBERON_0004608,rib 9,AS
http://purl.obolibrary.org/obo/UBERON_0001310,umbilical artery,AS
http://purl.obolibrary.org/obo/UBERON_0001310,umbilical arteries,AS
http://purl.org/sig/ont/fma/fma80032,nerve to first dorsal interosseous of foot,AS
http://purl.obolibrary.org/obo/UBERON_0007160,inferior petrosal sinus,AS
http://purl.obolibrary.org/obo/UBERON_0001586,internal jugular vein,AS
http://purl.obolibrary.org/obo/UBERON_0006761,corneoscleral limbus,AS
http://purl.org/sig/ont/fma/fma52728,meningeal branch of maxillary nerve,AS
http://purl.org/sig/ont/fma/fma44699,superficial fibular nerve,AS
http://purl.obolibrary.org/obo/UBERON_0006448,l1 lumbar spinal cord segment,AS
http://purl.obolibrary.org/obo/UBERON_0001613,occipital artery,AS
http://purl.obolibrary.org/obo/UBERON_0006633,coracoid process of scapula,AS
http://purl.obolibrary.org/obo/UBERON_0001495,pectoral muscle,AS
http://purl.obolibrary.org/obo/UBERON_0002477,"globus pallidus, internal",AS
http://purl.org/sig/ont/fma/fma71743,humeral lymph node #2,AS
http://purl.org/sig/ont/fma/fma71743,humeral lymph node,AS
http://purl.org/sig/ont/fma/fma8837,dorsal ramus of fourth lumbar spinal nerve,AS
http://purl.org/sig/ont/fma/fma6296,sixth thoracic spinal nerve,AS
http://purl.org/sig/ont/fma/fma4168,right second superior phrenic artery,AS
http://purl.org/sig/ont/fma/fma71841,pararectal lymph node,AS
http://purl.obolibrary.org/obo/UBERON_0004946,submucosa,AS
http://purl.obolibrary.org/obo/UBERON_0022276,splenic flexure,AS
http://purl.obolibrary.org/obo/UBERON_0003517,kidney blood vessel,AS
http://purl.obolibrary.org/obo/UBERON_0006544,vessels,AS
http://purl.obolibrary.org/obo/UBERON_0001899,epithalamus,AS
http://purl.obolibrary.org/obo/UBERON_0002943,lingual gyrus,AS
http://purl.org/sig/ont/fma/fma66049,branch of sacral nerve plexus to coccygeus,AS
http://purl.obolibrary.org/obo/UBERON_0006665,accessory hemiazygos vein,AS
http://purl.obolibrary.org/obo/UBERON_0002285,lateral ventricles,AS
http://purl.obolibrary.org/obo/UBERON_0001373,sartorius muscle,AS
http://purl.org/sig/ont/fma/fma52242,common cochlear artery,AS
http://purl.obolibrary.org/obo/UBERON_0000314,mucosa,AS
http://purl.obolibrary.org/obo/UBERON_0003982,ovulatory antral follicle,AS
http://purl.obolibrary.org/obo/UBERON_0004322,middle phalanx of digit of hand 4,AS
http://purl.obolibrary.org/obo/UBERON_0007634,parabrachial nuclei,AS
http://purl.obolibrary.org/obo/UBERON_0001145,ovarian vein,AS
http://purl.obolibrary.org/obo/UBERON_0002037,cerebellum,AS
http://purl.obolibrary.org/obo/UBERON_0000966,retina,AS
http://purl.org/sig/ont/fma/fma53243,inferior alveolar nerve,AS
http://purl.org/sig/ont/fma/fma76767,anterior cardiac veins,AS
http://purl.obolibrary.org/obo/UBERON_0001362,perineal vein,AS
http://purl.obolibrary.org/obo/UBERON_0001112,latissimus dorsi muscle,AS
http://purl.obolibrary.org/obo/UBERON_0026246,sacral spinal cord white matter,AS
http://purl.obolibrary.org/obo/UBERON_0005843,sacral spinal cord,AS
http://purl.obolibrary.org/obo/UBERON_0034982,inferior bulb of internal jugular vein,AS
http://purl.obolibrary.org/obo/UBERON_0035273,superior thoracic artery,AS
http://purl.obolibrary.org/obo/UBERON_0001451,navicular bone of foot,AS
http://purl.obolibrary.org/obo/UBERON_0001650,hypoglossal nerve,AS
http://purl.obolibrary.org/obo/UBERON_0001531,right common carotid artery,AS
http://purl.org/sig/ont/fma/fma44809,medial dorsal cutaneous nerve,AS
http://purl.org/sig/ont/fma/fma65296,lateral pectoral nerve,AS
http://purl.org/sig/ont/fma/fma19035,tibial nerve,AS
http://purl.obolibrary.org/obo/UBERON_0001485,knee joint,AS
http://purl.obolibrary.org/obo/UBERON_0001414,median cubital vein,AS
http://purl.obolibrary.org/obo/UBERON_0001623,dorsal nasal artery,AS
http://purl.obolibrary.org/obo/UBERON_0002078,right atrium,AS
http://purl.obolibrary.org/obo/UBERON_0004989,mucosa,AS
http://purl.obolibrary.org/obo/UBERON_0001659,transverse facial vein #2,AS
http://purl.obolibrary.org/obo/UBERON_0001659,transverse facial vein,AS
http://purl.obolibrary.org/obo/UBERON_0002476,"globus pallidus, external",AS
http://purl.obolibrary.org/obo/UBERON_0010011,basal nuclei (basal ganglia),AS
http://purl.org/sig/ont/fma/fma77559,deep branch of radial nerve,AS
http://purl.org/sig/ont/fma/fma79972,nerve to abductor digiti minimi of foot,AS
http://purl.obolibrary.org/obo/UBERON_0000305,amnion,AS
http://purl.obolibrary.org/obo/UBERON_0001656,retromandibular vein,AS
http://purl.obolibrary.org/obo/UBERON_0001656,retromandibular vein #2,AS
http://purl.obolibrary.org/obo/UBERON_0012324,transverse cervical artery,AS
http://purl.obolibrary.org/obo/UBERON_0010946,occipitofrontalis muscle,AS
http://purl.obolibrary.org/obo/UBERON_0002048,lung,AS
http://purl.obolibrary.org/obo/UBERON_0000029,lymph node,AS
http://purl.obolibrary.org/obo/UBERON_0004601,rib 1,AS
http://purl.obolibrary.org/obo/UBERON_0001687,stapes bone,AS
http://purl.obolibrary.org/obo/UBERON_0001473,lymphatic vessels,AS
http://purl.obolibrary.org/obo/UBERON_0004086,ventricles of hindbrain,AS
http://purl.obolibrary.org/obo/UBERON_0002657,posterior parahippocampal gyrus,AS
http://purl.obolibrary.org/obo/UBERON_0002124,medulla of thymus,AS
http://purl.org/sig/ont/fma/fma65275,long thoracic nerve,AS
http://purl.obolibrary.org/obo/UBERON_0002962,adductor pollicis muscle,AS
http://purl.obolibrary.org/obo/UBERON_0001685,hyoid bone,AS
http://purl.obolibrary.org/obo/UBERON_0001891,midbrain (mesencephalon),AS
http://purl.obolibrary.org/obo/UBERON_0001534,right subclavian artery,AS
http://purl.obolibrary.org/obo/UBERON_0004723,interlobular renal artery,AS
http://purl.obolibrary.org/obo/UBERON_0001552,arcuate renal artery,AS
http://purl.org/sig/ont/fma/fma49916,left superior pulmonary vein,AS
http://purl.obolibrary.org/obo/UBERON_0000976,humerus,AS
http://purl.obolibrary.org/obo/UBERON_0001947,red nucleus,AS
http://purl.obolibrary.org/obo/UBERON_0001898,hypothalamus,AS
http://purl.obolibrary.org/obo/UBERON_0006454,t6 segment of thoracic spinal cord,AS
http://purl.obolibrary.org/obo/UBERON_0001579,olfactory nerve,AS
http://purl.obolibrary.org/obo/UBERON_0005215,interstitium,AS
http://purl.obolibrary.org/obo/UBERON_0004202,kidney outer medulla outer stripe,AS
http://purl.obolibrary.org/obo/UBERON_0001785,cranial nerve,AS
http://purl.obolibrary.org/obo/UBERON_0002009,pulmonary nerve plexus,AS
http://purl.obolibrary.org/obo/UBERON_0002264,olfactory bulb,AS
http://purl.org/sig/ont/fma/fma8647,posterior basal segmental artery of left lung,AS
http://purl.org/sig/ont/fma/fma54407,branch of hypoglossal nerve to genioglossus,AS
http://purl.org/sig/ont/fma/fma78714,branch of sacral nerve plexus to gemellus inferior,AS
http://purl.obolibrary.org/obo/UBERON_0002324,back muscle,AS
http://purl.obolibrary.org/obo/UBERON_0001391,popliteus muscle,AS
http://purl.obolibrary.org/obo/UBERON_0002795,frontal pole,AS
http://purl.obolibrary.org/obo/UBERON_0005467,platysma muscle,AS
http://purl.org/sig/ont/fma/fma6447,sixth cervical spinal nerve,AS
http://purl.obolibrary.org/obo/UBERON_0001574,palatoglossus muscle,AS
http://purl.obolibrary.org/obo/UBERON_8410017,left colic vein,AS
http://purl.obolibrary.org/obo/UBERON_0009687,middle cardiac vein,AS
http://purl.obolibrary.org/obo/UBERON_0001870,frontal cortex,AS
http://purl.obolibrary.org/obo/UBERON_0005483,thymus lobe,AS
http://purl.obolibrary.org/obo/UBERON_0000038,follicular fluid,AS
http://purl.obolibrary.org/obo/UBERON_0019280,rostral gyrus,AS
http://purl.obolibrary.org/obo/UBERON_0001628,posterior communicating artery,AS
http://purl.org/sig/ont/fma/fma49631,posterior tympanic artery,AS
http://purl.org/sig/ont/fma/fma39145,posterior antebrachial cutaneous nerve,AS
http://purl.obolibrary.org/obo/UBERON_0004190,glomerulus vasculature,AS
http://purl.obolibrary.org/obo/UBERON_0000074,renal glomerulus,AS
http://purl.org/sig/ont/fma/fma44815,lateral dorsal digital nerve of little toe,AS
http://purl.obolibrary.org/obo/UBERON_0009989,condyle of tibia,AS
http://purl.obolibrary.org/obo/UBERON_0006468,t12 thoracic spinal cord segment,AS
http://purl.org/sig/ont/fma/fma53247,mylohyoid branch of inferior alveolar nerve,AS
http://purl.org/sig/ont/fma/fma15796,posterior superior segmental branch of right hepatic vein,AS
http://purl.org/sig/ont/fma/fma52797,scarpa's nerve,AS
http://purl.obolibrary.org/obo/UBERON_0004319,distal phalanx of digit of foot 5,AS
http://purl.obolibrary.org/obo/UBERON_0003040,periaqueductal gray substance,AS
http://purl.org/sig/ont/fma/fma8619,posterior segmental artery of right lung,AS
http://purl.obolibrary.org/obo/UBERON_0003329,submucosa,AS
http://purl.obolibrary.org/obo/UBERON_0013133,superior phrenic artery,AS
http://purl.obolibrary.org/obo/UBERON_0014685,pterygoid venous plexus,AS
http://purl.obolibrary.org/obo/UBERON_0003711,brachiocephalic vein,AS
http://purl.obolibrary.org/obo/UBERON_0004537,blood vasculature,AS
http://purl.obolibrary.org/obo/UBERON_0000948,heart,AS
http://purl.obolibrary.org/obo/UBERON_0004602,rib 2,AS
http://purl.obolibrary.org/obo/UBERON_0002756,"cingulate gyrus, rostral (anterior) part",AS
http://purl.obolibrary.org/obo/UBERON_0001908,optic tract,AS
http://purl.obolibrary.org/obo/UBERON_0002067,dermis,AS
http://purl.obolibrary.org/obo/UBERON_0014543,lumbar division of spinal cord central canal,AS
http://purl.org/sig/ont/fma/fma44710,medial calcaneal branch of tibial nerve,AS
http://purl.obolibrary.org/obo/UBERON_0000569,ileocecal valve,AS
http://purl.obolibrary.org/obo/UBERON_0003725,cervical plexus,AS
http://purl.org/sig/ont/fma/fma5033,left subclavian lymph trunk,AS
http://purl.obolibrary.org/obo/UBERON_0001452,distal tarsal bone 1,AS
http://purl.obolibrary.org/obo/UBERON_0000375,mandibular nerve,AS
http://purl.obolibrary.org/obo/UBERON_0002352,atrioventricular node,AS
http://purl.obolibrary.org/obo/UBERON_0006666,great cerebral vein,AS
http://purl.obolibrary.org/obo/UBERON_0001955,epithelium of respiratory bronchiole,AS
http://purl.obolibrary.org/obo/UBERON_0016402,mesocolic lymph node,AS
http://purl.obolibrary.org/obo/UBERON_0008323,dorsal artery of clitoris,AS
http://purl.obolibrary.org/obo/UBERON_0012648,ampulla of fallopian tube,AS
http://purl.obolibrary.org/obo/UBERON_0003646,metacarpal bone of digit 2,AS
http://purl.org/sig/ont/fma/fma80243,branch of deep branch of ulnar nerve to first palmar interosseous of hand,AS
http://purl.obolibrary.org/obo/UBERON_0002401,visceral pleura,AS
http://purl.obolibrary.org/obo/UBERON_0035547,vorticose vein,AS
http://purl.obolibrary.org/obo/UBERON_0035547,vorticose vein #2,AS
http://purl.org/sig/ont/fma/fma8776,ventral ramus of second sacral spinal nerve,AS
http://purl.obolibrary.org/obo/UBERON_0001958,terminal bronchiole epithelium,AS
http://purl.org/sig/ont/fma/fma8620,anterior segmental artery of right lung,AS
http://purl.obolibrary.org/obo/UBERON_0014623,substantia gelatinosa of cervical spinal cord dorsal horn,AS
http://purl.org/sig/ont/fma/fma8607,ventral ramus of seventh thoracic spinal nerve,AS
http://purl.org/sig/ont/fma/fma53103,masseteric nerve,AS
http://purl.obolibrary.org/obo/UBERON_0005464,median sacral artery,AS
http://purl.obolibrary.org/obo/UBERON_0001811,conjunctiva,AS
http://purl.obolibrary.org/obo/UBERON_0005751,visceral epithelial layer,AS
http://purl.obolibrary.org/obo/UBERON_0004188,glomerular epithelium,AS
http://purl.obolibrary.org/obo/UBERON_0004096,odontoid process of second cervical vertebra,AS
http://purl.obolibrary.org/obo/UBERON_0003649,metacarpal bone of digit 5,AS
http://purl.org/sig/ont/fma/fma70175,acetabular branch of obturator artery,AS
http://purl.obolibrary.org/obo/UBERON_0002022,insular lobe,AS
http://purl.obolibrary.org/obo/UBERON_0009967,splenic sinusoid,AS
http://purl.org/sig/ont/fma/fma53231,sublingual nerve,AS
http://purl.obolibrary.org/obo/UBERON_0001282,canals of hering,AS
http://purl.obolibrary.org/obo/UBERON_0001612,facial artery,AS
http://purl.obolibrary.org/obo/UBERON_0000992,ovary,AS
http://purl.obolibrary.org/obo/UBERON_0002512,corpus luteum,AS
http://purl.org/sig/ont/fma/fma80252,branch of deep branch of ulnar nerve to fourth palmar interosseous of hand,AS
http://purl.obolibrary.org/obo/UBERON_0004671,gyrus rectus (straight gyrus),AS
http://purl.obolibrary.org/obo/UBERON_0009887,interlobar renal vein,AS
http://purl.obolibrary.org/obo/UBERON_0005304,intermediate layer,AS
http://purl.obolibrary.org/obo/UBERON_0005304,submucosal plexus of meissner,AS
http://purl.obolibrary.org/obo/UBERON_0005304,submucosal plexus of henle,AS
http://purl.obolibrary.org/obo/UBERON_0001339,ischiocavernosus muscle,AS
http://purl.obolibrary.org/obo/UBERON_0002379,perineal muscle,AS
http://purl.obolibrary.org/obo/UBERON_0001107,sternohyoid muscle,AS
http://purl.obolibrary.org/obo/UBERON_0006460,s1 sacral spinal cord segment,AS
http://purl.obolibrary.org/obo/UBERON_0007717,sacral subsegment of spinal cord,AS
http://purl.obolibrary.org/obo/UBERON_0004313,distal phalanx of digit of hand 4,AS
http://purl.org/sig/ont/fma/fma6440,first cervical spinal nerve,AS
http://purl.obolibrary.org/obo/UBERON_0001810,nerve plexus,AS
http://purl.obolibrary.org/obo/UBERON_0000956,cerebral cortex,AS
http://purl.org/sig/ont/fma/fma8733,ventral ramus of fifth cervical spinal nerve,AS
http://purl.org/sig/ont/fma/fma7062,ventral ramus of second cervical spinal nerve,AS
http://purl.obolibrary.org/obo/UBERON_0002152,middle cerebellar peduncle,AS
http://purl.org/sig/ont/fma/fma8646,lateral basal segmental artery of left lung,AS
http://purl.org/sig/ont/fma/fma54402,descending branch of hypoglossal nerve,AS
http://purl.obolibrary.org/obo/UBERON_0004212,glomerular capillary,AS
http://purl.obolibrary.org/obo/UBERON_0000059,large intestine,AS
http://purl.obolibrary.org/obo/UBERON_0004203,collecting duct,AS
http://purl.obolibrary.org/obo/UBERON_0004203,collecting duct (cortex),AS
http://purl.obolibrary.org/obo/UBERON_0004639,afferent arteriole,AS
http://purl.obolibrary.org/obo/UBERON_0004639,renal afferent arteriole,AS
http://purl.obolibrary.org/obo/UBERON_0001803,epithelial layer,AS
http://purl.obolibrary.org/obo/UBERON_0010400,spleen trabecular vein,AS
http://purl.obolibrary.org/obo/UBERON_0009041,superficial circumflex iliac artery,AS
http://purl.obolibrary.org/obo/UBERON_0001266,splenic cord,AS
http://purl.obolibrary.org/obo/UBERON_0001597,masseter muscle,AS
http://purl.obolibrary.org/obo/UBERON_0002049,vasculature,AS
http://purl.obolibrary.org/obo/UBERON_0001265,trabeculae,AS
http://purl.obolibrary.org/obo/UBERON_0034713,nerve bundle,AS
http://purl.obolibrary.org/obo/UBERON_0008618,subcostal muscle,AS
http://purl.obolibrary.org/obo/UBERON_0004042,secondary follicle,AS
http://purl.obolibrary.org/obo/UBERON_0001959,white pulp,AS
http://purl.obolibrary.org/obo/UBERON_0003690,sacrum,AS
http://purl.obolibrary.org/obo/UBERON_0000320,mucosa,AS
http://purl.obolibrary.org/obo/UBERON_0008523,infrahyoid muscle,AS
http://purl.obolibrary.org/obo/UBERON_0006470,c8 segment of cervical spinal cord,AS
http://purl.obolibrary.org/obo/UBERON_0003987,hassall's corpuscle,AS
http://purl.obolibrary.org/obo/UBERON_0006447,l5 lumbar spinal cord segment,AS
http://purl.obolibrary.org/obo/UBERON_0007315,internal pudendal artery,AS
http://purl.org/sig/ont/fma/fma44903,lateral proper palmar digital branch of ulnar nerve to little finger,AS
http://purl.obolibrary.org/obo/UBERON_0004605,rib 5,AS
http://purl.org/sig/ont/fma/fma7645,ventral ramus of first thoracic spinal nerve,AS
http://purl.obolibrary.org/obo/UBERON_0019264,gray matter of forebrain,AS
http://purl.obolibrary.org/obo/UBERON_0002028,hindbrain (rhombencephalon),AS
http://purl.obolibrary.org/obo/UBERON_0002629,"inferior frontal gyrus, triangular part",AS
http://purl.obolibrary.org/obo/UBERON_0002091,appendicular skeleton,AS
http://purl.org/sig/ont/fma/fma70929,pancreatic vein,AS
http://purl.obolibrary.org/obo/UBERON_0001072,inferior vena cava,AS
http://purl.obolibrary.org/obo/UBERON_0002070,superior pancreaticoduodenal artery,AS
http://purl.obolibrary.org/obo/UBERON_0003017,substantia innominata,AS
http://purl.obolibrary.org/obo/UBERON_0002590,prepiriform region,AS
http://purl.org/sig/ont/fma/fma54451,branch of hypoglossal nerve to ansa cervicalis,AS
http://purl.obolibrary.org/obo/UBERON_0005203,tracheal submucosal gland,AS
http://purl.org/sig/ont/fma/fma69613,lateral dorsal digital artery of fifth digit of foot,AS
http://purl.obolibrary.org/obo/UBERON_0009040,deep circumflex iliac artery,AS
http://purl.org/sig/ont/fma/fma3860,diagonal branch of left anterior descending artery,AS
http://purl.org/sig/ont/fma/fma3860,left diagonal branch of the left anterior descending artery,AS
http://purl.obolibrary.org/obo/UBERON_0000056,ureter,AS
http://purl.obolibrary.org/obo/UBERON_0012194,superior intercostal vein,AS
http://purl.obolibrary.org/obo/UBERON_0005097,connecting tubule,AS
http://purl.obolibrary.org/obo/UBERON_0013761,cervical cavity,AS
http://purl.org/sig/ont/fma/fma8605,ventral ramus of fifth thoracic spinal nerve,AS
http://purl.obolibrary.org/obo/UBERON_0011016,pyramidalis muscle,AS
http://purl.obolibrary.org/obo/UBERON_0019258,white matter of hindbrain,AS
http://purl.obolibrary.org/obo/UBERON_0005438,coronary sinus,AS
http://purl.obolibrary.org/obo/UBERON_0001872,parietal lobe,AS
http://purl.obolibrary.org/obo/UBERON_0006490,c4 segment of cervical spinal cord,AS
http://purl.obolibrary.org/obo/UBERON_0012319,posterior ethmoidal artery,AS
http://purl.obolibrary.org/obo/UBERON_0001615,transverse facial artery,AS
http://purl.obolibrary.org/obo/UBERON_0010995,deep part of masseter muscle,AS
http://purl.org/sig/ont/fma/fma6243,external branch of superior laryngeal nerve,AS
http://purl.obolibrary.org/obo/UBERON_0002107,liver,AS
http://purl.obolibrary.org/obo/UBERON_0002023,claustrum,AS
http://purl.obolibrary.org/obo/UBERON_0035322,right common iliac artery,AS
http://purl.obolibrary.org/obo/UBERON_0001156,ascending colon,AS
http://purl.org/sig/ont/fma/fma22763,radialis indicis artery,AS
http://purl.org/sig/ont/fma/fma8632,posterior basal segmental artery of right lung,AS
http://purl.org/sig/ont/fma/fma9585,bronchomediastinal lymph trunk,AS
http://purl.obolibrary.org/obo/UBERON_0003724,musculocutaneous nerve,AS
http://purl.obolibrary.org/obo/UBERON_0004646,infraorbital artery,AS
http://purl.obolibrary.org/obo/UBERON_0001631,thoracic duct,AS
http://purl.org/sig/ont/fma/fma11231,recurrent meningeal branch of tenth thoracic spinal nerve,AS
http://purl.obolibrary.org/obo/UBERON_0001411,basilic vein,AS
http://purl.org/sig/ont/fma/fma44692,interosseous nerve of leg,AS
http://purl.obolibrary.org/obo/UBERON_0010421,mantle zone,AS
http://purl.obolibrary.org/obo/UBERON_0002445,ulnare,AS
http://purl.org/sig/ont/fma/fma53431,auditory nerve,AS
http://purl.obolibrary.org/obo/UBERON_0008775,head of fibula,AS
http://purl.org/sig/ont/fma/fma8819,dorsal ramus of ninth thoracic spinal nerve,AS
http://purl.obolibrary.org/obo/UBERON_0001184,renal artery,AS
http://purl.org/sig/ont/fma/fma82561,branch of mylohyoid nerve to anterior belly of digastric,AS
http://purl.obolibrary.org/obo/UBERON_0008488,cremaster muscle,AS
http://purl.obolibrary.org/obo/UBERON_0001253,lamina propria of ureter,AS
http://purl.obolibrary.org/obo/UBERON_0004229,urinary bladder trigone smooth muscle,AS
http://purl.obolibrary.org/obo/UBERON_0013192,ovarian medulla,AS
http://purl.org/sig/ont/fma/fma53426,communicating branch of intermediate nerve with vagus nerve,AS
http://purl.obolibrary.org/obo/UBERON_0011088,collateral ligaments,AS
http://purl.obolibrary.org/obo/UBERON_0002792,lumbar spinal cord,AS
http://purl.org/sig/ont/fma/fma53256,gingival branch of mental nerve,AS
http://purl.obolibrary.org/obo/UBERON_0003335,serosa,AS
http://purl.obolibrary.org/obo/UBERON_0001297,serosa of the uterus,AS
http://purl.obolibrary.org/obo/UBERON_0005271,juxtamedullary cortex,AS
http://purl.org/sig/ont/fma/fma52672,communicating branch of nasociliary nerve with ciliary ganglion,AS
http://purl.obolibrary.org/obo/UBERON_0004615,cervical vertebra 6,AS
http://purl.obolibrary.org/obo/UBERON_0008198,nail plate,AS
http://purl.obolibrary.org/obo/UBERON_0005628,ileal artery,AS
http://purl.obolibrary.org/obo/UBERON_0004536,lymph vasculature,AS
http://purl.obolibrary.org/obo/UBERON_0006345,stapedial artery,AS
http://purl.org/sig/ont/fma/fma3840,posterior descending artery,AS
http://purl.obolibrary.org/obo/UBERON_0001256,wall of urinary bladder,AS
http://purl.obolibrary.org/obo/UBERON_0004928,submucosa,AS
http://purl.obolibrary.org/obo/UBERON_0001680,lacrimal bone,AS
http://purl.org/sig/ont/fma/fma22817,palmar carpal branch of ulnar artery,AS
http://purl.obolibrary.org/obo/UBERON_0006656,deep dorsal vein of penis,AS
http://purl.org/sig/ont/fma/fma53282,auricular branch of posterior auricular nerve,AS
http://purl.org/sig/ont/fma/fma18652,hilum of ovary,AS
http://purl.obolibrary.org/obo/UBERON_0001429,pisiform,AS
http://purl.obolibrary.org/obo/UBERON_0009688,posterior inferior cerebellar artery,AS
http://purl.obolibrary.org/obo/UBERON_0002581,postcentral gyrus,AS
http://purl.org/sig/ont/fma/fma14745,left lumbar artery 4,AS
http://purl.obolibrary.org/obo/UBERON_0004242,bronchial smooth muscle,AS
http://purl.org/sig/ont/fma/fma14776,right gastric artery,AS
http://purl.obolibrary.org/obo/UBERON_0002007,medulla,AS
http://purl.obolibrary.org/obo/UBERON_0001778,ciliary epithelium,AS
http://purl.obolibrary.org/obo/UBERON_0001261,lamina propria of urinary bladder,AS
http://purl.org/sig/ont/fma/fma52638,frontal nerve,AS
http://purl.obolibrary.org/obo/UBERON_0007196,tracheobronchial tree,AS
http://purl.obolibrary.org/obo/UBERON_0002405,immune system of respiratory tract,AS
http://purl.obolibrary.org/obo/UBERON_0011532,pubovaginalis,AS
http://purl.obolibrary.org/obo/UBERON_0006093,precuneus,AS
http://purl.obolibrary.org/obo/UBERON_0001783,optic nerve head,AS
http://purl.obolibrary.org/obo/UBERON_0001004,respiratory system,AS
http://purl.obolibrary.org/obo/UBERON_0005429,papilla of santorini,AS
http://purl.obolibrary.org/obo/UBERON_0005429,accessory pancreatic duct (duct of santorini),AS
http://purl.org/sig/ont/fma/fma5863,coccygeal spinal nerve,AS
http://purl.obolibrary.org/obo/UBERON_0002116,ileum,AS
http://purl.obolibrary.org/obo/UBERON_0000955,brain,AS
http://purl.obolibrary.org/obo/UBERON_0001905,pineal body,AS
http://purl.obolibrary.org/obo/UBERON_0001544,popliteal vein,AS
http://purl.obolibrary.org/obo/UBERON_0001814,brachial plexus,AS
http://purl.obolibrary.org/obo/UBERON_0002134,tricuspid valve,AS
http://purl.obolibrary.org/obo/UBERON_0001622,lacrimal artery,AS
http://purl.obolibrary.org/obo/UBERON_0002190,subcutaneous,AS
http://purl.obolibrary.org/obo/UBERON_0013191,ovarian cortex,AS
http://purl.obolibrary.org/obo/UBERON_0003529,respiratory system lymphatic vessel endothelium,AS
http://purl.obolibrary.org/obo/UBERON_0004331,proximal phalanx of digit of hand 5,AS
http://purl.obolibrary.org/obo/UBERON_0001355,deep femoral artery,AS
http://purl.obolibrary.org/obo/UBERON_0002998,inferior frontal gyrus,AS
http://purl.org/sig/ont/fma/fma52978,infraorbital nerve,AS
http://purl.obolibrary.org/obo/UBERON_0001679,ethmoid bone,AS
http://purl.obolibrary.org/obo/UBERON_0003315,mesenchyme of ovary,AS
http://purl.org/sig/ont/fma/fma9535,myocardium,AS
http://purl.obolibrary.org/obo/UBERON_8410052,light zone,AS
http://purl.org/sig/ont/fma/fma14816,anterior cecal artery,AS
http://purl.obolibrary.org/obo/UBERON_0001380,vastus medialis muscle,AS
http://purl.org/sig/ont/fma/fma44948,posterior brachial cutaneous nerve,AS
http://purl.obolibrary.org/obo/UBERON_0012200,anterior intercostal vein,AS
http://purl.obolibrary.org/obo/UBERON_0007176,superior angle of scapula,AS
http://purl.obolibrary.org/obo/UBERON_0006849,scapula,AS
http://purl.org/sig/ont/fma/fma52675,anterior ethmoidal nerve,AS
http://purl.obolibrary.org/obo/UBERON_0001658,middle temporal vein,AS
http://purl.obolibrary.org/obo/UBERON_0006764,anterior communicating artery,AS
http://purl.obolibrary.org/obo/UBERON_0001624,anterior cerebral artery,AS
http://purl.obolibrary.org/obo/UBERON_0001101,external jugular vein,AS
http://purl.org/sig/ont/fma/fma51238,superior anastomotic vein,AS
http://purl.org/sig/ont/fma/fma52660,lateral branch of supraorbital nerve,AS
http://purl.org/sig/ont/fma/fma3862,left anterior descending artery,AS
http://purl.obolibrary.org/obo/UBERON_0001358,perineal artery,AS
http://purl.obolibrary.org/obo/UBERON_0011309,body of mandible,AS
http://purl.org/sig/ont/fma/fma53378,branch of temporal branch of facial nerve to auricularis superior,AS
http://purl.obolibrary.org/obo/UBERON_8410053,dark zone,AS
http://purl.org/sig/ont/fma/fma21916,vaginal branch of inferior rectal nerve,AS
http://purl.org/sig/ont/fma/fma21120,superficial superior gluteal artery,AS
http://purl.obolibrary.org/obo/UBERON_0001021,nerve,AS
http://purl.obolibrary.org/obo/UBERON_0001259,mucosa of urinary bladder,AS
http://purl.obolibrary.org/obo/UBERON_0008833,great auricular nerve,AS
http://purl.org/sig/ont/fma/fma280080,pancreatic islet capillary,AS
http://purl.obolibrary.org/obo/UBERON_0004621,lumbar vertebra 5,AS
http://purl.org/sig/ont/fma/fma51329,superior choroid vein,AS
http://purl.obolibrary.org/obo/UBERON_0004635,thoracic vertebra 11,AS
http://purl.org/sig/ont/fma/fma8849,dorsal ramus of fourth sacral spinal nerve,AS
http://purl.org/sig/ont/fma/fma16496,femoral branch of genitofemoral nerve,AS
http://purl.obolibrary.org/obo/UBERON_0002655,body of lateral ventricle,AS
http://purl.obolibrary.org/obo/UBERON_0002439,myenteric plexus of auerbach,AS
http://purl.obolibrary.org/obo/UBERON_0001541,medial plantar artery,AS
http://purl.obolibrary.org/obo/UBERON_0001538,posterior tibial artery,AS
http://purl.org/sig/ont/fma/fma6253,branch of recurrent laryngeal nerve to lateral crico-arytenoid,AS
http://purl.obolibrary.org/obo/UBERON_0007121,nerve,AS
http://purl.org/sig/ont/fma/fma6204,diaphragmatic branch of phrenic nerve,AS
http://purl.obolibrary.org/obo/UBERON_0007324,pancreas lobule,AS
http://purl.obolibrary.org/obo/UBERON_0014638,lumbar spinal cord dorsal horn,AS
http://purl.org/sig/ont/fma/fma44971,medial dorsal digital branch of radial nerve to thumb,AS
http://purl.obolibrary.org/obo/UBERON_0001522,flexor carpi ulnaris muscle,AS
http://purl.obolibrary.org/obo/UBERON_0011957,middle hepatic vein,AS
http://purl.obolibrary.org/obo/UBERON_0001125,serratus anterior muscle,AS
http://purl.obolibrary.org/obo/UBERON_0001539,dorsalis pedis artery,AS
http://purl.obolibrary.org/obo/UBERON_0006083,perirhinal gyrus ( rostral part of fugt),AS
http://purl.obolibrary.org/obo/UBERON_0007173,lateral border of scapula,AS
http://purl.obolibrary.org/obo/UBERON_0022356,statum functionalis,AS
http://purl.obolibrary.org/obo/UBERON_0000947,aorta,AS
http://purl.obolibrary.org/obo/UBERON_0001350,coccyx,AS
http://purl.org/sig/ont/fma/fma234912,supraclavicular lymph trunk,AS
http://purl.obolibrary.org/obo/UBERON_0004316,distal phalanx of digit of foot 2,AS
http://purl.org/sig/ont/fma/fma52695,long ciliary nerve to dilatator pupillae,AS
http://purl.org/sig/ont/fma/fma4634,right subcostal artery,AS
http://purl.obolibrary.org/obo/UBERON_8410043,bronchial submucosal gland,AS
http://purl.obolibrary.org/obo/UBERON_0001108,omohyoid muscle,AS
http://purl.obolibrary.org/obo/UBERON_0015880,external iliac lymph node,AS
http://purl.obolibrary.org/obo/UBERON_0001789,outer nuclear layer,AS
http://purl.obolibrary.org/obo/UBERON_0003647,metacarpal bone of digit 3,AS
http://purl.obolibrary.org/obo/UBERON_0014379,adductor hallucis muscle,AS
http://purl.org/sig/ont/fma/fma52731,pterygopalatine nerve,AS
http://purl.obolibrary.org/obo/UBERON_0007614,extensor digiti minimi muscle,AS
http://purl.obolibrary.org/obo/UBERON_0004864,vasculature,AS
http://purl.obolibrary.org/obo/UBERON_0001191,common iliac artery,AS
http://purl.org/sig/ont/fma/fma10953,recurrent meningeal branch of fourth thoracic spinal nerve,AS
http://purl.obolibrary.org/obo/UBERON_0004288,skeleton,AS
http://purl.obolibrary.org/obo/UBERON_0002163,inferior cerebellar peduncle,AS
http://purl.obolibrary.org/obo/UBERON_0002265,olfactory tract,AS
http://purl.obolibrary.org/obo/UBERON_0011192,superior ophthalmic vein,AS
http://purl.obolibrary.org/obo/UBERON_0002097,skin,AS
http://purl.obolibrary.org/obo/UBERON_0005742,adventitia,AS
http://purl.obolibrary.org/obo/UBERON_0001759,vagus nerve,AS
http://purl.obolibrary.org/obo/UBERON_0006459,t3 segment of thoracic spinal cord,AS
http://purl.obolibrary.org/obo/UBERON_0001232,collecting duct,AS
http://purl.obolibrary.org/obo/UBERON_0001232,tubules,AS
http://purl.obolibrary.org/obo/UBERON_0004614,cervical vertebra 5,AS
http://purl.obolibrary.org/obo/UBERON_0010990,transversospinales muscle,AS
http://purl.obolibrary.org/obo/UBERON_0003988,corticomedullary boundary of thymus,AS
http://purl.obolibrary.org/obo/UBERON_0003984,infundibulum of fallopian tube,AS
http://purl.obolibrary.org/obo/UBERON_0004241,main bronchus smooth muscle,AS
http://purl.org/sig/ont/fma/fma8770,ventral ramus of fourth lumbar spinal nerve,AS
http://purl.org/sig/ont/fma/fma81355,branch of thoracodorsal nerve to latissimus dorsi (1),AS
http://purl.obolibrary.org/obo/UBERON_0004703,dorsal thalamus,AS
http://purl.obolibrary.org/obo/UBERON_0001536,left common carotid artery,AS
http://purl.org/sig/ont/fma/fma14929,inferior duodenum,AS
http://purl.obolibrary.org/obo/UBERON_0004647,hepatic lobule,AS
http://purl.obolibrary.org/obo/UBERON_0009095,papillary tip,AS
http://purl.obolibrary.org/obo/UBERON_0005170,granulosa cell layer,AS
http://purl.obolibrary.org/obo/UBERON_0014772,lateral palpebral artery,AS
http://purl.obolibrary.org/obo/UBERON_0007830,pelvic girdle bone/zone,AS
http://purl.obolibrary.org/obo/UBERON_1000023,splenic pulp,AS
http://purl.obolibrary.org/obo/UBERON_0002333,pulmonary trunk,AS
http://purl.obolibrary.org/obo/UBERON_0006451,l4 lumbar spinal cord segment,AS
http://purl.obolibrary.org/obo/UBERON_0007716,lumbar subsegment of spinal cord,AS
http://purl.obolibrary.org/obo/UBERON_0007146,posterior spinal artery,AS
http://purl.obolibrary.org/obo/UBERON_0001535,vertebral artery,AS
http://purl.obolibrary.org/obo/UBERON_0012398,circular muscle layer,AS
http://purl.obolibrary.org/obo/UBERON_0001496,ascending aorta,AS
http://purl.org/sig/ont/fma/fma71534,princeps pollicis artery,AS
http://purl.obolibrary.org/obo/UBERON_0001960,periarteriolar lymphoid sheath (pals),AS
http://purl.org/sig/ont/fma/fma66048,branch of sacral nerve plexus to levator ani,AS
http://purl.org/sig/ont/fma/fma15420,anterior superior segmental branch of right hepatic portal vein,AS
http://purl.obolibrary.org/obo/UBERON_0001255,urinary bladder,AS
http://purl.obolibrary.org/obo/UBERON_0001529,brachiocephalic artery,AS
http://purl.org/sig/ont/fma/fma4183,anterior radicular artery,AS
http://purl.org/sig/ont/fma/fma4183,artery of adamkiewicz,AS
http://purl.org/sig/ont/fma/fma7068,ventral ramus of first sacral spinal nerve,AS
http://purl.org/sig/ont/fma/fma8782,ventral ramus of fourth sacral spinal nerve,AS
http://purl.org/sig/ont/fma/fma8806,dorsal ramus of fifth thoracic spinal nerve,AS
http://purl.obolibrary.org/obo/UBERON_0004336,proximal phalanx of digit of foot 5,AS
http://purl.obolibrary.org/obo/UBERON_0014768,superior palpebral vein,AS
http://purl.obolibrary.org/obo/UBERON_0001314,obturator artery,AS
http://purl.org/sig/ont/fma/fma4146,superior left bronchial artery,AS
http://purl.obolibrary.org/obo/UBERON_0002456,internal thoracic artery,AS
http://purl.obolibrary.org/obo/UBERON_0010181,straight venule of kidney,AS
http://purl.obolibrary.org/obo/UBERON_0004719,arcuate renal vein,AS
http://purl.obolibrary.org/obo/UBERON_0014686,angular vein,AS
http://purl.obolibrary.org/obo/UBERON_0001476,deltoid muscle,AS
http://purl.obolibrary.org/obo/UBERON_0002738,cingulo-parahippocampal isthmus,AS
http://purl.org/sig/ont/fma/fma8730,ventral ramus of sixth cervical spinal nerve,AS
http://purl.org/sig/ont/fma/fma11233,recurrent meningeal branch of twelfth thoracic spinal nerve,AS
http://purl.obolibrary.org/obo/UBERON_0008895,splanchnocranium,AS
http://purl.org/sig/ont/fma/fma17561,fundus of uterus,AS
http://purl.obolibrary.org/obo/UBERON_0001374,biceps femoris muscle,AS
http://purl.obolibrary.org/obo/UBERON_0001450,calcaneus,AS
http://purl.obolibrary.org/obo/UBERON_0005463,subcapsular sinus,AS
http://purl.obolibrary.org/obo/UBERON_0002367,prostate gland,AS
http://purl.obolibrary.org/obo/UBERON_0002367,prostate,AS
http://purl.obolibrary.org/obo/UBERON_0004645,urinary bladder urothelium,AS
http://purl.obolibrary.org/obo/UBERON_0007837,thoracic spinal cord ventral commissure,AS
http://purl.obolibrary.org/obo/UBERON_0003038,thoracic spinal cord,AS
http://purl.obolibrary.org/obo/UBERON_0004335,proximal phalanx of digit of foot 4,AS
http://purl.org/sig/ont/fma/fma44595,lateral tarsal artery,AS
http://purl.obolibrary.org/obo/UBERON_0001386,extensor digitorum longus muscle,AS
http://purl.org/sig/ont/fma/fma6702,upper branch of internal laryngeal nerve to epiglottis,AS
http://purl.obolibrary.org/obo/UBERON_0001633,basilar artery,AS
http://purl.obolibrary.org/obo/UBERON_0004193,loop of henle (thin limb),AS
http://purl.org/sig/ont/fma/fma70921,lateral femoral circumflex vein,AS
http://purl.org/sig/ont/fma/fma70778,long posterior ciliary artery,AS
http://purl.org/sig/ont/fma/fma4880,right posterior intercostal vein 2,AS
http://purl.obolibrary.org/obo/UBERON_0001589,internal thoracic vein,AS
http://purl.obolibrary.org/obo/UBERON_0002016,pulmonary vein,AS
http://purl.org/sig/ont/fma/fma21200,pubic vein,AS
http://purl.obolibrary.org/obo/UBERON_0002079,left atrium,AS
http://purl.obolibrary.org/obo/UBERON_0004312,distal phalanx of digit of hand 3,AS
http://purl.obolibrary.org/obo/UBERON_0001526,extensor carpi ulnaris muscle,AS
http://purl.obolibrary.org/obo/UBERON_0001773,sclera,AS
http://purl.obolibrary.org/obo/UBERON_0001315,superior gluteal artery,AS
http://purl.obolibrary.org/obo/UBERON_0006323,superior rectus extraocular muscle,AS
http://purl.org/sig/ont/fma/fma31933,right bronchial artery,AS
http://purl.obolibrary.org/obo/UBERON_0003902,retinal neural layer,AS
http://purl.obolibrary.org/obo/UBERON_0001683,zygomatic bone,AS
http://purl.obolibrary.org/obo/UBERON_0019202,inferior gemellus muscle,AS
http://purl.obolibrary.org/obo/UBERON_0001543,popliteal lymph node,AS
http://purl.obolibrary.org/obo/UBERON_0001652,left pulmonary artery,AS
http://purl.obolibrary.org/obo/UBERON_0001095,caudal vertebra,AS
http://purl.obolibrary.org/obo/UBERON_0001342,mesovarium,AS
http://purl.obolibrary.org/obo/UBERON_0015173,arcuate artery of uterus,AS
http://purl.org/sig/ont/fma/fma53250,mental nerve,AS
http://purl.obolibrary.org/obo/UBERON_0001900,ventral thalamus,AS
http://purl.obolibrary.org/obo/UBERON_0001521,flexor carpi radialis muscle,AS
http://purl.obolibrary.org/obo/UBERON_0012271,major duodenal papilla,AS
http://purl.obolibrary.org/obo/UBERON_0012249,ectocervix,AS
http://purl.obolibrary.org/obo/UBERON_0013767,frontal process of maxilla,AS
http://purl.obolibrary.org/obo/UBERON_0001109,sternothyroid muscle,AS
http://purl.org/sig/ont/fma/fma23179,circumflex scapular artery,AS
http://purl.obolibrary.org/obo/UBERON_8410071,subcapsular sinus ceiling,AS
http://purl.obolibrary.org/obo/UBERON_0014904,intersegmental pulmonary vein,AS
http://purl.obolibrary.org/obo/UBERON_0004327,middle phalanx of digit of foot 5,AS
http://purl.org/sig/ont/fma/fma43905,anterior medial malleolar artery,AS
http://purl.obolibrary.org/obo/UBERON_0022264,optic radiation,AS
http://purl.obolibrary.org/obo/UBERON_0019261,white matter of forebrain,AS
http://purl.obolibrary.org/obo/UBERON_0004041,primary follicle,AS
http://purl.org/sig/ont/fma/fma71749,central axillary lymph node,AS
http://purl.obolibrary.org/obo/UBERON_0004184,prostate stroma,AS
http://purl.obolibrary.org/obo/UBERON_0002397,maxilla,AS
http://purl.obolibrary.org/obo/UBERON_0004320,middle phalanx of digit of hand 2,AS
http://purl.obolibrary.org/obo/UBERON_0001322,sciatic nerve,AS
http://purl.obolibrary.org/obo/UBERON_0005353,perifollicular zone,AS
http://purl.obolibrary.org/obo/UBERON_0014610,thoracic spinal cord ventral horn,AS
http://purl.obolibrary.org/obo/UBERON_0002291,central canal of medulla oblongata,AS
http://purl.obolibrary.org/obo/UBERON_0001987,placenta,AS
http://purl.obolibrary.org/obo/UBERON_0004200,renal pyramid,AS
http://purl.obolibrary.org/obo/UBERON_0002088,lateral thoracic vein,AS
http://purl.obolibrary.org/obo/UBERON_0002422,fourth ventricle,AS
http://purl.obolibrary.org/obo/UBERON_0022277,hepatic flexure,AS
http://purl.obolibrary.org/obo/UBERON_0035180,sigmoid artery,AS
http://purl.obolibrary.org/obo/UBERON_0001183,inferior mesenteric artery,AS
http://purl.org/sig/ont/fma/fma3902,left obtuse marginal branch of the left coronary artery,AS
http://purl.obolibrary.org/obo/UBERON_0001317,internal iliac vein,AS
http://purl.obolibrary.org/obo/UBERON_0000981,femur,AS
http://purl.org/sig/ont/fma/fma8602,ventral ramus of second thoracic spinal nerve,AS
http://purl.org/sig/ont/fma/fma81286,posterior branch of axillary nerve,AS
http://purl.obolibrary.org/obo/UBERON_0001399,deep brachial artery,AS
http://purl.obolibrary.org/obo/UBERON_0002027,stratum corneum (sc),AS
http://purl.obolibrary.org/obo/UBERON_0002289,ventricle of midbrain (cerebral aqueduct),AS
http://purl.org/sig/ont/fma/fma65567,ventral ramus of twelfth thoracic spinal nerve,AS
http://purl.obolibrary.org/obo/UBERON_0003682,palatal muscle,AS
http://purl.obolibrary.org/obo/UBERON_0000383,muscular system,AS
http://purl.obolibrary.org/obo/UBERON_0001537,anterior tibial artery,AS
http://purl.obolibrary.org/obo/UBERON_0001603,lateral rectus extra-ocular muscle,AS
http://purl.org/sig/ont/fma/fma52625,tentorial nerve,AS
http://purl.obolibrary.org/obo/UBERON_0002570,medial orbital gyrus,AS
http://purl.obolibrary.org/obo/UBERON_0002114,duodenum,AS
http://purl.obolibrary.org/obo/UBERON_0035529,left common iliac artery,AS
http://purl.obolibrary.org/obo/UBERON_0006137,proper palmar digital artery,AS
http://purl.org/sig/ont/fma/fma49669,frontal branch of superficial temporal artery,AS
http://purl.obolibrary.org/obo/UBERON_0003712,cavernous sinus,AS
http://purl.obolibrary.org/obo/UBERON_0003712,cavernous sinus #2,AS
http://purl.obolibrary.org/obo/UBERON_0004323,middle phalanx of digit of hand 5,AS
http://purl.org/sig/ont/fma/fma6171,third thoracic spinal nerve,AS
http://purl.obolibrary.org/obo/UBERON_0026293,thoracic spinal cord gray commissure,AS
http://purl.obolibrary.org/obo/UBERON_0014636,thoracic spinal cord gray matter,AS
http://purl.obolibrary.org/obo/UBERON_0002108,small intestine,AS
http://purl.obolibrary.org/obo/UBERON_0005750,parietal epithelial layer,AS
http://purl.obolibrary.org/obo/UBERON_0000442,right testicular vein,AS
http://purl.obolibrary.org/obo/UBERON_0000975,sternum,AS
http://purl.obolibrary.org/obo/UBERON_0001530,common carotid artery,AS
http://purl.org/sig/ont/fma/fma68847,basal segmental arterial trunk of right lung,AS
http://purl.obolibrary.org/obo/UBERON_0001602,medial rectus extraocular muscle,AS
http://purl.obolibrary.org/obo/UBERON_0011022,flexor hallucis brevis muscle,AS
http://purl.obolibrary.org/obo/UBERON_0010396,afferent lymphatic vessel,AS
http://purl.obolibrary.org/obo/UBERON_0004672,posterior horn of lateral ventricle,AS
http://purl.obolibrary.org/obo/UBERON_0003648,metacarpal bone of digit 4,AS
http://purl.org/sig/ont/fma/fma11226,recurrent meningeal branch of coccygeal spinal nerve,AS
http://purl.obolibrary.org/obo/UBERON_0002384,fibroconnective tissue,AS
http://purl.obolibrary.org/obo/UBERON_0002384,interlobular connective tissue,AS
http://purl.obolibrary.org/obo/UBERON_0002384,connective tissue,AS
http://purl.org/sig/ont/fma/fma53425,cmmunicating branch of intermediate nerve with tympanic plexus,AS
http://purl.obolibrary.org/obo/UBERON_0001128,sternocleidomastoid muscle,AS
http://purl.obolibrary.org/obo/UBERON_0001614,superficial temporal artery,AS
http://purl.org/sig/ont/fma/fma6210,peritoneal branch of diaphragmatic branch of phrenic nerve,AS
http://purl.obolibrary.org/obo/UBERON_0002451,endometrial gland,AS
http://purl.obolibrary.org/obo/UBERON_0001219,ileocolic vein,AS
http://purl.obolibrary.org/obo/UBERON_0001138,superior mesenteric vein,AS
http://purl.org/sig/ont/fma/fma7079,dorsal ramus of first sacral spinal nerve,AS
http://purl.org/sig/ont/fma/fma22584,medial superior genicular artery,AS
http://purl.obolibrary.org/obo/UBERON_0006466,t10 thoracic spinal cord segment,AS
http://purl.org/sig/ont/fma/fma80279,branch of median nerve to abductor pollicis brevis,AS
http://purl.obolibrary.org/obo/UBERON_0006456,t8 segment of thoracic spinal cord,AS
http://purl.obolibrary.org/obo/UBERON_0000317,mucosa,AS
http://purl.obolibrary.org/obo/UBERON_0001410,common palmar digital artery,AS
http://purl.org/sig/ont/fma/fma81171,nerve proper to obturator internus,AS
http://purl.obolibrary.org/obo/UBERON_0001944,pretectal region,AS
http://purl.obolibrary.org/obo/UBERON_0001013,adipose tissue,AS
http://purl.org/sig/ont/fma/fma8627,superior segmental artery of right lung,AS
http://purl.obolibrary.org/obo/UBERON_0001661,deep temporal vein,AS
http://purl.obolibrary.org/obo/UBERON_0002345,descending thoracic aorta,AS
http://purl.obolibrary.org/obo/UBERON_0004311,distal phalanx of digit of hand 2,AS
http://purl.obolibrary.org/obo/UBERON_0001901,tracheal epithelium,AS
http://purl.obolibrary.org/obo/UBERON_0004617,lumbar vertebra 1,AS
http://purl.obolibrary.org/obo/UBERON_0002414,lumbar vertebra,AS
http://purl.obolibrary.org/obo/UBERON_0001627,middle cerebral artery,AS
http://purl.org/sig/ont/fma/fma70438,supraduodenal artery,AS
http://purl.org/sig/ont/fma/fma14747,left inferior phrenic artery,AS
http://purl.org/sig/ont/fma/fma53417,greater superficial petrosal branch of facial nerve,AS
http://purl.obolibrary.org/obo/UBERON_0005897,hand bone,AS
http://purl.obolibrary.org/obo/UBERON_0014611,apex of thoracic spinal cord dorsal horn,AS
http://purl.obolibrary.org/obo/UBERON_0014609,thoracic spinal cord dorsal horn,AS
http://purl.obolibrary.org/obo/UBERON_0001673,central retinal vein,AS
http://purl.obolibrary.org/obo/UBERON_0008597,depressor anguli oris muscle,AS
http://purl.org/sig/ont/fma/fma8779,ventral ramus of third sacral spinal nerve,AS
http://purl.obolibrary.org/obo/UBERON_0001523,flexor digitorum profundus muscle,AS
http://purl.org/sig/ont/fma/fma44034,communicating branch of fibular artery,AS
http://purl.org/sig/ont/fma/fma53357,branch of lower deep buccal branch of facial nerve to buccinator,AS
http://purl.obolibrary.org/obo/UBERON_0007769,preoptic region,AS
http://purl.obolibrary.org/obo/UBERON_0001616,maxillary artery,AS
http://purl.obolibrary.org/obo/UBERON_0001070,external carotid artery,AS
http://purl.org/sig/ont/fma/fma20625,internal oblique branch of hypogastric branch of iliohypogastric nerve,AS
http://purl.org/sig/ont/fma/fma54421,meningeal branch of hypoglossal nerve to anterior wall of posterior cranial fossa,AS
http://purl.obolibrary.org/obo/UBERON_0001791,inner nuclear layer,AS
http://purl.obolibrary.org/obo/UBERON_0002113,kidney,AS
http://purl.obolibrary.org/obo/UBERON_0005481,straight sinus,AS
http://purl.obolibrary.org/obo/UBERON_0010853,capitulum of humerus,AS
http://purl.obolibrary.org/obo/UBERON_0004689,nasofrontal vein,AS
http://purl.obolibrary.org/obo/UBERON_0002623,cerebral peduncle,AS
http://purl.org/sig/ont/fma/fma44630,calcaneal branch of fibular artery,AS
http://purl.org/sig/ont/fma/fma4452,left posterior intercostal artery 5,AS
http://purl.org/sig/ont/fma/fma77439,artery of central sulcus,AS
http://purl.org/sig/ont/fma/fma82628,nerve to inferior longitudinal muscle of tongue,AS
http://purl.obolibrary.org/obo/UBERON_0006491,c5 segment of cervical spinal cord,AS
http://purl.org/sig/ont/fma/fma50437,prefrontal artery,AS
http://purl.obolibrary.org/obo/UBERON_0016493,palmaris longus muscle,AS
http://purl.obolibrary.org/obo/UBERON_0002973,parahippocampal gyrus,AS
http://purl.org/sig/ont/fma/fma15419,anterior branch of right hepatic portal vein,AS
http://purl.org/sig/ont/fma/fma15419,anterior branch of right hepatic portal vein #2,AS
http://purl.obolibrary.org/obo/UBERON_0002382,rectus abdominis muscle,AS
http://purl.org/sig/ont/fma/fma53215,superficial temporal branch of auriculotemporal nerve,AS
http://purl.org/sig/ont/fma/fma70480,posterior inferior pancreaticoduodenal artery,AS
http://purl.obolibrary.org/obo/UBERON_0006632,musculophrenic artery,AS
http://purl.obolibrary.org/obo/UBERON_0001575,extrinsic tongue muscle,AS
http://purl.org/sig/ont/fma/fma44833,nerve to radio-carpal joint,AS
http://purl.org/sig/ont/fma/fma52659,medial branch of supraorbital nerve,AS
http://purl.obolibrary.org/obo/UBERON_0013702,body,AS
http://purl.obolibrary.org/obo/UBERON_0014612,substantia gelatinosa of thoracic spinal cord dorsal horn,AS
http://purl.org/sig/ont/fma/fma8773,ventral ramus of fifth lumbar spinal nerve,AS
http://purl.org/sig/ont/fma/fma6237,vagal branch to carotid body,AS
http://purl.org/sig/ont/fma/fma8606,ventral ramus of sixth thoracic spinal nerve,AS
http://purl.obolibrary.org/obo/UBERON_0003331,submucosa,AS
http://purl.org/sig/ont/fma/fma52967,zygomatic nerve,AS
http://purl.org/sig/ont/fma/fma49809,posterior septal branch of sphenopalatine artery,AS
http://purl.obolibrary.org/obo/UBERON_0001648,vestibulocochlear nerve,AS
http://purl.obolibrary.org/obo/UBERON_0007119,neck of femur,AS
http://purl.obolibrary.org/obo/UBERON_0004620,lumbar vertebra 4,AS
http://purl.org/sig/ont/fma/fma44768,fifth common plantar digital nerve,AS
http://purl.obolibrary.org/obo/UBERON_0003604,tracheal cartilage,AS
http://purl.obolibrary.org/obo/UBERON_0003604,trachea cartilage,AS
http://purl.obolibrary.org/obo/UBERON_0002651,anterior horn of lateral ventricle,AS
http://purl.obolibrary.org/obo/UBERON_0003250,rectus capitis lateralis muscle,AS
http://purl.obolibrary.org/obo/UBERON_0001585,superior vena cava,AS
http://purl.obolibrary.org/obo/UBERON_0014632,apex of lumbar spinal cord dorsal horn,AS
http://purl.obolibrary.org/obo/UBERON_0004911,epithelium of female gonad,AS
http://purl.obolibrary.org/obo/UBERON_0010401,periarteriolar lymphoid sheath (pals),AS
http://purl.obolibrary.org/obo/UBERON_0010401,spleen central arteriole,AS
http://purl.obolibrary.org/obo/UBERON_0001264,pancreas,AS
http://purl.obolibrary.org/obo/UBERON_0002115,jejunum,AS
http://purl.obolibrary.org/obo/UBERON_0007106,chorionic villous,AS
http://purl.obolibrary.org/obo/UBERON_0001285,nephron,AS
http://purl.obolibrary.org/obo/UBERON_0009654,alveolar artery,AS
http://purl.org/sig/ont/fma/fma65334,lateral muscular branch of radial nerve to brachioradialis,AS
http://purl.obolibrary.org/obo/UBERON_0012237,superior phrenic vein,AS
http://purl.org/sig/ont/fma/fma52925,branch of lesser palatine nerve to soft palate,AS
http://purl.org/sig/ont/fma/fma8724,ventral ramus of eighth cervical spinal nerve,AS
http://purl.obolibrary.org/obo/UBERON_0003387,smooth muscle of trachea,AS
http://purl.obolibrary.org/obo/UBERON_0001533,subclavian artery,AS
http://purl.org/sig/ont/fma/fma49506,inferior tympanic artery,AS
http://purl.obolibrary.org/obo/UBERON_0005452,hepatic plate,AS
http://purl.obolibrary.org/obo/UBERON_0001601,extra-ocular muscle,AS
http://purl.org/sig/ont/fma/fma8834,dorsal ramus of third lumbar spinal nerve,AS
http://purl.org/sig/ont/fma/fma14966,terminal ileum,AS
http://purl.obolibrary.org/obo/UBERON_0002051,epithelium of bronchiole,AS
http://purl.obolibrary.org/obo/UBERON_0004329,proximal phalanx of digit of hand 3,AS
http://purl.org/sig/ont/fma/fma20578,muscular branch of lumbar nerve plexus to quadratus lumborum,AS
http://purl.obolibrary.org/obo/UBERON_0001677,sphenoid bone,AS
http://purl.obolibrary.org/obo/UBERON_0004636,thoracic vertebra 12,AS
http://purl.obolibrary.org/obo/UBERON_0001549,dorsal metatarsal vein,AS
http://purl.org/sig/ont/fma/fma8813,dorsal ramus of seventh thoracic spinal nerve,AS
http://purl.obolibrary.org/obo/UBERON_0001327,coccygeus muscle,AS
http://purl.org/sig/ont/fma/fma80206,nerve to gluteus maximus (1),AS
http://purl.obolibrary.org/obo/UBERON_0006144,medial plantar vein,AS
http://purl.obolibrary.org/obo/UBERON_0001003,skin,AS
http://purl.obolibrary.org/obo/UBERON_0001003,epidermis,AS
http://purl.obolibrary.org/obo/UBERON_0001363,great saphenous vein,AS
http://purl.org/sig/ont/fma/fma52805,lesser palatine nerve,AS
http://purl.org/sig/ont/fma/fma18911,inferior gluteal vein,AS
http://purl.org/sig/ont/fma/fma22914,superficial palmar venous arch,AS
http://purl.obolibrary.org/obo/UBERON_0002339,lobar bronchial epithelium,AS
http://purl.obolibrary.org/obo/UBERON_0001584,left subclavian artery,AS
http://purl.obolibrary.org/obo/UBERON_0001639,hepatic portal vein,AS
http://purl.obolibrary.org/obo/UBERON_0001639,hepatic portal vein #2,AS
http://purl.obolibrary.org/obo/UBERON_0007228,vestibular nuclei,AS
http://purl.obolibrary.org/obo/UBERON_0005009,mucosa of trigone of urinary bladder,AS
http://purl.org/sig/ont/fma/fma53483,communicating branch of glossopharyngeal nerve with auricular branch of vagus nerve,AS
http://purl.obolibrary.org/obo/UBERON_0003920,venous blood vessel ,AS
http://purl.obolibrary.org/obo/UBERON_0006198,supreme intercostal artery,AS
http://purl.obolibrary.org/obo/UBERON_0001454,distal tarsal bone 3,AS
http://purl.obolibrary.org/obo/UBERON_0003124,chorion membrane,AS
http://purl.obolibrary.org/obo/UBERON_0006092,cuneus,AS
http://purl.obolibrary.org/obo/UBERON_0002509,mesenteric lymph node,AS
http://purl.obolibrary.org/obo/UBERON_0001642,superior sagittal sinus,AS
http://purl.org/sig/ont/fma/fma8816,dorsal ramus of eighth thoracic spinal nerve,AS
http://purl.org/sig/ont/fma/fma69797,anterior division of internal iliac artery,AS
http://purl.org/sig/ont/fma/fma6715,esophageal branch of anterior vagal trunk,AS
http://purl.org/sig/ont/fma/fma53298,stylohyoid branch of facial nerve,AS
http://purl.org/sig/ont/fma/fma53310,buccal branch of facial nerve,AS
http://purl.obolibrary.org/obo/UBERON_0011820,atrioventricular junction,AS
http://purl.obolibrary.org/obo/UBERON_0001769,iris,AS
http://purl.obolibrary.org/obo/UBERON_0001516,abdominal aorta,AS
http://purl.org/sig/ont/fma/fma78705,branch of sacral nerve plexus to quadratus femoris,AS
http://purl.obolibrary.org/obo/UBERON_0008464,abductor hallucis muscle,AS
http://purl.obolibrary.org/obo/UBERON_0001493,axillary nerve,AS
http://purl.obolibrary.org/obo/UBERON_0001340,dorsal artery of penis,AS
http://purl.obolibrary.org/obo/UBERON_0009883,medullary ray,AS
http://purl.obolibrary.org/obo/UBERON_0000348,ophthalmic nerve,AS
http://purl.obolibrary.org/obo/UBERON_0001093,cervical vertebra 2,AS
http://purl.obolibrary.org/obo/UBERON_0003651,metatarsal bone of digit 2,AS
http://purl.obolibrary.org/obo/UBERON_0003460,arm bone,AS
http://purl.org/sig/ont/fma/fma7076,dorsal ramus of second thoracic spinal nerve,AS
http://purl.org/sig/ont/fma/fma53349,nerve to zygomaticus major,AS
http://purl.obolibrary.org/obo/UBERON_0004641,capsule,AS
http://purl.obolibrary.org/obo/UBERON_0002018,synovial membrane,AS
http://purl.obolibrary.org/obo/UBERON_0014690,left gastric vein,AS
http://purl.obolibrary.org/obo/UBERON_0001139,common iliac vein,AS
http://purl.org/sig/ont/fma/fma44793,dorsal digital nerve of foot,AS
http://purl.org/sig/ont/fma/fma44938,dorsal digital branch of ulnar nerve to ring finger,AS
http://purl.org/sig/ont/fma/fma8828,dorsal ramus of twelfth thoracic spinal nerve,AS
http://purl.obolibrary.org/obo/UBERON_0002094,septum,AS
http://purl.obolibrary.org/obo/UBERON_0001335,prostatic urethra,AS
http://purl.obolibrary.org/obo/UBERON_0002069,stratum granulosum (sg),AS
http://purl.obolibrary.org/obo/UBERON_0004848,respiratory system arterial endothelium,AS
http://purl.obolibrary.org/obo/UBERON_0002426,chest muscle,AS
http://purl.obolibrary.org/obo/UBERON_0002137,aortic valve,AS
http://purl.obolibrary.org/obo/UBERON_0007329,pancreatic ductal tree,AS
http://purl.org/sig/ont/fma/fma70501,anterior inferior segmental renal artery,AS
http://purl.obolibrary.org/obo/UBERON_0002270,hyaloid artery,AS
http://purl.obolibrary.org/obo/UBERON_0001890,forebrain (prosencephalon),AS
http://purl.obolibrary.org/obo/UBERON_0007178,muscularis mucosa,AS
http://purl.obolibrary.org/obo/UBERON_0001564,mylohyoid muscle,AS
http://purl.org/sig/ont/fma/fma14787,dorsal pancreatic artery,AS
http://purl.obolibrary.org/obo/UBERON_0006458,t2 segment of thoracic spinal cord,AS
http://purl.org/sig/ont/fma/fma10652,anterior intercostal artery 1,AS
http://purl.obolibrary.org/obo/UBERON_0001257,trigone of urinary bladder,AS
http://purl.obolibrary.org/obo/UBERON_0002461,anterior abdominal wall muscle,AS
http://purl.obolibrary.org/obo/UBERON_0034927,arcuate artery of foot,AS
http://purl.obolibrary.org/obo/UBERON_0014607,thoracic spinal cord lateral horn,AS
http://purl.org/sig/ont/fma/fma49477,sternocleidomastoid branch of superior thyroid artery,AS
http://purl.org/sig/ont/fma/fma49477,sternocleidomastoid artery,AS
http://purl.org/sig/ont/fma/fma49911,right inferior pulmonary vein,AS
http://purl.obolibrary.org/obo/UBERON_0002056,inferior suprarenal artery,AS
http://purl.obolibrary.org/obo/UBERON_0000970,eye,AS
http://purl.org/sig/ont/fma/fma79913,nerve to flexor digiti minimi brevis of foot,AS
http://purl.obolibrary.org/obo/UBERON_0001874,putamen,AS
http://purl.obolibrary.org/obo/UBERON_0002195,trabeculae,AS
http://purl.org/sig/ont/fma/fma14319,suprascapular vein,AS
http://purl.obolibrary.org/obo/UBERON_0001064,main pancreatic duct (duct of wirsung),AS
http://purl.obolibrary.org/obo/UBERON_0001309,internal iliac artery,AS
http://purl.obolibrary.org/obo/UBERON_0002688,supramarginal gyrus,AS
http://purl.obolibrary.org/obo/UBERON_0008609,transversus menti muscle,AS
http://purl.obolibrary.org/obo/UBERON_0005435,cisterna chyli,AS
http://purl.obolibrary.org/obo/UBERON_0035829,right gastroepiploic artery,AS
http://purl.obolibrary.org/obo/UBERON_0011390,pudendal nerve,AS
http://purl.obolibrary.org/obo/UBERON_0003265,chorionic mesoderm,AS
http://purl.obolibrary.org/obo/UBERON_0001290,proximal straight tubule segment 3,AS
http://purl.org/sig/ont/fma/fma44724,lateral plantar nerve,AS
http://purl.obolibrary.org/obo/UBERON_0002989,anconeus muscle,AS
http://purl.obolibrary.org/obo/UBERON_0003342,mucosa,AS
http://purl.org/sig/ont/fma/fma8793,dorsal ramus of fifth cervical spinal nerve,AS
http://purl.obolibrary.org/obo/UBERON_0002380,trapezius muscle,AS
http://purl.obolibrary.org/obo/UBERON_0000159,transitional anal canal,AS
http://purl.obolibrary.org/obo/UBERON_0000159,distal anal canal,AS
http://purl.obolibrary.org/obo/UBERON_0000159,proximal anal canal,AS
http://purl.obolibrary.org/obo/UBERON_0001395,thoracoacromial artery,AS
http://purl.org/sig/ont/fma/fma23067,deltoid branch of thoracoacromial artery,AS
http://purl.obolibrary.org/obo/UBERON_0013644,duodenal ampulla,AS
http://purl.obolibrary.org/obo/UBERON_0002947,frontal operculum,AS
http://purl.obolibrary.org/obo/UBERON_0010399,spleen trabecular artery,AS
http://purl.obolibrary.org/obo/UBERON_0000482,basal lamina,AS
http://purl.obolibrary.org/obo/UBERON_0000482,basal epithelium,AS
http://purl.obolibrary.org/obo/UBERON_0015482,right hepatic artery,AS
http://purl.org/sig/ont/fma/fma52646,branch of supratrochlear nerve to conjunctiva,AS
http://purl.org/sig/ont/fma/fma53056,branch of mandibular nerve to medial pterygoid,AS
http://purl.obolibrary.org/obo/UBERON_0001594,azygos vein,AS
http://purl.obolibrary.org/obo/UBERON_0005096,descending thin limb of loop of henle,AS
http://purl.org/sig/ont/fma/fma54405,branch of hypoglossal nerve to styloglossus,AS
http://purl.obolibrary.org/obo/UBERON_0002370,thymus,AS
http://purl.obolibrary.org/obo/UBERON_0002370,thoracic thymus,AS
http://purl.obolibrary.org/obo/UBERON_0001369,iliacus muscle,AS
http://purl.obolibrary.org/obo/UBERON_0003654,metatarsal bone of digit 5,AS
http://purl.org/sig/ont/fma/fma16482,iliohypogastric nerve,AS
http://purl.obolibrary.org/obo/UBERON_0006958,great cardiac vein,AS
http://purl.obolibrary.org/obo/UBERON_0001357,inferior rectal artery,AS
http://purl.obolibrary.org/obo/UBERON_0001641,transverse sinus,AS
http://purl.org/sig/ont/fma/fma53518,lingual branch of glossopharyngeal nerve to postsulcal part of tongue,AS
http://purl.obolibrary.org/obo/UBERON_0008886,pulmonary vascular system,AS
http://purl.obolibrary.org/obo/UBERON_0001379,vastus lateralis muscle,AS
http://purl.org/sig/ont/fma/fma16716,recurrent meningeal branch of fourth sacral spinal nerve,AS
http://purl.obolibrary.org/obo/UBERON_0010373,uncinate process of pancreas,AS
http://purl.org/sig/ont/fma/fma4761,left brachiocephalic vein,AS
http://purl.obolibrary.org/obo/UBERON_0019203,superior gemellus muscle,AS
http://purl.obolibrary.org/obo/UBERON_0008571,suprahyoid muscle,AS
http://purl.org/sig/ont/fma/fma8617,apical segmental artery of right lung,AS
http://purl.obolibrary.org/obo/UBERON_0002249,median artery,AS
http://purl.obolibrary.org/obo/UBERON_0016632,isthmus of fallopian tube,AS
http://purl.org/sig/ont/fma/fma22684,posterior humeral circumflex artery,AS
http://purl.obolibrary.org/obo/UBERON_0014622,apex of cervical spinal cord dorsal horn,AS
http://purl.obolibrary.org/obo/UBERON_0014620,cervical spinal cord dorsal horn,AS
http://purl.org/sig/ont/fma/fma65650,meningeal branch of fifth cervical nerve,AS
http://purl.org/sig/ont/fma/fma70452,lateral superior segmental branch of left hepatic artery,AS
http://purl.obolibrary.org/obo/UBERON_0004627,thoracic vertebra 2,AS
http://purl.obolibrary.org/obo/UBERON_0001330,pampiniform venous plexus,AS
http://purl.obolibrary.org/obo/UBERON_0001330,pampiniform plexus,AS
http://purl.obolibrary.org/obo/UBERON_0013143,gastrocnemius vein,AS
http://purl.org/sig/ont/fma/fma6248,esophageal branch of recurrent laryngeal nerve,AS
http://purl.obolibrary.org/obo/UBERON_0001308,external iliac artery,AS
http://purl.obolibrary.org/obo/UBERON_0035040,superior rectal artery,AS
http://purl.org/sig/ont/fma/fma22511,articular branch of descending genicular artery,AS
http://purl.org/sig/ont/fma/fma85108,medial proper palmar digital artery of fifth digit of hand,AS
http://purl.obolibrary.org/obo/UBERON_0001943,midbrain tegmentum,AS
http://purl.obolibrary.org/obo/UBERON_0002506,iris epithelium,AS
http://purl.obolibrary.org/obo/UBERON_0002773,rostral (anterior) transverse temporal gyrus,AS
http://purl.org/sig/ont/fma/fma53493,communicating branch of glossopharyngeal nerve with chorda tympani,AS
http://purl.obolibrary.org/obo/UBERON_0002182,extrapulmonary bronchus,AS
http://purl.obolibrary.org/obo/UBERON_0008870,pulmonary alveolar parenchyma,AS
http://purl.obolibrary.org/obo/UBERON_0006564,superficial palmar arch,AS
http://purl.obolibrary.org/obo/UBERON_0006564,superficial palmar arch #2,AS
http://purl.obolibrary.org/obo/UBERON_0010420,mantle zone,AS
http://purl.obolibrary.org/obo/UBERON_0002351,sinoatrial node,AS
http://purl.obolibrary.org/obo/UBERON_0004561,proper palmar digital vein,AS
http://purl.obolibrary.org/obo/UBERON_0015160,supraorbital artery,AS
http://purl.obolibrary.org/obo/UBERON_0000964,cornea,AS
http://purl.obolibrary.org/obo/UBERON_0001251,superficial zone,AS
http://purl.obolibrary.org/obo/UBERON_0002444,lens fibers,AS
http://purl.obolibrary.org/obo/UBERON_0002444,lens fiber,AS
http://purl.obolibrary.org/obo/UBERON_0001907,zona incerta,AS
http://purl.obolibrary.org/obo/UBERON_0000002,uterine cervix,AS
http://purl.obolibrary.org/obo/UBERON_0006320,inferior oblique extraocular muscle,AS
http://purl.obolibrary.org/obo/UBERON_0001643,oculomotor nerve,AS
http://purl.obolibrary.org/obo/UBERON_0004338,proximal phalanx of digit of hand 1,AS
http://purl.org/sig/ont/fma/fma53221,communicating branch of auriculotemporal nerve with otic ganglion,AS
http://purl.obolibrary.org/obo/UBERON_0010496,teres minor muscle,AS
http://purl.obolibrary.org/obo/UBERON_0002173,pulmonary alveolar duct,AS
http://purl.obolibrary.org/obo/UBERON_0006567,myocardium,AS
http://purl.obolibrary.org/obo/UBERON_0001214,pancreatic tributary of splenic vein,AS
http://purl.obolibrary.org/obo/UBERON_0001229,renal corpuscle,AS
http://purl.org/sig/ont/fma/fma52930,superior alveolar nerve,AS
http://purl.obolibrary.org/obo/UBERON_0000428,prostate epithelium,AS
http://purl.org/sig/ont/fma/fma45439,muscular branch of medial plantar nerve to flexor digitorum brevis,AS
http://purl.obolibrary.org/obo/UBERON_0002644,posterior intermediate orbital gyrus,AS
http://purl.obolibrary.org/obo/UBERON_0002644,anterior intermediate orbital gyrus,AS
http://purl.obolibrary.org/obo/UBERON_0006767,head of femur,AS
http://purl.obolibrary.org/obo/UBERON_0006199,posterior auricular vein,AS
http://purl.obolibrary.org/obo/UBERON_0002771,middle temporal gyrus,AS
http://purl.obolibrary.org/obo/UBERON_0001626,left coronary artery,AS
http://purl.org/sig/ont/fma/fma14824,marginal artery of drummond,AS
http://purl.obolibrary.org/obo/UBERON_0001397,subscapular artery,AS
http://purl.org/sig/ont/fma/fma51239,inferior anastomotic vein,AS
http://purl.org/sig/ont/fma/fma53491,lesser superficial petrosal nerve,AS
http://purl.obolibrary.org/obo/UBERON_0003653,metatarsal bone of digit 4,AS
http://purl.obolibrary.org/obo/UBERON_0001689,malleus bone,AS
http://purl.obolibrary.org/obo/UBERON_0006455,t7 segment of thoracic spinal cord,AS
http://purl.org/sig/ont/fma/fma53390,branch of marginal mandibular branch of facial nerve to risorius,AS
http://purl.obolibrary.org/obo/UBERON_0007150,superior thyroid artery,AS
http://purl.obolibrary.org/obo/UBERON_0003379,myocardium,AS
http://purl.org/sig/ont/fma/fma22680,anterior humeral circumflex artery,AS
http://purl.obolibrary.org/obo/UBERON_0000370,adductor magnus muscle,AS
http://purl.org/sig/ont/fma/fma77602,sural communicating branch of common peroneal nerve with medial sural cutaneous nerve,AS
http://purl.org/sig/ont/fma/fma49558,tonsillar branch of facial artery,AS
http://purl.obolibrary.org/obo/UBERON_0004616,cervical vertebra 7,AS
http://purl.obolibrary.org/obo/UBERON_0001263,pancreatic acinus,AS
http://purl.org/sig/ont/fma/fma65307,inferior subscapular nerve,AS
http://purl.org/sig/ont/fma/fma8628,medial basal segmental artery of right lung,AS
http://purl.obolibrary.org/obo/UBERON_0004791,thymus trabecula,AS
http://purl.obolibrary.org/obo/UBERON_0003332,submucosa,AS
http://purl.obolibrary.org/obo/UBERON_0005922,inferior nasal concha,AS
http://purl.obolibrary.org/obo/UBERON_0002508,celiac lymph node,AS
http://purl.obolibrary.org/obo/UBERON_0035152,internal cerebral vein,AS
http://purl.obolibrary.org/obo/UBERON_0001821,sebaceous gland,AS
http://purl.obolibrary.org/obo/UBERON_0001821,sebaceous glands,AS
http://purl.obolibrary.org/obo/UBERON_0010185,rete ovarii,AS
http://purl.obolibrary.org/obo/UBERON_0008596,mentalis muscle,AS
http://purl.obolibrary.org/obo/UBERON_0008595,levator anguli oris muscle,AS
http://purl.org/sig/ont/fma/fma53365,marginal mandibular branch of facial nerve,AS
http://purl.obolibrary.org/obo/UBERON_0000035,primary ovarian follicle,AS
http://purl.obolibrary.org/obo/UBERON_0000303,adductor longus muscle,AS
http://purl.obolibrary.org/obo/UBERON_0000016,endocrine pancreas,AS
http://purl.obolibrary.org/obo/UBERON_0001598,temporalis muscle,AS
http://purl.obolibrary.org/obo/UBERON_0005169,interstitial,AS
http://purl.obolibrary.org/obo/UBERON_0004330,proximal phalanx of digit of hand 4,AS
http://purl.org/sig/ont/fma/fma70446,posterior inferior segmental branch of right hepatic artery,AS
http://purl.obolibrary.org/obo/UBERON_0006465,t9 segment of thoracic spinal cord,AS
http://purl.obolibrary.org/obo/UBERON_0007715,thoracic subsegment of spinal cord,AS
http://purl.obolibrary.org/obo/UBERON_0006566,myocardium,AS
http://purl.obolibrary.org/obo/UBERON_0008594,zygomaticus minor muscle,AS
http://purl.obolibrary.org/obo/UBERON_0001394,axillary artery,AS
http://purl.org/sig/ont/fma/fma4184,posterior radicular artery,AS
http://purl.org/sig/ont/fma/fma65246,medial cutaneous nerve of arm,AS
http://purl.obolibrary.org/obo/UBERON_0014619,cervical spinal cord lateral horn,AS
http://purl.obolibrary.org/obo/UBERON_0001222,right ureter,AS
http://purl.org/sig/ont/fma/fma65290,thoracodorsal nerve,AS
http://purl.obolibrary.org/obo/UBERON_0006091,inferior horn of lateral ventricle,AS
http://purl.obolibrary.org/obo/UBERON_0001154,appendix,AS
http://purl.org/sig/ont/fma/fma15397,right gastroepiploic vein,AS
http://purl.obolibrary.org/obo/UBERON_0001780,spinal nerve,AS
http://purl.obolibrary.org/obo/UBERON_0006662,musculophrenic vein,AS
http://purl.org/sig/ont/fma/fma6424,second sacral spinal nerve,AS
http://purl.obolibrary.org/obo/UBERON_0002600,limbic lobe,AS
http://purl.org/sig/ont/fma/fma82660,nerve to levator anguli oris,AS
http://purl.org/sig/ont/fma/fma15798,anterior superior segmental branch of right hepatic vein,AS
http://purl.org/sig/ont/fma/fma8785,ventral ramus of fifth sacral spinal nerve,AS
http://purl.obolibrary.org/obo/UBERON_0002286,third ventricle,AS
http://purl.obolibrary.org/obo/UBERON_0001636,posterior cerebral artery,AS
http://purl.org/sig/ont/fma/fma45318,articular branch of posterior branch of obturator nerve,AS
http://purl.obolibrary.org/obo/UBERON_0035495,hilum,AS
http://purl.org/sig/ont/fma/fma9413,subsegmental pulmonary vein,AS
http://purl.obolibrary.org/obo/UBERON_0003023,pontine tegmentum,AS
http://purl.obolibrary.org/obo/UBERON_0000988,pons,AS
http://purl.obolibrary.org/obo/UBERON_0018234,stroma of pancreas,AS
http://purl.obolibrary.org/obo/UBERON_0001525,extensor carpi radialis brevis muscle,AS
http://purl.obolibrary.org/obo/UBERON_0002188,respiratory bronchiole,AS
http://purl.obolibrary.org/obo/UBERON_0000995,uterus,AS
http://purl.org/sig/ont/fma/fma8831,dorsal ramus of second lumbar spinal nerve,AS
http://purl.org/sig/ont/fma/fma8645,anterior basal segmental artery of left lung,AS
http://purl.obolibrary.org/obo/UBERON_8410000,duodenojejunal flexure,AS
http://purl.obolibrary.org/obo/UBERON_0002740,"cingulate gyrus, caudal (posterior) part",AS
http://purl.obolibrary.org/obo/UBERON_0012378,muscle layer of urinary bladder,AS
http://purl.obolibrary.org/obo/UBERON_0012239,urinary bladder vasculature,AS
http://purl.obolibrary.org/obo/UBERON_0000399,mucosa,AS
http://purl.obolibrary.org/obo/UBERON_0003126,trachea,AS
http://purl.org/sig/ont/fma/fma49580,lateral nasal artery,AS
http://purl.obolibrary.org/obo/UBERON_0012187,supratrochlear artery,AS
http://purl.obolibrary.org/obo/UBERON_0002980,"inferior frontal gyrus, opercular part",AS
http://purl.obolibrary.org/obo/UBERON_0001254,urothelium of ureter,AS
http://purl.obolibrary.org/obo/UBERON_0010937,salpingopharyngeus muscle,AS
http://purl.obolibrary.org/obo/UBERON_0002446,patella,AS
http://purl.obolibrary.org/obo/UBERON_0004317,distal phalanx of digit of foot 3,AS
http://purl.obolibrary.org/obo/UBERON_0009984,medial condyles,AS
http://purl.obolibrary.org/obo/UBERON_0009984,medial condyle of femur,AS
http://purl.org/sig/ont/fma/fma53442,utriculo-ampullary nerve,AS
http://purl.org/sig/ont/fma/fma71525,tracheal branches of inferior thyroid artery,AS
http://purl.obolibrary.org/obo/UBERON_0009991,lateral condyle of tibia,AS
http://purl.org/sig/ont/fma/fma50910,external nasal vein,AS
http://purl.obolibrary.org/obo/UBERON_0001405,spinalis thoracis muscle,AS
http://purl.obolibrary.org/obo/UBERON_0005441,external intercostal muscle,AS
http://purl.obolibrary.org/obo/UBERON_0003681,masticatory muscle,AS
http://purl.obolibrary.org/obo/UBERON_0001151,tail of pancreas,AS
http://purl.obolibrary.org/obo/UBERON_0001218,middle colic vein,AS
http://purl.obolibrary.org/obo/UBERON_0012291,lateral malleolus of fibula,AS
http://purl.obolibrary.org/obo/UBERON_0001412,common palmar digital vein,AS
http://purl.obolibrary.org/obo/UBERON_0001681,nasal bone,AS
http://purl.org/sig/ont/fma/fma6710,extra-laryngeal branch of recurrent laryngeal nerve to larynx,AS
http://purl.obolibrary.org/obo/UBERON_0002000,gluteal muscle,AS
http://purl.obolibrary.org/obo/UBERON_0002038,substantia nigra,AS
http://purl.org/sig/ont/fma/fma65304,superior subscapular nerve,AS
http://purl.obolibrary.org/obo/UBERON_0010132,gastroduodenal artery,AS
http://purl.obolibrary.org/obo/UBERON_0005436,common hepatic artery,AS
http://purl.obolibrary.org/obo/UBERON_0002348,epicardium,AS
http://purl.obolibrary.org/obo/UBERON_0001248,hilum,AS
http://purl.org/sig/ont/fma/fma20542,labium majus branch of ilioinguinal nerve,AS
http://purl.org/sig/ont/fma/fma15800,anterior inferior segmental branch of middle hepatic vein,AS
http://purl.org/sig/ont/fma/fma45440,muscular branch of medial plantar nerve to flexor hallucis brevis,AS
http://purl.obolibrary.org/obo/UBERON_0006664,greater palatine artery,AS
http://purl.obolibrary.org/obo/UBERON_0004849,respiratory system venous endothelium,AS
http://purl.org/sig/ont/fma/fma50475,artery to angular gyrus,AS
http://purl.obolibrary.org/obo/UBERON_0002331,umbilical cord,AS
http://purl.org/sig/ont/fma/fma8840,dorsal ramus of fifth lumbar spinal nerve,AS
http://purl.org/sig/ont/fma/fma69604,lateral dorsal digital artery of second digit of foot,AS
http://purl.obolibrary.org/obo/UBERON_0001619,ophthalmic artery,AS
http://purl.org/sig/ont/fma/fma50638,medial occipital artery,AS
http://purl.org/sig/ont/fma/fma44764,deep branch of lateral plantar nerve,AS
http://purl.obolibrary.org/obo/UBERON_8410075,paracortical cord,AS
http://purl.obolibrary.org/obo/UBERON_0002967,cingulate gyrus,AS
http://purl.obolibrary.org/obo/UBERON_0004726,vasa recta of kidney,AS
http://purl.obolibrary.org/obo/UBERON_0004726,vasa recta,AS
http://purl.obolibrary.org/obo/UBERON_0001294,inner medulla of kidney,AS
http://purl.org/sig/ont/fma/fma8736,ventral ramus of third cervical spinal nerve,AS
http://purl.obolibrary.org/obo/UBERON_0003650,metatarsal bone of digit 1,AS
http://purl.obolibrary.org/obo/UBERON_0001174,common bile duct,AS
http://purl.obolibrary.org/obo/UBERON_0002911,parietal operculum,AS
http://purl.obolibrary.org/obo/UBERON_0002377,neck muscle,AS
http://purl.obolibrary.org/obo/UBERON_0035150,superior cerebral vein,AS
http://purl.org/sig/ont/fma/fma6239,superior laryngeal branch of vagus,AS
http://purl.obolibrary.org/obo/UBERON_0011011,brachioradialis muscle,AS
http://purl.obolibrary.org/obo/UBERON_0003527,kidney capillary,AS
http://purl.obolibrary.org/obo/UBERON_0001250,red pulp,AS
http://purl.obolibrary.org/obo/UBERON_0002751,inferior temporal gyrus,AS
http://purl.org/sig/ont/fma/fma53489,tonsillar branch of glossopharyngeal nerve,AS
http://purl.obolibrary.org/obo/UBERON_0001319,vaginal vein,AS
http://purl.org/sig/ont/fma/fma43902,anterior tibial recurrent artery,AS
http://purl.obolibrary.org/obo/UBERON_0011956,right hepatic vein,AS
http://purl.org/sig/ont/fma/fma4715,oblique vein of the left atrium,AS
http://purl.org/sig/ont/fma/fma53434,utricular nerve,AS
http://purl.obolibrary.org/obo/UBERON_0004606,rib 6,AS
http://purl.org/sig/ont/fma/fma22947,radial vein,AS
http://purl.obolibrary.org/obo/UBERON_0000088,chorionic ectoderm (from chorionic plate),AS
http://purl.obolibrary.org/obo/UBERON_0000088,chorionic ectoderm (from chorion membrane),AS
http://purl.org/sig/ont/fma/fma16487,obturator nerve,AS
http://purl.org/sig/ont/fma/fma21884,inferior rectal branch to external anal sphincter,AS
http://purl.org/sig/ont/fma/fma22911,deep palmar venous arch,AS
http://purl.obolibrary.org/obo/UBERON_0001289,loop of henle (thin limb),AS
http://purl.obolibrary.org/obo/UBERON_0001231,tubules,AS
http://purl.org/sig/ont/fma/fma4314,right posterior intercostal artery 8,AS
http://purl.obolibrary.org/obo/UBERON_0012375,subserosa,AS
http://purl.org/sig/ont/fma/fma49532,deep lingual artery,AS
http://purl.obolibrary.org/obo/UBERON_0000935,anterior commissure,AS
http://purl.obolibrary.org/obo/UBERON_0016519,muscularis mucosa,AS
http://purl.obolibrary.org/obo/UBERON_0001532,internal carotid artery,AS
http://purl.obolibrary.org/obo/UBERON_0000381,urinary bladder detrusor smooth muscle,AS
http://purl.obolibrary.org/obo/UBERON_0001660,maxillary vein,AS
http://purl.org/sig/ont/fma/fma8604,ventral ramus of fourth thoracic spinal nerve,AS
http://purl.org/sig/ont/fma/fma69588,medial dorsal digital artery of fourth digit of foot,AS
http://purl.obolibrary.org/obo/UBERON_0002026,stratum spinosum (ss),AS
http://purl.org/sig/ont/fma/fma53488,carotid branch of glossopharyngeal nerve,AS
http://purl.obolibrary.org/obo/UBERON_0006462,s3 sacral spinal cord segment,AS
http://purl.obolibrary.org/obo/UBERON_0004321,middle phalanx of digit of hand 3,AS
http://purl.org/sig/ont/fma/fma66421,tibial-peroneal trunk,AS
http://purl.obolibrary.org/obo/UBERON_0004640,efferent arteriole,AS
http://purl.obolibrary.org/obo/UBERON_0004640,renal efferent arteriole,AS
http://purl.obolibrary.org/obo/UBERON_0009987,medial epicondyle of femur,AS
http://purl.org/sig/ont/fma/fma3818,right marginal artery,AS
http://purl.org/sig/ont/fma/fma49804,sphenopalatine artery,AS
http://purl.obolibrary.org/obo/UBERON_0001424,ulna,AS
http://purl.org/sig/ont/fma/fma70450,medial inferior segmental branch of left hepatic artery,AS
http://purl.obolibrary.org/obo/UBERON_0004315,distal phalanx of digit of foot 1,AS
http://purl.obolibrary.org/obo/UBERON_0002378,abdomen muscle,AS
http://purl.obolibrary.org/obo/UBERON_0001142,left renal vein,AS
http://purl.org/sig/ont/fma/fma6176,second lumbar spinal nerve,AS
http://purl.obolibrary.org/obo/UBERON_0001193,hepatic artery,AS
http://purl.org/sig/ont/fma/fma43961,third plantar metatarsal artery,AS
http://purl.obolibrary.org/obo/UBERON_0002603,paraterminal gyrus,AS
http://purl.org/sig/ont/fma/fma44687,medial sural cutaneous nerve,AS
http://purl.org/sig/ont/fma/fma44722,vascular branch of tibial nerve,AS
http://purl.org/sig/ont/fma/fma8609,ventral ramus of ninth thoracic spinal nerve,AS
http://purl.obolibrary.org/obo/UBERON_0001896,medulla oblongata,AS
http://purl.obolibrary.org/obo/UBERON_0009039,germinal center,AS
http://purl.obolibrary.org/obo/UBERON_0004333,proximal phalanx of digit of foot 2,AS
http://purl.obolibrary.org/obo/UBERON_0006719,lateral pterygoid muscle,AS
http://purl.org/sig/ont/fma/fma14792,greater pancreatic artery,AS
http://purl.org/sig/ont/fma/fma81247,branch of lateral pectoral nerve to clavicular part of pectoralis major,AS
http://purl.obolibrary.org/obo/UBERON_0002948,superior occipital gyrus,AS
http://purl.obolibrary.org/obo/UBERON_0002021,occipital lobe,AS
http://purl.org/sig/ont/fma/fma52572,superior branch of oculomotor nerve,AS
http://purl.obolibrary.org/obo/UBERON_0001182,superior mesenteric artery,AS
http://purl.obolibrary.org/obo/UBERON_0001106,cephalic vein,AS
http://purl.obolibrary.org/obo/UBERON_0001313,iliolumbar artery,AS
http://purl.obolibrary.org/obo/UBERON_0015481,left hepatic artery,AS
http://purl.obolibrary.org/obo/UBERON_0001634,mesencephalic artery,AS
http://purl.obolibrary.org/obo/UBERON_0001945,superior colliculus,AS
http://purl.org/sig/ont/fma/fma6720,spinal accessory nerve,AS
http://purl.obolibrary.org/obo/UBERON_0009752,connective tissue,AS
http://purl.obolibrary.org/obo/UBERON_0001140,renal vein,AS
http://purl.org/sig/ont/fma/fma44829,articular branch of anterior interosseous nerve,AS
http://purl.org/sig/ont/fma/fma52714,posterior ethmoidal nerve,AS
http://purl.org/sig/ont/fma/fma45403,biceps femoris branch of tibial nerve,AS
http://purl.obolibrary.org/obo/UBERON_0001478,teres major muscle,AS
http://purl.obolibrary.org/obo/UBERON_0005336,capillary layer of choroid,AS
http://purl.obolibrary.org/obo/UBERON_0005336,choriocapillaris,AS
http://purl.org/sig/ont/fma/fma44921,lateral dorsal digital branch of ulnar nerve to little finger,AS
http://purl.obolibrary.org/obo/UBERON_0002341,subsegmental bronchial epithelium,AS
http://purl.obolibrary.org/obo/UBERON_0002341,segmental bronchial epithelium,AS
http://purl.org/sig/ont/fma/fma68194,lateral segmental artery of right lung,AS
http://purl.obolibrary.org/obo/UBERON_0001775,ciliary body,AS
http://purl.obolibrary.org/obo/UBERON_0006922,cervix squamous epithelium,AS
http://purl.obolibrary.org/obo/UBERON_0004801,cervix epithelium,AS
http://purl.org/sig/ont/fma/fma4997,left posterior intercostal vein 5,AS
http://purl.obolibrary.org/obo/UBERON_0012419,tenia coli,AS
http://purl.obolibrary.org/obo/UBERON_0012419,mesocolic coli,AS
http://purl.obolibrary.org/obo/UBERON_0012419,omental coli,AS
http://purl.obolibrary.org/obo/UBERON_0012419,free coli,AS
http://purl.obolibrary.org/obo/UBERON_0002564,lateral orbital gyrus,AS
http://purl.org/sig/ont/fma/fma20548,branch of ilioinguinal nerve to internal oblique,AS
http://purl.obolibrary.org/obo/UBERON_2001571,postovulatory follicle,AS
http://purl.obolibrary.org/obo/UBERON_0015480,proper hepatic artery,AS
http://purl.org/sig/ont/fma/fma8764,ventral ramus of second lumbar spinal nerve,AS
http://purl.obolibrary.org/obo/UBERON_0014726,intercalated duct,AS
http://purl.obolibrary.org/obo/UBERON_0014719,intralobular duct,AS
http://purl.obolibrary.org/obo/UBERON_0010753,secondary follicle,AS
http://purl.obolibrary.org/obo/UBERON_0000036,secondary ovarian follicle,AS
http://purl.obolibrary.org/obo/UBERON_0002240,spinal cord,AS
http://purl.org/sig/ont/fma/fma44968,dorsal digital branch of radial nerve to thumb,AS
http://purl.org/sig/ont/fma/fma52648,branch of supratrochlear nerve to skin of forehead,AS
http://purl.org/sig/ont/fma/fma52492,inferior laryngeal artery,AS
http://purl.obolibrary.org/obo/UBERON_0001558,lower respiratory tract,AS
http://purl.org/sig/ont/fma/fma81195,medial muscular branch of radial nerve to medial head of triceps brachii,AS
http://purl.obolibrary.org/obo/UBERON_0009202,descending vasa recta,AS
http://purl.org/sig/ont/fma/fma8843,dorsal ramus of second sacral spinal nerve,AS
http://purl.org/sig/ont/fma/fma81182,branch of posterior interosseous nerve to extensor carpi ulnaris,AS
http://purl.obolibrary.org/obo/UBERON_0011511,iliococcygeus muscle,AS
http://purl.obolibrary.org/obo/UBERON_0002072,subcutaneous,AS
http://purl.obolibrary.org/obo/UBERON_0000946,cardial valve,AS
http://purl.obolibrary.org/obo/UBERON_0001792,retinal ganglion cell layer,AS
http://purl.obolibrary.org/obo/UBERON_0001514,descending aorta,AS
http://purl.org/sig/ont/fma/fma69513,deep plantar artery,AS
http://purl.org/sig/ont/fma/fma7214,left ovary,AS
http://purl.obolibrary.org/obo/UBERON_0006644,tunica albuginea of ovary,AS
http://purl.obolibrary.org/obo/UBERON_0002593,orbital operculum,AS
http://purl.org/sig/ont/fma/fma52802,greater palatine nerve,AS
http://purl.obolibrary.org/obo/UBERON_0009853,body of uterus,AS
http://purl.org/sig/ont/fma/fma15415,left hepatic portal vein #2,AS
http://purl.org/sig/ont/fma/fma15415,left hepatic portal vein #3,AS
http://purl.org/sig/ont/fma/fma15415,left hepatic portal vein,AS
http://purl.obolibrary.org/obo/UBERON_0001782,retinal pigmented epithelium,AS
http://purl.obolibrary.org/obo/UBERON_8410033,hilar vein,AS
http://purl.obolibrary.org/obo/UBERON_0024151,tegmentum of the medulla,AS
http://purl.obolibrary.org/obo/UBERON_0011908,lateral head of gastrocnemius muscle,AS
http://purl.obolibrary.org/obo/UBERON_0001153,cecum,AS
http://purl.org/sig/ont/fma/fma3851,atrioventicular nodal artery,AS
http://purl.obolibrary.org/obo/UBERON_0012441,endothelium (non glomerular),AS
http://purl.obolibrary.org/obo/UBERON_0005272,peritubular capillary,AS
http://purl.obolibrary.org/obo/UBERON_0001547,small saphenous vein,AS
http://purl.obolibrary.org/obo/UBERON_0001225,cortex of kidney,AS
http://purl.obolibrary.org/obo/UBERON_0001225,renal cortex,AS
http://purl.obolibrary.org/obo/UBERON_0034987,lumbar plexus,AS
http://purl.org/sig/ont/fma/fma4498,left posterior intercostal artery 7,AS
http://purl.obolibrary.org/obo/UBERON_0001653,facial vein,AS
http://purl.obolibrary.org/obo/UBERON_0001618,buccal artery,AS
http://purl.obolibrary.org/obo/UBERON_0006762,ciliary zonules,AS
http://purl.obolibrary.org/obo/UBERON_0035252,left subcostal vein,AS
http://purl.org/sig/ont/fma/fma8855,dorsal ramus of coccygeal spinal nerve,AS
http://purl.org/sig/ont/fma/fma70195,artery of round ligament of uterus,AS
http://purl.obolibrary.org/obo/UBERON_0006679,carina of trachea,AS
http://purl.obolibrary.org/obo/UBERON_0002299,alveolus of lung,AS
http://purl.obolibrary.org/obo/UBERON_0002299,alveolus of lung on respiratory bronchiole,AS
http://purl.obolibrary.org/obo/UBERON_0000156,theca externa,AS
http://purl.obolibrary.org/obo/UBERON_0018253,external pudendal vein,AS
http://purl.obolibrary.org/obo/UBERON_0004332,proximal phalanx of digit of foot 1,AS
http://purl.obolibrary.org/obo/UBERON_0002353,bundle of his,AS
http://purl.obolibrary.org/obo/UBERON_0001198,superior suprarenal artery,AS
http://purl.obolibrary.org/obo/UBERON_0016492,foramen spinosum of sphenoid bone,AS
http://purl.org/sig/ont/fma/fma53601,thoracic cardiac branch of vagus nerve,AS
http://purl.obolibrary.org/obo/UBERON_0001420,subscapular vein,AS
http://purl.obolibrary.org/obo/UBERON_0010249,posterior meningeal artery,AS
http://purl.obolibrary.org/obo/UBERON_0015180,neck of talus,AS
http://purl.org/sig/ont/fma/fma70499,superior segmental renal artery,AS
http://purl.obolibrary.org/obo/UBERON_0004884,bronchial mesenchyme,AS
http://purl.obolibrary.org/obo/UBERON_0002183,secondary bronchus,AS
http://purl.obolibrary.org/obo/UBERON_0003617,trachea elastic tissue,AS
http://purl.obolibrary.org/obo/UBERON_0002106,spleen,AS
http://purl.obolibrary.org/obo/UBERON_0011012,flexor pollicis brevis muscle,AS
http://purl.obolibrary.org/obo/UBERON_0001717,spinal trigeminal nucleus,AS
http://purl.org/sig/ont/fma/fma80286,branch of posterior interosseous nerve to extensor indicis,AS
http://purl.obolibrary.org/obo/UBERON_0002337,endometrial stroma,AS
http://purl.org/sig/ont/fma/fma7061,ventral ramus of first cervical spinal nerve,AS
http://purl.obolibrary.org/obo/UBERON_2005346,extrapancreatic duct,AS
http://purl.org/sig/ont/fma/fma69798,posterior division of internal iliac artery,AS
http://purl.obolibrary.org/obo/UBERON_0002276,lamina of spiral limbus,AS
http://purl.org/sig/ont/fma/fma43926,lateral plantar artery,AS
http://purl.org/sig/ont/fma/fma6290,fourth thoracic spinal nerve,AS
http://purl.org/sig/ont/fma/fma7053,dorsal ramus of first lumbar spinal nerve,AS
http://purl.org/sig/ont/fma/fma7054,dorsal ramus of first cervical spinal nerve,AS
http://purl.org/sig/ont/fma/fma21867,posterior scrotal nerve,AS
http://purl.org/sig/ont/fma/fma6244,superior cervical cardiac branch of vagus,AS
http://purl.obolibrary.org/obo/UBERON_0002319,proximal tubule,AS
http://purl.obolibrary.org/obo/UBERON_0010251,anterior meningeal artery,AS
http://purl.obolibrary.org/obo/UBERON_0008320,common penile artery,AS
http://purl.obolibrary.org/obo/UBERON_0018673,neck of fibula,AS
http://purl.obolibrary.org/obo/UBERON_0001446,fibula,AS
http://purl.org/sig/ont/fma/fma43962,fourth plantar metatarsal artery,AS
http://purl.obolibrary.org/obo/UBERON_0012401,muscularis propria,AS
http://purl.obolibrary.org/obo/UBERON_0001401,longissimus thoracis muscle,AS
http://purl.org/sig/ont/fma/fma70889,lumbar vein,AS
http://purl.obolibrary.org/obo/UBERON_0001670,inferior cerebellar vein,AS
http://purl.org/sig/ont/fma/fma6415,fourth lumbar spinal nerve,AS
http://purl.obolibrary.org/obo/UBERON_0002203,vasculature of eye,AS
http://purl.obolibrary.org/obo/UBERON_0011528,pubococcygeus muscle,AS
http://purl.org/sig/ont/fma/fma10653,anterior intercostal artery 2,AS
http://purl.obolibrary.org/obo/UBERON_0034729,sympathetic nerve,AS
http://purl.obolibrary.org/obo/UBERON_0002135,mitral valve,AS
http://purl.org/sig/ont/fma/fma6142,dorsal ramus of third thoracic spinal nerve,AS
http://purl.obolibrary.org/obo/UBERON_0012067,proximal bronchiole,AS
http://purl.obolibrary.org/obo/UBERON_0006139,plantar digital vein,AS
http://purl.org/sig/ont/fma/fma44993,lateral dorsal digital branch of radial nerve to middle finger,AS
http://purl.org/sig/ont/fma/fma14784,posterior superior pancreaticoduodenal artery,AS
http://purl.org/sig/ont/fma/fma70449,medial superior segmental branch of left hepatic artery,AS
http://purl.obolibrary.org/obo/UBERON_0000055,vessel,AS
http://purl.org/sig/ont/fma/fma53000,auriculotemporal nerve,AS
http://purl.obolibrary.org/obo/UBERON_0009006,deep inguinal lymph node,AS
http://purl.obolibrary.org/obo/UBERON_8600000,lobular bronchiole,AS
http://purl.obolibrary.org/obo/UBERON_0001772,corneal epithelium,AS
http://purl.org/sig/ont/fma/fma8644,medial basal segmental artery of left lung,AS
http://purl.obolibrary.org/obo/UBERON_0001651,right pulmonary artery,AS
http://purl.obolibrary.org/obo/UBERON_0001292,distal convolution,AS
http://purl.obolibrary.org/obo/UBERON_0004631,thoracic vertebra 6,AS
http://purl.obolibrary.org/obo/UBERON_0033939,sacral spinal cord dorsal horn,AS
http://purl.obolibrary.org/obo/UBERON_8410036,venule,AS
http://purl.obolibrary.org/obo/UBERON_0004334,proximal phalanx of digit of foot 3,AS
http://purl.obolibrary.org/obo/UBERON_0013485,crypt,AS
http://purl.org/sig/ont/fma/fma14763,left ovarian artery,AS
http://purl.obolibrary.org/obo/UBERON_0005442,abdominal external oblique muscle,AS
http://purl.org/sig/ont/fma/fma6208,posterior ramus of posterior diaphragmatic branch of phrenic nerve,AS
http://purl.obolibrary.org/obo/UBERON_0018256,lacrimal vein,AS
http://purl.org/sig/ont/fma/fma66241,posterior intercostal artery 1,AS
http://purl.obolibrary.org/obo/UBERON_0005192,deferent duct artery,AS
http://purl.org/sig/ont/fma/fma67977,dorsal venous network of hand,AS
http://purl.org/sig/ont/fma/fma67977,dorsal venous network of hand #2,AS
http://purl.org/sig/ont/fma/fma6234,pharyngeal branch of vagus nerve,AS
http://purl.obolibrary.org/obo/UBERON_0001321,obturator vein,AS
http://purl.org/sig/ont/fma/fma44977,lateral dorsal digital branch of radial nerve to thumb,AS
http://purl.obolibrary.org/obo/UBERON_0035231,superficial middle cerebral vein,AS
http://purl.obolibrary.org/obo/UBERON_0010408,angular artery,AS
http://purl.obolibrary.org/obo/UBERON_0018243,thymic artery,AS
http://purl.org/sig/ont/fma/fma52973,zygomaticofacial branch of zygomatic nerve,AS
http://purl.obolibrary.org/obo/UBERON_0001110,thyrohyoid muscle,AS
http://purl.org/sig/ont/fma/fma70893,posterior spinal vein,AS
http://purl.obolibrary.org/obo/UBERON_0008321,deep artery of penis,AS
http://purl.org/sig/ont/fma/fma6426,fourth sacral spinal nerve,AS
http://purl.org/sig/ont/fma/fma11232,recurrent meningeal branch of eleventh thoracic spinal nerve,AS
http://purl.obolibrary.org/obo/UBERON_0001961,subcutaneous skin-associated lymphoid tissue,AS
http://purl.obolibrary.org/obo/UBERON_0001961,dermal skin-associated lymphoid tissue,AS
http://purl.obolibrary.org/obo/UBERON_8410072,subcapsular sinus floor,AS
http://purl.obolibrary.org/obo/UBERON_0001129,subscapularis muscle,AS
http://purl.obolibrary.org/obo/UBERON_0001482,shoulder muscle,AS
http://purl.org/sig/ont/fma/fma50802,occipital vein,AS
http://purl.obolibrary.org/obo/UBERON_8410066,paracortex,AS
http://purl.obolibrary.org/obo/UBERON_0009745,medullary cord,AS
http://purl.org/sig/ont/fma/fma71523,pharyngeal branches of inferior thyroid artery,AS
http://purl.org/sig/ont/fma/fma15421,anterior inferior segmental branch of right hepatic portal vein,AS
http://purl.obolibrary.org/obo/UBERON_0002042,endothelium (non glomerular),AS
http://purl.org/sig/ont/fma/fma23046,medial proper palmar digital artery of fourth digit of hand,AS
http://purl.obolibrary.org/obo/UBERON_0035549,blood vessels,AS
http://purl.org/sig/ont/fma/fma15803,lateral superior segmental branch of left hepatic vein,AS
http://purl.obolibrary.org/obo/UBERON_0008322,deep artery of clitoris,AS
http://purl.org/sig/ont/fma/fma22824,deep palmar branch of ulnar artery,AS
http://purl.org/sig/ont/fma/fma53209,communicating branch of auriculotemporal nerve with facial nerve,AS
http://purl.obolibrary.org/obo/UBERON_0001649,glossopharyngeal nerve,AS
http://purl.obolibrary.org/obo/UBERON_0001159,sigmoid colon,AS
http://purl.org/sig/ont/fma/fma57987,right mammary gland,AS
http://purl.obolibrary.org/obo/UBERON_0001187,testicular artery,AS
http://purl.obolibrary.org/obo/UBERON_0006464,s5 sacral spinal cord segment,AS
http://purl.obolibrary.org/obo/UBERON_0002187,terminal/ transitional bronchiole,AS
http://purl.org/sig/ont/fma/fma70441,anterior segmental branch of right hepatic artery,AS
http://purl.obolibrary.org/obo/UBERON_0004613,cervical vertebra 4,AS
http://purl.obolibrary.org/obo/UBERON_0001625,right coronary artery,AS
http://purl.obolibrary.org/obo/UBERON_0009689,anterior inferior cerebellar artery,AS
http://purl.obolibrary.org/obo/UBERON_0009990,medial condyle of tibia,AS
http://purl.obolibrary.org/obo/UBERON_0001571,genioglossus muscle,AS
http://purl.org/sig/ont/fma/fma49599,mastoid branch of occipital artery,AS
http://purl.obolibrary.org/obo/UBERON_0019279,superior rostral gyrus,AS
http://purl.org/sig/ont/fma/fma3990,thyrocervical trunk,AS
http://purl.obolibrary.org/obo/UBERON_0010234,palatopharyngeus muscle,AS
http://purl.obolibrary.org/obo/UBERON_0001221,transversus abdominis muscle,AS
http://purl.obolibrary.org/obo/UBERON_0003333,submucosa,AS
http://purl.org/sig/ont/fma/fma51965,recurrent meningeal artery,AS
http://purl.org/sig/ont/fma/fma50329,frontopolar artery,AS
http://purl.org/sig/ont/fma/fma65301,branch of posterior branch of axillary nerve to teres minor,AS
http://purl.org/sig/ont/fma/fma44813,branch of medial branch of superficial fibular nerve,AS
http://purl.org/sig/ont/fma/fma14517,neck of pancreas,AS
http://purl.obolibrary.org/obo/UBERON_0004943,submucosa of urinary bladder,AS
http://purl.obolibrary.org/obo/UBERON_0000965,lens,AS
http://purl.obolibrary.org/obo/UBERON_0004294,glomerular capillary endothelium,AS
http://purl.org/sig/ont/fma/fma53107,branch of buccal nerve to lateral pterygoid,AS
http://purl.org/sig/ont/fma/fma44935,lateral dorsal digital branch of ulnar nerve to ring finger,AS
http://purl.org/sig/ont/fma/fma53362,communicating branch of buccal branch of facial nerve with buccal nerve,AS
http://purl.obolibrary.org/obo/UBERON_0011140,superficial part of masseter muscle,AS
http://purl.obolibrary.org/obo/UBERON_0008577,vocalis muscle,AS
http://purl.obolibrary.org/obo/UBERON_0000331,mucosa,AS
http://purl.obolibrary.org/obo/UBERON_0035422,left circumflex artery,AS
http://purl.obolibrary.org/obo/UBERON_0001506,brachialis muscle,AS
http://purl.obolibrary.org/obo/UBERON_0000389,cortex,AS
http://purl.obolibrary.org/obo/UBERON_0000389,lens cortex,AS
http://purl.org/sig/ont/fma/fma4712,posterior vein of the left ventricle,AS
http://purl.obolibrary.org/obo/UBERON_0001069,head of pancreas,AS
http://purl.obolibrary.org/obo/UBERON_0006718,medial pterygoid muscle,AS
http://purl.org/sig/ont/fma/fma8852,dorsal ramus of fifth sacral spinal nerve,AS
http://purl.obolibrary.org/obo/UBERON_0002371,bone marrow,AS
http://purl.obolibrary.org/obo/UBERON_0002371,marrow elements,AS
http://purl.obolibrary.org/obo/UBERON_0001540,peroneal artery,AS
http://purl.obolibrary.org/obo/UBERON_0004633,thoracic vertebra 9,AS
http://purl.obolibrary.org/obo/UBERON_0002347,thoracic vertebra,AS
http://purl.org/sig/ont/fma/fma20600,hypogastric branch of iliohypogastric nerve,AS
http://purl.obolibrary.org/obo/UBERON_0004538,left kidney,AS
http://purl.obolibrary.org/obo/UBERON_0001546,posterior tibial vein,AS
http://purl.obolibrary.org/obo/UBERON_0001361,femoral vein,AS
http://purl.obolibrary.org/obo/UBERON_0014694,posterior auricular artery,AS
http://purl.org/sig/ont/fma/fma52931,posterior superior alveolar nerve,AS
http://purl.org/sig/ont/fma/fma54973,right palatine tonsil,AS
http://purl.obolibrary.org/obo/UBERON_0001295,endometrium,AS
http://purl.obolibrary.org/obo/UBERON_0009744,medullary sinus,AS
http://purl.org/sig/ont/fma/fma44771,deep fibular nerve,AS
http://purl.obolibrary.org/obo/UBERON_0008593,zygomaticus major muscle,AS
http://purl.org/sig/ont/fma/fma21897,bulbospongiosus branch of perineal nerve,AS
http://purl.org/sig/ont/fma/fma16715,recurrent meningeal branch of third sacral spinal nerve,AS
http://purl.obolibrary.org/obo/UBERON_0000209,frontal bone,AS
http://purl.org/sig/ont/fma/fma8608,ventral ramus of eighth thoracic spinal nerve,AS
http://purl.obolibrary.org/obo/UBERON_0001578,orbicularis oculi muscle,AS
http://purl.obolibrary.org/obo/UBERON_0000114,lung connective tissue,AS
http://purl.obolibrary.org/obo/UBERON_0002150,superior cerebellar peduncle,AS
http://purl.org/sig/ont/fma/fma8616,truncus anterior of right pulmonary artery,AS
http://purl.obolibrary.org/obo/UBERON_0001644,trochlear nerve,AS
http://purl.obolibrary.org/obo/UBERON_0006729,disse's space,AS
http://purl.obolibrary.org/obo/UBERON_0012332,broad ligament of uterus,AS
http://purl.obolibrary.org/obo/UBERON_0001400,iliocostalis thoracis muscle,AS
http://purl.obolibrary.org/obo/UBERON_0002011,thoracodorsal artery,AS
http://purl.obolibrary.org/obo/UBERON_0000362,renal medulla,AS
http://purl.obolibrary.org/obo/UBERON_0004804,oviduct epithelium,AS
http://purl.obolibrary.org/obo/UBERON_0002450,decidua,AS
http://purl.obolibrary.org/obo/UBERON_0016477,zygomatic process of maxilla,AS
http://purl.obolibrary.org/obo/UBERON_0001370,gluteus maximus muscle,AS
http://purl.org/sig/ont/fma/fma44834,nerve to carpal joint,AS
http://purl.obolibrary.org/obo/UBERON_0004318,distal phalanx of digit of foot 4,AS
http://purl.obolibrary.org/obo/UBERON_0034727,vestibular bulb artery,AS
http://purl.org/sig/ont/fma/fma16699,meningeal branch of second lumbar spinal nerve,AS
http://purl.org/sig/ont/fma/fma4869,anterior internal vertebral venous plexus,AS
http://purl.org/sig/ont/fma/fma80215,branch of deep branch of ulnar nerve to third lumbrical of hand,AS
http://purl.org/sig/ont/fma/fma50826,dorsal lingual vein,AS
http://purl.org/sig/ont/fma/fma14290,accessory vertebral vein,AS
http://purl.org/sig/ont/fma/fma6306,ninth thoracic spinal nerve,AS
http://purl.obolibrary.org/obo/UBERON_0003889,fallopian tube,AS
http://purl.org/sig/ont/fma/fma8640,inferior lingular segmental artery of left lung,AS
http://purl.obolibrary.org/obo/UBERON_0010250,middle meningeal artery,AS
http://purl.obolibrary.org/obo/UBERON_0018231,labyrinthine artery,AS
http://purl.org/sig/ont/fma/fma44941,medial dorsal digital branch of ulnar nerve to ring finger,AS
http://purl.org/sig/ont/fma/fma10651,anterior intercostal artery 9,AS
http://purl.org/sig/ont/fma/fma53288,digastric branch of facial nerve,AS
http://purl.org/sig/ont/fma/fma53206,parotid branch of auriculotemporal nerve,AS
http://purl.org/sig/ont/fma/fma6691,communicating branch of auricular branch of vagus nerve with facial nerve,AS
http://purl.obolibrary.org/obo/UBERON_0029503,sacral spinal cord gray matter,AS
http://purl.obolibrary.org/obo/UBERON_0005461,levator scapulae muscle,AS
http://purl.obolibrary.org/obo/UBERON_0022364,"occipitotemporal (fusiform) gyrus, temporal part",AS
http://purl.obolibrary.org/obo/UBERON_0001608,dilator pupillae muscle,AS
http://purl.org/sig/ont/fma/fma8788,dorsal ramus of second cervical spinal nerve,AS
http://purl.obolibrary.org/obo/UBERON_0004325,middle phalanx of digit of foot 3,AS
http://purl.obolibrary.org/obo/UBERON_0001389,soleus muscle,AS
http://purl.obolibrary.org/obo/UBERON_0035932,"paracentral lobule, rostral part",AS
http://purl.obolibrary.org/obo/UBERON_0010953,nasalis muscle,AS
http://purl.org/sig/ont/fma/fma44788,dorsal digital nerve of second toe,AS
http://purl.obolibrary.org/obo/UBERON_0019278,inferior rostral gyrus,AS
http://purl.org/sig/ont/fma/fma44836,palmar branch of median nerve,AS
http://purl.org/sig/ont/fma/fma6448,seventh cervical spinal nerve,AS
http://purl.obolibrary.org/obo/UBERON_0001311,inferior vesical artery,AS
http://purl.obolibrary.org/obo/UBERON_0001430,distal carpal bone 1,AS
http://purl.obolibrary.org/obo/UBERON_0011184,epithelium,AS
http://purl.org/sig/ont/fma/fma43888,lateral inferior genicular artery,AS
http://purl.obolibrary.org/obo/UBERON_0035374,small cardiac vein,AS
http://purl.obolibrary.org/obo/UBERON_0006469,c1 segment of cervical spinal cord,AS
http://purl.obolibrary.org/obo/UBERON_0004337,distal phalanx of digit of hand 1,AS
http://purl.org/sig/ont/fma/fma10648,medial mammary branch of perforating branch of internal thoracic artery,AS
http://purl.org/sig/ont/fma/fma52599,nerve to inferior rectus,AS
http://purl.obolibrary.org/obo/UBERON_0001316,external iliac vein,AS
http://purl.obolibrary.org/obo/UBERON_0000039,follicular antrum,AS
http://purl.org/sig/ont/fma/fma44876,superficial branch of ulnar nerve,AS
http://purl.obolibrary.org/obo/UBERON_0008521,gluteus minimus muscle,AS
http://purl.obolibrary.org/obo/UBERON_0016386,paraaortic lymph node,AS
http://purl.org/sig/ont/fma/fma53112,anterior deep temporal nerve,AS
http://purl.org/sig/ont/fma/fma53401,vestibular nerve,AS
http://purl.org/sig/ont/fma/fma51341,lateral mesencephalic vein,AS
http://purl.org/sig/ont/fma/fma53543,lower branch of internal laryngeal nerve to arytenoideus,AS
http://purl.org/sig/ont/fma/fma53486,pharyngeal branch of glossopharyngeal nerve,AS
http://purl.org/sig/ont/fma/fma14818,appendicular artery,AS
http://purl.obolibrary.org/obo/UBERON_0001354,inferior epigastric artery,AS
http://purl.obolibrary.org/obo/UBERON_0004915,hepatopancreatic sphincter (sphincter of oddi),AS
http://purl.obolibrary.org/obo/UBERON_0004626,thoracic vertebra 1,AS
http://purl.obolibrary.org/obo/UBERON_0001600,tensor tympani muscle,AS
http://purl.obolibrary.org/obo/UBERON_0012318,anterior ethmoidal artery,AS
http://purl.org/sig/ont/fma/fma22585,lateral superior genicular artery,AS
http://purl.org/sig/ont/fma/fma50479,artery of precentral sulcus,AS
http://purl.org/sig/ont/fma/fma3835,posterior left ventricular branch of the right coronary artery,AS
http://purl.obolibrary.org/obo/UBERON_0006450,l2 lumbar spinal cord segment,AS
http://purl.org/sig/ont/fma/fma80065,nerve to extensor hallucis longus,AS
http://purl.obolibrary.org/obo/UBERON_0001217,ileal vein,AS
http://purl.org/sig/ont/fma/fma4874,right posterior intercostal vein 7,AS
http://purl.obolibrary.org/obo/UBERON_0004314,distal phalanx of digit of hand 5,AS
http://purl.obolibrary.org/obo/UBERON_0001052,rectum,AS
http://purl.obolibrary.org/obo/UBERON_0001657,superficial temporal vein,AS
http://purl.obolibrary.org/obo/UBERON_0003713,splenic vein,AS
http://purl.obolibrary.org/obo/UBERON_0003680,pcl,AS
http://purl.obolibrary.org/obo/UBERON_0004628,thoracic vertebra 3,AS
http://purl.org/sig/ont/fma/fma52772,orbital branch of maxillary nerve to ethmoidal sinus,AS
http://purl.org/sig/ont/fma/fma53339,upper deep buccal branch of facial nerve,AS
http://purl.obolibrary.org/obo/UBERON_0001402,longissimus cervicis muscle,AS
http://purl.obolibrary.org/obo/UBERON_0000006,islet of langerhans,AS
http://purl.obolibrary.org/obo/UBERON_8600012,submucosal gland acini,AS
http://purl.obolibrary.org/obo/UBERON_8600012,submucosal gland acinus,AS
http://purl.org/sig/ont/fma/fma78711,branch of sacral nerve plexus to obturator internus,AS
http://purl.obolibrary.org/obo/UBERON_0001284,renal column (column of bertin),AS
http://purl.obolibrary.org/obo/UBERON_0008573,lateral cricoarytenoid muscle,AS
http://purl.obolibrary.org/obo/UBERON_0009919,ureter detrusor smooth muscle,AS
http://purl.obolibrary.org/obo/UBERON_0004634,thoracic vertebra 10,AS
http://purl.obolibrary.org/obo/UBERON_0002396,vomer,AS
http://purl.org/sig/ont/fma/fma4708,left marginal vein,AS
http://purl.org/sig/ont/fma/fma44694,lateral dorsal cutaneous branch of sural nerve,AS
http://purl.obolibrary.org/obo/UBERON_0034693,cremasteric artery,AS
http://purl.obolibrary.org/obo/UBERON_0001433,distal carpal bone 4,AS
http://purl.org/sig/ont/fma/fma52668,nasociliary nerve,AS
http://purl.org/sig/ont/fma/fma6707,branch of external laryngeal nerve to inferior pharyngeal constrictor,AS
http://purl.obolibrary.org/obo/UBERON_0001646,abducens nerve,AS
http://purl.org/sig/ont/fma/fma6254,branch of recurrent laryngeal nerve to transverse arytenoid,AS
http://purl.org/sig/ont/fma/fma16713,recurrent meningeal branch of first sacral spinal nerve,AS
http://purl.obolibrary.org/obo/UBERON_0001431,distal carpal bone 2,AS
http://purl.obolibrary.org/obo/UBERON_0001094,sacral vertebra,AS
http://purl.obolibrary.org/obo/UBERON_0005608,infrahyoid artery,AS
http://purl.obolibrary.org/obo/UBERON_0010943,anterior belly of digastric muscle,AS
http://purl.obolibrary.org/obo/UBERON_0010933,orbicularis oris muscle,AS
http://purl.obolibrary.org/obo/UBERON_0001303,left fallopian tube,AS
http://purl.org/sig/ont/fma/fma54408,branch of hypoglossal nerve to palatopharyngeus,AS
http://purl.org/sig/ont/fma/fma70444,posterior segmental branch of right hepatic artery,AS
http://purl.obolibrary.org/obo/UBERON_0006489,c2 segment of cervical spinal cord,AS
http://purl.obolibrary.org/obo/UBERON_0002129,cerebellar cortex,AS
http://purl.obolibrary.org/obo/UBERON_0001492,radial nerve,AS
http://purl.obolibrary.org/obo/UBERON_0002015,kidney capsule,AS
http://purl.org/sig/ont/fma/fma16714,recurrent meningeal branch of second sacral spinal nerve,AS
http://purl.org/sig/ont/fma/fma23062,pectoral branch of thoracoacromial artery,AS
http://purl.obolibrary.org/obo/UBERON_0001392,flexor hallucis longus muscle,AS
http://purl.org/sig/ont/fma/fma52711,lacrimal branch of infratrochlear nerve,AS
http://purl.obolibrary.org/obo/UBERON_0001437,epiphyseal bone,AS
http://purl.org/sig/ont/fma/fma53283,branch of posterior auricular nerve to occipitalis,AS
http://purl.obolibrary.org/obo/UBERON_8600009,subsegmental bronchus,AS
http://purl.obolibrary.org/obo/UBERON_0008712,stylohyoid muscle,AS
http://purl.obolibrary.org/obo/UBERON_0010379,superior tarsal muscle,AS
http://purl.org/sig/ont/fma/fma44319,superficial iliac circumflex vein,AS
http://purl.obolibrary.org/obo/UBERON_0001122,scalenus medius muscle,AS
http://purl.org/sig/ont/fma/fma4873,right posterior intercostal vein 8,AS
http://purl.obolibrary.org/obo/UBERON_0003478,inferior labial vein,AS
http://purl.org/sig/ont/fma/fma12852,posterior external vertebral venous plexus #2,AS
http://purl.org/sig/ont/fma/fma12852,posterior external vertebral venous plexus #3,AS
http://purl.org/sig/ont/fma/fma12852,posterior external vertebral venous plexus,AS
http://purl.obolibrary.org/obo/UBERON_8410022,left colic artery,AS
http://purl.obolibrary.org/obo/UBERON_0035655,paraumbilical vein,AS
http://purl.obolibrary.org/obo/UBERON_0005431,anterior spinal artery,AS
http://purl.obolibrary.org/obo/UBERON_0001312,superior vesical artery,AS
http://purl.org/sig/ont/fma/fma81304,branch of suprascapular nerve to supraspinatus,AS
http://purl.org/sig/ont/fma/fma79880,branch of temporal branch of facial nerve to temporoparietalis,AS
http://purl.org/sig/ont/fma/fma65333,lateral muscular branch of radial nerve to brachialis,AS
http://purl.obolibrary.org/obo/UBERON_8410018,right colic vein,AS
http://purl.org/sig/ont/fma/fma23058,thoracoacromial vein,AS
http://purl.org/sig/ont/fma/fma53377,branch of temporal branch of facial nerve to orbicularis oculi,AS
http://purl.obolibrary.org/obo/UBERON_0011188,lesser tubercle of humerus,AS
http://purl.obolibrary.org/obo/UBERON_0001565,geniohyoid muscle,AS
http://purl.obolibrary.org/obo/UBERON_0029636,lumbar spinal cord gray matter,AS
http://purl.obolibrary.org/obo/UBERON_0000065,respiratory tract,AS
http://purl.org/sig/ont/fma/fma14930,ascending duodenum,AS
http://purl.obolibrary.org/obo/UBERON_0001306,cumulus oophorus,AS
http://purl.org/sig/ont/fma/fma50855,jugular venous arch #2,AS
http://purl.org/sig/ont/fma/fma50855,jugular venous arch,AS
http://purl.org/sig/ont/fma/fma43904,anterior lateral malleolar artery,AS
http://purl.obolibrary.org/obo/UBERON_0003262,amniotic mesoderm,AS
http://purl.obolibrary.org/obo/UBERON_0001611,sublingual artery,AS
http://purl.org/sig/ont/fma/fma16495,cremaster muscle branch of genital branch of genitofemoral nerve,AS
http://purl.org/sig/ont/fma/fma16700,meningeal branch of third lumbar spinal nerve,AS
http://purl.obolibrary.org/obo/UBERON_0010996,articular cartilage of a joint,AS
http://purl.org/sig/ont/fma/fma53492,communicating branch of glossopharyngeal nerve with auriculotemporal nerve,AS
http://purl.obolibrary.org/obo/UBERON_0014608,inferior occipital gyrus,AS
http://purl.org/sig/ont/fma/fma8825,dorsal ramus of eleventh thoracic spinal nerve,AS
http://purl.obolibrary.org/obo/UBERON_0005893,leg bone,AS
http://purl.org/sig/ont/fma/fma68193,medial segmental artery of right lung,AS
http://purl.obolibrary.org/obo/UBERON_0006492,c6 segment of cervical spinal cord,AS
http://purl.obolibrary.org/obo/UBERON_0002459,inferior palpebral vein,AS
http://purl.org/sig/ont/fma/fma52708,palpebral branch of infratrochlear nerve,AS
http://purl.obolibrary.org/obo/UBERON_0014541,thoracic division of spinal cord central canal,AS
http://purl.obolibrary.org/obo/UBERON_0008783,dorsal venous arch of foot,AS
http://purl.obolibrary.org/obo/UBERON_0008783,dorsal venous arch of foot #3,AS
http://purl.obolibrary.org/obo/UBERON_0008783,dorsal venous arch of foot #2,AS
http://purl.org/sig/ont/fma/fma6449,eighth cervical spinal nerve,AS
http://purl.org/sig/ont/fma/fma44504,plantar metatarsal vein,AS
http://purl.org/sig/ont/fma/fma6695,branch of auricular branch of vagus nerve to tympanic membrane,AS
http://purl.org/sig/ont/fma/fma44647,first dorsal metatarsal artery,AS
http://purl.obolibrary.org/obo/UBERON_0001196,middle colic artery,AS
http://purl.org/sig/ont/fma/fma53369,superficial buccal branch of facial nerve to nasalis,AS
http://purl.obolibrary.org/obo/UBERON_0001396,lateral thoracic artery,AS
http://purl.obolibrary.org/obo/UBERON_0001591,thymic vein,AS
http://purl.obolibrary.org/obo/UBERON_0007153,superior epigastric artery,AS
http://purl.org/sig/ont/fma/fma6233,communicating branch of vagus nerve with glossopharyngeal nerve,AS
http://purl.org/sig/ont/fma/fma66052,branch of sacral nerve plexus to external anal sphincter,AS
http://purl.org/sig/ont/fma/fma80298,branch of posterior interosseous nerve to supinator,AS
http://purl.org/sig/ont/fma/fma49641,auricular branch of posterior auricular artery,AS
http://purl.obolibrary.org/obo/UBERON_0035830,left gastroepiploic artery,AS
http://purl.org/sig/ont/fma/fma82674,nerve to depressor supercilii,AS
http://purl.obolibrary.org/obo/UBERON_0001092,cervical vertebra 1,AS
http://purl.org/sig/ont/fma/fma52814,branch of greater palatine nerve to gingiva,AS
http://purl.obolibrary.org/obo/UBERON_0002066,umbilical vein,AS
http://purl.obolibrary.org/obo/UBERON_0001071,superficial cervical artery,AS
http://purl.obolibrary.org/obo/UBERON_0008804,stylopharyngeus muscle,AS
http://purl.org/sig/ont/fma/fma82842,nerve to auricularis posterior,AS
http://purl.obolibrary.org/obo/UBERON_0008572,posterior cricoarytenoid muscle,AS
http://purl.obolibrary.org/obo/UBERON_0005168,interlobular renal vein,AS
http://purl.org/sig/ont/fma/fma22051,labium minus branch of posterior labial nerve,AS
http://purl.org/sig/ont/fma/fma4872,right posterior intercostal vein 9,AS
http://purl.org/sig/ont/fma/fma22811,posterior interosseous artery,AS
http://purl.org/sig/ont/fma/fma6694,vagal branch to posterior wall of external acoustic meatus,AS
http://purl.org/sig/ont/fma/fma6236,pharyngeal branch of vagus nerve to pharyngeal nerve plexus,AS
http://purl.org/sig/ont/fma/fma22506,descending genicular artery,AS
http://purl.obolibrary.org/obo/UBERON_0001130,vertebral column,AS
http://purl.obolibrary.org/obo/UBERON_0000985,axillary vein,AS
http://purl.org/sig/ont/fma/fma8846,dorsal ramus of third sacral spinal nerve,AS
http://purl.obolibrary.org/obo/UBERON_0035539,esophageal artery,AS
http://purl.obolibrary.org/obo/UBERON_0001545,anterior tibial vein,AS
http://purl.obolibrary.org/obo/UBERON_0002320,glomerular mesangium,AS
http://purl.obolibrary.org/obo/UBERON_0007149,inferior thyroid artery,AS
http://purl.obolibrary.org/obo/UBERON_0002376,cranial muscle,AS
http://purl.obolibrary.org/obo/UBERON_0000423,eccrine (sweat) glands,AS
http://purl.obolibrary.org/obo/UBERON_0000423,eccrine (sweat) gland,AS
http://purl.obolibrary.org/obo/UBERON_0004927,submucosa,AS
http://purl.obolibrary.org/obo/UBERON_0018397,posterior superior alveolar artery,AS
http://purl.obolibrary.org/obo/UBERON_0009048,deep external pudendal vein,AS
http://purl.obolibrary.org/obo/UBERON_0007829,pectoral girdle bone,AS
http://purl.obolibrary.org/obo/UBERON_0006452,t4 segment of thoracic spinal cord,AS
http://purl.obolibrary.org/obo/UBERON_0009985,lateral condyle,AS
http://purl.obolibrary.org/obo/UBERON_0009985,lateral condyle of femur,AS
http://purl.org/sig/ont/fma/fma53612,cardiac branch of vagus nerve,AS
http://purl.org/sig/ont/fma/fma8792,dorsal ramus of third cervical spinal nerve,AS
http://purl.obolibrary.org/obo/UBERON_0004205,collecting duct (inner medulla),AS
http://purl.obolibrary.org/obo/UBERON_0001270,pelvis,AS
http://purl.org/sig/ont/fma/fma69585,medial dorsal digital artery of first digit of foot,AS
http://purl.obolibrary.org/obo/UBERON_0001216,jejunal vein,AS
http://purl.obolibrary.org/obo/UBERON_0001605,ciliary muscle,AS
http://purl.obolibrary.org/obo/UBERON_0003470,superior labial artery,AS
http://purl.obolibrary.org/obo/UBERON_0008889,uterine venous plexsus,AS
http://purl.obolibrary.org/obo/UBERON_0008889,uterine venous plexus,AS
http://purl.obolibrary.org/obo/UBERON_0012416,arterial system smooth muscle,AS
http://purl.obolibrary.org/obo/UBERON_0001645,trigeminal nerve,AS
http://purl.obolibrary.org/obo/UBERON_0002686,angular gyrus,AS
http://purl.org/sig/ont/fma/fma70370,perforating branch of internal thoracic artery,AS
http://purl.obolibrary.org/obo/UBERON_0012489,muscularis propria,AS
http://purl.obolibrary.org/obo/UBERON_0012489,muscularis prorpia,AS
http://purl.obolibrary.org/obo/UBERON_0034981,superior bulb of internal jugular vein,AS
http://purl.obolibrary.org/obo/UBERON_0001158,descending colon,AS
http://purl.org/sig/ont/fma/fma6703,upper branch of internal laryngeal nerve to vallecula of epiglottis,AS
http://purl.obolibrary.org/obo/UBERON_0036074,vein of vestibular aqueduct,AS
http://purl.org/sig/ont/fma/fma82921,branch of iliohypogastric nerve to internal oblique,AS
http://purl.org/sig/ont/fma/fma82581,trapezius branch of spinal accessory nerve,AS
http://purl.org/sig/ont/fma/fma6700,lower branch of internal laryngeal nerve to mucosa of arytenoid cartilage,AS
http://purl.org/sig/ont/fma/fma53190,branch of masseteric nerve to temporomandibular joint,AS
http://purl.obolibrary.org/obo/UBERON_0001305,ovarian follicle,AS
http://purl.obolibrary.org/obo/UBERON_0001197,ileocolic artery,AS
http://purl.org/sig/ont/fma/fma13279,anterior segmental artery of left lung,AS
http://purl.org/sig/ont/fma/fma14820,colic branch of ileocolic artery,AS
http://purl.obolibrary.org/obo/UBERON_0011014,spinalis capitis muscle,AS
http://purl.org/sig/ont/fma/fma80028,nerve to first plantar interosseous of foot,AS
http://purl.org/sig/ont/fma/fma80082,muscular branch of superficial fibular nerve to fibularis brevis,AS
http://purl.org/sig/ont/fma/fma9311,subsegmental pulmonary artery,AS
http://purl.org/sig/ont/fma/fma53526,communicating branch of recurrent laryngeal nerve with internal laryngeal nerve,AS
http://purl.org/sig/ont/fma/fma81191,branch of posterior interosseous nerve to extensor carpi radialis brevis,AS
http://purl.obolibrary.org/obo/UBERON_0001548,lateral marginal vein,AS
http://purl.org/sig/ont/fma/fma21898,ischiocavernosus branch of perineal nerve,AS
http://purl.obolibrary.org/obo/UBERON_0011907,medial head of gastrocnemius muscle,AS
http://purl.org/sig/ont/fma/fma18871,inferior gluteal artery,AS
http://purl.obolibrary.org/obo/UBERON_0026386,lumbar spinal cord white matter,AS
http://purl.obolibrary.org/obo/UBERON_0012377,muscularis externa,AS
http://purl.obolibrary.org/obo/UBERON_0012173,middle suprarenal artery,AS
http://purl.org/sig/ont/fma/fma44688,sural nerve,AS
http://purl.org/sig/ont/fma/fma6235,lingual branch of pharyngeal branch of vagus,AS
http://purl.obolibrary.org/obo/UBERON_0001428,lunate,AS
http://purl.org/sig/ont/fma/fma6201,pericardial branch of phrenic nerve,AS
http://purl.obolibrary.org/obo/UBERON_0001100,pectoralis minor muscle,AS
http://purl.org/sig/ont/fma/fma70502,inferior segmental renal artery,AS
http://purl.obolibrary.org/obo/UBERON_0014692,superficial epigastric vein,AS
http://purl.obolibrary.org/obo/UBERON_0001413,brachial vein,AS
http://purl.org/sig/ont/fma/fma8603,ventral ramus of third thoracic spinal nerve,AS
http://purl.obolibrary.org/obo/UBERON_0010369,secondary pulmonary lobule,AS
http://purl.org/sig/ont/fma/fma43960,second plantar metatarsal artery,AS
http://purl.obolibrary.org/obo/UBERON_0001432,distal carpal bone 3,AS
http://purl.obolibrary.org/obo/UBERON_0002303,juxtaglomerular apparatus,AS
http://purl.org/sig/ont/fma/fma53614,branch of recurrent laryngeal nerve to ceratocricoid,AS
http://purl.org/sig/ont/fma/fma8799,dorsal ramus of seventh cervical spinal nerve,AS
http://purl.obolibrary.org/obo/UBERON_0012276,endometrium glandular epithelium,AS
http://purl.org/sig/ont/fma/fma50784,confluence of sinuses,AS
http://purl.org/sig/ont/fma/fma53291,temporal branch of facial nerve,AS
http://purl.org/sig/ont/fma/fma20649,cutaneous branch of hypogastric branch of iliohypogastric nerve,AS
http://purl.obolibrary.org/obo/UBERON_0001684,mandible,AS
http://purl.org/sig/ont/fma/fma52655,supraorbital nerve,AS
http://purl.org/sig/ont/fma/fma81281,subscapularis branch of superior subscapular nerve (2),AS
http://purl.org/sig/ont/fma/fma52578,nerve to ciliary ganglion,AS
http://purl.org/sig/ont/fma/fma82610,nerve to oblique muscle of auricle,AS
http://purl.obolibrary.org/obo/UBERON_0000010,peripheral nervous system,AS
http://purl.obolibrary.org/obo/UBERON_0016525,frontal lobe,AS
http://purl.obolibrary.org/obo/UBERON_0007590,cuboidal oviduct epithelium,AS
http://purl.obolibrary.org/obo/UBERON_0004612,cervical vertebra 3,AS
http://purl.org/sig/ont/fma/fma44751,proper plantar digital nerve of fourth toe,AS
http://purl.org/sig/ont/fma/fma82970,communicating branch of superficial fibular nerve with sural nerve,AS
http://purl.obolibrary.org/obo/UBERON_0004720,cerebellar vermis,AS
http://purl.org/sig/ont/fma/fma14819,ileal branch of ileocolic artery,AS
http://purl.org/sig/ont/fma/fma6878,auricular branch to skin of upper third of medial auricle,AS
http://purl.org/sig/ont/fma/fma15797,posterior inferior segmental branch of right hepatic vein,AS
http://purl.org/sig/ont/fma/fma19039,common fibular nerve,AS
http://purl.obolibrary.org/obo/UBERON_0008598,risorius muscle,AS
http://purl.obolibrary.org/obo/UBERON_0002205,manubrium of sternum,AS
http://purl.org/sig/ont/fma/fma20840,transverse perineal artery,AS
http://purl.org/sig/ont/fma/fma11222,recurrent meningeal branch of first thoracic spinal nerve,AS
http://purl.obolibrary.org/obo/UBERON_0000979,tibia,AS
http://purl.org/sig/ont/fma/fma8618,right interlobar pulmonary artery,AS
http://purl.obolibrary.org/obo/UBERON_0034891,long insular gyri,AS
http://purl.obolibrary.org/obo/UBERON_0034891,short insular gyri,AS
http://purl.org/sig/ont/fma/fma14782,anterior superior pancreaticoduodenal artery,AS
http://purl.obolibrary.org/obo/UBERON_0000397,lymphocyte,AS
http://purl.obolibrary.org/obo/UBERON_0000397,mucosa,AS
http://purl.obolibrary.org/obo/UBERON_0000397,lymphcyte,AS
http://purl.obolibrary.org/obo/UBERON_0000397,epithelium,AS
http://purl.org/sig/ont/fma/fma51798,anterior ciliary vein,AS
http://purl.obolibrary.org/obo/UBERON_0003571,trachea connective tissue,AS
http://purl.org/sig/ont/fma/fma44741,proper plantar digital nerve,AS
http://purl.org/sig/ont/fma/fma14928,descending duodenum,AS
http://purl.obolibrary.org/obo/UBERON_0014380,flexor digitorum brevis muscle,AS
http://purl.org/sig/ont/fma/fma53071,branch of mandibular nerve to otic ganglion,AS
http://purl.obolibrary.org/obo/UBERON_0001524,extensor carpi radialis longus muscle,AS
http://purl.org/sig/ont/fma/fma53196,branch of auriculotemporal nerve to external acoustic meatus,AS
http://purl.obolibrary.org/obo/UBERON_0002576,temporal pole,AS
http://purl.org/sig/ont/fma/fma15414,right hepatic portal vein,AS
http://purl.org/sig/ont/fma/fma15414,right hepatic portal vein #2,AS
http://purl.org/sig/ont/fma/fma6881,greater auricular nerve posterior branch,AS
http://purl.obolibrary.org/obo/UBERON_0011193,inferior ophthalmic vein,AS
http://purl.obolibrary.org/obo/UBERON_0000400,epithelium,AS
http://purl.obolibrary.org/obo/UBERON_0012322,ascending cervical artery,AS
http://purl.obolibrary.org/obo/UBERON_0006805,sternal end of clavicle,AS
http://purl.obolibrary.org/obo/UBERON_0006449,l3 lumbar spinal cord segment,AS
http://purl.obolibrary.org/obo/UBERON_0000372,extensor digitorum brevis muscle,AS
http://purl.org/sig/ont/fma/fma44878,palmar branch of ulnar nerve,AS
http://purl.obolibrary.org/obo/UBERON_0004610,rib 11,AS
http://purl.obolibrary.org/obo/UBERON_0011389,bulbospongiosus muscle,AS
http://purl.org/sig/ont/fma/fma53330,uperficial buccal branch of facial nerve to procerus,AS
http://purl.org/sig/ont/fma/fma5841,left lumbar lymph trunk,AS
http://purl.org/sig/ont/fma/fma82619,nerve to helicis major,AS
http://purl.org/sig/ont/fma/fma69610,lateral dorsal digital artery of fourth digit of foot,AS
http://purl.obolibrary.org/obo/UBERON_0034986,sacral plexus,AS
http://purl.org/sig/ont/fma/fma11230,recurrent meningeal branch of ninth thoracic spinal nerve,AS
http://purl.obolibrary.org/obo/UBERON_0007155,superior epigastric vein,AS
http://purl.obolibrary.org/obo/UBERON_0002373,palatine tonsil,AS
http://purl.obolibrary.org/obo/UBERON_0018255,jejunal branches,AS
http://purl.obolibrary.org/obo/UBERON_0004197,proximal convoluted tubule segment 2,AS
http://purl.obolibrary.org/obo/UBERON_0001279,portal triad/tract,AS
http://purl.obolibrary.org/obo/UBERON_0002189,outer cortex of kidney,AS
http://purl.obolibrary.org/obo/UBERON_0001455,cuboid bone,AS
http://purl.obolibrary.org/obo/UBERON_0006634,lingual vein,AS
http://purl.org/sig/ont/fma/fma49746,posterior deep temporal artery,AS
http://purl.obolibrary.org/obo/UBERON_0001576,intrinsic tongue muscle,AS
http://purl.obolibrary.org/obo/UBERON_0010928,cricopharyngeal part of inferior pharyngeal constrictor muscle,AS
http://purl.obolibrary.org/obo/UBERON_0009049,superficial external pudendal vein,AS
http://purl.obolibrary.org/obo/UBERON_0002040,bronchial artery,AS
http://purl.org/sig/ont/fma/fma8631,lateral basal segmental artery of right lung,AS
http://purl.obolibrary.org/obo/UBERON_0008465,abductor pollicis brevis muscle,AS
http://purl.org/sig/ont/fma/fma82603,nerve to auricularis anterior,AS
http://purl.obolibrary.org/obo/UBERON_0001296,uterine myometrium,AS
http://purl.org/sig/ont/fma/fma8822,dorsal ramus of tenth thoracic spinal nerve,AS
http://purl.org/sig/ont/fma/fma14794,short gastric artery,AS
http://purl.obolibrary.org/obo/UBERON_4000088,mineralized cartilage,AS
http://purl.obolibrary.org/obo/UBERON_0001655,submental vein,AS
http://purl.obolibrary.org/obo/UBERON_0011575,styloid process of ulna,AS
http://purl.obolibrary.org/obo/UBERON_0004058,bile duct/ule,AS
http://purl.obolibrary.org/obo/UBERON_0034884,juxtaglomerular arteriole,AS
http://purl.org/sig/ont/fma/fma22748,radial recurrent artery,AS
http://purl.obolibrary.org/obo/UBERON_0001508,aortic arch,AS
http://purl.org/sig/ont/fma/fma14347,left ovarian vein,AS
http://purl.org/sig/ont/fma/fma13281,apicoposterior segmental artery of left lung,AS
http://purl.obolibrary.org/obo/UBERON_0001610,lingual artery,AS
http://purl.obolibrary.org/obo/UBERON_0002661,superior frontal gyrus,AS
http://purl.obolibrary.org/obo/UBERON_0003591,lobar bronchus connective tissue,AS
http://purl.org/sig/ont/fma/fma52985,internal nasal branch of infra-orbital nerve,AS
http://purl.org/sig/ont/fma/fma22958,dorsal digital vein of hand,AS
http://purl.obolibrary.org/obo/UBERON_0035530,basal vein,AS
http://purl.obolibrary.org/obo/UBERON_0002769,superior temporal gyrus,AS
http://purl.obolibrary.org/obo/UBERON_0000368,adductor brevis muscle,AS
http://purl.obolibrary.org/obo/UBERON_8410034,lymphatic artery,AS
http://purl.obolibrary.org/obo/UBERON_0002624,"inferior frontal gyrus, orbital part",AS
http://purl.obolibrary.org/obo/UBERON_0035492,inferior hypophyseal artery,AS
http://purl.obolibrary.org/obo/UBERON_0004619,lumbar vertebra 3,AS
http://purl.org/sig/ont/fma/fma21870,dorsal nerve of clitoris,AS
http://purl.org/sig/ont/fma/fma82942,compressor urethrae branch of perineal nerve,AS
http://purl.org/sig/ont/fma/fma6704,upper branch of internal laryngeal nerve to laryngeal vestibule,AS
http://purl.obolibrary.org/obo/UBERON_0006461,s2 sacral spinal cord segment,AS
http://purl.obolibrary.org/obo/UBERON_0035474,right subcostal vein,AS
http://purl.obolibrary.org/obo/UBERON_0035435,right suprarenal vein,AS
http://purl.org/sig/ont/fma/fma49602,auricular branch of occipital artery,AS
http://purl.obolibrary.org/obo/UBERON_0008847,ovarian ligament,AS
http://purl.obolibrary.org/obo/UBERON_0007195,bone marrow stroma,AS
http://purl.obolibrary.org/obo/UBERON_0010397,efferent lymphatics,AS
http://purl.obolibrary.org/obo/UBERON_0010397,efferent lymphatic,AS
http://purl.obolibrary.org/obo/UBERON_0001962,gut associated lymphoid tissue (galt)/lamina propria,AS
http://purl.obolibrary.org/obo/UBERON_0001962,gut associated lymphoid tissue (galt)/isolated lymphoid follicles (ilf),AS
http://purl.org/sig/ont/fma/fma49914,right superior pulmonary vein,AS
http://purl.obolibrary.org/obo/UBERON_0001962,gut associated lymphoid tissue (galt) /lamina propria,AS
http://purl.obolibrary.org/obo/UBERON_0001962,gut associated lymphoid tissue (galt)/ lamina propria,AS
http://purl.obolibrary.org/obo/UBERON_0001281,hepatic sinusoid,AS
http://purl.obolibrary.org/obo/UBERON_0001281,liver sinusoid,AS
http://purl.org/sig/ont/fma/fma80034,nerve to third dorsal interosseous of foot,AS
http://purl.org/sig/ont/fma/fma12208,branch of lesser occipital nerve to posterior auricular branch of facial nerve,AS
http://purl.org/sig/ont/fma/fma15423,posterior superior segmental branch of right hepatic portal vein,AS
http://purl.obolibrary.org/obo/UBERON_0004760,anal gland,AS
http://purl.obolibrary.org/obo/UBERON_0035279,supraclavicular lymph node,AS
http://purl.obolibrary.org/obo/UBERON_0015716,epithelium,AS
http://purl.obolibrary.org/obo/UBERON_0001982,vasculature,AS
http://purl.org/sig/ont/fma/fma3964,percardiacophrenic artery,AS
http://purl.org/sig/ont/fma/fma65303,superior lateral cutaneous nerve of arm,AS
http://purl.org/sig/ont/fma/fma8789,dorsal ramus of fourth cervical spinal nerve,AS
http://purl.obolibrary.org/obo/UBERON_0004548,left eye,AS
http://purl.org/sig/ont/fma/fma22950,ulnar vein,AS
http://purl.org/sig/ont/fma/fma18905,lateral sacral vein,AS
http://purl.obolibrary.org/obo/UBERON_0000458,endocervix,AS
http://purl.obolibrary.org/obo/UBERON_0007177,lamina propria,AS
http://purl.obolibrary.org/obo/UBERON_0008446,flexor pollicis longus muscle,AS
http://purl.org/sig/ont/fma/fma44877,deep branch of ulnar nerve,AS
http://purl.obolibrary.org/obo/UBERON_0003668,synovial bursa,AS
http://purl.obolibrary.org/obo/UBERON_0002017,portal vein,AS
http://purl.org/sig/ont/fma/fma15804,lateral inferior segmental branch of left hepatic vein,AS
http://purl.obolibrary.org/obo/UBERON_0013648,masseteric artery,AS
http://purl.obolibrary.org/obo/UBERON_0012321,deep cervical artery,AS
http://purl.obolibrary.org/obo/UBERON_0001599,stapedius muscle,AS
http://purl.org/sig/ont/fma/fma52693,infratrochlear nerve,AS
http://purl.org/sig/ont/fma/fma4800,left posterior intercostal vein 3,AS
http://purl.org/sig/ont/fma/fma81239,branch of musculocutaneous nerve to long head of biceps brachii,AS
http://purl.obolibrary.org/obo/UBERON_0014691,right gastric vein,AS
http://purl.org/sig/ont/fma/fma44783,dorsal digital nerve of big toe,AS
http://purl.obolibrary.org/obo/UBERON_0000017,exocrine pancreas,AS
http://purl.obolibrary.org/obo/UBERON_0001550,medial marginal vein,AS
http://purl.org/sig/ont/fma/fma44701,muscular branch of tibial nerve to plantaris,AS
http://purl.org/sig/ont/fma/fma53487,stylopharyngeal branch of glossopharyngeal nerve,AS
http://purl.obolibrary.org/obo/UBERON_0001494,ulnar nerve,AS
http://purl.obolibrary.org/obo/UBERON_0008454,rectus capitis posterior major muscle,AS
http://purl.org/sig/ont/fma/fma4990,left posterior intercostal vein 6,AS
http://purl.org/sig/ont/fma/fma6231,meningeal branch of vagus nerve,AS
http://purl.org/sig/ont/fma/fma65638,meningeal branch of first cervical nerve,AS
http://purl.obolibrary.org/obo/UBERON_0002413,cervical vertebra,AS
http://purl.org/sig/ont/fma/fma20701,pubic branch of inferior epigastric artery,AS
http://purl.org/sig/ont/fma/fma6443,second cervical spinal nerve,AS
http://purl.obolibrary.org/obo/UBERON_0002250,popliteal artery,AS
http://purl.org/sig/ont/fma/fma15404,prepyloric vein,AS
http://purl.obolibrary.org/obo/UBERON_0008346,epithelium,AS
http://purl.org/sig/ont/fma/fma80285,posterior interosseous nerve,AS
http://purl.obolibrary.org/obo/UBERON_0000086,zona pellucida,AS
http://purl.org/sig/ont/fma/fma53490,lingual branch of glossopharyngeal nerve,AS
http://purl.org/sig/ont/fma/fma16483,ilioinguinal nerve,AS
http://purl.obolibrary.org/obo/UBERON_8600010,bronchial submucosal gland ciliated duct,AS
http://purl.obolibrary.org/obo/UBERON_8600010,ciliated ducts of bronchial submucosal gland,AS
http://purl.org/sig/ont/fma/fma8755,segmental pulmonary artery,AS
http://purl.obolibrary.org/obo/UBERON_0006467,t11 thoracic spinal cord segment,AS
http://purl.obolibrary.org/obo/UBERON_0005475,sigmoid sinus,AS
http://purl.obolibrary.org/obo/UBERON_0001505,coracobrachialis muscle,AS
http://purl.obolibrary.org/obo/UBERON_0001566,cricothyroid muscle,AS
http://purl.obolibrary.org/obo/UBERON_0006636,lumbar artery,AS
http://purl.obolibrary.org/obo/UBERON_0003337,serosa,AS
http://purl.org/sig/ont/fma/fma44915,medial dorsal digital branch of ulnar nerve to little finger,AS
http://purl.org/sig/ont/fma/fma44830,branch of anterior interosseous nerve to flexor pollicis longus,AS
http://purl.obolibrary.org/obo/UBERON_0002080,right ventricle,AS
http://purl.org/sig/ont/fma/fma49751,pterygoid branches of maxillary artery,AS
http://purl.org/sig/ont/fma/fma80068,nerve to extensor digitorum longus,AS
http://purl.obolibrary.org/obo/UBERON_0001228,renal papilla,AS
http://purl.obolibrary.org/obo/UBERON_0001228,papilla,AS
http://purl.obolibrary.org/obo/UBERON_0005840,sacral spinal cord dorsal column,AS
http://purl.org/sig/ont/fma/fma44838,lateral branch of palmar branch of median nerve,AS
http://purl.obolibrary.org/obo/UBERON_0000157,theca interna,AS
http://purl.org/sig/ont/fma/fma44489,plantar venous arch #2,AS
http://purl.org/sig/ont/fma/fma44489,plantar venous arch,AS
http://purl.obolibrary.org/obo/UBERON_0022383,anterior parahippocampal gyrus,AS
http://purl.obolibrary.org/obo/UBERON_0005005,mucosa of left ureter,AS
http://purl.obolibrary.org/obo/UBERON_0002774,caudal (posterior) transverse temporal gyrus,AS
http://purl.org/sig/ont/fma/fma81325,cutaneous branch of anterior branch of axillary nerve,AS
http://purl.obolibrary.org/obo/UBERON_0001427,scaphoid,AS
http://purl.org/sig/ont/fma/fma52573,inferior branch of oculomotor nerve,AS
http://purl.obolibrary.org/obo/UBERON_0002084,left ventricle,AS
http://purl.org/sig/ont/fma/fma6416,fifth lumbar spinal nerve,AS
http://purl.org/sig/ont/fma/fma18896,uterine vein,AS
http://purl.obolibrary.org/obo/UBERON_0001669,superior cerebellar vein,AS
http://purl.org/sig/ont/fma/fma4544,left posterior intercostal artery 9,AS
http://purl.org/sig/ont/fma/fma54974,left palatine tonsil,AS
http://purl.org/sig/ont/fma/fma53379,branch of temporal branch of facial nerve to corrugator supercilii,AS
http://purl.org/sig/ont/fma/fma43934,deep branch of medial plantar artery,AS
http://purl.obolibrary.org/obo/UBERON_0001572,hyoglossus muscle,AS
http://purl.org/sig/ont/fma/fma44889,fifth common palmar digital branch of ulnar nerve,AS
http://purl.obolibrary.org/obo/UBERON_8410062,parasympathetic cholinergic nerve,AS
http://purl.org/sig/ont/fma/fma53461,lateral ampullary nerve,AS
http://purl.org/sig/ont/fma/fma6293,fifth thoracic spinal nerve,AS
http://purl.org/sig/ont/fma/fma22803,posterior ulnar recurrent artery,AS
http://purl.obolibrary.org/obo/UBERON_0018252,internal pudendal vein,AS
http://purl.obolibrary.org/obo/UBERON_8410032,trabecular sinus,AS
http://purl.org/sig/ont/fma/fma78708,nerve to gemellus superior,AS
http://purl.org/sig/ont/fma/fma22967,median antebrachial vein,AS
http://purl.obolibrary.org/obo/UBERON_0014773,medial palpebral artery,AS
http://purl.org/sig/ont/fma/fma70892,anterior spinal vein,AS
http://purl.obolibrary.org/obo/UBERON_0001500,hand muscle,AS
http://purl.org/sig/ont/fma/fma44778,branch of lateral terminal branch of deep fibular nerve,AS
http://purl.obolibrary.org/obo/UBERON_0001150,body of pancreas,AS
http://purl.obolibrary.org/obo/UBERON_0006322,inferior rectus extraocular muscle,AS
http://purl.org/sig/ont/fma/fma50800,inferior laryngeal vein,AS
http://purl.org/sig/ont/fma/fma44832,nerve to distal radio-ulnar joint,AS
http://purl.org/sig/ont/fma/fma77524,pharyngeal nerve,AS
http://purl.obolibrary.org/obo/UBERON_0004196,proximal convoluted tubule segment 1,AS
http://purl.org/sig/ont/fma/fma7065,ventral ramus of first lumbar spinal nerve,AS
http://purl.obolibrary.org/obo/UBERON_0004201,kidney outer medulla inner stripe,AS
http://purl.org/sig/ont/fma/fma4860,right posterior intercostal vein 10,AS
http://purl.obolibrary.org/obo/UBERON_0002460,vesical vein,AS
http://purl.obolibrary.org/obo/UBERON_0001509,triceps brachii muscle,AS
http://purl.org/sig/ont/fma/fma53458,cochlear communicating branch of vestibular nerve,AS
http://purl.org/sig/ont/fma/fma6251,branch of recurrent laryngeal nerve to mucosa of larynx,AS
http://purl.org/sig/ont/fma/fma52679,internal nasal branch of anterior ethmoidal nerve,AS
http://purl.obolibrary.org/obo/UBERON_0001465,knee,AS
http://purl.org/sig/ont/fma/fma6246,recurrent laryngeal nerve,AS
http://purl.obolibrary.org/obo/UBERON_0031111,sacral spinal cord gray commissure,AS
http://purl.obolibrary.org/obo/UBERON_0035462,artery of postcentral sulcus,AS
http://purl.obolibrary.org/obo/UBERON_8410064,submucosal plexus of meissner,AS
http://purl.obolibrary.org/obo/UBERON_8410064,"submucosal plexus of meissner submucosal plexus (meissners plexus, plexus of the submucosa, plexus submucosus)",AS
http://purl.obolibrary.org/obo/UBERON_0001291,loop of henle (thick limb/cortex),AS
http://purl.obolibrary.org/obo/UBERON_0001291,loop of henle (thick limb/medulla),AS
http://purl.obolibrary.org/obo/UBERON_0001291,loop of henle (thick limb),AS
http://purl.obolibrary.org/obo/UBERON_0001291,loop of henle (thick limb/ cortex),AS
http://purl.org/sig/ont/fma/fma81297,subscapularis branch of inferior subscapular nerve,AS
http://purl.org/sig/ont/fma/fma82666,nerve to zygomaticus minor,AS
http://purl.org/sig/ont/fma/fma85114,lateral proper palmar digital artery of fourth digit of hand,AS
http://purl.obolibrary.org/obo/UBERON_0002483,trabecular bone,AS
http://purl.org/sig/ont/fma/fma65330,posterior muscular branch of radial nerve to lateral head of triceps brachii,AS
http://purl.obolibrary.org/obo/UBERON_0002383,supraspinatus muscle,AS
http://purl.org/sig/ont/fma/fma6446,fifth cervical spinal nerve,AS
http://purl.org/sig/ont/fma/fma44777,medial terminal branch of deep fibular nerve,AS
http://purl.org/sig/ont/fma/fma6646,vesical plexus,AS
http://purl.org/sig/ont/fma/fma5032,left jugular lymph trunk,AS
http://purl.org/sig/ont/fma/fma82622,nerve to helicis minor,AS
http://purl.org/sig/ont/fma/fma7206,superior duodenum,AS
http://purl.obolibrary.org/obo/UBERON_0012498,serosa,AS
http://purl.obolibrary.org/obo/UBERON_0001776,optic choroid,AS
http://purl.obolibrary.org/obo/UBERON_0001956,cartilage of bronchus,AS
http://purl.org/sig/ont/fma/fma4744,supreme intercostal vein,AS
http://purl.obolibrary.org/obo/UBERON_0001582,buccinator muscle,AS
http://purl.obolibrary.org/obo/UBERON_0004527,alveolar process of maxilla,AS
http://purl.obolibrary.org/obo/UBERON_0003471,inferior labial artery,AS
http://purl.org/sig/ont/fma/fma53293,communicating branch of facial nerve with glossopharyngeal nerve,AS
http://purl.obolibrary.org/obo/UBERON_0001640,celiac artery,AS
http://purl.org/sig/ont/fma/fma53332,communicating branch of superficial buccal branch of facial nerve with external nasal nerve,AS
http://purl.obolibrary.org/obo/UBERON_0010944,posterior belly of digastric muscle,AS
http://purl.org/sig/ont/fma/fma70777,short posterior ciliary artery,AS
http://purl.org/sig/ont/fma/fma49913,left inferior pulmonary vein,AS
http://purl.obolibrary.org/obo/UBERON_0001398,brachial artery,AS
http://purl.obolibrary.org/obo/UBERON_0003910,splenic venous sinusoid,AS
http://purl.obolibrary.org/obo/UBERON_0001367,external anal sphincter,AS
http://purl.org/sig/ont/fma/fma53396,cervical branch of facial nerve,AS
http://purl.org/sig/ont/fma/fma7072,ventral ramus of coccygeal nerve,AS
http://purl.org/sig/ont/fma/fma80043,nerve to adductor hallucis,AS
http://purl.org/sig/ont/fma/fma85528,artery of pterygoid canal,AS
http://purl.obolibrary.org/obo/UBERON_0015878,common iliac lymph node,AS
http://purl.org/sig/ont/fma/fma22706,superior ulnar collateral artery,AS
http://purl.obolibrary.org/obo/UBERON_0001382,pectineus muscle,AS
http://purl.org/sig/ont/fma/fma52633,communicating branch of lacrimal nerve with zygomaticotemporal branch of zygomatic nerve,AS
http://purl.org/sig/ont/fma/fma15390,left gastroepiploic vein,AS
http://purl.obolibrary.org/obo/UBERON_0000144,trochlea of humerus,AS
http://purl.obolibrary.org/obo/UBERON_0001185,right renal artery,AS
http://purl.org/sig/ont/fma/fma15801,medial inferior segmental branch of middle hepatic vein,AS
http://purl.obolibrary.org/obo/UBERON_0035966,scleral lamina cribrosa,AS
http://purl.org/sig/ont/fma/fma3823,sinoatrial nodal artery,AS
http://purl.obolibrary.org/obo/UBERON_0035222,posterior parietal artery,AS
http://purl.org/sig/ont/fma/fma77541,vagal part of accessory nerve,AS
http://purl.obolibrary.org/obo/UBERON_0001588,vertebral vein,AS
http://purl.org/sig/ont/fma/fma53544,communicating branch of internal laryngeal nerve with recurrent laryngeal nerve,AS
http://purl.obolibrary.org/obo/UBERON_0012110,frontal process of zygomatic bone,AS
http://purl.org/sig/ont/fma/fma54419,meningeal branch of hypoglossal nerve to wall of inferior petrosal sinus,AS
http://purl.obolibrary.org/obo/UBERON_0015171,uterine spiral artery,AS
http://purl.obolibrary.org/obo/UBERON_0003383,myocardium,AS
http://purl.obolibrary.org/obo/UBERON_0015157,zygomatico-orbital artery,AS
http://purl.org/sig/ont/fma/fma71675,glandular branches of facial artery,AS
http://purl.obolibrary.org/obo/UBERON_0001620,central retinal artery,AS
http://purl.org/sig/ont/fma/fma53393,communicating branch of marginal mandibular branch of facial nerve with mental nerve,AS
http://purl.org/sig/ont/fma/fma80055,nerve to cuneonavicular joint,AS
http://purl.org/sig/ont/fma/fma50863,optic nerve,AS
http://purl.obolibrary.org/obo/UBERON_0001215,inferior mesenteric vein,AS
http://purl.org/sig/ont/fma/fma24978,left knee,AS
http://purl.org/sig/ont/fma/fma43942,plantar arch,AS
http://purl.obolibrary.org/obo/UBERON_0002743,basal forebrain,AS
http://purl.org/sig/ont/fma/fma53352,branch of upper deep buccal branch of facial nerve to levator labii superioris,AS
http://purl.obolibrary.org/obo/UBERON_0006960,ovary stroma,AS
http://purl.obolibrary.org/obo/UBERON_0006960,ovarian interstitia,AS
http://purl.obolibrary.org/obo/UBERON_0000443,left testicular vein,AS
http://purl.org/sig/ont/fma/fma4406,left posterior intercostal artery 3,AS
http://purl.obolibrary.org/obo/UBERON_0014716,interlobular duct,AS
http://purl.obolibrary.org/obo/UBERON_0006321,superior oblique extraocular muscle,AS
http://purl.org/sig/ont/fma/fma23065,acromial branch of thoracoacromial artery,AS
http://purl.obolibrary.org/obo/UBERON_0011218,spinalis cervicis muscle,AS
http://purl.org/sig/ont/fma/fma11229,recurrent meningeal branch of eighth thoracic spinal nerve,AS
http://purl.org/sig/ont/fma/fma44873,articular branch of ulnar nerve,AS
http://purl.obolibrary.org/obo/UBERON_0001223,left ureter,AS
http://purl.obolibrary.org/obo/UBERON_0000210,parietal bone,AS
http://purl.org/sig/ont/fma/fma6255,branch of recurrent laryngeal nerve to oblique arytenoid,AS
http://purl.obolibrary.org/obo/UBERON_0007836,cervical spinal cord ventral commissure,AS
http://purl.obolibrary.org/obo/UBERON_0003477,superior labial vein,AS
http://purl.org/sig/ont/fma/fma51770,ethmoidal vein,AS
http://purl.obolibrary.org/obo/UBERON_0007317,superficial external pudendal artery,AS
http://purl.obolibrary.org/obo/UBERON_0035483,left suprarenal vein,AS
http://purl.org/sig/ont/fma/fma70479,anterior inferior pancreaticoduodenal artery,AS
http://purl.org/sig/ont/fma/fma50631,lateral posterior choroidal artery,AS
http://purl.obolibrary.org/obo/UBERON_0001688,incus bone,AS
http://purl.org/sig/ont/fma/fma6444,third cervical spinal nerve,AS
http://purl.obolibrary.org/obo/UBERON_0001986,endothelium (non glomerular),AS
http://purl.org/sig/ont/fma/fma62468,branch of musculocutaneous nerve to biceps brachii,AS
http://purl.org/sig/ont/fma/fma6312,eleventh thoracic spinal nerve,AS
http://purl.org/sig/ont/fma/fma54406,branch of hypoglossal nerve to hyoglossus,AS
http://purl.org/sig/ont/fma/fma8802,dorsal ramus of eighth cervical spinal nerve,AS
http://purl.obolibrary.org/obo/UBERON_0002340,epithelium of main bronchus,AS
http://purl.obolibrary.org/obo/UBERON_0009980,distal femur,AS
http://purl.org/sig/ont/fma/fma22761,first dorsal metacarpal artery,AS
http://purl.obolibrary.org/obo/UBERON_0011512,puborectalis muscle,AS
http://purl.obolibrary.org/obo/UBERON_0001388,gastrocnemius muscle,AS
http://purl.obolibrary.org/obo/UBERON_0004654,temporal process of zygomatic bone,AS
http://purl.org/sig/ont/fma/fma44648,second dorsal metatarsal artery,AS
http://purl.org/sig/ont/fma/fma50624,thalamoperforating artery,AS
http://purl.obolibrary.org/obo/UBERON_0001553,medial tarsal artery,AS
http://purl.obolibrary.org/obo/UBERON_0011050,thoracic vertebra 8,AS
http://purl.obolibrary.org/obo/UBERON_0016378,ileocolic lymph node,AS
http://purl.obolibrary.org/obo/UBERON_0002902,occipital pole,AS
http://purl.obolibrary.org/obo/UBERON_0006457,t1 segment of thoracic spinal cord,AS
http://purl.org/sig/ont/fma/fma6299,seventh thoracic spinal nerve,AS
http://purl.obolibrary.org/obo/UBERON_0006841,central vein,AS
http://purl.obolibrary.org/obo/UBERON_0006841,central vein of liver,AS
http://purl.org/sig/ont/fma/fma21900,external urethral sphincter branch of perineal nerve,AS
http://purl.obolibrary.org/obo/UBERON_0002381,pectoralis major muscle,AS
http://purl.org/sig/ont/fma/fma50560,pontine artery,AS
http://purl.obolibrary.org/obo/UBERON_0006936,thymus subcapsular epithelium,AS
http://purl.obolibrary.org/obo/UBERON_0007316,deep external pudendal artery,AS
http://purl.org/sig/ont/fma/fma44033,perforating branch of fibular artery,AS
http://purl.obolibrary.org/obo/UBERON_0035659,deep facial vein,AS
http://purl.obolibrary.org/obo/UBERON_0003590,main bronchus connective tissue,AS
http://purl.obolibrary.org/obo/UBERON_0005196,germinal center,AS
http://purl.org/sig/ont/fma/fma4173,left second superior phrenic artery,AS
http://purl.obolibrary.org/obo/UBERON_0001195,inferior pancreaticoduodenal artery,AS
http://purl.obolibrary.org/obo/UBERON_0015350,saphenous branch of descending genicular artery,AS
http://purl.org/sig/ont/fma/fma45306,anterior branch of obturator nerve,AS
http://purl.org/sig/ont/fma/fma4799,left posterior intercostal vein 2,AS
http://purl.obolibrary.org/obo/UBERON_0001372,psoas minor muscle,AS
http://purl.obolibrary.org/obo/UBERON_0004944,submucosa of trigone of urinary bladder,AS
http://purl.obolibrary.org/obo/UBERON_0015881,internal iliac lymph node,AS
http://purl.obolibrary.org/obo/UBERON_0004632,thoracic vertebra 7,AS
http://purl.org/sig/ont/fma/fma70443,anterior inferior segmental branch of right hepatic artery,AS
http://purl.org/sig/ont/fma/fma54432,nerve to superior belly of omohyoid,AS
http://purl.org/sig/ont/fma/fma49618,meningeal branch of occipital artery,AS
http://purl.org/sig/ont/fma/fma43959,first plantar metatarsal artery,AS
http://purl.org/sig/ont/fma/fma15395,sigmoid vein,AS
http://purl.org/sig/ont/fma/fma49497,ascending pharyngeal artery,AS
http://purl.org/sig/ont/fma/fma8611,ventral ramus of eleventh thoracic spinal nerve,AS
http://purl.obolibrary.org/obo/UBERON_0030276,lumbar spinal cord ventral horn,AS
http://purl.obolibrary.org/obo/UBERON_0004204,collecting duct (outer medulla),AS
http://purl.obolibrary.org/obo/UBERON_0004204,collecting duct (medulla),AS
http://purl.obolibrary.org/obo/UBERON_0002025,stratum basale (sb),AS
http://purl.org/sig/ont/fma/fma44897,medial proper palmar digital branch of ulnar nerve to little finger,AS
http://purl.obolibrary.org/obo/UBERON_0001617,mental artery,AS
http://purl.org/sig/ont/fma/fma53228,chorda tympani nerve,AS
http://purl.org/sig/ont/fma/fma50830,deep lingual vein,AS
http://purl.org/sig/ont/fma/fma71587,peroneal vein,AS
http://purl.org/sig/ont/fma/fma6414,third lumbar spinal nerve,AS
http://purl.org/sig/ont/fma/fma53278,auricularis posterior branch of facial nerve,AS
http://purl.obolibrary.org/obo/UBERON_0001635,superior cerebellar artery,AS
http://purl.obolibrary.org/obo/UBERON_0001148,median nerve,AS
http://purl.obolibrary.org/obo/UBERON_0036300,tributary of central retinal vein,AS
http://purl.org/sig/ont/fma/fma18832,vaginal artery,AS
http://purl.org/sig/ont/fma/fma52823,posterior inferior nasal branch of greater palatine nerve,AS
http://purl.org/sig/ont/fma/fma53066,buccinator nerve,AS
http://purl.org/sig/ont/fma/fma22420,descending branch of medial circumflex femoral artery,AS
http://purl.obolibrary.org/obo/UBERON_0017637,marginal venous sinus,AS
http://purl.org/sig/ont/fma/fma53113,posterior deep temporal nerve,AS
http://purl.obolibrary.org/obo/UBERON_0004630,thoracic vertebra 5,AS
http://purl.obolibrary.org/obo/UBERON_0001946,inferior colliculus,AS
http://purl.org/sig/ont/fma/fma4735,anterior intercostal vein 4,AS
http://purl.org/sig/ont/fma/fma44780,interosseous branch of lateral terminal branch of deep fibular nerve,AS
http://purl.obolibrary.org/obo/UBERON_0001104,anterior jugular vein,AS
http://purl.org/sig/ont/fma/fma15431,lateral superior segmental branch of left hepatic portal vein,AS
http://purl.obolibrary.org/obo/UBERON_0006680,trachealis,AS
http://purl.obolibrary.org/obo/UBERON_0002184,tertiary bronchus,AS
http://purl.obolibrary.org/obo/UBERON_8410042,arteriole,AS
http://purl.org/sig/ont/fma/fma4746,deep cervical vein,AS
http://purl.org/sig/ont/fma/fma53275,branch of facial nerve to stapedius,AS
http://purl.obolibrary.org/obo/UBERON_0001302,right fallopian tube,AS
http://purl.org/sig/ont/fma/fma22755,dorsal carpal branch of radial artery,AS
http://purl.org/sig/ont/fma/fma22755,dorsal carpal arch #2,AS
http://purl.org/sig/ont/fma/fma22755,dorsal carpal arch,AS
http://purl.org/sig/ont/fma/fma14903,left lumbar artery 5,AS
http://purl.org/sig/ont/fma/fma22820,dorsal carpal branch of ulnar artery,AS
http://purl.org/sig/ont/fma/fma16484,genitofemoral nerve,AS
http://purl.org/sig/ont/fma/fma53370,nerve to depressor septi nasi,AS
http://purl.org/sig/ont/fma/fma52680,medial internal nasal branch of anterior ethmoidal nerve,AS
http://purl.org/sig/ont/fma/fma20601,iliac branch of iliohypogastric nerve,AS
http://purl.org/sig/ont/fma/fma44697,lateral sural cutaneous nerve,AS
http://purl.obolibrary.org/obo/UBERON_0007714,cervical subsegment of spinal cord,AS
http://purl.obolibrary.org/obo/UBERON_0012109,zygomatic process of frontal bone,AS
http://purl.org/sig/ont/fma/fma19038,anococcygeal nerve,AS
http://purl.obolibrary.org/obo/UBERON_0006134,nerve,AS
http://purl.obolibrary.org/obo/UBERON_0006134,vessel,AS
http://purl.obolibrary.org/obo/UBERON_0010911,ossicle,AS
http://purl.org/sig/ont/fma/fma8639,superior lingular segmental artery of left lung,AS
http://purl.org/sig/ont/fma/fma44799,dorsal digital nerve of fourth toe,AS
http://purl.org/sig/ont/fma/fma84472,pulmonary interlobular septum,AS
http://purl.org/sig/ont/fma/fma20886,posterior labial artery,AS
http://purl.org/sig/ont/fma/fma18826,middle rectal artery #2,AS
http://purl.org/sig/ont/fma/fma18826,middle rectal artery,AS
http://purl.obolibrary.org/obo/UBERON_0007174,medial border of scapula,AS
http://purl.org/sig/ont/fma/fma39079,medial cutaneous nerve of forearm,AS
http://purl.obolibrary.org/obo/UBERON_0034965,middle thyroid vein,AS
http://purl.org/sig/ont/fma/fma5832,right lymphatic duct,AS
http://purl.org/sig/ont/fma/fma52642,supratrochlear nerve,AS
http://purl.obolibrary.org/obo/UBERON_0004573,systemic artery,AS
http://purl.obolibrary.org/obo/UBERON_0007154,inferior epigastric vein,AS
http://purl.org/sig/ont/fma/fma4976,left posterior intercostal vein 8,AS
http://purl.obolibrary.org/obo/UBERON_0003952,anterior stroma of cornea,AS
http://purl.org/sig/ont/fma/fma53047,meningeal branch of mandibular nerve,AS
http://purl.obolibrary.org/obo/UBERON_0001678,temporal bone,AS
http://purl.org/sig/ont/fma/fma6207,posterior diaphragmatic branch of phrenic nerve,AS
http://purl.obolibrary.org/obo/UBERON_0001499,arm muscle,AS
http://purl.org/sig/ont/fma/fma80160,nerve to obturator externus,AS
http://purl.obolibrary.org/obo/UBERON_8410041,venule,AS
http://purl.org/sig/ont/fma/fma8630,anterior basal segmental artery of right lung,AS
http://purl.obolibrary.org/obo/UBERON_0032748,sacral spinal cord ventral horn,AS
http://purl.org/sig/ont/fma/fma44992,medial dorsal digital branch of radial nerve to middle finger,AS
http://purl.org/sig/ont/fma/fma52742,anterior meningeal branch of posterior ethmoidal nerve,AS
http://purl.org/sig/ont/fma/fma52628,lacrimal nerve,AS
http://purl.obolibrary.org/obo/UBERON_0010757,rib 8,AS
http://purl.org/sig/ont/fma/fma53237,branch of lingual nerve to submandibular ganglion,AS
http://purl.org/sig/ont/fma/fma18850,iliac branch of iliolumbar artery,AS
http://purl.org/sig/ont/fma/fma53187,deep temporal nerve,AS
http://purl.org/sig/ont/fma/fma69586,medial dorsal digital artery of second digit of foot,AS
http://purl.obolibrary.org/obo/UBERON_0014695,deep auricular artery,AS
http://purl.obolibrary.org/obo/UBERON_0004604,rib 4,AS
http://purl.org/sig/ont/fma/fma6423,first sacral spinal nerve,AS
http://purl.org/sig/ont/fma/fma52705,cutaneous branch of infratrochlear nerve to eyelid,AS
http://purl.obolibrary.org/obo/UBERON_0005854,cervical spinal cord ventral column,AS
http://purl.org/sig/ont/fma/fma44949,inferior lateral brachial cutaneous nerve,AS
http://purl.obolibrary.org/obo/UBERON_0002493,uterine artery,AS
http://purl.org/sig/ont/fma/fma20580,muscular branch of lumbar plexus to psoas major,AS
http://purl.obolibrary.org/obo/UBERON_0006687,median sacral vein,AS
http://purl.obolibrary.org/obo/UBERON_0006463,s4 sacral spinal cord segment,AS
http://purl.org/sig/ont/fma/fma50803,suboccipital venous plexus,AS
http://purl.org/sig/ont/fma/fma4751,right brachiocephalic vein,AS
http://purl.org/sig/ont/fma/fma6247,bronchial branch of vagus nerve,AS
http://purl.org/sig/ont/fma/fma6445,fourth cervical spinal nerve,AS
http://purl.obolibrary.org/obo/UBERON_8410035,arteriole,AS
http://purl.org/sig/ont/fma/fma4734,anterior intercostal vein 5,AS
http://purl.org/sig/ont/fma/fma4969,left posterior intercostal vein 9,AS
http://purl.obolibrary.org/obo/UBERON_0009986,lateral epicondyle of femur,AS
http://purl.obolibrary.org/obo/UBERON_0029538,sacral spinal cord lateral horn,AS
http://purl.obolibrary.org/obo/UBERON_0002006,cortex,AS
http://purl.org/sig/ont/fma/fma14740,right lumbar artery 3,AS
http://purl.org/sig/ont/fma/fma50629,thalamogeniculate artery,AS
http://purl.obolibrary.org/obo/UBERON_0001682,palatine bone,AS
http://purl.org/sig/ont/fma/fma43933,superficial branch of medial plantar artery,AS
http://purl.org/sig/ont/fma/fma20579,muscular branch of lumbar plexus to psoas minor,AS
http://purl.org/sig/ont/fma/fma14762,right ovarian artery,AS
http://purl.obolibrary.org/obo/UBERON_0035042,middle temporal artery,AS
http://purl.obolibrary.org/obo/UBERON_0004629,thoracic vertebra 4,AS
http://purl.obolibrary.org/obo/UBERON_8410067,interfollicular cortex,AS
http://purl.org/sig/ont/fma/fma54417,meningeal branch of hypoglossal nerve to diploe of occipital bone,AS
http://purl.org/sig/ont/fma/fma49628,stylomastoid artery,AS
http://purl.org/sig/ont/fma/fma53480,jacobson's nerve,AS
http://purl.org/sig/ont/fma/fma22854,first common palmar digital artery,AS
http://purl.obolibrary.org/obo/UBERON_0014633,substantia gelatinosa of lumbar spinal cord dorsal horn,AS
http://purl.obolibrary.org/obo/UBERON_0009708,dorsal pancreas,AS
http://purl.org/sig/ont/fma/fma43889,medial inferior genicular artery,AS
http://purl.org/sig/ont/fma/fma8796,dorsal ramus of sixth cervical spinal nerve,AS
http://purl.org/sig/ont/fma/fma14342,right ovarian vein,AS
http://purl.obolibrary.org/obo/UBERON_0001375,semitendinosus muscle,AS
http://purl.obolibrary.org/obo/UBERON_0002125,thymus lobule,AS
http://purl.org/sig/ont/fma/fma53517,lingual branch of glossopharyngeal nerve to vallate papillae,AS
http://purl.org/sig/ont/fma/fma15736,conus artery,AS
http://purl.org/sig/ont/fma/fma49483,cricothyroid artery,AS
http://purl.org/sig/ont/fma/fma22710,inferior ulnar collateral artery,AS
http://purl.obolibrary.org/obo/UBERON_0006663,hemiazygos vein,AS
http://purl.org/sig/ont/fma/fma52688,external nasal branch of anterior ethmoidal nerve,AS
http://purl.obolibrary.org/obo/UBERON_0012418,venous system smooth muscle,AS
http://purl.org/sig/ont/fma/fma71813,inferior mesenteric lymph node,AS
http://purl.org/sig/ont/fma/fma70445,posterior superior segmental branch of right hepatic artery,AS
http://purl.org/sig/ont/fma/fma21865,inferior rectal nerve,AS
http://purl.obolibrary.org/obo/UBERON_0008874,pulmonary acinus,AS
http://purl.org/sig/ont/fma/fma44824,branch of median nerve to flexor carpi radialis,AS
http://purl.org/sig/ont/fma/fma53218,lingual nerve,AS
http://purl.obolibrary.org/obo/UBERON_0001587,subclavian vein,AS
http://purl.org/sig/ont/fma/fma11221,recurrent meningeal branch of second thoracic spinal nerve,AS
http://purl.org/sig/ont/fma/fma80071,nerve to fibularis tertius,AS
http://purl.org/sig/ont/fma/fma44691,muscular branch of tibial nerve to gastrocnemius,AS
http://purl.org/sig/ont/fma/fma44743,proper plantar digital nerve of big toe,AS
http://purl.obolibrary.org/obo/UBERON_0001157,transverse colon,AS
http://purl.org/sig/ont/fma/fma52598,nerve to medial rectus,AS
http://purl.org/sig/ont/fma/fma45404,biceps femoris branch of common fibular nerve,AS
http://purl.obolibrary.org/obo/UBERON_0004766,cranial bone,AS
http://purl.org/sig/ont/fma/fma52694,long ciliary nerve to iris,AS
http://purl.obolibrary.org/obo/UBERON_0001320,iliolumbar vein,AS
http://purl.obolibrary.org/obo/UBERON_0004549,right eye,AS
http://purl.org/sig/ont/fma/fma14746,right inferior phrenic artery,AS
http://purl.obolibrary.org/obo/UBERON_0001590,pericardiacophrenic vein,AS
http://purl.obolibrary.org/obo/UBERON_0001404,radial artery,AS
http://purl.org/sig/ont/fma/fma5834,left bronchomediastinal lymph trunk,AS
http://purl.obolibrary.org/obo/UBERON_0001272,os coxa,AS
http://purl.org/sig/ont/fma/fma49962,anterior ciliary artery,AS
http://purl.obolibrary.org/obo/UBERON_0004904,optic nerve,AS
http://purl.obolibrary.org/obo/UBERON_0004904,neuron projection bundle connecting eye with brain,AS
http://purl.org/sig/ont/fma/fma12251,right jugular lymph trunk,AS
http://purl.obolibrary.org/obo/UBERON_0009885,interlobar renal artery,AS
http://purl.obolibrary.org/obo/UBERON_0018227,pulmonary lymphatic vessel,AS
http://purl.org/sig/ont/fma/fma44825,branch of median nerve to palmaris longus,AS
http://purl.org/sig/ont/fma/fma16511,inferior gluteal nerve,AS
http://purl.org/sig/ont/fma/fma53234,lingual branch of lingual nerve,AS
http://purl.obolibrary.org/obo/UBERON_0003422,mesenchyme of umbilical cord (wharton's jelly),AS
http://purl.org/sig/ont/fma/fma6242,lower branch of internal laryngeal nerve,AS
http://purl.org/sig/ont/fma/fma53240,branch of lingual nerve to sublingual ganglion,AS
http://purl.org/sig/ont/fma/fma15422,posterior branch of right hepatic portal vein,AS
http://purl.org/sig/ont/fma/fma15422,posterior branch of right hepatic portal vein #2,AS
http://purl.obolibrary.org/obo/UBERON_0007693,caroticotympanic artery,AS
http://purl.org/sig/ont/fma/fma49791,descending palatine artery,AS
http://purl.obolibrary.org/obo/UBERON_0001477,infraspinatus muscle,AS
http://purl.org/sig/ont/fma/fma85111,medial proper palmar digital artery of third digit of hand,AS
http://purl.org/sig/ont/fma/fma81179,nerve to mentalis,AS
http://purl.obolibrary.org/obo/UBERON_0009644,trachea non-cartilage connective tissue,AS
http://purl.org/sig/ont/fma/fma80276,branch of deep branch of ulnar nerve to opponens pollicis,AS
http://purl.obolibrary.org/obo/UBERON_0001381,semimembranosus muscle,AS
http://purl.obolibrary.org/obo/UBERON_0008529,piriformis muscle,AS
http://purl.org/sig/ont/fma/fma20613,communicating branch of iliohypogastric nerve with ilioinguinal nerve,AS
http://purl.obolibrary.org/obo/UBERON_0011955,left hepatic vein,AS
http://purl.obolibrary.org/obo/UBERON_0014637,thoracic spinal cord white matter,AS
http://purl.org/sig/ont/fma/fma44794,dorsal digital nerve of third toe,AS
http://purl.org/sig/ont/fma/fma79892,nerve to third plantar interosseous of foot,AS
http://purl.org/sig/ont/fma/fma233577,retroaortic lymph node,AS
http://purl.obolibrary.org/obo/UBERON_0001356,medial circumflex femoral artery,AS
http://purl.org/sig/ont/fma/fma80292,branch of posterior interosseous nerve to extensor pollicis brevis,AS
http://purl.org/sig/ont/fma/fma20656,labium majus branch of genital branch of genitofemoral nerve,AS
http://purl.org/sig/ont/fma/fma82631,nerve to transverse muscle of tongue,AS
http://purl.org/sig/ont/fma/fma6875,branch to greater occipital nerve,AS
http://purl.org/sig/ont/fma/fma24977,right knee,AS
http://purl.org/sig/ont/fma/fma45337,posterior femoral cutaneous nerve,AS
http://purl.org/sig/ont/fma/fma44814,branch of lateral branch of superficial fibular nerve,AS
http://purl.org/sig/ont/fma/fma77544,external branch of accessory nerve,AS
http://purl.org/sig/ont/fma/fma52935,anterior superior alveolar nerve,AS
http://purl.org/sig/ont/fma/fma10984,recurrent meningeal branch of third thoracic spinal nerve,AS
http://purl.org/sig/ont/fma/fma44782,branch of medial terminal branch of deep fibular nerve,AS
http://purl.obolibrary.org/obo/UBERON_0007152,inferior sagittal sinus,AS
http://purl.org/sig/ont/fma/fma7272,moderator band,AS
http://purl.obolibrary.org/obo/UBERON_0003234,extensor pollicis longus muscle,AS
http://purl.org/sig/ont/fma/fma50781,occipital sinus,AS
http://purl.org/sig/ont/fma/fma5830,right subclavian lymph trunk,AS
http://purl.obolibrary.org/obo/UBERON_0001654,supraorbital vein,AS
http://purl.obolibrary.org/obo/UBERON_0004618,lumbar vertebra 2,AS
http://purl.obolibrary.org/obo/UBERON_0004603,rib 3,AS
http://purl.org/sig/ont/fma/fma3994,posterior intercostal artery 2,AS
http://purl.org/sig/ont/fma/fma45307,posterior branch of obturator nerve,AS
http://purl.org/sig/ont/fma/fma18849,lumbar branch of iliolumbar artery,AS
http://purl.org/sig/ont/fma/fma81188,branch of posterior interosseous nerve to extensor digitorum,AS
http://purl.obolibrary.org/obo/UBERON_0011189,lamina propria,AS
http://purl.obolibrary.org/obo/UBERON_0005849,cervical spinal cord lateral column,AS
http://purl.org/sig/ont/fma/fma7213,right ovary,AS
http://purl.obolibrary.org/obo/UBERON_0002146,pulmonary valve,AS
http://purl.org/sig/ont/fma/fma11228,recurrent meningeal branch of seventh thoracic spinal nerve,AS
http://purl.obolibrary.org/obo/UBERON_0035139,anterior nasal spine of maxilla,AS
http://purl.obolibrary.org/obo/UBERON_0011949,endometrium luminal epithelium,AS
http://purl.org/sig/ont/fma/fma80171,muscular branch of tibial nerve to semimembranosus,AS
http://purl.org/sig/ont/fma/fma77543,internal branch of accessory nerve,AS
http://purl.org/sig/ont/fma/fma7075,dorsal ramus of first thoracic spinal nerve,AS
http://purl.org/sig/ont/fma/fma4737,anterior intercostal vein 8,AS
http://purl.obolibrary.org/obo/UBERON_0001884,phrenic nerve,AS
http://purl.obolibrary.org/obo/UBERON_0001360,deep circumflex iliac vein,AS
http://purl.org/sig/ont/fma/fma39080,lateral cutaneous nerve of forearm,AS
http://purl.org/sig/ont/fma/fma15432,lateral inferior segmental branch of left hepatic portal vein,AS
http://purl.obolibrary.org/obo/UBERON_0016500,muscularis mucosa of fundus of urinary bladder,AS
http://purl.org/sig/ont/fma/fma52582,nerve to superior rectus,AS
http://purl.org/sig/ont/fma/fma21885,inferior rectal branch to anal canal,AS
http://purl.org/sig/ont/fma/fma53376,branch of temporal branch of facial nerve to frontalis,AS
http://purl.org/sig/ont/fma/fma6880,greater auricular nerve anterior branch,AS
http://purl.org/sig/ont/fma/fma80207,nerve to gluteus maximus (2),AS
http://purl.obolibrary.org/obo/UBERON_0002089,thoracodorsal vein,AS
http://purl.obolibrary.org/obo/UBERON_0001561,subcostal artery,AS
http://purl.org/sig/ont/fma/fma81375,branch of long thoracic nerve to serratus anterior (n),AS
http://purl.org/sig/ont/fma/fma81232,medial muscular branch of radial nerve to articularis cubiti,AS
http://purl.obolibrary.org/obo/UBERON_0001186,left renal artery,AS
http://purl.org/sig/ont/fma/fma22810,anterior interosseous artery,AS
http://purl.obolibrary.org/obo/UBERON_0000950,gracilis muscle,AS
http://purl.org/sig/ont/fma/fma65311,anterior branch of medial cutaneous nerve of forearm,AS
http://purl.obolibrary.org/obo/UBERON_0007835,sacral spinal cord ventral commissure,AS
http://purl.org/sig/ont/fma/fma65644,meningeal branch of third cervical nerve,AS
http://purl.org/sig/ont/fma/fma55175,inferior branch of transverse cervical nerve,AS
http://purl.obolibrary.org/obo/UBERON_0012373,sympathetic nerves,AS
http://purl.org/sig/ont/fma/fma21254,posterior scrotal vein,AS
http://purl.org/sig/ont/fma/fma82613,nerve to antitragicus,AS
http://purl.obolibrary.org/obo/UBERON_0012250,cervix glandular epithelium,AS
http://purl.org/sig/ont/fma/fma81322,deltoid branch of anterior branch of axillary nerve,AS
http://purl.org/sig/ont/fma/fma8809,dorsal ramus of fourth thoracic spinal nerve,AS
http://purl.org/sig/ont/fma/fma6250,branch of recurrent laryngeal nerve to muscle of larynx,AS
http://purl.org/sig/ont/fma/fma10787,anterior external vertebral venous plexus,AS
http://purl.org/sig/ont/fma/fma10787,anterior external vertebral venous plexus #3,AS
http://purl.org/sig/ont/fma/fma10787,anterior external vertebral venous plexus #2,AS
http://purl.org/sig/ont/fma/fma84178,branch of lateral pectoral nerve to glenohumeral joint,AS
http://purl.org/sig/ont/fma/fma20966,prostatic artery,AS
http://purl.org/sig/ont/fma/fma6716,esophageal branch of posterior vagal trunk,AS
http://purl.org/sig/ont/fma/fma4170,left first superior phrenic artery,AS
http://purl.org/sig/ont/fma/fma81163,articular branch of obturator nerve,AS
http://purl.org/sig/ont/fma/fma53100,branch of mandibular nerve to tensor tympani,AS
http://purl.obolibrary.org/obo/UBERON_0015172,decidual blood vessel,AS
http://purl.obolibrary.org/obo/UBERON_0001985,corneal endothelium,AS
http://purl.org/sig/ont/fma/fma82607,nerve to transverse muscle of auricle,AS
http://purl.org/sig/ont/fma/fma12250,jugular lymph trunk,AS
http://purl.obolibrary.org/obo/UBERON_0035234,medial circumflex femoral vein,AS
http://purl.org/sig/ont/fma/fma9284,left interlobar pulmonary artery,AS
http://purl.org/sig/ont/fma/fma6871,lesser occipital nerve,AS
http://purl.obolibrary.org/obo/UBERON_0004609,rib 10,AS
http://purl.org/sig/ont/fma/fma77213,branch of right vagus nerve to pancreas,AS
http://purl.org/sig/ont/fma/fma49796,lesser palatine artery,AS
http://purl.obolibrary.org/obo/UBERON_0004516,smooth muscle tissue of terminal bronchiole,AS
http://purl.obolibrary.org/obo/UBERON_0015174,helicine artery of penis,AS
http://purl.org/sig/ont/fma/fma52632,lacrimal nerve proper,AS
http://purl.obolibrary.org/obo/UBERON_0006690,deep dorsal vein of clitoris,AS
http://purl.org/sig/ont/fma/fma16698,meningeal branch of first lumbar spinal nerve,AS
http://purl.obolibrary.org/obo/UBERON_0004100,renal collecting system,AS
http://purl.org/sig/ont/fma/fma52239,anterior vestibular artery,AS
http://purl.org/sig/ont/fma/fma53403,branch of cervical branch of facial nerve to platysma,AS
http://purl.org/sig/ont/fma/fma6425,third sacral spinal nerve,AS
http://purl.org/sig/ont/fma/fma45331,cutaneous branch of obturator nerve,AS
http://purl.org/sig/ont/fma/fma53201,branch of external acoustic meatus nerve to tympanic membrane,AS
http://purl.obolibrary.org/obo/UBERON_0004134,proximal tubule,AS
http://purl.obolibrary.org/obo/UBERON_0014621,cervical spinal cord ventral horn,AS
http://purl.org/sig/ont/fma/fma80033,nerve to second dorsal interosseous of foot,AS
http://purl.obolibrary.org/obo/UBERON_0003336,serosa,AS
http://purl.org/sig/ont/fma/fma71544,esophageal branches of left gastric artery,AS
http://purl.org/sig/ont/fma/fma44906,branch of superficial branch of ulnar nervenerve to palmaris brevis,AS
http://purl.org/sig/ont/fma/fma82560,nerve proper to mylohyoid,AS
http://purl.org/sig/ont/fma/fma4147,inferior left bronchial artery,AS
http://purl.org/sig/ont/fma/fma83539,myocardium,AS
http://purl.org/sig/ont/fma/fma4875,right posterior intercostal vein 6,AS
http://purl.org/sig/ont/fma/fma20573,cutaneous branch of ilioinguinal nerve,AS
http://purl.org/sig/ont/fma/fma53316,communicating branch of zygomatic branch of facial nerve with zygomaticofacial branch of zygomatic nerve,AS
http://purl.org/sig/ont/fma/fma21388,left common iliac vein,AS
http://purl.org/sig/ont/fma/fma8610,ventral ramus of tenth thoracic spinal nerve,AS
http://purl.org/sig/ont/fma/fma8642,superior segmental artery of left lung,AS
http://purl.org/sig/ont/fma/fma44745,proper plantar digital nerve of second toe,AS
http://purl.org/sig/ont/fma/fma83531,myocardium,AS
http://purl.obolibrary.org/obo/UBERON_0022398,paracingulate gyrus,AS
http://purl.org/sig/ont/fma/fma53455,anterior ampullary nerve,AS
http://purl.org/sig/ont/fma/fma14121,pulmonary capillary,AS
http://purl.org/sig/ont/fma/fma50997,superior thalamostriate vein,AS
http://purl.obolibrary.org/obo/UBERON_0007175,inferior angle of scapula,AS
http://purl.obolibrary.org/obo/UBERON_0002335,macula densa,AS
http://purl.org/sig/ont/fma/fma44804,dorsal digital nerve of little toe,AS
http://purl.org/sig/ont/fma/fma54404,branch of hypoglossal nerve to geniohyoid,AS
http://purl.org/sig/ont/fma/fma70500,anterior superior segmental renal artery,AS
http://purl.obolibrary.org/obo/UBERON_0003676,patella ligament,AS
http://purl.org/sig/ont/fma/fma20566,penile root branch of ilioinguinal nerve,AS
http://purl.org/sig/ont/fma/fma14296,anterior vertebral vein,AS
http://purl.org/sig/ont/fma/fma4176,posterior intercostal artery,AS
http://purl.obolibrary.org/obo/UBERON_0008617,innermost intercostal muscle,AS
http://purl.obolibrary.org/obo/UBERON_0001194,splenic artery,AS
http://purl.org/sig/ont/fma/fma22800,anterior ulnar recurrent artery,AS
http://purl.obolibrary.org/obo/UBERON_0002202,submucosa of trachea,AS
http://purl.obolibrary.org/obo/UBERON_0007180,atretic follicle of ovary,AS
http://purl.obolibrary.org/obo/UBERON_0013132,penicillar arteriole,AS
http://purl.org/sig/ont/fma/fma10655,anterior intercostal artery 4,AS
http://purl.org/sig/ont/fma/fma44822,anterior interosseous nerve,AS
http://purl.org/sig/ont/fma/fma11227,recurrent meningeal branch of sixth thoracic spinal nerve,AS
http://purl.org/sig/ont/fma/fma53212,anterior auricular nerve,AS
http://purl.obolibrary.org/obo/UBERON_0001189,left testicular artery,AS
http://purl.org/sig/ont/fma/fma70150,anterior branch of obturator artery,AS
http://purl.org/sig/ont/fma/fma6232,auricular branch of vagus nerve,AS
http://purl.obolibrary.org/obo/UBERON_0005852,thoracic spinal cord ventral column,AS
http://purl.org/sig/ont/fma/fma82584,sternocleidomastoid branch of spinal accessory nerve,AS
http://purl.org/sig/ont/fma/fma14741,right lumbar artery 4,AS
http://purl.obolibrary.org/obo/UBERON_0012255,inferior phrenic artery,AS
http://purl.org/sig/ont/fma/fma22536,middle genicular artery,AS
http://purl.obolibrary.org/obo/UBERON_0012399,longitudinal muscle layer,AS
http://purl.org/sig/ont/fma/fma53325,deep buccal branch of facial nerve,AS
http://purl.obolibrary.org/obo/UBERON_0009091,ascending vasa recta,AS
http://purl.org/sig/ont/fma/fma51350,superior petrosal vein,AS
http://purl.obolibrary.org/obo/UBERON_0033483,lumbar spinal cord gray commissure,AS
http://purl.org/sig/ont/fma/fma44700,muscular branch of tibial nerve to popliteus,AS
http://purl.org/sig/ont/fma/fma5842,intestinal lymph trunk,AS
http://purl.org/sig/ont/fma/fma80295,branch of posterior interosseous nerve to abductor pollicis longus,AS
http://purl.org/sig/ont/fma/fma50337,pericallosal artery,AS
http://purl.obolibrary.org/obo/UBERON_0013144,vein of genicular venous plexus,AS
http://purl.obolibrary.org/obo/UBERON_0001664,inferior cerebral vein,AS
http://purl.org/sig/ont/fma/fma29368,communicating branch to posterior scrotal nerve,AS
http://purl.org/sig/ont/fma/fma21121,deep superior gluteal artery,AS
http://purl.obolibrary.org/obo/UBERON_0004607,rib 7,AS
http://purl.org/sig/ont/fma/fma22752,superficial palmar branch of radial artery,AS
http://purl.org/sig/ont/fma/fma14755,right middle suprarenal artery,AS
http://purl.org/sig/ont/fma/fma16510,superior gluteal nerve,AS
http://purl.obolibrary.org/obo/UBERON_0008586,tensor veli palatini muscle,AS
http://purl.org/sig/ont/fma/fma23119,medial collateral artery,AS
http://purl.org/sig/ont/fma/fma53050,anterior meningeal branch of mandibular nerve,AS
http://purl.org/sig/ont/fma/fma83532,myocardium,AS
http://purl.org/sig/ont/fma/fma65414,supraclavicular nerve,AS
http://purl.obolibrary.org/obo/UBERON_0001423,radius bone,AS
http://purl.org/sig/ont/fma/fma70471,pancreatic artery,AS
http://purl.org/sig/ont/fma/fma4567,left posterior intercostal artery 10,AS
http://purl.org/sig/ont/fma/fma44650,fourth dorsal metatarsal artery,AS
http://purl.org/sig/ont/fma/fma6037,first thoracic spinal nerve,AS
http://purl.org/sig/ont/fma/fma6706,branch of external laryngeal nerve to pharyngeal nerve plexus,AS
http://purl.org/sig/ont/fma/fma53356,branch of lower deep buccal branch of facial nerve to orbicularis oris,AS
http://purl.org/sig/ont/fma/fma53467,saccular nerve,AS
http://purl.org/sig/ont/fma/fma37025,suprascapular nerve,AS
http://purl.obolibrary.org/obo/UBERON_0012494,muscularis mucosa,AS
http://purl.org/sig/ont/fma/fma80255,branch of deep branch of ulnar nerve to opponens digiti minimi,AS
http://purl.org/sig/ont/fma/fma4222,right posterior intercostal artery 4,AS
http://purl.org/sig/ont/fma/fma53075,branch of mandibular nerve to tensor veli palatini,AS
http://purl.org/sig/ont/fma/fma70442,anterior superior segmental branch of right hepatic artery,AS
http://purl.org/sig/ont/fma/fma81285,anterior branch of axillary nerve,AS
http://purl.org/sig/ont/fma/fma52647,branch of supratrochlear nerve to skin of upper eyelid,AS
http://purl.org/sig/ont/fma/fma81333,branch of medial pectoral nerve to sternocostal part of pectoralis major,AS
http://purl.org/sig/ont/fma/fma44810,intermediate dorsal cutaneous nerve,AS
http://purl.org/sig/ont/fma/fma50836,sublingual vein,AS
http://purl.org/sig/ont/fma/fma44929,dorsal digital branch of ulnar nerve to little finger,AS
http://purl.obolibrary.org/obo/UBERON_0006488,c3 segment of cervical spinal cord,AS
http://purl.org/sig/ont/fma/fma81330,branch of lateral pectoral nerve to sternocostal part of pectoralis major,AS
http://purl.org/sig/ont/fma/fma50630,medial posterior choroidal artery,AS
http://purl.obolibrary.org/obo/UBERON_0004027,chorionic plate,AS
http://purl.org/sig/ont/fma/fma4748,esophageal vein #2,AS
http://purl.org/sig/ont/fma/fma4748,esophageal vein,AS
http://purl.obolibrary.org/obo/UBERON_0001568,laryngeal muscle,AS
http://purl.obolibrary.org/obo/UBERON_0005636,epithelium,AS
http://purl.obolibrary.org/obo/UBERON_0023861,planum polare,AS
http://purl.org/sig/ont/fma/fma81258,branch of thoracodorsal nerve to latissimus dorsi,AS
http://purl.org/sig/ont/fma/fma14793,caudal pancreatic artery,AS
http://purl.org/sig/ont/fma/fma4962,left posterior intercostal vein 10,AS
http://purl.org/sig/ont/fma/fma80101,muscular branch of tibial nerve to flexor digitorum longus,AS
http://purl.org/sig/ont/fma/fma20804,ascending branch of lateral femoral circumflex artery,AS
http://purl.obolibrary.org/obo/UBERON_0012252,endocervical epithelium,AS
http://purl.org/sig/ont/fma/fma20557,scrotal branch of genital branch of genitofemoral nerve,AS
http://purl.org/sig/ont/fma/fma49660,anterior auricular branch of superficial temporal artery,AS
http://purl.org/sig/ont/fma/fma81314,branch of suprascapular nerve to infraspinatus muscle,AS
http://purl.org/sig/ont/fma/fma65656,meningeal branch of seventh cervical nerve,AS
http://purl.org/sig/ont/fma/fma65351,branch of ulnar nerve to flexor digitorum profundus,AS
http://purl.org/sig/ont/fma/fma5831,right bronchomediastinal lymph trunk,AS
http://purl.org/sig/ont/fma/fma6167,twelfth thoracic spinal nerve,AS
http://purl.obolibrary.org/obo/UBERON_0007156,inferior thyroid vein,AS
http://purl.org/sig/ont/fma/fma4878,right posterior intercostal vein 4,AS
http://purl.obolibrary.org/obo/UBERON_0005850,lumbar spinal cord lateral column,AS
http://purl.org/sig/ont/fma/fma49692,anterior tympanic artery,AS
http://purl.org/sig/ont/fma/fma4383,right posterior intercostal artery 11,AS
http://purl.org/sig/ont/fma/fma4837,left bronchial vein,AS
http://purl.org/sig/ont/fma/fma14828,ascending branch of left colic artery,AS
http://purl.org/sig/ont/fma/fma82669,nerve to levator labii superioris alaeque nasi,AS
http://purl.org/sig/ont/fma/fma15424,posterior inferior segmental branch of right hepatic portal vein,AS
http://purl.org/sig/ont/fma/fma82647,branch of marginal mandibular branch of facial nerve to orbicularis oris,AS
http://purl.obolibrary.org/obo/UBERON_0001298,psoas major muscle,AS
http://purl.org/sig/ont/fma/fma68848,basal segmental arterial trunk of left lung,AS
http://purl.org/sig/ont/fma/fma21869,dorsal nerve of penis,AS
http://purl.org/sig/ont/fma/fma78648,medial supraclavicular nerve,AS
http://purl.org/sig/ont/fma/fma43918,circumflex fibular artery,AS
http://purl.org/sig/ont/fma/fma49647,parotid branch of posterior auricular artery,AS
http://purl.org/sig/ont/fma/fma52984,external nasal branch of infra-orbital nerve,AS
http://purl.org/sig/ont/fma/fma81198,medial muscular branch of radial nerve to long head of triceps brachii,AS
http://purl.org/sig/ont/fma/fma6427,fifth sacral spinal nerve,AS
http://purl.obolibrary.org/obo/UBERON_0035249,posterior external jugular vein,AS
http://purl.org/sig/ont/fma/fma44765,nerve to fourth dorsal interosseous of foot,AS
http://purl.obolibrary.org/obo/UBERON_0003020,subcallosal gyrus (parolfactory gyrus),AS
http://purl.org/sig/ont/fma/fma52815,branch of greater palatine nerve to mucosa of hard palate,AS
http://purl.org/sig/ont/fma/fma6245,inferior cervical cardiac branch of vagus nerve,AS
http://purl.org/sig/ont/fma/fma23120,radial collateral artery,AS
http://purl.org/sig/ont/fma/fma16702,meningeal branch of fifth lumbar spinal nerve,AS
http://purl.org/sig/ont/fma/fma8727,ventral ramus of seventh cervical spinal nerve,AS
http://purl.org/sig/ont/fma/fma50771,superior petrosal sinus,AS
http://purl.org/sig/ont/fma/fma6252,branch of recurrent laryngeal nerve to posterior crico-arytenoid,AS
http://purl.obolibrary.org/obo/UBERON_0035768,coccygeal plexus,AS
http://purl.obolibrary.org/obo/UBERON_0016554,white matter of midbrain,AS
http://purl.org/sig/ont/fma/fma6203,branch of phrenic nerve to diaphragmatic pleura,AS
http://purl.org/sig/ont/fma/fma10663,suprascapular artery,AS
http://purl.org/sig/ont/fma/fma6879,branch to posterior branch of great auricular nerve,AS
http://purl.obolibrary.org/obo/UBERON_8600013,submucosal gland collecting duct,AS
http://purl.obolibrary.org/obo/UBERON_0006136,unmyelinated nerve fiber,AS
http://purl.obolibrary.org/obo/UBERON_0006136,unmyelinated nerve bundles,AS
http://purl.org/sig/ont/fma/fma22806,common interosseous artery,AS
http://purl.org/sig/ont/fma/fma22855,second common palmar digital artery,AS
http://purl.org/sig/ont/fma/fma22838,deep palmar arch,AS
http://purl.org/sig/ont/fma/fma15393,superior rectal vein,AS
http://purl.org/sig/ont/fma/fma11114,recurrent meningeal branch of fifth thoracic spinal nerve,AS
http://purl.org/sig/ont/fma/fma49817,cavernous branch of internal carotid artery,AS
http://purl.org/sig/ont/fma/fma69329,pericardial artery,AS
http://purl.org/sig/ont/fma/fma12252,subclavian lymph trunk,AS
http://purl.obolibrary.org/obo/UBERON_0012247,cervical gland,AS
http://purl.org/sig/ont/fma/fma6709,branch of external laryngeal nerve to superior cervical sympathetic ganglion,AS
http://purl.obolibrary.org/obo/UBERON_0035662,parotid vein,AS
http://purl.obolibrary.org/obo/UBERON_8410023,right colic artery,AS
http://purl.org/sig/ont/fma/fma44695,lateral calcaneal branch of sural nerve,AS
http://purl.obolibrary.org/obo/UBERON_0035640,middle vesical artery,AS
http://purl.org/sig/ont/fma/fma6877,cutaneous branch to scalp behind auricle,AS
http://purl.org/sig/ont/fma/fma71492,paramedian artery,AS
http://purl.org/sig/ont/fma/fma71479,lenticulostriate artery,AS
http://purl.org/sig/ont/fma/fma81166,branch of anterior branch of obturator nerve to subsartorial nerve plexus,AS
http://purl.obolibrary.org/obo/UBERON_0010395,primary follicle,AS
http://purl.obolibrary.org/obo/UBERON_0005848,sacral spinal cord lateral column,AS
http://purl.obolibrary.org/obo/UBERON_0002122,capsule of thymus,AS
http://purl.org/sig/ont/fma/fma49555,ascending palatine artery,AS
http://purl.org/sig/ont/fma/fma49644,occipital branch of posterior auricular artery,AS
http://purl.obolibrary.org/obo/UBERON_0031906,lumbar spinal cord lateral horn,AS
http://purl.org/sig/ont/fma/fma50330,callosomarginal artery,AS
http://purl.org/sig/ont/fma/fma18908,superior gluteal vein,AS
http://purl.obolibrary.org/obo/UBERON_0002194,capsule,AS
http://purl.org/sig/ont/fma/fma18855,lateral sacral artery,AS
http://purl.org/sig/ont/fma/fma65659,meningeal branch of eighth cervical nerve,AS
http://purl.org/sig/ont/fma/fma79658,deep branch of transverse cervical artery,AS
http://purl.org/sig/ont/fma/fma79658,dorsal scapular artery,AS
http://purl.org/sig/ont/fma/fma44962,articular branch of radial nerve,AS
http://purl.obolibrary.org/obo/UBERON_0036172,palmaris brevis muscle,AS
http://purl.org/sig/ont/fma/fma6256,branch of recurrent laryngeal nerve to thyroarytenoid,AS
http://purl.org/sig/ont/fma/fma4870,posterior internal vertebral venous plexus,AS
http://purl.obolibrary.org/obo/UBERON_0000387,meniscus,AS
http://purl.org/sig/ont/fma/fma52983,inferior palpebral branch of infra-orbital nerve,AS
http://purl.org/sig/ont/fma/fma44776,lateral terminal branch of deep fibular nerve,AS
http://purl.org/sig/ont/fma/fma53255,labial branch of mental nerve,AS
http://purl.org/sig/ont/fma/fma4654,left subcostal artery,AS
http://purl.org/sig/ont/fma/fma23047,medial proper palmar digital artery of second digit of hand,AS
http://purl.obolibrary.org/obo/UBERON_0000390,embryonic nucleus,AS
http://purl.obolibrary.org/obo/UBERON_0000390,juvenile nucleus,AS
http://purl.obolibrary.org/obo/UBERON_0000390,adult nucleus,AS
http://purl.obolibrary.org/obo/UBERON_0000390,fetal nucleus,AS
http://purl.org/sig/ont/fma/fma44826,branch of median nerve to flexor digitorum superficialis,AS
http://purl.org/sig/ont/fma/fma20805,descending branch of lateral femoral circumflex artery,AS
http://purl.org/sig/ont/fma/fma80165,branch of accessory obturator nerve to hip joint,AS
http://purl.org/sig/ont/fma/fma44956,superficial branch of radial nerve,AS
http://purl.org/sig/ont/fma/fma65312,posterior branch of medial cutaneous nerve of forearm,AS
http://purl.org/sig/ont/fma/fma49546,dorsal lingual artery,AS
http://purl.org/sig/ont/fma/fma52783,medial posterior superior nasal nerve,AS
http://purl.org/sig/ont/fma/fma49608,descending branch of occipital artery,AS
http://purl.org/sig/ont/fma/fma8739,ventral ramus of fourth cervical spinal nerve,AS
http://purl.org/sig/ont/fma/fma6172,first lumbar spinal nerve,AS
http://purl.obolibrary.org/obo/UBERON_0035261,posterior temporal artery,AS
http://purl.org/sig/ont/fma/fma52755,orbital branch of maxillary nerve to orbitalis,AS
http://purl.org/sig/ont/fma/fma81356,branch of thoracodorsal nerve to latissimus dorsi (2),AS
http://purl.obolibrary.org/obo/UBERON_0036376,wall of left ureter,AS
http://purl.org/sig/ont/fma/fma6240,internal branch of superior laryngeal nerve,AS
http://purl.org/sig/ont/fma/fma69601,lateral dorsal digital artery of first digit of foot,AS
http://purl.org/sig/ont/fma/fma78654,lateral supraclavicular nerve,AS
http://purl.org/sig/ont/fma/fma4165,right first superior phrenic artery,AS
http://purl.obolibrary.org/obo/UBERON_0001245,anus,AS
http://purl.org/sig/ont/fma/fma52600,nerve to inferior oblique,AS
http://purl.obolibrary.org/obo/UBERON_0007834,lumbar spinal cord ventral commissure,AS
http://purl.obolibrary.org/obo/UBERON_0001672,anterior cerebral vein,AS
http://purl.org/sig/ont/fma/fma45316,nerve to adductor longus,AS
http://purl.org/sig/ont/fma/fma49561,submental artery,AS
http://purl.org/sig/ont/fma/fma52719,branch of posterior ethmoidal nerve to sphenoidal sinus,AS
http://purl.org/sig/ont/fma/fma80246,branch of deep branch of ulnar nerve to second palmar interosseous of hand,AS
http://purl.org/sig/ont/fma/fma4475,left posterior intercostal artery 6,AS
http://purl.org/sig/ont/fma/fma6697,upper branch of internal laryngeal nerve to mucosa of pharynx,AS
http://purl.org/sig/ont/fma/fma65647,meningeal branch of fourth cervical nerve,AS
http://purl.org/sig/ont/fma/fma50469,posterior temporal branch of middle cerebral artery,AS
http://purl.org/sig/ont/fma/fma44839,medial branch of palmar branch of median nerve,AS
http://purl.org/sig/ont/fma/fma44726,proper plantar digital nerve of fifth toe,AS
http://purl.org/sig/ont/fma/fma21847,perineal branch of posterior femoral cutaneous nerve,AS
http://purl.org/sig/ont/fma/fma20506,mons pubis branch of ilioinguinal nerve,AS
http://purl.org/sig/ont/fma/fma10654,anterior intercostal artery 3,AS
http://purl.org/sig/ont/fma/fma6209,posterolateral ramus of posterior diaphragmatic branch of phrenic nerve,AS
http://purl.obolibrary.org/obo/UBERON_0003885,mesometrium,AS
http://purl.org/sig/ont/fma/fma44998,lateral dorsal digital branch of radial nerve to ring finger,AS
http://purl.obolibrary.org/obo/UBERON_0004883,lung mesenchyme,AS
http://purl.org/sig/ont/fma/fma54420,meningeal branch of hypoglossal nerve to floor of posterior cranial fossa,AS
http://purl.org/sig/ont/fma/fma18893,middle hemorrhoidal vein,AS
http://purl.org/sig/ont/fma/fma53184,branch of buccal nerve to gingiva,AS
http://purl.org/sig/ont/fma/fma81260,branch of medial pectoral nerve to clavicular part of pectoralis major,AS
http://purl.org/sig/ont/fma/fma80237,branch of deep branch of ulnar nerve to third dorsal interosseous of hand,AS
http://purl.org/sig/ont/fma/fma44812,lateral branch of superficial fibular nerve,AS
http://purl.org/sig/ont/fma/fma55174,superior branch of transverse cervical nerve,AS
http://purl.org/sig/ont/fma/fma15802,medial superior segmental branch of middle hepatic vein,AS
http://purl.org/sig/ont/fma/fma6705,branch of external laryngeal nerve to cricothyroid muscle,AS
http://purl.obolibrary.org/obo/UBERON_0005847,thoracic spinal cord lateral column,AS
http://purl.org/sig/ont/fma/fma4268,right posterior intercostal artery 6,AS
http://purl.org/sig/ont/fma/fma12765,lumbar lymph trunk,AS
http://purl.obolibrary.org/obo/UBERON_0004517,smooth muscle tissue of respiratory bronchiole,AS
http://purl.org/sig/ont/fma/fma53254,mental branch of mental nerve,AS
http://purl.org/sig/ont/fma/fma10657,anterior intercostal artery 6,AS
http://purl.obolibrary.org/obo/UBERON_0035404,superior hypophyseal artery,AS
http://purl.org/sig/ont/fma/fma20560,genital branch of genitofemoral nerve,AS
http://purl.org/sig/ont/fma/fma14324,superior laryngeal vein,AS
http://purl.org/sig/ont/fma/fma6699,lower branch of internal laryngeal nerve to aryepiglottic fold,AS
http://purl.org/sig/ont/fma/fma6169,second thoracic spinal nerve,AS
http://purl.obolibrary.org/obo/UBERON_0016405,pulmonary capillary,AS
http://purl.org/sig/ont/fma/fma53303,parotid branch of facial nerve,AS
http://purl.org/sig/ont/fma/fma53324,superficial buccal branch of facial nerve,AS
http://purl.org/sig/ont/fma/fma44716,medial plantar nerve,AS
http://purl.obolibrary.org/obo/UBERON_0012199,posterior intercostal vein,AS
http://purl.org/sig/ont/fma/fma4983,left posterior intercostal vein 7,AS
http://purl.org/sig/ont/fma/fma53189,masseteric nerve proper,AS
http://purl.org/sig/ont/fma/fma80076,nerve to extensor hallucis brevis,AS
http://purl.obolibrary.org/obo/UBERON_0004515,smooth muscle tissue of bronchiole,AS
http://purl.org/sig/ont/fma/fma44772,articular branch of common fibular nerve,AS
http://purl.org/sig/ont/fma/fma44763,superficial branch of lateral plantar nerve,AS
http://purl.org/sig/ont/fma/fma81185,branch of posterior interosseous nerve to extensor digiti minimi,AS
http://purl.org/sig/ont/fma/fma29371,communicating branch to posterior labial nerve,AS
http://purl.org/sig/ont/fma/fma22049,labium majus branch of posterior labial nerve,AS
http://purl.org/sig/ont/fma/fma52718,branch of posterior ethmoidal nerve to ethmoidal sinus,AS
http://purl.org/sig/ont/fma/fma84175,branch of axillary nerve to glenohumeral joint,AS
http://purl.org/sig/ont/fma/fma14739,right lumbar artery 2,AS
http://purl.org/sig/ont/fma/fma81374,branch of long thoracic nerve to serratus anterior (2),AS
http://purl.org/sig/ont/fma/fma20811,ascending branch of medial circumflex femoral artery,AS
http://purl.org/sig/ont/fma/fma69607,lateral dorsal digital artery of third digit of foot,AS
http://purl.obolibrary.org/obo/UBERON_0014693,inferior alveolar artery,AS
http://purl.org/sig/ont/fma/fma22857,lateral proper palmar digital artery of third digit of hand,AS
http://purl.org/sig/ont/fma/fma52986,superior labial branch of infra-orbital nerve,AS
http://purl.obolibrary.org/obo/UBERON_0003228,supinator muscle,AS
http://purl.org/sig/ont/fma/fma16701,meningeal branch of fourth lumbar spinal nerve,AS
http://purl.org/sig/ont/fma/fma69589,medial dorsal digital artery of fifth digit of foot,AS
http://purl.org/sig/ont/fma/fma81220,branch of ulnar nerve to flexor carpi ulnaris,AS
http://purl.org/sig/ont/fma/fma6200,communicating branch of phrenic nerve to internal thoracic plexus,AS
http://purl.obolibrary.org/obo/UBERON_0003671,acl,AS
http://purl.org/sig/ont/fma/fma65641,meningeal branch of second cervical nerve,AS
http://purl.org/sig/ont/fma/fma50898,supratrochlear vein,AS
http://purl.org/sig/ont/fma/fma20623,transversus abdominis branch of hypogastric branch of iliohypogastric nerve,AS
http://purl.org/sig/ont/fma/fma20611,communicating branch of ilioinguinal nerve with iliohypogastric nerve,AS
http://purl.org/sig/ont/fma/fma50327,recurrent artery of heubner,AS
http://purl.org/sig/ont/fma/fma52782,lateral posterior superior nasal nerve,AS
http://purl.obolibrary.org/obo/UBERON_0004611,rib 12,AS
http://purl.obolibrary.org/obo/UBERON_8410074,paracortical sinus,AS
http://purl.org/sig/ont/fma/fma80258,branch of deep branch of ulnar nerve to flexor digiti minimi brevis of hand,AS
http://purl.obolibrary.org/obo/UBERON_0002505,spiral modiolar artery,AS
http://purl.obolibrary.org/obo/UBERON_0016478,stroma,AS
http://purl.org/sig/ont/fma/fma21896,superficial transverse perineal muscle branch of perineal nerve,AS
http://purl.org/sig/ont/fma/fma80218,branch of deep branch of ulnar nerve to fourth lumbrical of hand,AS
http://purl.org/sig/ont/fma/fma4291,right posterior intercostal artery 7,AS
http://purl.obolibrary.org/obo/UBERON_0014614,cervical spinal cord white matter,AS
http://purl.org/sig/ont/fma/fma81205,lateral muscular branch of radial nerve to extensor carpi radialis longus,AS
http://purl.org/sig/ont/fma/fma44944,medial dorsal digital branch of ulnar nerve to middle finger,AS
http://purl.obolibrary.org/obo/UBERON_0035392,cystic vein,AS
http://purl.obolibrary.org/obo/UBERON_0022268,planum temporale,AS
http://purl.obolibrary.org/obo/UBERON_0007589,ciliated columnar oviduct epithelium,AS
http://purl.org/sig/ont/fma/fma44983,medial dorsal digital branch of radial nerve to index finger,AS
http://purl.org/sig/ont/fma/fma14817,posterior cecal artery,AS
http://purl.org/sig/ont/fma/fma80289,branch of posterior interosseous nerve to extensor pollicis longus,AS
http://purl.org/sig/ont/fma/fma23048,lateral proper palmar digital artery of fifth digit of hand,AS
http://purl.org/sig/ont/fma/fma6692,communicating branch of auricular branch of vagus nerve with posterior auricular nerve,AS
http://purl.org/sig/ont/fma/fma6205,anterior diaphragmatic branch of phrenic nerve,AS
http://purl.org/sig/ont/fma/fma80015,nerve to fourth lumbrical of foot,AS
http://purl.org/sig/ont/fma/fma81170,branch of sacral nerve plexus to obturator internus,AS
http://purl.obolibrary.org/obo/UBERON_0001592,bronchial vein,AS
http://purl.org/sig/ont/fma/fma80270,branch of deep branch of ulnar nerve to deep head of flexor pollicis brevis,AS
http://purl.obolibrary.org/obo/UBERON_0035532,deep middle cerebral vein,AS
http://purl.org/sig/ont/fma/fma16509,branch of sacral nerve plexus to piriformis,AS
http://purl.org/sig/ont/fma/fma4740,anterior intercostal vein 2,AS
http://purl.org/sig/ont/fma/fma52186,muscular branch of tibial nerve to semitendinosus,AS
http://purl.org/sig/ont/fma/fma49745,anterior deep temporal artery,AS
http://purl.org/sig/ont/fma/fma80031,nerve to second plantar interosseous of foot,AS
http://purl.org/sig/ont/fma/fma44900,medial proper palmar digital branch of ulnar nerve to ring finger,AS
http://purl.org/sig/ont/fma/fma53225,communicating branch of lingual nerve with hypoglossal nerve,AS
http://purl.org/sig/ont/fma/fma61437,retroduodenal artery,AS
http://purl.obolibrary.org/obo/UBERON_0017618,extensor pollicis brevis muscle,AS
http://purl.org/sig/ont/fma/fma82945,sphincter urethrovaginalis branch of perineal nerve,AS
http://purl.org/sig/ont/fma/fma4245,right posterior intercostal artery 5,AS
http://purl.org/sig/ont/fma/fma45317,adductor brevis branch of anterior branch of obturator nerve,AS
http://purl.obolibrary.org/obo/UBERON_0022281,epithelium,AS
http://purl.obolibrary.org/obo/UBERON_0001979,vasculature,AS
http://purl.org/sig/ont/fma/fma65300,deltoid branch of posterior branch of axillary nerve,AS
http://purl.org/sig/ont/fma/fma80085,articular branch of tibial nerve,AS
http://purl.org/sig/ont/fma/fma321526,stellate vein of kidney,AS
http://purl.org/sig/ont/fma/fma49480,superior laryngeal artery,AS
http://purl.org/sig/ont/fma/fma16717,recurrent meningeal branch of fifth sacral spinal nerve,AS
http://purl.org/sig/ont/fma/fma81300,branch of inferior subscapular nerve to teres major,AS
http://purl.org/sig/ont/fma/fma78582,gastric branch of vagus nerve,AS
http://purl.org/sig/ont/fma/fma81240,branch of musculocutaneous nerve to short head of biceps brachii,AS
http://purl.obolibrary.org/obo/UBERON_0019263,gray matter of hindbrain,AS
http://purl.org/sig/ont/fma/fma279896,pulmonary arteriole,AS
http://purl.org/sig/ont/fma/fma68069,right inferior phrenic vein,AS
http://purl.org/sig/ont/fma/fma6302,eighth thoracic spinal nerve,AS
http://purl.org/sig/ont/fma/fma52692,long ciliary nerve to ciliary body,AS
http://purl.org/sig/ont/fma/fma14738,right lumbar artery 1,AS
http://purl.org/sig/ont/fma/fma44728,fourth common plantar digital nerve,AS
http://purl.org/sig/ont/fma/fma80195,branch of superior gluteal nerve to gluteus medius,AS
http://purl.obolibrary.org/obo/UBERON_0003981,primordial ovarian follicle,AS
http://purl.org/sig/ont/fma/fma20619,communicating branch of iliohypogastric nerve with subcostal nerve,AS
http://purl.org/sig/ont/fma/fma14902,right lumbar artery 5,AS
http://purl.org/sig/ont/fma/fma4337,right posterior intercostal artery 9,AS
http://purl.org/sig/ont/fma/fma21899,deep transverse muscle branch of perineal nerve,AS
http://purl.org/sig/ont/fma/fma52246,vestibulocochlear artery,AS
http://purl.obolibrary.org/obo/UBERON_0014696,anterior choroidal artery,AS
http://purl.org/sig/ont/fma/fma82625,nerve to superior longitudinal muscle of tongue,AS
http://purl.obolibrary.org/obo/UBERON_0002403,internal intercostal muscle,AS
http://purl.org/sig/ont/fma/fma6241,upper branch of internal laryngeal nerve,AS
http://purl.org/sig/ont/fma/fma81373,branch of long thoracic nerve to serratus anterior (1),AS
http://purl.org/sig/ont/fma/fma21886,cutaneous branch of inferior rectal nerve,AS
http://purl.org/sig/ont/fma/fma65515,pulmonary branch of vagus nerve,AS
http://purl.org/sig/ont/fma/fma45353,gluteal branch of posterior femoral cutaneous nerve,AS
http://purl.org/sig/ont/fma/fma79971,nerve to flexor accessorius,AS
http://purl.org/sig/ont/fma/fma14744,left lumbar artery 3,AS
http://purl.org/sig/ont/fma/fma20563,scrotal branch of ilioinguinal nerve,AS
http://purl.obolibrary.org/obo/UBERON_0003254,amniotic ectoderm,AS
http://purl.org/sig/ont/fma/fma44748,proper plantar digital nerve of third toe,AS
http://purl.obolibrary.org/obo/UBERON_0014547,sacral division of spinal cord central canal,AS
http://purl.org/sig/ont/fma/fma53307,zygomatic branch of facial nerve,AS
http://purl.org/sig/ont/fma/fma14743,left lumbar artery 2,AS
http://purl.org/sig/ont/fma/fma20640,cutaneous branch of femoral branch of genitofemoral nerve,AS
http://purl.org/sig/ont/fma/fma52843,uvular branch of lesser palatine nerve,AS
http://purl.org/sig/ont/fma/fma76736,intervertebral vein #2,AS
http://purl.org/sig/ont/fma/fma76736,intervertebral vein #3,AS
http://purl.org/sig/ont/fma/fma76736,intervertebral vein,AS
http://purl.org/sig/ont/fma/fma53331,communicating branch of superficial buccal branch of facial nerve with infratrochlear nerve,AS
http://purl.org/sig/ont/fma/fma80240,branch of deep branch of ulnar nerve to fourth dorsal interosseous of hand,AS
http://purl.org/sig/ont/fma/fma18713,corpus luteum of pregnancy,AS
http://purl.obolibrary.org/obo/UBERON_0001141,right renal vein,AS
http://purl.org/sig/ont/fma/fma44690,muscular branch of tibial nerve to soleus,AS
http://purl.org/sig/ont/fma/fma45438,muscular branch of medial plantar nerve to abductor hallucis,AS
http://purl.org/sig/ont/fma/fma78651,intermediate supraclavicular nerve,AS
http://purl.org/sig/ont/fma/fma10641,anterior intercostal artery,AS
http://purl.org/sig/ont/fma/fma4521,left posterior intercostal artery 8,AS
http://purl.org/sig/ont/fma/fma67952,branch of musculocutaneous nerve to brachialis,AS
http://purl.org/sig/ont/fma/fma80052,nerve to talcalcaneonavicular joint,AS
http://purl.org/sig/ont/fma/fma7312,bronchopulmonary segment,AS
http://purl.org/sig/ont/fma/fma53051,posterior meningeal branch of mandibular nerve,AS
http://purl.org/sig/ont/fma/fma82634,nerve to vertical muscle fo tongue,AS
http://purl.org/sig/ont/fma/fma81307,branch of suprascapular nerve to glenohumeral joint,AS
http://purl.org/sig/ont/fma/fma20798,lateral femoral circumflex artery,AS
http://purl.obolibrary.org/obo/UBERON_0012331,mesosalpinx,AS
http://purl.org/sig/ont/fma/fma6257,branch of recurrent laryngeal nerve to vocalis,AS
http://purl.org/sig/ont/fma/fma80062,nerve to tibialis anterior,AS
http://purl.org/sig/ont/fma/fma280919,capillary network of spleen,AS
http://purl.org/sig/ont/fma/fma44679,articular branch of sciatic nerve,AS
http://purl.org/sig/ont/fma/fma70453,lateral inferior segmental branch of left hepatic artery,AS
http://purl.org/sig/ont/fma/fma80273,branch of median nerve to opponens pollicis,AS
http://purl.org/sig/ont/fma/fma69587,medial dorsal digital artery of third digit of foot,AS
http://purl.obolibrary.org/obo/UBERON_0035225,anterior temporal artery,AS
http://purl.org/sig/ont/fma/fma53464,posterior ampullary nerve,AS
http://purl.obolibrary.org/obo/UBERON_0004098,tibial plateau,AS
http://purl.obolibrary.org/obo/UBERON_0029626,cervical spinal cord gray commissure,AS
http://purl.org/sig/ont/fma/fma14829,descending branch of left colic artery,AS
http://purl.org/sig/ont/fma/fma65329,posterior muscular branch of radial nerve to medial head of triceps brachii,AS
http://purl.org/sig/ont/fma/fma44875,dorsal branch of ulnar nerve,AS
http://purl.org/sig/ont/fma/fma77991,parotid branch of glossopharyngeal nerve,AS
http://purl.org/sig/ont/fma/fma4360,right posterior intercostal artery 10,AS
http://purl.org/sig/ont/fma/fma53524,branch of recurrent laryngeal nerve to inferior pharyngeal constrictor,AS
http://purl.org/sig/ont/fma/fma65293,medial pectoral nerve,AS
http://purl.org/sig/ont/fma/fma52754,orbital branch of maxillary nerve,AS
http://purl.org/sig/ont/fma/fma21868,posterior labial nerve,AS
http://purl.obolibrary.org/obo/UBERON_0022355,stratum basalis,AS
http://purl.org/sig/ont/fma/fma14742,left lumbar artery 1,AS
http://purl.obolibrary.org/obo/UBERON_0000450,corpus albicans,AS
http://purl.org/sig/ont/fma/fma52594,nerve to levator palpebrae superioris,AS
http://purl.obolibrary.org/obo/UBERON_8600011,terminal ciliated ducts for tracheal submucosal gland,AS
http://purl.org/sig/ont/fma/fma44779,extensor digitorum brevis branch of lateral terminal branch of deep fibular nerve,AS
http://purl.org/sig/ont/fma/fma10650,anterior intercostal artery 8,AS
http://purl.org/sig/ont/fma/fma50858,transverse cervical vein,AS
http://purl.org/sig/ont/fma/fma53200,cutaneous branch of external acoustic meatus nerve,AS
http://purl.org/sig/ont/fma/fma52665,supra-orbital nerve proper,AS
http://purl.org/sig/ont/fma/fma52756,orbital branch of maxillary nerve to sphenoidal sinus,AS
http://purl.obolibrary.org/obo/UBERON_0003222,flexor digitorum superficialis muscle,AS
http://purl.org/sig/ont/fma/fma5004,left posterior intercostal vein 4,AS
http://purl.org/sig/ont/fma/fma80264,branch of deep branch of ulnar nerve to adductor pollicis,AS
http://purl.org/sig/ont/fma/fma80012,nerve to third lumbrical of foot,AS
http://purl.org/sig/ont/fma/fma4590,left posterior intercostal artery 11,AS
http://purl.org/sig/ont/fma/fma49771,anterior superior alveolar artery,AS
http://purl.org/sig/ont/fma/fma44989,dorsal digital branch of radial nerve to middle finger,AS
http://purl.org/sig/ont/fma/fma4942,right bronchial vein,AS
http://purl.org/sig/ont/fma/fma82657,nerve to depressor labii inferioris,AS
http://purl.obolibrary.org/obo/UBERON_0001318,inferior vesical vein,AS
http://purl.org/sig/ont/fma/fma54400,meningeal branch of hypoglossal nerve,AS
http://purl.obolibrary.org/obo/UBERON_0007157,superior thyroid vein,AS
http://purl.org/sig/ont/fma/fma44649,third dorsal metatarsal artery,AS
http://purl.org/sig/ont/fma/fma20653,mons pubis branch of genital branch of genitofemoral nerve,AS
http://purl.org/sig/ont/fma/fma21866,perineal nerve,AS
http://purl.org/sig/ont/fma/fma6670,renal branch of vagus nerve,AS
http://purl.org/sig/ont/fma/fma80225,branch of median nerve to third lumbrical of hand,AS
http://purl.org/sig/ont/fma/fma4741,anterior intercostal vein 1,AS
http://purl.org/sig/ont/fma/fma4199,right posterior intercostal artery 3,AS
http://purl.org/sig/ont/fma/fma80086,superior genicular nerve,AS
http://purl.org/sig/ont/fma/fma6711,cardiac branch of right vagus to deep cardiac plexus,AS
http://purl.org/sig/ont/fma/fma54418,meningeal branch of hypoglossal nerve to wall of occipital sinus,AS
http://purl.org/sig/ont/fma/fma20853,posterior scrotal artery,AS
http://purl.obolibrary.org/obo/UBERON_0004539,right kidney,AS
http://purl.org/sig/ont/fma/fma80098,muscular branch of tibial nerve to flexor hallucis longus,AS
http://purl.obolibrary.org/obo/UBERON_0005853,sacral spinal cord ventral column,AS
http://purl.org/sig/ont/fma/fma6309,tenth thoracic spinal nerve,AS
http://purl.org/sig/ont/fma/fma81263,branch of medial pectoral nerve to pectoralis minor,AS
http://purl.org/sig/ont/fma/fma65653,meningeal branch of sixth cervical nerve,AS
http://purl.org/sig/ont/fma/fma53315,communicating branch of zygomatic branch of facial nerve with lacrimal nerve,AS
http://purl.org/sig/ont/fma/fma70494,segmental renal artery,AS
http://purl.org/sig/ont/fma/fma53593,branch of auricular branch of vagus nerve to floor of external acoustic meatus,AS
http://purl.org/sig/ont/fma/fma62467,branch of musculocutaneous nerve to coracobrachialis,AS
http://purl.org/sig/ont/fma/fma81357,branch of thoracodorsal nerve to latissimus dorsi (n),AS
http://purl.org/sig/ont/fma/fma80087,inferior medial genicular nerve,AS
http://purl.org/sig/ont/fma/fma53314,branch of zygomatic branch of facial nerve to orbicularis oculi,AS
http://purl.org/sig/ont/fma/fma44811,medial branch of superficial fibular nerve,AS
http://purl.org/sig/ont/fma/fma68070,left inferior phrenic vein,AS
http://purl.obolibrary.org/obo/UBERON_0008974,apocrine glands,AS
http://purl.obolibrary.org/obo/UBERON_0008974,apocrine gland,AS
http://purl.org/sig/ont/fma/fma80234,branch of deep branch of ulnar nerve to second dorsal interosseous of hand,AS
http://purl.org/sig/ont/fma/fma21242,inferior rectal vein,AS
http://purl.org/sig/ont/fma/fma67953,branch of musculocutaneous nerve to humerus,AS
http://purl.obolibrary.org/obo/UBERON_0009709,ventral pancreas,AS
http://purl.org/sig/ont/fma/fma82731,branch of auriculotemporal nerve to temporalis,AS
http://purl.org/sig/ont/fma/fma44754,nerve to second lumbrical of foot,AS
http://purl.org/sig/ont/fma/fma44740,articular branch of medial plantar nerve,AS
http://purl.org/sig/ont/fma/fma52691,long ciliary nerve,AS
http://purl.org/sig/ont/fma/fma82616,nerve to tragicus,AS
http://purl.org/sig/ont/fma/fma52681,lateral internal nasal branch of anterior ethmoidal nerve,AS
http://purl.obolibrary.org/obo/UBERON_0019267,gray matter of midbrain,AS
http://purl.org/sig/ont/fma/fma82651,nerve to transversus menti,AS
http://purl.org/sig/ont/fma/fma14756,left middle suprarenal artery,AS
http://purl.org/sig/ont/fma/fma49621,muscular branch of occipital artery,AS
http://purl.org/sig/ont/fma/fma80151,adductor magnus branch of tibial nerve,AS
http://purl.obolibrary.org/obo/UBERON_8410010,fimbria of fallopian tube,AS
http://purl.org/sig/ont/fma/fma80095,nerve to ankle joint,AS
http://purl.org/sig/ont/fma/fma234924,brachial lymph trunk,AS
http://purl.org/sig/ont/fma/fma6708,communicating branch of external laryngeal nerve with superior cardiac nerve,AS
http://purl.org/sig/ont/fma/fma20661,communicating branch of femoral branch of genitofemoral nerve with intermediate femoral cutaneous nerve,AS
http://purl.org/sig/ont/fma/fma21387,right common iliac vein,AS
http://purl.org/sig/ont/fma/fma44816,medial dorsal digital nerve of little toe,AS
http://purl.org/sig/ont/fma/fma80079,muscular branch of superficial fibular nerve to fibularis longus,AS
http://purl.org/sig/ont/fma/fma81223,posterior muscular branch of radial nerve to anconeus,AS
http://purl.org/sig/ont/fma/fma4879,right posterior intercostal vein 3,AS
http://purl.org/sig/ont/fma/fma82654,nerve to depressor anguli oris,AS
http://purl.org/sig/ont/fma/fma6874,branch to great auricular nerve,AS
http://purl.org/sig/ont/fma/fma4739,anterior intercostal vein 3,AS
http://purl.org/sig/ont/fma/fma10656,anterior intercostal artery 5,AS
http://purl.org/sig/ont/fma/fma80208,nerve to gluteus maximus (n),AS
http://purl.org/sig/ont/fma/fma6206,anterolateral diaphragmatic branch of phrenic nerve,AS
http://purl.org/sig/ont/fma/fma4736,anterior intercostal vein 7,AS
http://purl.org/sig/ont/fma/fma6249,tracheal branch of recurrent laryngeal nerve,AS
http://purl.org/sig/ont/fma/fma45312,cutaneous branch of anterior branch of obturator nerve,AS
http://purl.org/sig/ont/fma/fma45322,adductor magnus branch of posterior branch of obturator nerve,AS
http://purl.org/sig/ont/fma/fma65514,esophageal branch of vagal trunk,AS
http://purl.org/sig/ont/fma/fma52839,tonsillar branch of lesser palatine nerve,AS
http://purl.obolibrary.org/obo/UBERON_0016400,infrapatellar fat pad,AS
http://purl.org/sig/ont/fma/fma80189,branch of superior gluteal nerve to tensor fasciae latae,AS
http://purl.org/sig/ont/fma/fma80088,middle genicular nerve,AS
http://purl.org/sig/ont/fma/fma81250,pectoralis minor branch of lateral pectoral nerve,AS
http://purl.org/sig/ont/fma/fma9411,segmental pulmonary vein,AS
http://purl.obolibrary.org/obo/UBERON_8410038,high endothelial venule,AS
http://purl.org/sig/ont/fma/fma22954,dorsal metacarpal vein,AS
http://purl.org/sig/ont/fma/fma53340,lower deep buccal branch of facial nerve,AS
http://purl.org/sig/ont/fma/fma4949,left posterior intercostal vein 11,AS
http://purl.org/sig/ont/fma/fma4876,right posterior intercostal vein 5,AS
http://purl.org/sig/ont/fma/fma85107,third common palmar digital artery,AS
http://purl.org/sig/ont/fma/fma4733,anterior intercostal vein 6,AS
http://purl.org/sig/ont/fma/fma44823,branch of median nerve to pronator teres,AS
http://purl.org/sig/ont/fma/fma53181,cutaneous branch of buccal nerve,AS
http://purl.org/sig/ont/fma/fma66061,branch of posterior femoral cutaneous nerve to back of thigh and leg,AS
http://purl.org/sig/ont/fma/fma82922,branch of ilioinguinal nerve to transversus abdominis,AS
http://purl.org/sig/ont/fma/fma80231,branch of deep branch of ulnar nerve to first dorsal interosseous of han,AS
http://purl.org/sig/ont/fma/fma4429,left posterior intercostal artery 4,AS
http://purl.org/sig/ont/fma/fma57991,left mammary gland,AS
http://purl.org/sig/ont/fma/fma10649,anterior intercostal artery 7,AS
http://purl.org/sig/ont/fma/fma80249,branch of deep branch of ulnar nerve to third palmar interosseous of hand,AS
http://purl.org/sig/ont/fma/fma80157,nerve to gracilis,AS
http://purl.org/sig/ont/fma/fma69460,perforating artery,AS
http://purl.org/sig/ont/fma/fma80104,muscular branch of tibial nerve to tibialis posterior,AS
http://purl.org/sig/ont/fma/fma6202,branch of phrenic nerve to mediastinal pleura,AS
http://purl.org/sig/ont/fma/fma52816,communicating branch of greater palatine nerve with nasopalatine nerve,AS
http://purl.org/sig/ont/fma/fma44835,branch of anterior interosseous nerve to pronator quadratus,AS
http://purl.obolibrary.org/obo/UBERON_0034964,superficial epigastric artery,AS
http://purl.org/sig/ont/fma/fma44738,cutaneous branch of medial plantar nerve,AS
http://purl.org/sig/ont/fma/fma80261,branch of deep branch of ulnar nerve to abductor digiti minimi of hand,AS
http://purl.org/sig/ont/fma/fma53406,communicating branch of cervical branch of facial nerve with transverse cutaneous cervical nerve,AS
http://purl.org/sig/ont/fma/fma81278,subscapularis branch of superior subscapular nerve (1),AS
http://purl.org/sig/ont/fma/fma80267,branch of median nerve to superficial head of flexor pollicis brevis,AS
http://purl.org/sig/ont/fma/fma82925,branch of iliohypogastric nerve to transversus abdominis,AS
http://purl.org/sig/ont/fma/fma4859,right posterior intercostal vein 11,AS
http://purl.org/sig/ont/fma/fma80192,branch of superior gluteal nerve to gluteus minimus,AS
http://purl.org/sig/ont/fma/fma4738,anterior intercostal vein 9,AS
http://purl.org/sig/ont/fma/fma79467,accessory meningeal artery,AS
http://purl.org/sig/ont/fma/fma53600,cervical cardiac branch of vagus nerve,AS
https://purl.org/ccf/ASCTB-TEMP_lateral-proper-palmar-digital-artery-of-first-digit-of-hand,lateral proper palmar digital artery of first digit of hand,AS
https://purl.org/ccf/ASCTB-TEMP_dorsal-meningeal-artery,dorsal meningeal artery,AS
https://purl.org/ccf/ASCTB-TEMP_medial-lenticulostriate-artery,medial lenticulostriate artery,AS
https://purl.org/ccf/ASCTB-TEMP_dorsal-branch-of-lateral-proper-palmar-digital-artery-of-fourth-digit-of-hand,dorsal branch of lateral proper palmar digital artery of fourth digit of hand,AS
https://purl.org/ccf/ASCTB-TEMP_segmental-spinal-artery-4,segmental spinal artery #4,AS
https://purl.org/ccf/ASCTB-TEMP_eustachian-branch-of-ascending-pharyngeal-artery,eustachian branch of ascending pharyngeal artery,AS
https://purl.org/ccf/ASCTB-TEMP_dorsal-digital-artery-of-first-digit-of-hand,dorsal digital artery of first digit of hand,AS
https://purl.org/ccf/ASCTB-TEMP_superficial-branch-of-lateral-plantar-artery,superficial branch of lateral plantar artery,AS
https://purl.org/ccf/ASCTB-TEMP_second-posterior-perforating-branch-of-plantar-arch,second posterior perforating branch of plantar arch,AS
https://purl.org/ccf/ASCTB-TEMP_dorsal-branch-of-lateral-proper-palmar-digital-artery-of-fifth-digit-of-hand,dorsal branch of lateral proper palmar digital artery of fifth digit of hand,AS
https://purl.org/ccf/ASCTB-TEMP_dorsal-branch-of-medial-proper-palmar-digital-artery-of-fourth-digit-of-hand,dorsal branch of medial proper palmar digital artery of fourth digit of hand,AS
https://purl.org/ccf/ASCTB-TEMP_periductal-arteriole-of-interlobular-duct-of-pancreas,periductal arteriole of interlobular duct of pancreas,AS
https://purl.org/ccf/ASCTB-TEMP_medial-proper-palmar-digital-artery-of-first-digit-of-hand,medial proper palmar digital artery of first digit of hand,AS
https://purl.org/ccf/ASCTB-TEMP_dorsal-branch-of-medial-proper-palmar-digital-artery-of-second-digit-of-hand,dorsal branch of medial proper palmar digital artery of second digit of hand,AS
https://purl.org/ccf/ASCTB-TEMP_segmental-branch-of-hepatic-artery,segmental branch of hepatic artery,AS
https://purl.org/ccf/ASCTB-TEMP_sulcal-artery,sulcal artery,AS
https://purl.org/ccf/ASCTB-TEMP_superior-lobar-artery-of-spleen,superior lobar artery of spleen,AS
https://purl.org/ccf/ASCTB-TEMP_posterior-vestibular-artery,posterior vestibular artery,AS
https://purl.org/ccf/ASCTB-TEMP_long-branch-of-vasa-recta-of-colon,long branch of vasa recta of colon,AS
https://purl.org/ccf/ASCTB-TEMP_neuromeningeal-trunk,neuromeningeal trunk,AS
https://purl.org/ccf/ASCTB-TEMP_fourth-common-plantar-digital-artery,fourth common plantar digital artery,AS
https://purl.org/ccf/ASCTB-TEMP_lamina-propria-gut-associated-lymphoid-tissue-galt-,lamina propria/gut associated lymphoid tissue (galt),AS
https://purl.org/ccf/ASCTB-TEMP_segmental-spinal-artery-3,segmental spinal artery #3,AS
https://purl.org/ccf/ASCTB-TEMP_subserous-artery-of-colon-2,subserous artery of colon #2,AS
https://purl.org/ccf/ASCTB-TEMP_meningohypophyseal-artery,meningohypophyseal artery,AS
https://purl.org/ccf/ASCTB-TEMP_first-posterior-perforating-branch-of-plantar-arch,first posterior perforating branch of plantar arch,AS
https://purl.org/ccf/ASCTB-TEMP_zygomaticofacial-artery,zygomaticofacial artery,AS
https://purl.org/ccf/ASCTB-TEMP_posterior-lateral-nasal-branch-of-sphenopalatine-artery,posterior lateral nasal branch of sphenopalatine artery,AS
http://purl.org/sig/ont/fma/fma0323596,third dorsal metacarpal artery,AS
http://purl.org/sig/ont/fma/fma0323597,fourth dorsal metacarpal artery,AS
https://purl.org/ccf/ASCTB-TEMP_circular-longitudinal-muscle,circular/longitudinal muscle,AS
https://purl.org/ccf/ASCTB-TEMP_medial-proper-plantar-digital-artery-of-fourth-digit-of-foot,medial proper plantar digital artery of fourth digit of foot,AS
https://purl.org/ccf/ASCTB-TEMP_lobar-artery-of-spleen,lobar artery of spleen,AS
https://purl.org/ccf/ASCTB-TEMP_lateral-dorsal-digital-artery-of-fifth-digit-of-hand,lateral dorsal digital artery of fifth digit of hand,AS
https://purl.org/ccf/ASCTB-TEMP_tentorial-artery,tentorial artery,AS
https://purl.org/ccf/ASCTB-TEMP_orbitofrontal-branch-of-middle-cerebral-artery,orbitofrontal branch of middle cerebral artery,AS
http://purl.org/sig/ont/fma/fma322902,diagonal branch of left anterior descending artery 2,AS
https://purl.org/ccf/ASCTB-TEMP_lateral-inferior-ovary,lateral inferior ovary,AS
https://purl.org/ccf/ASCTB-TEMP_hypoglossal-branch-of-ascending-pharyngeal-artery,hypoglossal branch of ascending pharyngeal artery,AS
http://purl.org/sig/ont/fma/fma322906,obtuse marginal artery 2,AS
https://purl.org/ccf/ASCTB-TEMP_main-cochlear-artery,main cochlear artery,AS
https://purl.org/ccf/ASCTB-TEMP_palmar-carpal-arterial-arch,palmar carpal arterial arch,AS
https://purl.org/ccf/ASCTB-TEMP_muscularis-externa,muscularis externa,AS
https://purl.org/ccf/ASCTB-TEMP_vasa-recta-of-jejunum,vasa recta of jejunum,AS
https://purl.org/ccf/ASCTB-TEMP_second-common-plantar-digital-artery,second common plantar digital artery,AS
https://purl.org/ccf/ASCTB-TEMP_dorsal-branch-of-lateral-proper-palmar-digital-artery-of-second-digit-of-hand,dorsal branch of lateral proper palmar digital artery of second digit of hand,AS
https://purl.org/ccf/ASCTB-TEMP_third-palmar-metacarpal-artery,third palmar metacarpal artery,AS
https://purl.org/ccf/ASCTB-TEMP_mucosal-arteriole-of-colon,mucosal arteriole of colon,AS
https://purl.org/ccf/ASCTB-TEMP_periductal-branch-of-interlobular-artery-of-pancreas,periductal branch of interlobular artery of pancreas,AS
https://purl.org/ccf/ASCTB-TEMP_first-common-plantar-digital-artery,first common plantar digital artery,AS
https://purl.org/ccf/ASCTB-TEMP_stylomastoid-branch-of-occipital-artery,stylomastoid branch of occipital artery,AS
https://purl.org/ccf/ASCTB-TEMP_hepatic-arteriole,hepatic arteriole,AS
https://purl.org/ccf/ASCTB-TEMP_anterior-segmental-medullary-artery,anterior segmental medullary artery,AS
https://purl.org/ccf/ASCTB-TEMP_jejunal-arcade,jejunal arcade,AS
http://purl.org/sig/ont/fma/fma0323778,common femoral artery,AS
http://purl.org/sig/ont/fma/fma0323595,second dorsal metacarpal artery,AS
https://purl.org/ccf/ASCTB-TEMP_radial-artery-of-uterus,radial artery of uterus,AS
https://purl.org/ccf/ASCTB-TEMP_serosa,serosa,AS
https://purl.org/ccf/ASCTB-TEMP_periductal-arteriole-of-accessory-pancreatic-duct,periductal arteriole of accessory pancreatic duct,AS
https://purl.org/ccf/ASCTB-TEMP_medial-dorsal-digital-artery-of-second-digit-of-hand,medial dorsal digital artery of second digit of hand,AS
https://purl.org/ccf/ASCTB-TEMP_medial-calcaneal-artery,medial calcaneal artery,AS
https://purl.org/ccf/ASCTB-TEMP_medial-proper-plantar-digital-artery-of-first-digit-of-foot,medial proper plantar digital artery of first digit of foot,AS
https://purl.org/ccf/ASCTB-TEMP_short-branch-of-vasa-recta-of-colon,short branch of vasa recta of colon,AS
https://purl.org/ccf/ASCTB-TEMP_pancreatic-islet-afferent-arteriole,pancreatic islet afferent arteriole,AS
https://purl.org/ccf/ASCTB-TEMP_connective-tissue,connective tissue,AS
https://purl.org/ccf/ASCTB-TEMP_lateral-sural-artery,lateral sural artery,AS
https://purl.org/ccf/ASCTB-TEMP_lateral-proper-plantar-digital-artery-of-fifth-digit-of-foot,lateral proper plantar digital artery of fifth digit of foot,AS
https://purl.org/ccf/ASCTB-TEMP_posterior-branch-of-obturator-artery,posterior branch of obturator artery,AS
https://purl.org/ccf/ASCTB-TEMP_bulbourethral-artery,bulbourethral artery,AS
https://purl.org/ccf/ASCTB-TEMP_medial-dorsal-digital-artery-of-fifth-digit-of-hand,medial dorsal digital artery of fifth digit of hand,AS
https://purl.org/ccf/ASCTB-TEMP_middle-temporal-branch-of-middle-cerebral-artery,middle temporal branch of middle cerebral artery,AS
https://purl.org/ccf/ASCTB-TEMP_lateral-proper-plantar-digital-artery-of-third-digit-of-foot,lateral proper plantar digital artery of third digit of foot,AS
https://purl.org/ccf/ASCTB-TEMP_segmental-spinal-artery,segmental spinal artery,AS
https://purl.org/ccf/ASCTB-TEMP_vasa-recta-of-ileum,vasa recta of ileum,AS
https://purl.org/ccf/ASCTB-TEMP_middle-pharyngeal-artery,middle pharyngeal artery,AS
https://purl.org/ccf/ASCTB-TEMP_superior-parietal-artery,superior parietal artery,AS
https://purl.org/ccf/ASCTB-TEMP_vasa-recta-of-colon,vasa recta of colon,AS
https://purl.org/ccf/ASCTB-TEMP_interlobular-artery-of-pancreas,interlobular artery of pancreas,AS
https://purl.org/ccf/ASCTB-TEMP_lateral-calcaneal-artery,lateral calcaneal artery,AS
https://purl.org/ccf/ASCTB-TEMP_pharyngeal-trunk,pharyngeal trunk,AS
https://purl.org/ccf/ASCTB-TEMP_periductal-branch-of-lobular-artery-of-pancreas,periductal branch of lobular artery of pancreas,AS
https://purl.org/ccf/ASCTB-TEMP_subserous-artery-of-colon,subserous artery of colon,AS
https://purl.org/ccf/ASCTB-TEMP_lateral-proper-plantar-digital-artery-of-first-digit-of-foot,lateral proper plantar digital artery of first digit of foot,AS
https://purl.org/ccf/ASCTB-TEMP_odontoid-arcade,odontoid arcade,AS
https://purl.org/ccf/ASCTB-TEMP_posterolateral-artery,posterolateral artery,AS
https://purl.org/ccf/ASCTB-TEMP_medial-dorsal-digital-artery-of-fourth-digit-of-hand,medial dorsal digital artery of fourth digit of hand,AS
https://purl.org/ccf/ASCTB-TEMP_dorsal-branch-of-medial-proper-palmar-digital-artery-of-third-digit-of-hand,dorsal branch of medial proper palmar digital artery of third digit of hand,AS
https://purl.org/ccf/ASCTB-TEMP_segmental-spinal-artery-2,segmental spinal artery #2,AS
http://purl.org/sig/ont/fma/fma0323777,superficial femoral artery,AS
https://purl.org/ccf/ASCTB-TEMP_dural-artery,dural artery,AS
https://purl.org/ccf/ASCTB-TEMP_lateral-proper-palmar-digital-artery-of-second-digit-of-hand,lateral proper palmar digital artery of second digit of hand,AS
https://purl.org/ccf/ASCTB-TEMP_anterior-internal-frontal-artery,anterior internal frontal artery,AS
https://purl.org/ccf/ASCTB-TEMP_lateral-dorsal-digital-artery-of-fourth-digit-of-hand,lateral dorsal digital artery of fourth digit of hand,AS
https://purl.org/ccf/ASCTB-TEMP_medial-proper-plantar-digital-artery-of-second-digit-of-foot,medial proper plantar digital artery of second digit of foot,AS
https://purl.org/ccf/ASCTB-TEMP_dorsal-branch-of-lateral-proper-palmar-digital-artery-of-third-digit-of-hand,dorsal branch of lateral proper palmar digital artery of third digit of hand,AS
https://purl.org/ccf/ASCTB-TEMP_paracentral-artery,paracentral artery,AS
https://purl.org/ccf/ASCTB-TEMP_medial-proper-plantar-digital-artery-of-fifth-digit-of-foot,medial proper plantar digital artery of fifth digit of foot,AS
https://purl.org/ccf/ASCTB-TEMP_orbitofrontal-branch-of-anterior-cerebral-artery,orbitofrontal branch of anterior cerebral artery,AS
https://purl.org/ccf/ASCTB-TEMP_segmental-branch-of-lobar-artery-of-spleen,segmental branch of lobar artery of spleen,AS
https://purl.org/ccf/ASCTB-TEMP_lateral-dorsal-digital-artery-of-third-digit-of-hand,lateral dorsal digital artery of third digit of hand,AS
https://purl.org/ccf/ASCTB-TEMP_incisor-artery,incisor artery,AS
https://purl.org/ccf/ASCTB-TEMP_periductal-arteriole-of-main-pancreatic-duct,periductal arteriole of main pancreatic duct,AS
https://purl.org/ccf/ASCTB-TEMP_inferior-parietal-artery,inferior parietal artery,AS
http://purl.org/sig/ont/fma/fma322905,obtuse marginal artery 1,AS
https://purl.org/ccf/ASCTB-TEMP_zygomaticotemporal-artery,zygomaticotemporal artery,AS
https://purl.org/ccf/ASCTB-TEMP_posterior-segmental-medullary-artery,posterior segmental medullary artery,AS
https://purl.org/ccf/ASCTB-TEMP_lateral-proper-plantar-digital-artery-of-fourth-digit-of-foot,lateral proper plantar digital artery of fourth digit of foot,AS
https://purl.org/ccf/ASCTB-TEMP_inferior-lobar-artery-of-spleen,inferior lobar artery of spleen,AS
https://purl.org/ccf/ASCTB-TEMP_dorsal-branch-of-medial-proper-palmar-digital-artery-of-fifth-digit-of-hand,dorsal branch of medial proper palmar digital artery of fifth digit of hand,AS
https://purl.org/ccf/ASCTB-TEMP_lobular-artery-of-pancreas,lobular artery of pancreas,AS
https://purl.org/ccf/ASCTB-TEMP_jugular-branch-of-ascending-pharyngeal-artery,jugular branch of ascending pharyngeal artery,AS
https://purl.org/ccf/ASCTB-TEMP_lateral-supramalleolar-artery,lateral supramalleolar artery,AS
https://purl.org/ccf/ASCTB-TEMP_lateral-dorsal-digital-artery-of-second-digit-of-hand,lateral dorsal digital artery of second digit of hand,AS
http://purl.org/sig/ont/fma/fma322901,diagonal branch of left anterior descending artery 1,AS
https://purl.org/ccf/ASCTB-TEMP_medial-proper-plantar-digital-artery-of-third-digit-of-foot,medial proper plantar digital artery of third digit of foot,AS
https://purl.org/ccf/ASCTB-TEMP_meandering-mesenteric-artery,meandering mesenteric artery,AS
https://purl.org/ccf/ASCTB-TEMP_segmental-spinal-artery-5,segmental spinal artery #5,AS
https://purl.org/ccf/ASCTB-TEMP_posterior-internal-frontal-artery,posterior internal frontal artery,AS
https://purl.org/ccf/ASCTB-TEMP_septal-perforating-arteries,septal perforating arteries,AS
https://purl.org/ccf/ASCTB-TEMP_transverse-pancreatic-artery,transverse pancreatic artery,AS
https://purl.org/ccf/ASCTB-TEMP_intralobular-arteriole-of-pancreas,intralobular arteriole of pancreas,AS
https://purl.org/ccf/ASCTB-TEMP_cavernosal-artery,cavernosal artery,AS
https://purl.org/ccf/ASCTB-TEMP_lateral-proper-plantar-digital-artery-of-second-digit-of-foot,lateral proper plantar digital artery of second digit of foot,AS
https://purl.org/ccf/ASCTB-TEMP_superior-pharyngeal-artery,superior pharyngeal artery,AS
https://purl.org/ccf/ASCTB-TEMP_submucosal-arteriole-of-colon,submucosal arteriole of colon,AS
https://purl.org/ccf/ASCTB-TEMP_seminal-vesicle-arterial-branches-of-prostatic-artery,seminal vesicle arterial branches of prostatic artery,AS
https://purl.org/ccf/ASCTB-TEMP_mucosa,mucosa,AS
https://purl.org/ccf/ASCTB-TEMP_middle-internal-frontal-artery,middle internal frontal artery,AS
https://purl.org/ccf/ASCTB-TEMP_medial-dorsal-digital-artery-of-third-digit-of-hand,medial dorsal digital artery of third digit of hand,AS
http://purl.org/sig/ont/fma/fma0327481,pharyngeal branch of maxillary artery,AS
https://purl.org/ccf/ASCTB-TEMP_third-common-plantar-digital-artery,third common plantar digital artery,AS
https://purl.org/ccf/ASCTB-TEMP_medial-sural-artery,medial sural artery,AS
https://purl.org/ccf/ASCTB-TEMP_recurrent-muscular-branch-of-submucosal-artery-of-colon,recurrent muscular branch of submucosal artery of colon,AS
https://purl.org/ccf/ASCTB-TEMP_first-palmar-metacarpal-artery,first palmar metacarpal artery,AS
https://purl.org/ccf/ASCTB-TEMP_right-artery-of-caudate-lobe,right artery of caudate lobe,AS
https://purl.org/ccf/ASCTB-TEMP_submucosal-artery-of-colon,submucosal artery of colon,AS
https://purl.org/ccf/ASCTB-TEMP_pterygovaginal-artery,pterygovaginal artery,AS
https://purl.org/ccf/ASCTB-TEMP_second-palmar-metacarpal-artery,second palmar metacarpal artery,AS
https://purl.org/ccf/ASCTB-TEMP_inferior-pharyngeal-artery,inferior pharyngeal artery,AS
https://purl.org/ccf/ASCTB-TEMP_third-posterior-perforating-branch-of-plantar-arch,third posterior perforating branch of plantar arch,AS
https://purl.org/ccf/ASCTB-TEMP_sphenopalatine-sinus,sphenopalatine sinus,AS
https://purl.org/ccf/ASCTB-TEMP_mucosal-capillary-of-colon,mucosal capillary of colon,AS
https://purl.org/ccf/ASCTB-TEMP_periductal-capillary-of-accessory-pancreatic-duct,periductal capillary of accessory pancreatic duct,AS
http://purl.obolibrary.org/obo/UBERON_0006355,superior vesical vein,AS
http://purl.org/sig/ont/fma/fma0329301,posterior inferior pancreaticoduodenal vein,AS
https://purl.org/ccf/ASCTB-TEMP_periductal-branch-of-interlobular-vein-of-pancreas,periductal branch of interlobular vein of pancreas,AS
https://purl.org/ccf/ASCTB-TEMP_internal-primary-capillary-plexus-of-median-eminence,internal primary capillary plexus of median eminence,AS
https://purl.org/ccf/ASCTB-TEMP_mental-vein,mental vein,AS
https://purl.org/ccf/ASCTB-TEMP_chorionic-plate-vessel,chorionic plate vessel,AS
https://purl.org/ccf/ASCTB-TEMP_medial-segmental-branch-of-left-hepatic-portal-vein,medial segmental branch of left hepatic portal vein,AS
https://purl.org/ccf/ASCTB-TEMP_vena-recta-of-large-intestine-4,vena recta of large intestine #4,AS
https://purl.org/ccf/ASCTB-TEMP_posterior-radicular-vein,posterior radicular vein,AS
https://purl.org/ccf/ASCTB-TEMP_placental-disc,placental disc,AS
https://purl.org/ccf/ASCTB-TEMP_secondary-capillary-plexus-of-anterior-pituitary-gland-2,secondary capillary plexus of anterior pituitary gland #2,AS
https://purl.org/ccf/ASCTB-TEMP_vein-of-burow,vein of burow,AS
https://purl.org/ccf/ASCTB-TEMP_posterolateral-spinal-vein,posterolateral spinal vein,AS
https://purl.org/ccf/ASCTB-TEMP_transverse-nasal-root-vein,transverse nasal root vein,AS
https://purl.org/ccf/ASCTB-TEMP_periductal-capillary-of-main-pancreatic-duct,periductal capillary of main pancreatic duct,AS
https://purl.org/ccf/ASCTB-TEMP_periductal-capillary-of-intercalated-duct-of-pancreas,periductal capillary of intercalated duct of pancreas,AS
https://purl.org/ccf/ASCTB-TEMP_common-facial-vein,common facial vein,AS
https://purl.org/ccf/ASCTB-TEMP_vena-recta-of-large-intestine,vena recta of large intestine,AS
https://purl.org/ccf/ASCTB-TEMP_circumflex-humeral-vein,circumflex humeral vein,AS
https://purl.org/ccf/ASCTB-TEMP_segmental-branch-of-hepatic-vein,segmental branch of hepatic vein,AS
http://purl.org/sig/ont/fma/fma0327575,long portal vessel of pituitary gland,AS
https://purl.org/ccf/ASCTB-TEMP_posterior-accessory-saphenous-vein,posterior accessory saphenous vein,AS
https://purl.org/ccf/ASCTB-TEMP_periductal-capillary-of-interlobular-duct-of-pancreas,periductal capillary of interlobular duct of pancreas,AS
https://purl.org/ccf/ASCTB-TEMP_rectosigmoid-vein,rectosigmoid vein,AS
https://purl.org/ccf/ASCTB-TEMP_anterior-accessory-saphenous-vein,anterior accessory saphenous vein,AS
https://purl.org/ccf/ASCTB-TEMP_periductal-branch-of-lobular-vein-of-pancreas,periductal branch of lobular vein of pancreas,AS
http://purl.org/sig/ont/fma/fma323401,dorsal digital vein of foot,AS
https://purl.org/ccf/ASCTB-TEMP_intramedullary-radial-vein-2,intramedullary radial vein #2,AS
https://purl.org/ccf/ASCTB-TEMP_superior-vein-of-sappey,superior vein of sappey,AS
https://purl.org/ccf/ASCTB-TEMP_interlobular-vein-of-pancreas,interlobular vein of pancreas,AS
https://purl.org/ccf/ASCTB-TEMP_infraorbital-vein,infraorbital vein,AS
https://purl.org/ccf/ASCTB-TEMP_vein-of-ductus-deferens,vein of ductus deferens,AS
https://purl.org/ccf/ASCTB-TEMP_submucosal-vein-of-colon,submucosal vein of colon,AS
https://purl.org/ccf/ASCTB-TEMP_small-thyroid-vein,small thyroid vein,AS
https://purl.org/ccf/ASCTB-TEMP_pulmonary-venule,pulmonary venule,AS
https://purl.org/ccf/ASCTB-TEMP_anterior-radicular-vein,anterior radicular vein,AS
https://purl.org/ccf/ASCTB-TEMP_vena-recta-of-large-intestine-2,vena recta of large intestine #2,AS
http://purl.org/sig/ont/fma/fma0329298,posterior superior pancreaticoduodenal vein,AS
https://purl.org/ccf/ASCTB-TEMP_capillaries-of-lymph-node,capillaries of lymph node,AS
https://purl.org/ccf/ASCTB-TEMP_mucosal-venule-of-colon,mucosal venule of colon,AS
https://purl.org/ccf/ASCTB-TEMP_lobular-vein-of-pancreas,lobular vein of pancreas,AS
http://purl.obolibrary.org/obo/UBERON_0012195,left superior intercostal vein,AS
http://purl.org/sig/ont/fma/fma0329300,anterior inferior pancreaticoduodenal vein,AS
http://purl.org/sig/ont/fma/fma0327576,short portal vessel of pituitary gland,AS
https://purl.org/ccf/ASCTB-TEMP_intramedullary-radial-vein-3,intramedullary radial vein #3,AS
https://purl.org/ccf/ASCTB-TEMP_inferior-vein-of-sappey,inferior vein of sappey,AS
http://purl.obolibrary.org/obo/UBERON_0012196,right superior intercostal vein,AS
http://purl.org/sig/ont/fma/fma321542,basivertebral vein,AS
https://purl.org/ccf/ASCTB-TEMP_secondary-capillary-plexus-of-anterior-pituitary-gland,secondary capillary plexus of anterior pituitary gland,AS
https://purl.org/ccf/ASCTB-TEMP_superficial-submandibular-vein,superficial submandibular vein,AS
https://purl.org/ccf/ASCTB-TEMP_glandular-venous-plexus,glandular venous plexus,AS
https://purl.org/ccf/ASCTB-TEMP_capillary-plexus-of-posterior-pituitary-gland,capillary plexus of posterior pituitary gland,AS
https://purl.org/ccf/ASCTB-TEMP_lateral-plantar-vein,lateral plantar vein,AS
https://purl.org/ccf/ASCTB-TEMP_submucosal-venule-of-colon,submucosal venule of colon,AS
https://purl.org/ccf/ASCTB-TEMP_intralobular-venule-of-pancreas,intralobular venule of pancreas,AS
https://purl.org/ccf/ASCTB-TEMP_posterior-branch-of-retromandibular-vein,posterior branch of retromandibular vein,AS
https://purl.org/ccf/ASCTB-TEMP_lobular-capillary-of-pancreas,lobular capillary of pancreas,AS
https://purl.org/ccf/ASCTB-TEMP_intramedullary-radial-vein,intramedullary radial vein,AS
https://purl.org/ccf/ASCTB-TEMP_vena-recta-of-large-intestine-3,vena recta of large intestine #3,AS
https://purl.org/ccf/ASCTB-TEMP_external-primary-capillary-plexus-of-median-eminence,external primary capillary plexus of median eminence,AS
https://purl.org/ccf/ASCTB-TEMP_hepatic-portal-venule,hepatic portal venule,AS
https://purl.org/ccf/ASCTB-TEMP_inferior-striate-vein,inferior striate vein,AS
https://purl.org/ccf/ASCTB-TEMP_bulbar-vein,bulbar vein,AS
http://purl.org/sig/ont/fma/fma0329297,anterior superior pancreaticoduodenal vein,AS
https://purl.org/ccf/ASCTB-TEMP_hypophyseal-vein,hypophyseal vein,AS
https://purl.org/ccf/ASCTB-TEMP_anterior-branch-of-retromandibular-vein,anterior branch of retromandibular vein,AS
https://purl.org/ccf/ASCTB-TEMP_subserous-vein-of-colon,subserous vein of colon,AS
https://purl.org/ccf/ASCTB-TEMP_periductal-capillary-of-intralobular-duct-of-panceas,periductal capillary of intralobular duct of panceas,AS
https://purl.org/ccf/ASCTB-TEMP_stem-villous-vessel,stem villous vessel,AS
http://purl.obolibrary.org/obo/UBERON_0001978,parenchyma of pancreas,AS
https://purl.org/ccf/ASCTB-TEMP_submucosa,submucosa,AS
https://purl.org/ccf/ASCTB-TEMP_epithelium,epithelium,AS
https://purl.org/ccf/ASCTB-TEMP_medial-superior-ovary,medial superior ovary,AS
https://purl.org/ccf/ASCTB-TEMP_central-ovary,central ovary,AS
https://purl.org/ccf/ASCTB-TEMP_central-superior-antimesenteric-ovary,central superior antimesenteric ovary,AS
https://purl.org/ccf/ASCTB-TEMP_lateral-superior-mesenteric-ovary,lateral superior mesenteric ovary,AS
https://purl.org/ccf/ASCTB-TEMP_lateral-ovary,lateral ovary,AS
https://purl.org/ccf/ASCTB-TEMP_central-superior-mesenteric-ovary,central superior mesenteric ovary,AS
https://purl.org/ccf/ASCTB-TEMP_medial-inferior-antimesenteric-ovary,medial inferior antimesenteric ovary,AS
https://purl.org/ccf/ASCTB-TEMP_corpus-luteum-granulosa-lutein-layer,corpus luteum granulosa lutein layer,AS
https://purl.org/ccf/ASCTB-TEMP_central-superior-ovary,central superior ovary,AS
https://purl.org/ccf/ASCTB-TEMP_central-inferior-mesenteric-ovary,central inferior mesenteric ovary,AS
https://purl.org/ccf/ASCTB-TEMP_central-inferior-antimesenteric-ovary,central inferior antimesenteric ovary,AS
https://purl.org/ccf/ASCTB-TEMP_lateral-superior-antimesenteric-ovary,lateral superior antimesenteric ovary,AS
https://purl.org/ccf/ASCTB-TEMP_medial-inferior-mesenteric-ovary,medial inferior mesenteric ovary,AS
https://purl.org/ccf/ASCTB-TEMP_medial-superior-mesenteric-ovary,medial superior mesenteric ovary,AS
https://purl.org/ccf/ASCTB-TEMP_medial-ovary,medial ovary,AS
https://purl.org/ccf/ASCTB-TEMP_lateral-inferior-antimesenteric-ovary,lateral inferior antimesenteric ovary,AS
https://purl.org/ccf/ASCTB-TEMP_lateral-superior-ovary,lateral superior ovary,AS
https://purl.org/ccf/ASCTB-TEMP_medial-inferior-ovary,medial inferior ovary,AS
https://purl.org/ccf/ASCTB-TEMP_lateral-inferior-mesenteric-ovary,lateral inferior mesenteric ovary,AS
https://purl.org/ccf/ASCTB-TEMP_central-inferior-ovary,central inferior ovary,AS
https://purl.org/ccf/ASCTB-TEMP_medial-superior-antimesenteric-ovary,medial superior antimesenteric ovary,AS
https://purl.org/ccf/ASCTB-TEMP_superficial-head-of-flexor-pollicis-brevis-muscle,superficial head of flexor pollicis brevis muscle,AS
https://purl.org/ccf/ASCTB-TEMP_lateral-compartmet-of-leg-muscle,lateral compartmet of leg muscle,AS
https://purl.org/ccf/ASCTB-TEMP_compressor-urethrae-muscle,compressor urethrae muscle,AS
https://purl.org/ccf/ASCTB-TEMP_puboanalis-muscle,puboanalis muscle,AS
https://purl.org/ccf/ASCTB-TEMP_medial-posterior-cervical-intertransversarii-muscle,medial posterior cervical intertransversarii muscle,AS
https://purl.org/ccf/ASCTB-TEMP_levator-costarum-muscle,levator costarum muscle,AS
https://purl.org/ccf/ASCTB-TEMP_ceratopharyngeal-part-of-middle-pharyngeal-constrictor-muscle,ceratopharyngeal part of middle pharyngeal constrictor muscle,AS
https://purl.org/ccf/ASCTB-TEMP_sole-of-foot-muscle,sole of foot muscle,AS
https://purl.org/ccf/ASCTB-TEMP_costal-part-of-respiratory-diaphragm-muscle,costal part of respiratory diaphragm muscle,AS
https://purl.org/ccf/ASCTB-TEMP_auricularis-superior-muscle,auricularis superior muscle,AS
https://purl.org/ccf/ASCTB-TEMP_pelvic-floor-muscle,pelvic floor muscle,AS
https://purl.org/ccf/ASCTB-TEMP_lateral-head-of-triceps-brachii-muscle,lateral head of triceps brachii muscle,AS
https://purl.org/ccf/ASCTB-TEMP_inferior-belly-of-omohyoid-muscle,inferior belly of omohyoid muscle,AS
https://purl.org/ccf/ASCTB-TEMP_superior-pharyngeal-constrictor-muscle,superior pharyngeal constrictor muscle,AS
https://purl.org/ccf/ASCTB-TEMP_oblique-arytenoid-muscle,oblique arytenoid muscle,AS
https://purl.org/ccf/ASCTB-TEMP_obliquus-capitis-inferior-muscle,obliquus capitis inferior muscle,AS
https://purl.org/ccf/ASCTB-TEMP_levator-labii-superioris-alaeque-nasi-muscle,levator labii superioris alaeque nasi muscle,AS
https://purl.org/ccf/ASCTB-TEMP_vastus-intermedius-muscle,vastus intermedius muscle,AS
https://purl.org/ccf/ASCTB-TEMP_anterior-compartment-of-arm-muscle,anterior compartment of arm muscle,AS
https://purl.org/ccf/ASCTB-TEMP_buccopharyngeal-part-of-superior-pharyngeal-constrictor-muscle,buccopharyngeal part of superior pharyngeal constrictor muscle,AS
https://purl.org/ccf/ASCTB-TEMP_longus-capitus-muscle,longus capitus muscle,AS
https://purl.org/ccf/ASCTB-TEMP_spermatic-cord-muscle,spermatic cord muscle,AS
https://purl.org/ccf/ASCTB-TEMP_external-anal-sphincter-muscle,external anal sphincter muscle,AS
https://purl.org/ccf/ASCTB-TEMP_pronator-quadratus-muscle,pronator quadratus muscle,AS
https://purl.org/ccf/ASCTB-TEMP_musculus-uvulae-muscle,musculus uvulae muscle,AS
https://purl.org/ccf/ASCTB-TEMP_occipital-belly-of-occipitofrontalis-muscle,occipital belly of occipitofrontalis muscle,AS
https://purl.org/ccf/ASCTB-TEMP_opponens-digiti-minimi-muscle,opponens digiti minimi muscle,AS
https://purl.org/ccf/ASCTB-TEMP_transverse-part-of-trapezius-muscle,transverse part of trapezius muscle,AS
https://purl.org/ccf/ASCTB-TEMP_suboccipital-muscle,suboccipital muscle,AS
https://purl.org/ccf/ASCTB-TEMP_lateral-posterior-cervical-intertransversarii-muscle,lateral posterior cervical intertransversarii muscle,AS
https://purl.org/ccf/ASCTB-TEMP_hamstring-portion-of-adductor-magnus-muscle,hamstring portion of adductor magnus muscle,AS
https://purl.org/ccf/ASCTB-TEMP_tensor-fascia-latae-muscle,tensor fascia latae muscle,AS
https://purl.org/ccf/ASCTB-TEMP_intrinsic-eye-muscle,intrinsic eye muscle,AS
https://purl.org/ccf/ASCTB-TEMP_rhomboid-major-muscle,rhomboid major muscle,AS
https://purl.org/ccf/ASCTB-TEMP_thoracic-intertransversarii-muscle,thoracic intertransversarii muscle,AS
https://purl.org/ccf/ASCTB-TEMP_anterior-compartment-of-leg-muscle,anterior compartment of leg muscle,AS
https://purl.org/ccf/ASCTB-TEMP_transverse-muscle,transverse muscle,AS
https://purl.org/ccf/ASCTB-TEMP_deep-head-of-flexor-pollicis-brevis-muscle,deep head of flexor pollicis brevis muscle,AS
https://purl.org/ccf/ASCTB-TEMP_ascending-part-of-trapezius-muscle,ascending part of trapezius muscle,AS
https://purl.org/ccf/ASCTB-TEMP_tibalis-anterior-muscle,tibalis anterior muscle,AS
https://purl.org/ccf/ASCTB-TEMP_spinal-part-of-deltoid-muscle,spinal part of deltoid muscle,AS
https://purl.org/ccf/ASCTB-TEMP_levatores-costarum-longi-of-levator-costarum-muscle,levatores costarum longi of levator costarum muscle,AS
https://purl.org/ccf/ASCTB-TEMP_rhomboid-minor-muscle,rhomboid minor muscle,AS
https://purl.org/ccf/ASCTB-TEMP_posterior-compartment-of-thigh-muscle,posterior compartment of thigh muscle,AS
https://purl.org/ccf/ASCTB-TEMP_posterior-compartment-of-leg-muscle,posterior compartment of leg muscle,AS
https://purl.org/ccf/ASCTB-TEMP_ulnar-head-of-extensor-carpi-ulnaris-muscle,ulnar head of extensor carpi ulnaris muscle,AS
https://purl.org/ccf/ASCTB-TEMP_pronator-teres-muscle,pronator teres muscle,AS
https://purl.org/ccf/ASCTB-TEMP_flexor-digiti-minimi-brevis-muscle,flexor digiti minimi brevis muscle,AS
https://purl.org/ccf/ASCTB-TEMP_reflected-head-of-rectus-femoris-muscle,reflected head of rectus femoris muscle,AS
https://purl.org/ccf/ASCTB-TEMP_abductor-digiti-minimi-of-hand-muscle,abductor digiti minimi of hand muscle,AS
https://purl.org/ccf/ASCTB-TEMP_aryepiglottic-part-of-oblique-arytenoid-muscle,aryepiglottic part of oblique arytenoid muscle,AS
https://purl.org/ccf/ASCTB-TEMP_levator-veli-palatini-muscle,levator veli palatini muscle,AS
https://purl.org/ccf/ASCTB-TEMP_plantar-interosseous-muscle,plantar interosseous muscle,AS
https://purl.org/ccf/ASCTB-TEMP_posterior-compartment-of-arm-muscle,posterior compartment of arm muscle,AS
https://purl.org/ccf/ASCTB-TEMP_oblique-part-of-cricothyroid-muscle,oblique part of cricothyroid muscle,AS
https://purl.org/ccf/ASCTB-TEMP_biceps-brachii-muscle,biceps brachii muscle,AS
https://purl.org/ccf/ASCTB-TEMP_sphincter-urethrae-muscle,sphincter urethrae muscle,AS
https://purl.org/ccf/ASCTB-TEMP_quadratus-plantae-muscle,quadratus plantae muscle,AS
https://purl.org/ccf/ASCTB-TEMP_oblique-head-of-adductor-pollicis-muscle,oblique head of adductor pollicis muscle,AS
https://purl.org/ccf/ASCTB-TEMP_short-head-of-biceps-femoris-muscle,short head of biceps femoris muscle,AS
https://purl.org/ccf/ASCTB-TEMP_segmental-back-muscle,segmental back muscle,AS
https://purl.org/ccf/ASCTB-TEMP_medial-compartment-of-thigh-muscle,medial compartment of thigh muscle,AS
https://purl.org/ccf/ASCTB-TEMP_superior-belly-of-omohyoid-muscle,superior belly of omohyoid muscle,AS
https://purl.org/ccf/ASCTB-TEMP_medial-head-of-triceps-brachii-muscle,medial head of triceps brachii muscle,AS
https://purl.org/ccf/ASCTB-TEMP_dorsal-interosseous-of-foot-muscle,dorsal interosseous of foot muscle,AS
https://purl.org/ccf/ASCTB-TEMP_straight-head-of-rectus-femoris-muscle,straight head of rectus femoris muscle,AS
https://purl.org/ccf/ASCTB-TEMP_anterior-vertebral-muscle,anterior vertebral muscle,AS
https://purl.org/ccf/ASCTB-TEMP_chondroglossus-of-hyoglossus-muscle,chondroglossus of hyoglossus muscle,AS
https://purl.org/ccf/ASCTB-TEMP_corrugator-supercilii-muscle,corrugator supercilii muscle,AS
https://purl.org/ccf/ASCTB-TEMP_sphincter-pupillae-muscle,sphincter pupillae muscle,AS
https://purl.org/ccf/ASCTB-TEMP_opponens-pollicis-muscle,opponens pollicis muscle,AS
https://purl.org/ccf/ASCTB-TEMP_circular-pharyngeal-muscle,circular pharyngeal muscle,AS
https://purl.org/ccf/ASCTB-TEMP_thyropharyngeal-part-of-inferior-pharyngeal-constrictor-muscle,thyropharyngeal part of inferior pharyngeal constrictor muscle,AS
https://purl.org/ccf/ASCTB-TEMP_depressor-labii-inferioris-muscle,depressor labii inferioris muscle,AS
https://purl.org/ccf/ASCTB-TEMP_extensor-digitorum-muscle,extensor digitorum muscle,AS
https://purl.org/ccf/ASCTB-TEMP_anterior-cervical-intertransversarii-muscle,anterior cervical intertransversarii muscle,AS
https://purl.org/ccf/ASCTB-TEMP_long-head-of-biceps-brachii-muscle,long head of biceps brachii muscle,AS
https://purl.org/ccf/ASCTB-TEMP_extensor-indicis-muscle,extensor indicis muscle,AS
https://purl.org/ccf/ASCTB-TEMP_inferior-pharyngeal-constrictor-muscle,inferior pharyngeal constrictor muscle,AS
https://purl.org/ccf/ASCTB-TEMP_marginal-part-of-orbicularis-oris-muscle,marginal part of orbicularis oris muscle,AS
https://purl.org/ccf/ASCTB-TEMP_vertical-muscle,vertical muscle,AS
https://purl.org/ccf/ASCTB-TEMP_obturator-internus-muscle,obturator internus muscle,AS
https://purl.org/ccf/ASCTB-TEMP_temporoparietalis-muscle,temporoparietalis muscle,AS
https://purl.org/ccf/ASCTB-TEMP_respiratory-diaphragm-muscle,respiratory diaphragm muscle,AS
https://purl.org/ccf/ASCTB-TEMP_long-head-of-triceps-brachii-muscle,long head of triceps brachii muscle,AS
https://purl.org/ccf/ASCTB-TEMP_hypothenar-hand-muscle,hypothenar hand muscle,AS
https://purl.org/ccf/ASCTB-TEMP_multifidus-thoracis-muscle,multifidus thoracis muscle,AS
https://purl.org/ccf/ASCTB-TEMP_transverse-head-of-adductor-hallucis-muscle,transverse head of adductor hallucis muscle,AS
https://purl.org/ccf/ASCTB-TEMP_left-crus-of-lumbar-part-of-respiratory-diaphragm-muscle,left crus of lumbar part of respiratory diaphragm muscle,AS
https://purl.org/ccf/ASCTB-TEMP_radial-head-of-flexor-digitorum-superficialis-muscle,radial head of flexor digitorum superficialis muscle,AS
https://purl.org/ccf/ASCTB-TEMP_flexor-digitorum-longus-muscle,flexor digitorum longus muscle,AS
https://purl.org/ccf/ASCTB-TEMP_abductor-pollicis-longus-muscle,abductor pollicis longus muscle,AS
https://purl.org/ccf/ASCTB-TEMP_superior-head-of-lateral-pterygoid-muscle,superior head of lateral pterygoid muscle,AS
https://purl.org/ccf/ASCTB-TEMP_fibularis-longus-muscle,fibularis longus muscle,AS
https://purl.org/ccf/ASCTB-TEMP_mylopharyngeal-part-of-superior-pharyngeal-constrictor-muscle,mylopharyngeal part of superior pharyngeal constrictor muscle,AS
https://purl.org/ccf/ASCTB-TEMP_dorsal-part-of-intertransversarii-laterales-lumborum-muscle,dorsal part of intertransversarii laterales lumborum muscle,AS
https://purl.org/ccf/ASCTB-TEMP_auricularis-anterior-muscle,auricularis anterior muscle,AS
https://purl.org/ccf/ASCTB-TEMP_articularis-genu-muscle,articularis genu muscle,AS
https://purl.org/ccf/ASCTB-TEMP_alar-part-of-nasalis-muscle,alar part of nasalis muscle,AS
https://purl.org/ccf/ASCTB-TEMP_longitudinal-pharyngeal-muscle,longitudinal pharyngeal muscle,AS
https://purl.org/ccf/ASCTB-TEMP_scalenus-anterior-muscle,scalenus anterior muscle,AS
https://purl.org/ccf/ASCTB-TEMP_longissimus-capitis-muscle,longissimus capitis muscle,AS
https://purl.org/ccf/ASCTB-TEMP_lumbrical-of-foot-muscle,lumbrical of foot muscle,AS
https://purl.org/ccf/ASCTB-TEMP_styloglossus-muscle,styloglossus muscle,AS
https://purl.org/ccf/ASCTB-TEMP_depressor-septi-nasi-muscle,depressor septi nasi muscle,AS
https://purl.org/ccf/ASCTB-TEMP_erector-spinae-muscle,erector spinae muscle,AS
https://purl.org/ccf/ASCTB-TEMP_thenar-compartment-of-hand-muscle,thenar compartment of hand muscle,AS
https://purl.org/ccf/ASCTB-TEMP_rectus-capitius-posterior-minor-muscle,rectus capitius posterior minor muscle,AS
https://purl.org/ccf/ASCTB-TEMP_early-antral-follicle,early antral follicle,AS
https://purl.org/ccf/ASCTB-TEMP_superficial-part-of-external-anal-sphincter-muscle,superficial part of external anal sphincter muscle,AS
https://purl.org/ccf/ASCTB-TEMP_sphincter-urethrovaginalis-muscle,sphincter urethrovaginalis muscle,AS
https://purl.org/ccf/ASCTB-TEMP_superior-longitudinal-lingual-muscle,superior longitudinal lingual muscle,AS
https://purl.org/ccf/ASCTB-TEMP_transverse-arytenoid-muscle,transverse arytenoid muscle,AS
https://purl.org/ccf/ASCTB-TEMP_ceratoglossus-of-hyoglossus-muscle,ceratoglossus of hyoglossus muscle,AS
https://purl.org/ccf/ASCTB-TEMP_descending-part-of-trapezius-muscle,descending part of trapezius muscle,AS
https://purl.org/ccf/ASCTB-TEMP_middle-pharyngeal-constrictor-muscle,middle pharyngeal constrictor muscle,AS
https://purl.org/ccf/ASCTB-TEMP_levatores-costarum-breves-of-levator-costarum-muscle,levatores costarum breves of levator costarum muscle,AS
https://purl.org/ccf/ASCTB-TEMP_dorsum-of-foot-muscle,dorsum of foot muscle,AS
https://purl.org/ccf/ASCTB-TEMP_digastric-muscle,digastric muscle,AS
https://purl.org/ccf/ASCTB-TEMP_palmar-interosseous-muscle,palmar interosseous muscle,AS
https://purl.org/ccf/ASCTB-TEMP_clavicular-head-of-pectoralis-major-muscle,clavicular head of pectoralis major muscle,AS
https://purl.org/ccf/ASCTB-TEMP_obliquus-capitis-superior-muscle,obliquus capitis superior muscle,AS
https://purl.org/ccf/ASCTB-TEMP_right-crus-of-lumbar-part-of-respiratory-diaphragm-muscle,right crus of lumbar part of respiratory diaphragm muscle,AS
https://purl.org/ccf/ASCTB-TEMP_straight-part-of-cricothyroid-muscle,straight part of cricothyroid muscle,AS
https://purl.org/ccf/ASCTB-TEMP_humero-ulnar-head-of-flexor-digitorum-superficialis-muscle,humero-ulnar head of flexor digitorum superficialis muscle,AS
https://purl.org/ccf/ASCTB-TEMP_short-head-of-biceps-brachii-muscle,short head of biceps brachii muscle,AS
https://purl.org/ccf/ASCTB-TEMP_abdominal-part-of-pectoralis-major-muscle,abdominal part of pectoralis major muscle,AS
https://purl.org/ccf/ASCTB-TEMP_long-head-of-biceps-femoris-muscle,long head of biceps femoris muscle,AS
https://purl.org/ccf/ASCTB-TEMP_transverse-head-of-adductor-pollicis-muscle,transverse head of adductor pollicis muscle,AS
https://purl.org/ccf/ASCTB-TEMP_inferior-head-of-lateral-pterygoid-muscle,inferior head of lateral pterygoid muscle,AS
https://purl.org/ccf/ASCTB-TEMP_palpebral-part-of-orbicularis-oculi-muscle,palpebral part of orbicularis oculi muscle,AS
https://purl.org/ccf/ASCTB-TEMP_superficial-back-muscle,superficial back muscle,AS
https://purl.org/ccf/ASCTB-TEMP_ulnar-head-of-pronator-teres-muscle,ulnar head of pronator teres muscle,AS
https://purl.org/ccf/ASCTB-TEMP_rotatores-thoracis-muscle,rotatores thoracis muscle,AS
https://purl.org/ccf/ASCTB-TEMP_ventral-part-of-intertransversarii-laterales-lumborum-muscle,ventral part of intertransversarii laterales lumborum muscle,AS
https://purl.org/ccf/ASCTB-TEMP_rectus-femoris-muscle,rectus femoris muscle,AS
https://purl.org/ccf/ASCTB-TEMP_posterior-fascicle-of-palatopharyngeus-muscle,posterior fascicle of palatopharyngeus muscle,AS
https://purl.org/ccf/ASCTB-TEMP_splenius-cervicis-muscle,splenius cervicis muscle,AS
https://purl.org/ccf/ASCTB-TEMP_semispinalis-cervicis-muscle,semispinalis cervicis muscle,AS
https://purl.org/ccf/ASCTB-TEMP_articularis-cubiti-muscle,articularis cubiti muscle,AS
https://purl.org/ccf/ASCTB-TEMP_deep-transverse-perineal-muscle,deep transverse perineal muscle,AS
https://purl.org/ccf/ASCTB-TEMP_auricularis-posterior-muscle,auricularis posterior muscle,AS
https://purl.org/ccf/ASCTB-TEMP_depressor-supercilii-muscle,depressor supercilii muscle,AS
https://purl.org/ccf/ASCTB-TEMP_rotatores-cervicis-muscle,rotatores cervicis muscle,AS
https://purl.org/ccf/ASCTB-TEMP_sternal-part-of-respiratory-diaphragm-muscle,sternal part of respiratory diaphragm muscle,AS
https://purl.org/ccf/ASCTB-TEMP_modiolus-muscle,modiolus muscle,AS
https://purl.org/ccf/ASCTB-TEMP_subcutaneous-part-of-external-anal-sphincter-muscle,subcutaneous part of external anal sphincter muscle,AS
https://purl.org/ccf/ASCTB-TEMP_clavicular-head-of-sternocleidomastoid-muscle,clavicular head of sternocleidomastoid muscle,AS
https://purl.org/ccf/ASCTB-TEMP_scalenus-posterior-muscle,scalenus posterior muscle,AS
https://purl.org/ccf/ASCTB-TEMP_intertransversarii-laterales-lumborum-muscle,intertransversarii laterales lumborum muscle,AS
https://purl.org/ccf/ASCTB-TEMP_anterior-compartment-of-thigh-muscle,anterior compartment of thigh muscle,AS
https://purl.org/ccf/ASCTB-TEMP_intermediate-back-muscle,intermediate back muscle,AS
https://purl.org/ccf/ASCTB-TEMP_thoracic-wall-muscle,thoracic wall muscle,AS
https://purl.org/ccf/ASCTB-TEMP_iliocostalis-lumborum-muscle,iliocostalis lumborum muscle,AS
https://purl.org/ccf/ASCTB-TEMP_interspinales-thoracis-muscle,interspinales thoracis muscle,AS
https://purl.org/ccf/ASCTB-TEMP_interspinales-lumborum-muscle,interspinales lumborum muscle,AS
https://purl.org/ccf/ASCTB-TEMP_puboperineales-muscle,puboperineales muscle,AS
https://purl.org/ccf/ASCTB-TEMP_acromial-part-of-deltoid-muscle,acromial part of deltoid muscle,AS
https://purl.org/ccf/ASCTB-TEMP_quadratus-lumborum-muscle,quadratus lumborum muscle,AS
https://purl.org/ccf/ASCTB-TEMP_obturator-externus-muscle,obturator externus muscle,AS
https://purl.org/ccf/ASCTB-TEMP_chondropharyngeal-part-of-middle-pharyngeal-constrictor-muscle,chondropharyngeal part of middle pharyngeal constrictor muscle,AS
https://purl.org/ccf/ASCTB-TEMP_levator-palpebrae-superioris-muscle,levator palpebrae superioris muscle,AS
https://purl.org/ccf/ASCTB-TEMP_extensor-hallucis-brevis-muscle,extensor hallucis brevis muscle,AS
https://purl.org/ccf/ASCTB-TEMP_lateral-vertebral-muscle,lateral vertebral muscle,AS
https://purl.org/ccf/ASCTB-TEMP_lumbrical-of-hand-muscle,lumbrical of hand muscle,AS
https://purl.org/ccf/ASCTB-TEMP_middle-ear-muscle,middle ear muscle,AS
https://purl.org/ccf/ASCTB-TEMP_quadratus-femoris-muscle,quadratus femoris muscle,AS
https://purl.org/ccf/ASCTB-TEMP_dorsal-interosseous-of-hand-muscle,dorsal interosseous of hand muscle,AS
https://purl.org/ccf/ASCTB-TEMP_labial-part-of-orbicularis-oris-muscle,labial part of orbicularis oris muscle,AS
https://purl.org/ccf/ASCTB-TEMP_inferior-longitudinal-lingual-muscle,inferior longitudinal lingual muscle,AS
https://purl.org/ccf/ASCTB-TEMP_humeral-head-of-pronator-teres-muscle,humeral head of pronator teres muscle,AS
https://purl.org/ccf/ASCTB-TEMP_thyroarytenoid-muscle,thyroarytenoid muscle,AS
https://purl.org/ccf/ASCTB-TEMP_posterior-compartment-of-forearm-muscle,posterior compartment of forearm muscle,AS
https://purl.org/ccf/ASCTB-TEMP_pteryopharyngeal-part-of-superior-pharyngeal-constrictor-muscle,pteryopharyngeal part of superior pharyngeal constrictor muscle,AS
https://purl.org/ccf/ASCTB-TEMP_iliocostalis-cervicalis-muscle,iliocostalis cervicalis muscle,AS
https://purl.org/ccf/ASCTB-TEMP_fibularis-tertius-muscle,fibularis tertius muscle,AS
https://purl.org/ccf/ASCTB-TEMP_superficial-transverse-perineal-muscle,superficial transverse perineal muscle,AS
https://purl.org/ccf/ASCTB-TEMP_semispinalis-thoracis-muscle,semispinalis thoracis muscle,AS
https://purl.org/ccf/ASCTB-TEMP_hypothenar-compartment-of-hand-muscle,hypothenar compartment of hand muscle,AS
https://purl.org/ccf/ASCTB-TEMP_oblique-head-of-adductor-hallucis-muscle,oblique head of adductor hallucis muscle,AS
https://purl.org/ccf/ASCTB-TEMP_gluteus-medius-muscle,gluteus medius muscle,AS
https://purl.org/ccf/ASCTB-TEMP_transverse-part-of-nasalis-muscle,transverse part of nasalis muscle,AS
https://purl.org/ccf/ASCTB-TEMP_humeral-head-of-flexor-carpi-ulnaris-muscle,humeral head of flexor carpi ulnaris muscle,AS
https://purl.org/ccf/ASCTB-TEMP_multifidus-lumborum-muscle,multifidus lumborum muscle,AS
https://purl.org/ccf/ASCTB-TEMP_splenius-capitus-muscle,splenius capitus muscle,AS
https://purl.org/ccf/ASCTB-TEMP_semispinalis-capitis-muscle,semispinalis capitis muscle,AS
https://purl.org/ccf/ASCTB-TEMP_orbital-part-of-orbicularis-oculi-muscle,orbital part of orbicularis oculi muscle,AS
https://purl.org/ccf/ASCTB-TEMP_procerus-muscle,procerus muscle,AS
https://purl.org/ccf/ASCTB-TEMP_medial-lumbar-intertransversarii-muscle,medial lumbar intertransversarii muscle,AS
https://purl.org/ccf/ASCTB-TEMP_anterior-compartment-of-forearm-muscle,anterior compartment of forearm muscle,AS
https://purl.org/ccf/ASCTB-TEMP_deep-part-of-external-anal-sphincter-muscle,deep part of external anal sphincter muscle,AS
https://purl.org/ccf/ASCTB-TEMP_sternal-head-of-sternocleidomastoid-muscle,sternal head of sternocleidomastoid muscle,AS
https://purl.org/ccf/ASCTB-TEMP_thyroepiglottic-part-of-thyroarytenoid-muscle,thyroepiglottic part of thyroarytenoid muscle,AS
https://purl.org/ccf/ASCTB-TEMP_rectus-capitus-anterior-muscle,rectus capitus anterior muscle,AS
https://purl.org/ccf/ASCTB-TEMP_anterior-fascicle-of-palatopharyngeus-muscle,anterior fascicle of palatopharyngeus muscle,AS
https://purl.org/ccf/ASCTB-TEMP_spinotransversales-muscle,spinotransversales muscle,AS
https://purl.org/ccf/ASCTB-TEMP_frontal-belly-of-occipitofrontalis-muscle,frontal belly of occipitofrontalis muscle,AS
https://purl.org/ccf/ASCTB-TEMP_extensor-hallucis-longus-muscle,extensor hallucis longus muscle,AS
https://purl.org/ccf/ASCTB-TEMP_plantaris-muscle,plantaris muscle,AS
https://purl.org/ccf/ASCTB-TEMP_clavicular-part-of-deltoid-muscle,clavicular part of deltoid muscle,AS
https://purl.org/ccf/ASCTB-TEMP_ulnar-head-of-flexor-carpi-ulnaris-muscle,ulnar head of flexor carpi ulnaris muscle,AS
https://purl.org/ccf/ASCTB-TEMP_humeral-head-of-extensor-carpi-ulnaris-muscle,humeral head of extensor carpi ulnaris muscle,AS
https://purl.org/ccf/ASCTB-TEMP_fibularis-brevis-muscle,fibularis brevis muscle,AS
https://purl.org/ccf/ASCTB-TEMP_tibalis-posterior-muscle,tibalis posterior muscle,AS
https://purl.org/ccf/ASCTB-TEMP_levator-labii-superioris-muscle,levator labii superioris muscle,AS
https://purl.org/ccf/ASCTB-TEMP_serratus-posterior-superior-muscle,serratus posterior superior muscle,AS
https://purl.org/ccf/ASCTB-TEMP_subclavius-muscle,subclavius muscle,AS
https://purl.org/ccf/ASCTB-TEMP_internal-abdominal-oblique-muscle,internal abdominal oblique muscle,AS
https://purl.org/ccf/ASCTB-TEMP_muscle-of-facial-expression,muscle of facial expression,AS
https://purl.org/ccf/ASCTB-TEMP_external-ear-muscle,external ear muscle,AS
https://purl.org/ccf/ASCTB-TEMP_glossopharyngeal-part-of-superior-pharyngeal-constrictor-muscle,glossopharyngeal part of superior pharyngeal constrictor muscle,AS
https://purl.org/ccf/ASCTB-TEMP_multifidus-cervicis-muscle,multifidus cervicis muscle,AS
https://purl.org/ccf/ASCTB-TEMP_sternocostal-head-of-pectoralis-major-muscle,sternocostal head of pectoralis major muscle,AS
https://purl.org/ccf/ASCTB-TEMP_transversus-thoracis-muscle,transversus thoracis muscle,AS
https://purl.org/ccf/ASCTB-TEMP_puboprostaticus-muscle,puboprostaticus muscle,AS
https://purl.org/ccf/ASCTB-TEMP_posterior-abdominal-wall-muscle,posterior abdominal wall muscle,AS
https://purl.org/ccf/ASCTB-TEMP_interspinales-cervicalis-muscle,interspinales cervicalis muscle,AS
https://purl.org/ccf/ASCTB-TEMP_serratus-posterior-inferior-muscle,serratus posterior inferior muscle,AS
https://purl.org/ccf/ASCTB-TEMP_red-pulp-white-pulp-border,red pulp-white pulp border,AS
https://purl.org/ccf/ASCTB-TEMP_fetal-membranes,fetal membranes,AS
https://purl.org/ccf/ASCTB-TEMP_basal-plate,basal plate,AS
https://purl.org/ccf/ASCTB-TEMP_hippocampal-gyrus-formation-,hippocampal gyrus (formation),AS
https://purl.org/ccf/ASCTB-TEMP_inner-mantle-zone,inner mantle zone,AS
https://purl.org/ccf/ASCTB-TEMP_superficial-mantle-zone,superficial mantle zone,AS
https://purl.org/ccf/ASCTB-TEMP_outer-pals,outer pals,AS
https://purl.org/ccf/ASCTB-TEMP_inner-pals,inner pals,AS
https://purl.org/ccf/ASCTB-TEMP_sheathed-capillary,sheathed capillary,AS
https://purl.org/ccf/ASCTB-TEMP_pre-selection-antral-follicle,pre-selection antral follicle,AS
https://purl.org/ccf/ASCTB-TEMP_luteinized-unruptured-follicle,luteinized unruptured follicle,AS
https://purl.org/ccf/ASCTB-TEMP_selection-antral-follicle,selection antral follicle,AS
https://purl.org/ccf/ASCTB-TEMP_hemorrhagic-anovulatory-follicle,hemorrhagic anovulatory follicle,AS
https://purl.org/ccf/ASCTB-TEMP_dominance-antral-follicle,dominance antral follicle,AS
https://purl.org/ccf/ASCTB-TEMP_antral-follicle,antral follicle,AS
https://purl.org/ccf/ASCTB-TEMP_corpus-luteum-granulosa-theca-layer,corpus luteum granulosa theca layer,AS
https://purl.org/ccf/ASCTB-TEMP_nerve,nerve,AS
https://purl.org/ccf/ASCTB-TEMP_thalamus,thalamus,AS
http://purl.org/sig/ont/fma/fma81216,branch of anterior interosseous nerve to flexor digitorum profundus,AS
http://purl.org/sig/ont/fma/fma44980,dorsal digital branch of radial nerve to index finger,AS
http://purl.org/sig/ont/fma/fma81226,medial muscular branch of radial nerve to triceps brachii,AS
http://purl.org/sig/ont/fma/fma44984,lateral dorsal digital branch of radial nerve to index finger,AS
https://purl.org/ccf/ASCTB-TEMP_liver-immune-resident-component,liver immune resident component,AS
https://purl.org/ccf/ASCTB-TEMP_preantral-follicle,preantral follicle,AS
https://purl.org/ccf/ASCTB-TEMP_cumulus-oophorus-oocyte-complex,cumulus oophorus oocyte complex,AS
https://purl.org/ccf/ASCTB-TEMP_transitional-primordial-ovarian-follicle,transitional primordial ovarian follicle,AS
https://purl.org/ccf/ASCTB-TEMP_multilayer-ovarian-follicle,multilayer ovarian follicle,AS
https://purl.org/ccf/ASCTB-TEMP_transitional-primary-ovarian-follicle,transitional primary ovarian follicle,AS
https://purl.org/ccf/ASCTB-TEMP_villous-capillary,villous capillary,AS
https://purl.org/ccf/ASCTB-TEMP_vasculature,vasculature,AS
https://purl.org/ccf/ASCTB-TEMP_corona-radiata,corona radiata,AS
https://purl.org/ccf/ASCTB-TEMP_tidemark,tidemark,AS
https://purl.org/ccf/ASCTB-TEMP_deep-zone,deep zone,AS
https://purl.org/ccf/ASCTB-TEMP_infraorbital-foramen-of-maxilla,infraorbital foramen of maxilla,AS
https://purl.org/ccf/ASCTB-TEMP_olecranon-of-ulna,olecranon of ulna,AS
https://purl.org/ccf/ASCTB-TEMP_superior-costal-facet-of-third-thoracic-vertebra,superior costal facet of third thoracic vertebra,AS
https://purl.org/ccf/ASCTB-TEMP_body-of-calcaneus,body of calcaneus,AS
https://purl.org/ccf/ASCTB-TEMP_internal-occipital-protuberance-of-squamous-part-of-occipital-bone,internal occipital protuberance of squamous part of occipital bone,AS
https://purl.org/ccf/ASCTB-TEMP_arcuate-line-of-ilium-of-os-coxa,arcuate line of ilium of os coxa,AS
https://purl.org/ccf/ASCTB-TEMP_lamina-of-eleventh-thoracic-vertebra,lamina of eleventh thoracic vertebra,AS
https://purl.org/ccf/ASCTB-TEMP_superior-vertebral-notch-of-fifth-lumbar-vertebra,superior vertebral notch of fifth lumbar vertebra,AS
https://purl.org/ccf/ASCTB-TEMP_inferior-vertebral-notch-of-fifth-lumbar-vertebra,inferior vertebral notch of fifth lumbar vertebra,AS
https://purl.org/ccf/ASCTB-TEMP_anterior-ethmoidal-foramen-of-ethmoid-bone,anterior ethmoidal foramen of ethmoid bone,AS
https://purl.org/ccf/ASCTB-TEMP_spinous-process-of-eighth-thoracic-vertebra,spinous process of eighth thoracic vertebra,AS
https://purl.org/ccf/ASCTB-TEMP_superior-articular-facet-of-fifth-lumbar-vertebra,superior articular facet of fifth lumbar vertebra,AS
https://purl.org/ccf/ASCTB-TEMP_perpendicular-plate-of-palatine-bone,perpendicular plate of palatine bone,AS
https://purl.org/ccf/ASCTB-TEMP_posterior-arch-of-first-cervical-vertebra,posterior arch of first cervical vertebra,AS
https://purl.org/ccf/ASCTB-TEMP_superior-vertebral-notch-of-third-thoracic-vertebra,superior vertebral notch of third thoracic vertebra,AS
https://purl.org/ccf/ASCTB-TEMP_head-of-ninth-rib,head of ninth rib,AS
https://purl.org/ccf/ASCTB-TEMP_base-of-fourth-distal-phalanx-of-foot,base of fourth distal phalanx of foot,AS
https://purl.org/ccf/ASCTB-TEMP_scapular-notch-of-scapula,scapular notch of scapula,AS
https://purl.org/ccf/ASCTB-TEMP_alae-of-sacrum,alae of sacrum,AS
https://purl.org/ccf/ASCTB-TEMP_head-of-first-metatarsal-bone,head of first metatarsal bone,AS
https://purl.org/ccf/ASCTB-TEMP_base-of-third-proximal-phalanx-of-foot,base of third proximal phalanx of foot,AS
https://purl.org/ccf/ASCTB-TEMP_inferior-vertebral-notch-of-third-lumbar-vertebra,inferior vertebral notch of third lumbar vertebra,AS
https://purl.org/ccf/ASCTB-TEMP_superior-articular-facet-of-first-cervical-vertebra,superior articular facet of first cervical vertebra,AS
https://purl.org/ccf/ASCTB-TEMP_superior-articular-facet-of-fourth-lumbar-vertebra,superior articular facet of fourth lumbar vertebra,AS
https://purl.org/ccf/ASCTB-TEMP_superior-articular-facet-of-seventh-rib,superior articular facet of seventh rib,AS
https://purl.org/ccf/ASCTB-TEMP_superior-costal-facet-of-second-thoracic-vertebra,superior costal facet of second thoracic vertebra,AS
https://purl.org/ccf/ASCTB-TEMP_vertebral-arch-of-seventh-thoracic-vertebra,vertebral arch of seventh thoracic vertebra,AS
https://purl.org/ccf/ASCTB-TEMP_head-of-fifth-middle-phalanx-of-foot,head of fifth middle phalanx of foot,AS
https://purl.org/ccf/ASCTB-TEMP_maxillary-sinus-of-maxilla,maxillary sinus of maxilla,AS
https://purl.org/ccf/ASCTB-TEMP_spinous-process-of-third-lumbar-vertebra,spinous process of third lumbar vertebra,AS
https://purl.org/ccf/ASCTB-TEMP_inferior-articular-process-of-fifth-cervical-vertebra,inferior articular process of fifth cervical vertebra,AS
https://purl.org/ccf/ASCTB-TEMP_inferior-articular-facet-of-fourth-cervical-vertebra,inferior articular facet of fourth cervical vertebra,AS
https://purl.org/ccf/ASCTB-TEMP_head-of-first-rib,head of first rib,AS
https://purl.org/ccf/ASCTB-TEMP_superior-articular-facet-of-eighth-rib,superior articular facet of eighth rib,AS
https://purl.org/ccf/ASCTB-TEMP_superior-articular-facet-of-eighth-thoracic-vertebra,superior articular facet of eighth thoracic vertebra,AS
https://purl.org/ccf/ASCTB-TEMP_transverse-foramen-of-third-cervical-vertebra,transverse foramen of third cervical vertebra,AS
https://purl.org/ccf/ASCTB-TEMP_costal-groove-of-first-rib,costal groove of first rib,AS
https://purl.org/ccf/ASCTB-TEMP_radial-groove-of-humerus,radial groove of humerus,AS
https://purl.org/ccf/ASCTB-TEMP_scapular-spine-of-scapula,scapular spine of scapula,AS
https://purl.org/ccf/ASCTB-TEMP_superior-costal-facet-of-ninth-thoracic-vertebra,superior costal facet of ninth thoracic vertebra,AS
https://purl.org/ccf/ASCTB-TEMP_external-occipital-protuberance-of-squamous-part-of-occipital-bone,external occipital protuberance of squamous part of occipital bone,AS
https://purl.org/ccf/ASCTB-TEMP_superior-vertebral-notch-of-second-thoracic-vertebra,superior vertebral notch of second thoracic vertebra,AS
https://purl.org/ccf/ASCTB-TEMP_superior-vertebral-notch-of-twelfth-thoracic-vertebra,superior vertebral notch of twelfth thoracic vertebra,AS
https://purl.org/ccf/ASCTB-TEMP_vertebral-arch-of-fourth-lumbar-vertebra,vertebral arch of fourth lumbar vertebra,AS
https://purl.org/ccf/ASCTB-TEMP_head-of-fourth-distal-phalanx-of-foot,head of fourth distal phalanx of foot,AS
https://purl.org/ccf/ASCTB-TEMP_head-of-fourth-middle-phalanx-of-foot,head of fourth middle phalanx of foot,AS
https://purl.org/ccf/ASCTB-TEMP_sternal-end-of-eighth-rib,sternal end of eighth rib,AS
https://purl.org/ccf/ASCTB-TEMP_radial-notch-of-ulna,radial notch of ulna,AS
https://purl.org/ccf/ASCTB-TEMP_head-of-third-rib,head of third rib,AS
https://purl.org/ccf/ASCTB-TEMP_fibular-notch-of-tibia,fibular notch of tibia,AS
https://purl.org/ccf/ASCTB-TEMP_transverse-ridges-of-sternum,transverse ridges of sternum,AS
https://purl.org/ccf/ASCTB-TEMP_superior-costal-facet-of-eighth-thoracic-vertebra,superior costal facet of eighth thoracic vertebra,AS
https://purl.org/ccf/ASCTB-TEMP_body-of-eighth-rib,body of eighth rib,AS
https://purl.org/ccf/ASCTB-TEMP_tubercle-of-tenth-rib,tubercle of tenth rib,AS
https://purl.org/ccf/ASCTB-TEMP_articular-facet-of-tubercle-of-seventh-rib,articular facet of tubercle of seventh rib,AS
https://purl.org/ccf/ASCTB-TEMP_superior-border-of-scapula,superior border of scapula,AS
https://purl.org/ccf/ASCTB-TEMP_anterior-gluteal-line-of-ilium-of-os-coxa,anterior gluteal line of ilium of os coxa,AS
https://purl.org/ccf/ASCTB-TEMP_head-of-fifth-metacarpal-bone,head of fifth metacarpal bone,AS
https://purl.org/ccf/ASCTB-TEMP_transverse-process-of-eighth-thoracic-vertebra,transverse process of eighth thoracic vertebra,AS
https://purl.org/ccf/ASCTB-TEMP_superior-vertebral-notch-of-first-thoracic-vertebra,superior vertebral notch of first thoracic vertebra,AS
https://purl.org/ccf/ASCTB-TEMP_inferior-articular-facet-of-fifth-lumbar-vertebra,inferior articular facet of fifth lumbar vertebra,AS
https://purl.org/ccf/ASCTB-TEMP_mastoid-notch-of-mastoid-part-of-temporal-bone,mastoid notch of mastoid part of temporal bone,AS
https://purl.org/ccf/ASCTB-TEMP_base-of-fourth-metatarsal-bone,base of fourth metatarsal bone,AS
https://purl.org/ccf/ASCTB-TEMP_inferior-articular-facet-of-first-lumbar-vertebra,inferior articular facet of first lumbar vertebra,AS
https://purl.org/ccf/ASCTB-TEMP_superior-vertebral-notch-of-ninth-thoracic-vertebra,superior vertebral notch of ninth thoracic vertebra,AS
https://purl.org/ccf/ASCTB-TEMP_shaft-of-third-distal-phalanx-of-foot,shaft of third distal phalanx of foot,AS
https://purl.org/ccf/ASCTB-TEMP_vertebral-arch-of-first-thoracic-vertebra,vertebral arch of first thoracic vertebra,AS
https://purl.org/ccf/ASCTB-TEMP_base-of-second-middle-phalanx-of-hand,base of second middle phalanx of hand,AS
https://purl.org/ccf/ASCTB-TEMP_jugular-foramen-of-petrous-part-of-temporal-bone,jugular foramen of petrous part of temporal bone,AS
https://purl.org/ccf/ASCTB-TEMP_superior-articular-process-of-fourth-cervical-vertebra,superior articular process of fourth cervical vertebra,AS
https://purl.org/ccf/ASCTB-TEMP_tuberosity-of-navicular,tuberosity of navicular,AS
https://purl.org/ccf/ASCTB-TEMP_shaft-of-femur,shaft of femur,AS
https://purl.org/ccf/ASCTB-TEMP_anterior-talar-articular-surface-of-calcaneus,anterior talar articular surface of calcaneus,AS
https://purl.org/ccf/ASCTB-TEMP_costal-region-bone,costal region bone,AS
https://purl.org/ccf/ASCTB-TEMP_shaft-of-radius-of-radius,shaft of radius of radius,AS
https://purl.org/ccf/ASCTB-TEMP_head-of-fourth-rib,head of fourth rib,AS
https://purl.org/ccf/ASCTB-TEMP_spinous-process-of-first-cervical-vertebra,spinous process of first cervical vertebra,AS
https://purl.org/ccf/ASCTB-TEMP_pedicle-of-first-thoracic-vertebra,pedicle of first thoracic vertebra,AS
https://purl.org/ccf/ASCTB-TEMP_superior-articular-process-of-seventh-cervical-vertebra,superior articular process of seventh cervical vertebra,AS
https://purl.org/ccf/ASCTB-TEMP_inferior-articular-facet-of-sixth-cervical-vertebra,inferior articular facet of sixth cervical vertebra,AS
https://purl.org/ccf/ASCTB-TEMP_base-of-second-proximal-phalanx-of-foot,base of second proximal phalanx of foot,AS
https://purl.org/ccf/ASCTB-TEMP_vertebral-arch-of-sixth-thoracic-vertebra,vertebral arch of sixth thoracic vertebra,AS
https://purl.org/ccf/ASCTB-TEMP_vertebral-arch-of-first-lumbar-vertebra,vertebral arch of first lumbar vertebra,AS
https://purl.org/ccf/ASCTB-TEMP_inferior-articular-facet-of-second-cervical-vertebra,inferior articular facet of second cervical vertebra,AS
https://purl.org/ccf/ASCTB-TEMP_head-of-fourth-middle-phalanx-of-hand,head of fourth middle phalanx of hand,AS
https://purl.org/ccf/ASCTB-TEMP_supramastoid-crest-of-squamous-part-of-temporal-bone,supramastoid crest of squamous part of temporal bone,AS
https://purl.org/ccf/ASCTB-TEMP_angle-of-eighth-rib,angle of eighth rib,AS
https://purl.org/ccf/ASCTB-TEMP_transverse-costal-facet-of-third-thoracic-vertebra,transverse costal facet of third thoracic vertebra,AS
https://purl.org/ccf/ASCTB-TEMP_superior-articular-process-of-third-lumbar-vertebra,superior articular process of third lumbar vertebra,AS
https://purl.org/ccf/ASCTB-TEMP_mandibular-condyle-of-mandible,mandibular condyle of mandible,AS
https://purl.org/ccf/ASCTB-TEMP_pedicle-of-third-cervical-vertebra,pedicle of third cervical vertebra,AS
https://purl.org/ccf/ASCTB-TEMP_greater-palatine-foramen-of-palatine-bone,greater palatine foramen of palatine bone,AS
https://purl.org/ccf/ASCTB-TEMP_vertebral-arch-of-fifth-lumbar-vertebra,vertebral arch of fifth lumbar vertebra,AS
https://purl.org/ccf/ASCTB-TEMP_soleal-line-of-tibia,soleal line of tibia,AS
https://purl.org/ccf/ASCTB-TEMP_costal-groove-of-fifth-rib,costal groove of fifth rib,AS
https://purl.org/ccf/ASCTB-TEMP_body-of-hyoid-bone,body of hyoid bone,AS
https://purl.org/ccf/ASCTB-TEMP_neck-of-fourth-rib,neck of fourth rib,AS
https://purl.org/ccf/ASCTB-TEMP_inferior-articular-process-of-second-lumbar-vertebra,inferior articular process of second lumbar vertebra,AS
https://purl.org/ccf/ASCTB-TEMP_costal-groove-of-sixth-rib,costal groove of sixth rib,AS
https://purl.org/ccf/ASCTB-TEMP_base-of-third-proximal-phalanx-of-hand,base of third proximal phalanx of hand,AS
https://purl.org/ccf/ASCTB-TEMP_petrotympanic-fissure-of-squamous-part-of-temporal-bone,petrotympanic fissure of squamous part of temporal bone,AS
https://purl.org/ccf/ASCTB-TEMP_shaft-of-fourth-proximal-phalanx-of-foot,shaft of fourth proximal phalanx of foot,AS
https://purl.org/ccf/ASCTB-TEMP_crest-of-head-of-fourth-rib,crest of head of fourth rib,AS
https://purl.org/ccf/ASCTB-TEMP_inferior-articular-process-of-third-lumbar-vertebra,inferior articular process of third lumbar vertebra,AS
https://purl.org/ccf/ASCTB-TEMP_shaft-of-first-distal-phalanx-of-hand,shaft of first distal phalanx of hand,AS
https://purl.org/ccf/ASCTB-TEMP_inferior-articular-facet-of-second-lumbar-vertebra,inferior articular facet of second lumbar vertebra,AS
https://purl.org/ccf/ASCTB-TEMP_shaft-of-fifth-distal-phalanx-of-hand,shaft of fifth distal phalanx of hand,AS
https://purl.org/ccf/ASCTB-TEMP_anatomical-neck-of-humerus,anatomical neck of humerus,AS
https://purl.org/ccf/ASCTB-TEMP_sternal-end-of-third-rib,sternal end of third rib,AS
https://purl.org/ccf/ASCTB-TEMP_costal-facet-of-twelfth-thoracic-vertebra,costal facet of twelfth thoracic vertebra,AS
https://purl.org/ccf/ASCTB-TEMP_groove-for-transverse-sinus-of-squamous-part-of-occipital-bone,groove for transverse sinus of squamous part of occipital bone,AS
https://purl.org/ccf/ASCTB-TEMP_inferior-articular-facet-of-fifth-cervical-vertebra,inferior articular facet of fifth cervical vertebra,AS
https://purl.org/ccf/ASCTB-TEMP_head-of-second-metacarpal-bone,head of second metacarpal bone,AS
https://purl.org/ccf/ASCTB-TEMP_base-of-first-proximal-phalanx-of-foot,base of first proximal phalanx of foot,AS
https://purl.org/ccf/ASCTB-TEMP_spinous-process-of-sixth-cervical-vertebra,spinous process of sixth cervical vertebra,AS
https://purl.org/ccf/ASCTB-TEMP_transverse-process-of-third-lumbar-vertebra,transverse process of third lumbar vertebra,AS
https://purl.org/ccf/ASCTB-TEMP_costal-groove-of-twelfth-rib,costal groove of twelfth rib,AS
https://purl.org/ccf/ASCTB-TEMP_lesser-palatine-foramen-of-palatine-bone,lesser palatine foramen of palatine bone,AS
https://purl.org/ccf/ASCTB-TEMP_supercilary-arch-of-frontal-bone,supercilary arch of frontal bone,AS
https://purl.org/ccf/ASCTB-TEMP_superior-articular-facet-of-first-lumbar-vertebra,superior articular facet of first lumbar vertebra,AS
https://purl.org/ccf/ASCTB-TEMP_head-of-fifth-proximal-phalanx-of-hand,head of fifth proximal phalanx of hand,AS
https://purl.org/ccf/ASCTB-TEMP_spinous-process-of-fifth-thoracic-vertebra,spinous process of fifth thoracic vertebra,AS
https://purl.org/ccf/ASCTB-TEMP_transverse-process-of-fourth-lumbar-vertebra,transverse process of fourth lumbar vertebra,AS
https://purl.org/ccf/ASCTB-TEMP_inferior-vertebral-notch-of-twelfth-thoracic-vertebra,inferior vertebral notch of twelfth thoracic vertebra,AS
https://purl.org/ccf/ASCTB-TEMP_head-of-second-proximal-phalanx-of-hand,head of second proximal phalanx of hand,AS
https://purl.org/ccf/ASCTB-TEMP_posterior-ethmoidal-foramen-of-ethmoid-bone,posterior ethmoidal foramen of ethmoid bone,AS
https://purl.org/ccf/ASCTB-TEMP_lamina-of-seventh-thoracic-vertebra,lamina of seventh thoracic vertebra,AS
https://purl.org/ccf/ASCTB-TEMP_iliopubic-ramus-of-os-coxa,iliopubic ramus of os coxa,AS
https://purl.org/ccf/ASCTB-TEMP_shaft-of-third-metatarsal-bone,shaft of third metatarsal bone,AS
https://purl.org/ccf/ASCTB-TEMP_non-articular-facet-of-tubercle-of-second-rib,non-articular facet of tubercle of second rib,AS
https://purl.org/ccf/ASCTB-TEMP_tuberosity-of-third-distal-phalanx-of-hand,tuberosity of third distal phalanx of hand,AS
https://purl.org/ccf/ASCTB-TEMP_superior-articular-process-of-third-cervical-vertebra,superior articular process of third cervical vertebra,AS
https://purl.org/ccf/ASCTB-TEMP_quadrate-tubercle-of-femur,quadrate tubercle of femur,AS
https://purl.org/ccf/ASCTB-TEMP_posterior-superior-iliac-spine-of-ilium-of-os-coxa,posterior superior iliac spine of ilium of os coxa,AS
https://purl.org/ccf/ASCTB-TEMP_inferior-articular-process-of-ninth-thoracic-vertebra,inferior articular process of ninth thoracic vertebra,AS
https://purl.org/ccf/ASCTB-TEMP_infraspinous-fossa-of-scapula,infraspinous fossa of scapula,AS
https://purl.org/ccf/ASCTB-TEMP_superior-articular-facet-of-third-rib,superior articular facet of third rib,AS
https://purl.org/ccf/ASCTB-TEMP_lamina-of-fifth-lumbar-vertebra,lamina of fifth lumbar vertebra,AS
https://purl.org/ccf/ASCTB-TEMP_groove-for-subclavian-vein-of-first-rib,groove for subclavian vein of first rib,AS
https://purl.org/ccf/ASCTB-TEMP_vertebral-arch-of-sixth-cervical-vertebra,vertebral arch of sixth cervical vertebra,AS
https://purl.org/ccf/ASCTB-TEMP_superior-vertebral-notch-of-second-cervical-vertebra,superior vertebral notch of second cervical vertebra,AS
https://purl.org/ccf/ASCTB-TEMP_body-of-seventh-rib,body of seventh rib,AS
https://purl.org/ccf/ASCTB-TEMP_transverse-process-of-fourth-cervical-vertebra,transverse process of fourth cervical vertebra,AS
https://purl.org/ccf/ASCTB-TEMP_lamina-of-third-lumbar-vertebra,lamina of third lumbar vertebra,AS
https://purl.org/ccf/ASCTB-TEMP_lamina-of-third-cervical-vertebra,lamina of third cervical vertebra,AS
https://purl.org/ccf/ASCTB-TEMP_accessory-process-of-first-lumbar-vertebra,accessory process of first lumbar vertebra,AS
https://purl.org/ccf/ASCTB-TEMP_superior-articular-facet-of-tenth-thoracic-vertebra,superior articular facet of tenth thoracic vertebra,AS
https://purl.org/ccf/ASCTB-TEMP_superior-articular-facet-of-sixth-rib,superior articular facet of sixth rib,AS
https://purl.org/ccf/ASCTB-TEMP_inferior-articular-process-of-second-thoracic-vertebra,inferior articular process of second thoracic vertebra,AS
https://purl.org/ccf/ASCTB-TEMP_superior-articular-facet-of-eleventh-thoracic-vertebra,superior articular facet of eleventh thoracic vertebra,AS
https://purl.org/ccf/ASCTB-TEMP_pubic-tubercle-of-pubis-of-os-coxa,pubic tubercle of pubis of os coxa,AS
https://purl.org/ccf/ASCTB-TEMP_vertebral-body-of-eighth-thoracic-vertebra,vertebral body of eighth thoracic vertebra,AS
https://purl.org/ccf/ASCTB-TEMP_trigeminal-impression-of-petrous-part-of-temporal-bone,trigeminal impression of petrous part of temporal bone,AS
https://purl.org/ccf/ASCTB-TEMP_vertebral-foramen-of-fifth-thoracic-vertebra,vertebral foramen of fifth thoracic vertebra,AS
https://purl.org/ccf/ASCTB-TEMP_accessory-process-of-third-lumbar-vertebra,accessory process of third lumbar vertebra,AS
https://purl.org/ccf/ASCTB-TEMP_hyoid-region-bone,hyoid region bone,AS
https://purl.org/ccf/ASCTB-TEMP_pectinal-line-of-femur,pectinal line of femur,AS
https://purl.org/ccf/ASCTB-TEMP_pedicle-of-first-lumbar-vertebra,pedicle of first lumbar vertebra,AS
https://purl.org/ccf/ASCTB-TEMP_mental-protuberance-of-mandible,mental protuberance of mandible,AS
https://purl.org/ccf/ASCTB-TEMP_pubic-body-of-pubis-of-os-coxa,pubic body of pubis of os coxa,AS
https://purl.org/ccf/ASCTB-TEMP_superior-vertebral-notch-of-sixth-cervical-vertebra,superior vertebral notch of sixth cervical vertebra,AS
https://purl.org/ccf/ASCTB-TEMP_head-of-humerus,head of humerus,AS
https://purl.org/ccf/ASCTB-TEMP_inferior-articular-process-of-first-lumbar-vertebra,inferior articular process of first lumbar vertebra,AS
https://purl.org/ccf/ASCTB-TEMP_scaphoid-tubercle-of-scaphoid,scaphoid tubercle of scaphoid,AS
https://purl.org/ccf/ASCTB-TEMP_superior-articular-process-of-third-thoracic-vertebra,superior articular process of third thoracic vertebra,AS
https://purl.org/ccf/ASCTB-TEMP_vertebral-arch-of-fourth-cervical-vertebra,vertebral arch of fourth cervical vertebra,AS
https://purl.org/ccf/ASCTB-TEMP_head-of-first-distal-phalanx-of-foot,head of first distal phalanx of foot,AS
https://purl.org/ccf/ASCTB-TEMP_head-of-first-proximal-phalanx-of-foot,head of first proximal phalanx of foot,AS
https://purl.org/ccf/ASCTB-TEMP_inferior-vertebral-notch-of-fifth-cervical-vertebra,inferior vertebral notch of fifth cervical vertebra,AS
https://purl.org/ccf/ASCTB-TEMP_inferior-articular-facet-of-eighth-rib,inferior articular facet of eighth rib,AS
https://purl.org/ccf/ASCTB-TEMP_shaft-of-third-proximal-phalanx-of-hand,shaft of third proximal phalanx of hand,AS
https://purl.org/ccf/ASCTB-TEMP_vertebral-foramen-of-eleventh-thoracic-vertebra,vertebral foramen of eleventh thoracic vertebra,AS
https://purl.org/ccf/ASCTB-TEMP_tuberosity-of-fifth-distal-phalanx-of-hand,tuberosity of fifth distal phalanx of hand,AS
https://purl.org/ccf/ASCTB-TEMP_inferior-vertebral-notch-of-second-cervical-vertebra,inferior vertebral notch of second cervical vertebra,AS
https://purl.org/ccf/ASCTB-TEMP_superior-articular-process-of-first-cervical-vertebra,superior articular process of first cervical vertebra,AS
https://purl.org/ccf/ASCTB-TEMP_ala-of-vomer,ala of vomer,AS
https://purl.org/ccf/ASCTB-TEMP_spinous-process-of-tenth-thoracic-vertebra,spinous process of tenth thoracic vertebra,AS
https://purl.org/ccf/ASCTB-TEMP_subclavian-groove-of-clavicle,subclavian groove of clavicle,AS
https://purl.org/ccf/ASCTB-TEMP_lamina-of-twelfth-thoracic-vertebra,lamina of twelfth thoracic vertebra,AS
https://purl.org/ccf/ASCTB-TEMP_transverse-ridges-of-sacrum,transverse ridges of sacrum,AS
https://purl.org/ccf/ASCTB-TEMP_anterolateral-tubercle-of-tibia,anterolateral tubercle of tibia,AS
https://purl.org/ccf/ASCTB-TEMP_vertebral-foramen-of-twelfth-thoracic-vertebra,vertebral foramen of twelfth thoracic vertebra,AS
https://purl.org/ccf/ASCTB-TEMP_vertebral-arch-of-second-thoracic-vertebra,vertebral arch of second thoracic vertebra,AS
https://purl.org/ccf/ASCTB-TEMP_lamina-of-eighth-thoracic-vertebra,lamina of eighth thoracic vertebra,AS
https://purl.org/ccf/ASCTB-TEMP_superior-vertebral-notch-of-fourth-thoracic-vertebra,superior vertebral notch of fourth thoracic vertebra,AS
https://purl.org/ccf/ASCTB-TEMP_vertebral-foramen-of-seventh-thoracic-vertebra,vertebral foramen of seventh thoracic vertebra,AS
https://purl.org/ccf/ASCTB-TEMP_angle-of-seventh-rib,angle of seventh rib,AS
https://purl.org/ccf/ASCTB-TEMP_base-of-third-distal-phalanx-of-hand,base of third distal phalanx of hand,AS
https://purl.org/ccf/ASCTB-TEMP_tubercle-of-ninth-rib,tubercle of ninth rib,AS
https://purl.org/ccf/ASCTB-TEMP_transverse-process-of-sixth-thoracic-vertebra,transverse process of sixth thoracic vertebra,AS
https://purl.org/ccf/ASCTB-TEMP_groove-for-fibularis-longus-tendon-of-cuboid,groove for fibularis longus tendon of cuboid,AS
https://purl.org/ccf/ASCTB-TEMP_inferior-vertebral-notch-of-first-lumbar-vertebra,inferior vertebral notch of first lumbar vertebra,AS
https://purl.org/ccf/ASCTB-TEMP_groove-for-posterior-deep-temporal-artery-of-squamous-part-of-temporal-bone,groove for posterior deep temporal artery of squamous part of temporal bone,AS
https://purl.org/ccf/ASCTB-TEMP_superior-articular-facet-of-second-thoracic-vertebra,superior articular facet of second thoracic vertebra,AS
https://purl.org/ccf/ASCTB-TEMP_spinous-process-of-seventh-cervical-vertebra,spinous process of seventh cervical vertebra,AS
https://purl.org/ccf/ASCTB-TEMP_medial-lip-of-linea-aspera-of-femur,medial lip of linea aspera of femur,AS
https://purl.org/ccf/ASCTB-TEMP_shaft-of-fifth-middle-phalanx-of-hand,shaft of fifth middle phalanx of hand,AS
https://purl.org/ccf/ASCTB-TEMP_shaft-of-fourth-metacarpal-bone,shaft of fourth metacarpal bone,AS
https://purl.org/ccf/ASCTB-TEMP_vertebral-foramen-of-third-cervical-vertebra,vertebral foramen of third cervical vertebra,AS
https://purl.org/ccf/ASCTB-TEMP_superior-articular-process-of-seventh-thoracic-vertebra,superior articular process of seventh thoracic vertebra,AS
https://purl.org/ccf/ASCTB-TEMP_inferior-articular-facet-of-ninth-rib,inferior articular facet of ninth rib,AS
https://purl.org/ccf/ASCTB-TEMP_inferior-articular-facet-of-ninth-thoracic-vertebra,inferior articular facet of ninth thoracic vertebra,AS
https://purl.org/ccf/ASCTB-TEMP_anterior-inferior-iliac-spine-of-ilium-of-os-coxa,anterior inferior iliac spine of ilium of os coxa,AS
https://purl.org/ccf/ASCTB-TEMP_tubercle-of-fourth-rib,tubercle of fourth rib,AS
https://purl.org/ccf/ASCTB-TEMP_non-articular-facet-of-tubercle-of-fifth-rib,non-articular facet of tubercle of fifth rib,AS
https://purl.org/ccf/ASCTB-TEMP_head-of-second-middle-phalanx-of-hand,head of second middle phalanx of hand,AS
https://purl.org/ccf/ASCTB-TEMP_lamina-of-third-thoracic-vertebra,lamina of third thoracic vertebra,AS
https://purl.org/ccf/ASCTB-TEMP_nasolacrimal-canal-of-maxilla,nasolacrimal canal of maxilla,AS
https://purl.org/ccf/ASCTB-TEMP_inferior-vertebral-notch-of-fourth-lumbar-vertebra,inferior vertebral notch of fourth lumbar vertebra,AS
https://purl.org/ccf/ASCTB-TEMP_shaft-of-first-metatarsal-bone,shaft of first metatarsal bone,AS
https://purl.org/ccf/ASCTB-TEMP_superior-pubic-ramus-of-pubis-of-os-coxa,superior pubic ramus of pubis of os coxa,AS
https://purl.org/ccf/ASCTB-TEMP_accessory-process-of-fourth-lumbar-vertebra,accessory process of fourth lumbar vertebra,AS
https://purl.org/ccf/ASCTB-TEMP_superior-articular-facet-of-second-cervical-vertebra,superior articular facet of second cervical vertebra,AS
https://purl.org/ccf/ASCTB-TEMP_transverse-process-of-third-cervical-vertebra,transverse process of third cervical vertebra,AS
https://purl.org/ccf/ASCTB-TEMP_hypoglossal-canal-of-basilar-part-of-occipital-bone,hypoglossal canal of basilar part of occipital bone,AS
https://purl.org/ccf/ASCTB-TEMP_body-of-third-rib,body of third rib,AS
https://purl.org/ccf/ASCTB-TEMP_vertebral-body-of-second-lumbar-vertebra,vertebral body of second lumbar vertebra,AS
https://purl.org/ccf/ASCTB-TEMP_inferior-articular-facet-of-seventh-rib,inferior articular facet of seventh rib,AS
https://purl.org/ccf/ASCTB-TEMP_transverse-process-of-fifth-thoracic-vertebra,transverse process of fifth thoracic vertebra,AS
https://purl.org/ccf/ASCTB-TEMP_carotid-canal-of-petrous-part-of-temporal-bone,carotid canal of petrous part of temporal bone,AS
https://purl.org/ccf/ASCTB-TEMP_superior-costal-facet-of-tenth-thoracic-vertebra,superior costal facet of tenth thoracic vertebra,AS
https://purl.org/ccf/ASCTB-TEMP_mammillary-process-of-third-lumbar-vertebra,mammillary process of third lumbar vertebra,AS
https://purl.org/ccf/ASCTB-TEMP_lateral-epicondyle-of-humerus,lateral epicondyle of humerus,AS
https://purl.org/ccf/ASCTB-TEMP_tubercle-of-eighth-rib,tubercle of eighth rib,AS
https://purl.org/ccf/ASCTB-TEMP_transverse-process-of-fourth-thoracic-vertebra,transverse process of fourth thoracic vertebra,AS
https://purl.org/ccf/ASCTB-TEMP_vertebral-foramen-of-second-lumbar-vertebra,vertebral foramen of second lumbar vertebra,AS
https://purl.org/ccf/ASCTB-TEMP_superior-articular-facet-of-third-cervical-vertebra,superior articular facet of third cervical vertebra,AS
https://purl.org/ccf/ASCTB-TEMP_vertebral-foramen-of-sixth-cervical-vertebra,vertebral foramen of sixth cervical vertebra,AS
https://purl.org/ccf/ASCTB-TEMP_sustentaculum-tali-of-calcaneus,sustentaculum tali of calcaneus,AS
https://purl.org/ccf/ASCTB-TEMP_pedicle-of-sixth-thoracic-vertebra,pedicle of sixth thoracic vertebra,AS
https://purl.org/ccf/ASCTB-TEMP_transverse-process-of-fifth-cervical-vertebra,transverse process of fifth cervical vertebra,AS
https://purl.org/ccf/ASCTB-TEMP_articular-surface-for-cuboid-bone-of-calcaneus,articular surface for cuboid bone of calcaneus,AS
https://purl.org/ccf/ASCTB-TEMP_head-of-radius-of-radius,head of radius of radius,AS
https://purl.org/ccf/ASCTB-TEMP_greater-cornu-of-hyoid-bone,greater cornu of hyoid bone,AS
https://purl.org/ccf/ASCTB-TEMP_head-of-first-metacarpal-bone,head of first metacarpal bone,AS
https://purl.org/ccf/ASCTB-TEMP_auricular-surface-of-sacrum,auricular surface of sacrum,AS
https://purl.org/ccf/ASCTB-TEMP_body-of-fourth-rib,body of fourth rib,AS
https://purl.org/ccf/ASCTB-TEMP_transverse-costal-facet-of-eighth-thoracic-vertebra,transverse costal facet of eighth thoracic vertebra,AS
https://purl.org/ccf/ASCTB-TEMP_acromial-facet-of-clavicle,acromial facet of clavicle,AS
https://purl.org/ccf/ASCTB-TEMP_costal-groove-of-tenth-rib,costal groove of tenth rib,AS
https://purl.org/ccf/ASCTB-TEMP_inferior-costal-facet-of-eighth-thoracic-vertebra,inferior costal facet of eighth thoracic vertebra,AS
https://purl.org/ccf/ASCTB-TEMP_mammillary-process-of-fourth-lumbar-vertebra,mammillary process of fourth lumbar vertebra,AS
https://purl.org/ccf/ASCTB-TEMP_calcaneal-sulcus-of-calcaneus,calcaneal sulcus of calcaneus,AS
https://purl.org/ccf/ASCTB-TEMP_groove-for-subclavian-artery-of-first-rib,groove for subclavian artery of first rib,AS
https://purl.org/ccf/ASCTB-TEMP_superior-temporal-line-of-parietal-bone,superior temporal line of parietal bone,AS
https://purl.org/ccf/ASCTB-TEMP_inferior-vertebral-notch-of-fourth-thoracic-vertebra,inferior vertebral notch of fourth thoracic vertebra,AS
https://purl.org/ccf/ASCTB-TEMP_head-of-talus,head of talus,AS
https://purl.org/ccf/ASCTB-TEMP_base-of-second-proximal-phalanx-of-hand,base of second proximal phalanx of hand,AS
https://purl.org/ccf/ASCTB-TEMP_lamina-of-second-thoracic-vertebra,lamina of second thoracic vertebra,AS
https://purl.org/ccf/ASCTB-TEMP_vertebral-foramen-of-first-thoracic-vertebra,vertebral foramen of first thoracic vertebra,AS
https://purl.org/ccf/ASCTB-TEMP_radial-fossa-of-humerus,radial fossa of humerus,AS
https://purl.org/ccf/ASCTB-TEMP_pedicle-of-sixth-cervical-vertebra,pedicle of sixth cervical vertebra,AS
https://purl.org/ccf/ASCTB-TEMP_inferior-articular-facet-of-third-cervical-vertebra,inferior articular facet of third cervical vertebra,AS
https://purl.org/ccf/ASCTB-TEMP_inferior-articular-facet-of-eleventh-thoracic-vertebra,inferior articular facet of eleventh thoracic vertebra,AS
https://purl.org/ccf/ASCTB-TEMP_superior-vertebral-notch-of-first-lumbar-vertebra,superior vertebral notch of first lumbar vertebra,AS
https://purl.org/ccf/ASCTB-TEMP_vertebral-body-of-sixth-thoracic-vertebra,vertebral body of sixth thoracic vertebra,AS
https://purl.org/ccf/ASCTB-TEMP_lamina-of-sixth-cervical-vertebra,lamina of sixth cervical vertebra,AS
https://purl.org/ccf/ASCTB-TEMP_groove-for-nasopalatine-nerve-of-vomer,groove for nasopalatine nerve of vomer,AS
https://purl.org/ccf/ASCTB-TEMP_pedicle-of-second-lumbar-vertebra,pedicle of second lumbar vertebra,AS
https://purl.org/ccf/ASCTB-TEMP_transverse-process-of-third-thoracic-vertebra,transverse process of third thoracic vertebra,AS
https://purl.org/ccf/ASCTB-TEMP_mammillary-process-of-first-lumbar-vertebra,mammillary process of first lumbar vertebra,AS
https://purl.org/ccf/ASCTB-TEMP_neck-of-third-rib,neck of third rib,AS
https://purl.org/ccf/ASCTB-TEMP_head-of-third-metacarpal-bone,head of third metacarpal bone,AS
https://purl.org/ccf/ASCTB-TEMP_alveolar-canals-of-maxilla,alveolar canals of maxilla,AS
https://purl.org/ccf/ASCTB-TEMP_vertebral-foramen-of-seventh-cervical-vertebra,vertebral foramen of seventh cervical vertebra,AS
https://purl.org/ccf/ASCTB-TEMP_inferior-vertebral-notch-of-third-thoracic-vertebra,inferior vertebral notch of third thoracic vertebra,AS
https://purl.org/ccf/ASCTB-TEMP_base-of-first-metacarpal-bone,base of first metacarpal bone,AS
https://purl.org/ccf/ASCTB-TEMP_inferior-vertebral-notch-of-fifth-thoracic-vertebra,inferior vertebral notch of fifth thoracic vertebra,AS
https://purl.org/ccf/ASCTB-TEMP_superior-articular-facet-of-fourth-thoracic-vertebra,superior articular facet of fourth thoracic vertebra,AS
https://purl.org/ccf/ASCTB-TEMP_transverse-process-of-fifth-lumbar-vertebra,transverse process of fifth lumbar vertebra,AS
https://purl.org/ccf/ASCTB-TEMP_superior-articular-process-of-twelfth-thoracic-vertebra,superior articular process of twelfth thoracic vertebra,AS
https://purl.org/ccf/ASCTB-TEMP_vertebral-body-of-fourth-thoracic-vertebra,vertebral body of fourth thoracic vertebra,AS
https://purl.org/ccf/ASCTB-TEMP_optic-canal-of-sphenoid-bone,optic canal of sphenoid bone,AS
https://purl.org/ccf/ASCTB-TEMP_accessory-process-of-fifth-lumbar-vertebra,accessory process of fifth lumbar vertebra,AS
https://purl.org/ccf/ASCTB-TEMP_hiatus-and-groove-of-petrous-part-of-temporal-bone-for-lesser-petrosal-nerve,hiatus and groove of petrous part of temporal bone for lesser petrosal nerve,AS
https://purl.org/ccf/ASCTB-TEMP_inferior-articular-process-of-sixth-cervical-vertebra,inferior articular process of sixth cervical vertebra,AS
https://purl.org/ccf/ASCTB-TEMP_superior-articular-process-of-sixth-thoracic-vertebra,superior articular process of sixth thoracic vertebra,AS
https://purl.org/ccf/ASCTB-TEMP_mental-foramen-of-mandible,mental foramen of mandible,AS
https://purl.org/ccf/ASCTB-TEMP_superior-articular-facet-of-second-rib,superior articular facet of second rib,AS
https://purl.org/ccf/ASCTB-TEMP_sternal-angle-of-sternum,sternal angle of sternum,AS
https://purl.org/ccf/ASCTB-TEMP_pedicle-of-ninth-thoracic-vertebra,pedicle of ninth thoracic vertebra,AS
https://purl.org/ccf/ASCTB-TEMP_inferior-costal-facet-of-eleventh-thoracic-vertebra,inferior costal facet of eleventh thoracic vertebra,AS
https://purl.org/ccf/ASCTB-TEMP_supraglenoid-tubercle-of-scapula,supraglenoid tubercle of scapula,AS
https://purl.org/ccf/ASCTB-TEMP_sacral-canal-of-sacrum,sacral canal of sacrum,AS
https://purl.org/ccf/ASCTB-TEMP_body-of-second-rib,body of second rib,AS
https://purl.org/ccf/ASCTB-TEMP_neck-of-tenth-rib,neck of tenth rib,AS
https://purl.org/ccf/ASCTB-TEMP_ischial-spine-of-ischium-of-os-coxa,ischial spine of ischium of os coxa,AS
https://purl.org/ccf/ASCTB-TEMP_pedicle-of-fifth-lumbar-vertebra,pedicle of fifth lumbar vertebra,AS
https://purl.org/ccf/ASCTB-TEMP_head-of-eleventh-rib,head of eleventh rib,AS
https://purl.org/ccf/ASCTB-TEMP_superior-vertebral-notch-of-fifth-thoracic-vertebra,superior vertebral notch of fifth thoracic vertebra,AS
https://purl.org/ccf/ASCTB-TEMP_lamina-of-fifth-thoracic-vertebra,lamina of fifth thoracic vertebra,AS
https://purl.org/ccf/ASCTB-TEMP_groove-for-superior-sagittal-sinus-of-frontal-bone,groove for superior sagittal sinus of frontal bone,AS
https://purl.org/ccf/ASCTB-TEMP_perpendicular-plate-of-ethmoid-bone,perpendicular plate of ethmoid bone,AS
https://purl.org/ccf/ASCTB-TEMP_shaft-of-humerus,shaft of humerus,AS
https://purl.org/ccf/ASCTB-TEMP_transverse-process-of-first-lumbar-vertebra,transverse process of first lumbar vertebra,AS
https://purl.org/ccf/ASCTB-TEMP_lacrimal-fossa-of-frontal-bone,lacrimal fossa of frontal bone,AS
https://purl.org/ccf/ASCTB-TEMP_head-of-third-metatarsal-bone,head of third metatarsal bone,AS
https://purl.org/ccf/ASCTB-TEMP_hypophyseal-fossa-of-sphenoid-bone,hypophyseal fossa of sphenoid bone,AS
https://purl.org/ccf/ASCTB-TEMP_coccygeal-cornu-of-coccyx,coccygeal cornu of coccyx,AS
https://purl.org/ccf/ASCTB-TEMP_mandibular-foramen-of-mandible,mandibular foramen of mandible,AS
https://purl.org/ccf/ASCTB-TEMP_transverse-process-of-second-cervical-vertebra,transverse process of second cervical vertebra,AS
https://purl.org/ccf/ASCTB-TEMP_superior-articular-process-of-fifth-thoracic-vertebra,superior articular process of fifth thoracic vertebra,AS
https://purl.org/ccf/ASCTB-TEMP_head-of-fourth-proximal-phalanx-of-foot,head of fourth proximal phalanx of foot,AS
https://purl.org/ccf/ASCTB-TEMP_angle-of-tenth-rib,angle of tenth rib,AS
https://purl.org/ccf/ASCTB-TEMP_pedicle-of-second-thoracic-vertebra,pedicle of second thoracic vertebra,AS
https://purl.org/ccf/ASCTB-TEMP_transverse-costal-facet-of-eleventh-thoracic-vertebra,transverse costal facet of eleventh thoracic vertebra,AS
https://purl.org/ccf/ASCTB-TEMP_facet-of-tenth-rib,facet of tenth rib,AS
https://purl.org/ccf/ASCTB-TEMP_vertebral-foramen-of-fourth-cervical-vertebra,vertebral foramen of fourth cervical vertebra,AS
https://purl.org/ccf/ASCTB-TEMP_inferior-vertebral-notch-of-second-lumbar-vertebra,inferior vertebral notch of second lumbar vertebra,AS
https://purl.org/ccf/ASCTB-TEMP_base-of-fifth-distal-phalanx-of-hand,base of fifth distal phalanx of hand,AS
https://purl.org/ccf/ASCTB-TEMP_costal-groove-of-seventh-rib,costal groove of seventh rib,AS
https://purl.org/ccf/ASCTB-TEMP_vertebral-foramen-of-eighth-thoracic-vertebra,vertebral foramen of eighth thoracic vertebra,AS
https://purl.org/ccf/ASCTB-TEMP_ischial-ramus-of-ischium-of-os-coxa,ischial ramus of ischium of os coxa,AS
https://purl.org/ccf/ASCTB-TEMP_inferior-costal-facet-of-fifth-thoracic-vertebra,inferior costal facet of fifth thoracic vertebra,AS
https://purl.org/ccf/ASCTB-TEMP_transverse-process-of-first-cervical-vertebra,transverse process of first cervical vertebra,AS
https://purl.org/ccf/ASCTB-TEMP_inferior-vertebral-notch-of-sixth-thoracic-vertebra,inferior vertebral notch of sixth thoracic vertebra,AS
https://purl.org/ccf/ASCTB-TEMP_tuberosity-of-fourth-distal-phalanx-of-hand,tuberosity of fourth distal phalanx of hand,AS
https://purl.org/ccf/ASCTB-TEMP_transverse-foramen-of-fourth-cervical-vertebra,transverse foramen of fourth cervical vertebra,AS
https://purl.org/ccf/ASCTB-TEMP_lateral-pterygoid-plate-of-sphenoid-bone,lateral pterygoid plate of sphenoid bone,AS
https://purl.org/ccf/ASCTB-TEMP_transverse-costal-facet-of-tenth-thoracic-vertebra,transverse costal facet of tenth thoracic vertebra,AS
https://purl.org/ccf/ASCTB-TEMP_vertebral-body-of-first-cervical-vertebra,vertebral body of first cervical vertebra,AS
https://purl.org/ccf/ASCTB-TEMP_sacral-promontory-of-sacrum,sacral promontory of sacrum,AS
https://purl.org/ccf/ASCTB-TEMP_superior-vertebral-notch-of-third-lumbar-vertebra,superior vertebral notch of third lumbar vertebra,AS
https://purl.org/ccf/ASCTB-TEMP_spinous-process-of-third-cervical-vertebra,spinous process of third cervical vertebra,AS
https://purl.org/ccf/ASCTB-TEMP_sacral-tuberosity-of-sacrum,sacral tuberosity of sacrum,AS
https://purl.org/ccf/ASCTB-TEMP_pedicle-of-third-lumbar-vertebra,pedicle of third lumbar vertebra,AS
https://purl.org/ccf/ASCTB-TEMP_linea-aspera-of-femur,linea aspera of femur,AS
https://purl.org/ccf/ASCTB-TEMP_sternal-facet-of-clavicle,sternal facet of clavicle,AS
https://purl.org/ccf/ASCTB-TEMP_base-of-fourth-proximal-phalanx-of-hand,base of fourth proximal phalanx of hand,AS
https://purl.org/ccf/ASCTB-TEMP_transverse-costal-facet-of-seventh-thoracic-vertebra,transverse costal facet of seventh thoracic vertebra,AS
https://purl.org/ccf/ASCTB-TEMP_vertebral-foramen-of-fifth-lumbar-vertebra,vertebral foramen of fifth lumbar vertebra,AS
https://purl.org/ccf/ASCTB-TEMP_ischial-body-of-ischium-of-os-coxa,ischial body of ischium of os coxa,AS
https://purl.org/ccf/ASCTB-TEMP_base-of-second-distal-phalanx-of-foot,base of second distal phalanx of foot,AS
https://purl.org/ccf/ASCTB-TEMP_mandibular-fossa-of-squamous-part-of-temporal-bone,mandibular fossa of squamous part of temporal bone,AS
https://purl.org/ccf/ASCTB-TEMP_inferior-vertebral-notch-of-third-cervical-vertebra,inferior vertebral notch of third cervical vertebra,AS
https://purl.org/ccf/ASCTB-TEMP_anterior-arch-of-first-cervical-vertebra,anterior arch of first cervical vertebra,AS
https://purl.org/ccf/ASCTB-TEMP_vertebral-foramen-of-fourth-lumbar-vertebra,vertebral foramen of fourth lumbar vertebra,AS
https://purl.org/ccf/ASCTB-TEMP_head-of-third-proximal-phalanx-of-foot,head of third proximal phalanx of foot,AS
https://purl.org/ccf/ASCTB-TEMP_base-of-first-distal-phalanx-of-foot,base of first distal phalanx of foot,AS
https://purl.org/ccf/ASCTB-TEMP_free-part-of-leg-bone,free part of leg bone,AS
https://purl.org/ccf/ASCTB-TEMP_ethmoidal-bulla-of-ethmoid-bone,ethmoidal bulla of ethmoid bone,AS
https://purl.org/ccf/ASCTB-TEMP_spinous-process-of-second-lumbar-vertebra,spinous process of second lumbar vertebra,AS
https://purl.org/ccf/ASCTB-TEMP_shaft-of-second-distal-phalanx-of-hand,shaft of second distal phalanx of hand,AS
https://purl.org/ccf/ASCTB-TEMP_articular-facet-of-tubercle-of-eighth-rib,articular facet of tubercle of eighth rib,AS
https://purl.org/ccf/ASCTB-TEMP_sternal-end-of-eleventh-rib,sternal end of eleventh rib,AS
https://purl.org/ccf/ASCTB-TEMP_infraorbital-groove-of-maxilla,infraorbital groove of maxilla,AS
https://purl.org/ccf/ASCTB-TEMP_shaft-of-second-proximal-phalanx-of-foot,shaft of second proximal phalanx of foot,AS
https://purl.org/ccf/ASCTB-TEMP_superior-vertebral-notch-of-third-cervical-vertebra,superior vertebral notch of third cervical vertebra,AS
https://purl.org/ccf/ASCTB-TEMP_superior-mental-spine-of-mandible,superior mental spine of mandible,AS
https://purl.org/ccf/ASCTB-TEMP_costal-groove-of-second-rib,costal groove of second rib,AS
https://purl.org/ccf/ASCTB-TEMP_vertebral-body-of-third-thoracic-vertebra,vertebral body of third thoracic vertebra,AS
https://purl.org/ccf/ASCTB-TEMP_body-of-second-cervical-vertebra,body of second cervical vertebra,AS
https://purl.org/ccf/ASCTB-TEMP_superior-articular-facet-of-fourth-cervical-vertebra,superior articular facet of fourth cervical vertebra,AS
https://purl.org/ccf/ASCTB-TEMP_spinous-process-of-ninth-thoracic-vertebra,spinous process of ninth thoracic vertebra,AS
https://purl.org/ccf/ASCTB-TEMP_superior-articular-facet-of-fifth-thoracic-vertebra,superior articular facet of fifth thoracic vertebra,AS
https://purl.org/ccf/ASCTB-TEMP_inferior-vertebral-notch-of-seventh-cervical-vertebra,inferior vertebral notch of seventh cervical vertebra,AS
https://purl.org/ccf/ASCTB-TEMP_glabella-of-frontal-bone,glabella of frontal bone,AS
https://purl.org/ccf/ASCTB-TEMP_head-of-first-proximal-phalanx-of-hand,head of first proximal phalanx of hand,AS
https://purl.org/ccf/ASCTB-TEMP_head-of-third-middle-phalanx-of-han,head of third middle phalanx of han,AS
https://purl.org/ccf/ASCTB-TEMP_superior-orbital-fissure-of-sphenoid-bone,superior orbital fissure of sphenoid bone,AS
https://purl.org/ccf/ASCTB-TEMP_vertebral-arch-of-third-thoracic-vertebra,vertebral arch of third thoracic vertebra,AS
https://purl.org/ccf/ASCTB-TEMP_non-articular-facet-of-tubercle-of-fourth-rib,non-articular facet of tubercle of fourth rib,AS
https://purl.org/ccf/ASCTB-TEMP_base-of-third-distal-phalanx-of-foot,base of third distal phalanx of foot,AS
https://purl.org/ccf/ASCTB-TEMP_articular-facet-of-tubercle-of-third-rib,articular facet of tubercle of third rib,AS
https://purl.org/ccf/ASCTB-TEMP_neck-of-ninth-rib,neck of ninth rib,AS
https://purl.org/ccf/ASCTB-TEMP_submandibular-fossa-of-mandible,submandibular fossa of mandible,AS
https://purl.org/ccf/ASCTB-TEMP_base-of-fifth-middle-phalanx-of-foot,base of fifth middle phalanx of foot,AS
https://purl.org/ccf/ASCTB-TEMP_foramen-lacerum-of-sphenoid-bone,foramen lacerum of sphenoid bone,AS
https://purl.org/ccf/ASCTB-TEMP_inferior-articular-process-of-eighth-thoracic-vertebra,inferior articular process of eighth thoracic vertebra,AS
https://purl.org/ccf/ASCTB-TEMP_coronoid-fossa-of-humerus,coronoid fossa of humerus,AS
https://purl.org/ccf/ASCTB-TEMP_costal-groove-of-eleventh-rib,costal groove of eleventh rib,AS
https://purl.org/ccf/ASCTB-TEMP_transverse-process-of-seventh-thoracic-vertebra,transverse process of seventh thoracic vertebra,AS
https://purl.org/ccf/ASCTB-TEMP_transverse-process-of-second-lumbar-vertebra,transverse process of second lumbar vertebra,AS
https://purl.org/ccf/ASCTB-TEMP_angle-of-third-rib,angle of third rib,AS
https://purl.org/ccf/ASCTB-TEMP_pedicle-of-eleventh-thoracic-vertebra,pedicle of eleventh thoracic vertebra,AS
https://purl.org/ccf/ASCTB-TEMP_tubercle-of-sixth-rib,tubercle of sixth rib,AS
https://purl.org/ccf/ASCTB-TEMP_sphenoid-sinus-of-sphenoid-bone,sphenoid sinus of sphenoid bone,AS
https://purl.org/ccf/ASCTB-TEMP_anterior-tubercle-of-first-cervical-vertebra,anterior tubercle of first cervical vertebra,AS
https://purl.org/ccf/ASCTB-TEMP_inferior-costal-facet-of-fourth-thoracic-vertebra,inferior costal facet of fourth thoracic vertebra,AS
https://purl.org/ccf/ASCTB-TEMP_articular-tubercle-of-squamous-part-of-temporal-bone,articular tubercle of squamous part of temporal bone,AS
https://purl.org/ccf/ASCTB-TEMP_intermaxillary-suture-of-maxilla,intermaxillary suture of maxilla,AS
https://purl.org/ccf/ASCTB-TEMP_posterior-inferior-iliac-spine-of-ilium-of-os-coxa,posterior inferior iliac spine of ilium of os coxa,AS
https://purl.org/ccf/ASCTB-TEMP_conoid-tubercle-of-clavicle,conoid tubercle of clavicle,AS
https://purl.org/ccf/ASCTB-TEMP_vertebral-body-of-third-lumbar-vertebra,vertebral body of third lumbar vertebra,AS
https://purl.org/ccf/ASCTB-TEMP_tubercle-of-third-rib,tubercle of third rib,AS
https://purl.org/ccf/ASCTB-TEMP_iliac-tuberosity-of-ilium-of-os-coxa,iliac tuberosity of ilium of os coxa,AS
https://purl.org/ccf/ASCTB-TEMP_transverse-foramen-of-seventh-cervical-vertebra,transverse foramen of seventh cervical vertebra,AS
https://purl.org/ccf/ASCTB-TEMP_superior-articular-facet-of-fifth-cervical-vertebra,superior articular facet of fifth cervical vertebra,AS
https://purl.org/ccf/ASCTB-TEMP_pedicle-of-fourth-thoracic-vertebra,pedicle of fourth thoracic vertebra,AS
https://purl.org/ccf/ASCTB-TEMP_inferior-articular-facet-of-seventh-thoracic-vertebra,inferior articular facet of seventh thoracic vertebra,AS
https://purl.org/ccf/ASCTB-TEMP_neck-of-radius-of-radius,neck of radius of radius,AS
https://purl.org/ccf/ASCTB-TEMP_spinous-process-of-twelfth-thoracic-vertebra,spinous process of twelfth thoracic vertebra,AS
https://purl.org/ccf/ASCTB-TEMP_foramen-magnum-of-basilar-part-of-occipital-bone,foramen magnum of basilar part of occipital bone,AS
https://purl.org/ccf/ASCTB-TEMP_frontal-sinus-of-frontal-bone,frontal sinus of frontal bone,AS
https://purl.org/ccf/ASCTB-TEMP_sternal-end-of-fourth-rib,sternal end of fourth rib,AS
https://purl.org/ccf/ASCTB-TEMP_tubercle-of-second-rib,tubercle of second rib,AS
https://purl.org/ccf/ASCTB-TEMP_posterior-process-of-talus,posterior process of talus,AS
https://purl.org/ccf/ASCTB-TEMP_medial-malleolus-of-tibia,medial malleolus of tibia,AS
https://purl.org/ccf/ASCTB-TEMP_lateral-supracondylar-ridge-of-humerus,lateral supracondylar ridge of humerus,AS
https://purl.org/ccf/ASCTB-TEMP_non-articular-facet-of-tubercle-of-sixth-rib,non-articular facet of tubercle of sixth rib,AS
https://purl.org/ccf/ASCTB-TEMP_vertebral-body-of-twelfth-thoracic-vertebra,vertebral body of twelfth thoracic vertebra,AS
https://purl.org/ccf/ASCTB-TEMP_base-of-fourth-proximal-phalanx-of-foot,base of fourth proximal phalanx of foot,AS
https://purl.org/ccf/ASCTB-TEMP_facet-of-eleventh-rib,facet of eleventh rib,AS
https://purl.org/ccf/ASCTB-TEMP_calcaneal-tuberosity-of-calcaneus,calcaneal tuberosity of calcaneus,AS
https://purl.org/ccf/ASCTB-TEMP_mammillary-process-of-fifth-lumbar-vertebra,mammillary process of fifth lumbar vertebra,AS
https://purl.org/ccf/ASCTB-TEMP_base-of-third-middle-phalanx-of-foot,base of third middle phalanx of foot,AS
https://purl.org/ccf/ASCTB-TEMP_tibial-tuberosity-of-tibia,tibial tuberosity of tibia,AS
https://purl.org/ccf/ASCTB-TEMP_tympanic-caniliculus-of-petrous-part-of-temporal-bone,tympanic caniliculus of petrous part of temporal bone,AS
https://purl.org/ccf/ASCTB-TEMP_superior-vertebral-notch-of-sixth-thoracic-vertebra,superior vertebral notch of sixth thoracic vertebra,AS
https://purl.org/ccf/ASCTB-TEMP_pedicle-of-fourth-cervical-vertebra,pedicle of fourth cervical vertebra,AS
https://purl.org/ccf/ASCTB-TEMP_digastric-fossa-of-mandible,digastric fossa of mandible,AS
https://purl.org/ccf/ASCTB-TEMP_jugular-foramen-of-basilar-part-of-occipital-bone,jugular foramen of basilar part of occipital bone,AS
https://purl.org/ccf/ASCTB-TEMP_inferior-vertebral-notch-of-ninth-thoracic-vertebra,inferior vertebral notch of ninth thoracic vertebra,AS
https://purl.org/ccf/ASCTB-TEMP_spinous-process-of-first-thoracic-vertebra,spinous process of first thoracic vertebra,AS
https://purl.org/ccf/ASCTB-TEMP_inferior-vertebral-notch-of-eighth-thoracic-vertebra,inferior vertebral notch of eighth thoracic vertebra,AS
https://purl.org/ccf/ASCTB-TEMP_vertebral-body-of-first-thoracic-vertebra,vertebral body of first thoracic vertebra,AS
https://purl.org/ccf/ASCTB-TEMP_superior-articular-facet-of-fourth-rib,superior articular facet of fourth rib,AS
https://purl.org/ccf/ASCTB-TEMP_posterior-talar-articular-surface-of-calcaneus,posterior talar articular surface of calcaneus,AS
https://purl.org/ccf/ASCTB-TEMP_ischiopubic-ramus-of-os-coxa,ischiopubic ramus of os coxa,AS
https://purl.org/ccf/ASCTB-TEMP_facet-of-twelfth-rib,facet of twelfth rib,AS
https://purl.org/ccf/ASCTB-TEMP_inferior-vertebral-notch-of-sixth-cervical-vertebra,inferior vertebral notch of sixth cervical vertebra,AS
https://purl.org/ccf/ASCTB-TEMP_head-of-fifth-proximal-phalanx-of-foot,head of fifth proximal phalanx of foot,AS
https://purl.org/ccf/ASCTB-TEMP_head-of-fibula,head of fibula,AS
https://purl.org/ccf/ASCTB-TEMP_inferior-nuchal-line-of-squamous-part-of-occipital-bone,inferior nuchal line of squamous part of occipital bone,AS
https://purl.org/ccf/ASCTB-TEMP_vertebral-foramen-of-tenth-thoracic-vertebra,vertebral foramen of tenth thoracic vertebra,AS
https://purl.org/ccf/ASCTB-TEMP_inferior-costal-facet-of-first-thoracic-vertebra,inferior costal facet of first thoracic vertebra,AS
https://purl.org/ccf/ASCTB-TEMP_crest-of-head-of-eighth-rib,crest of head of eighth rib,AS
https://purl.org/ccf/ASCTB-TEMP_vertebral-body-of-seventh-thoracic-vertebra,vertebral body of seventh thoracic vertebra,AS
https://purl.org/ccf/ASCTB-TEMP_base-of-first-metatarsal-bone,base of first metatarsal bone,AS
https://purl.org/ccf/ASCTB-TEMP_superior-articular-process-of-second-thoracic-vertebra,superior articular process of second thoracic vertebra,AS
https://purl.org/ccf/ASCTB-TEMP_head-of-fifth-metatarsal-bone,head of fifth metatarsal bone,AS
https://purl.org/ccf/ASCTB-TEMP_iliac-tubercle-of-ilium-of-os-coxa,iliac tubercle of ilium of os coxa,AS
https://purl.org/ccf/ASCTB-TEMP_superior-costal-facet-of-fifth-thoracic-vertebra,superior costal facet of fifth thoracic vertebra,AS
https://purl.org/ccf/ASCTB-TEMP_superior-vertebral-notch-of-seventh-cervical-vertebra,superior vertebral notch of seventh cervical vertebra,AS
https://purl.org/ccf/ASCTB-TEMP_head-of-fourth-proximal-phalanx-of-hand,head of fourth proximal phalanx of hand,AS
https://purl.org/ccf/ASCTB-TEMP_inferior-vertebral-notch-of-first-cervical-vertebra,inferior vertebral notch of first cervical vertebra,AS
https://purl.org/ccf/ASCTB-TEMP_shaft-of-third-metacarpal-bone,shaft of third metacarpal bone,AS
https://purl.org/ccf/ASCTB-TEMP_base-of-fifth-proximal-phalanx-of-hand,base of fifth proximal phalanx of hand,AS
https://purl.org/ccf/ASCTB-TEMP_spinous-process-of-fourth-cervical-vertebra,spinous process of fourth cervical vertebra,AS
https://purl.org/ccf/ASCTB-TEMP_vertebral-body-of-ninth-thoracic-vertebra,vertebral body of ninth thoracic vertebra,AS
https://purl.org/ccf/ASCTB-TEMP_superior-articular-facet-of-sixth-thoracic-vertebra,superior articular facet of sixth thoracic vertebra,AS
https://purl.org/ccf/ASCTB-TEMP_spinous-process-of-seventh-thoracic-vertebra,spinous process of seventh thoracic vertebra,AS
https://purl.org/ccf/ASCTB-TEMP_head-of-fifth-rib,head of fifth rib,AS
https://purl.org/ccf/ASCTB-TEMP_tubercle-of-first-rib,tubercle of first rib,AS
https://purl.org/ccf/ASCTB-TEMP_obturator-foramen-of-os-coxa,obturator foramen of os coxa,AS
https://purl.org/ccf/ASCTB-TEMP_body-of-eleventh-rib,body of eleventh rib,AS
https://purl.org/ccf/ASCTB-TEMP_acetabular-fossa-of-os-coxa,acetabular fossa of os coxa,AS
https://purl.org/ccf/ASCTB-TEMP_supinator-fossa-of-ulna,supinator fossa of ulna,AS
https://purl.org/ccf/ASCTB-TEMP_head-of-second-proximal-phalanx-of-foot,head of second proximal phalanx of foot,AS
https://purl.org/ccf/ASCTB-TEMP_inferior-articular-facet-of-fourth-lumbar-vertebra,inferior articular facet of fourth lumbar vertebra,AS
https://purl.org/ccf/ASCTB-TEMP_pterygoid-process-of-sphenoid-bone,pterygoid process of sphenoid bone,AS
https://purl.org/ccf/ASCTB-TEMP_shaft-of-fifth-metacarpal-bone,shaft of fifth metacarpal bone,AS
https://purl.org/ccf/ASCTB-TEMP_inferior-articular-facet-of-eighth-thoracic-vertebra,inferior articular facet of eighth thoracic vertebra,AS
https://purl.org/ccf/ASCTB-TEMP_inferior-costal-facet-of-tenth-thoracic-vertebra,inferior costal facet of tenth thoracic vertebra,AS
https://purl.org/ccf/ASCTB-TEMP_superior-vertebral-notch-of-fifth-cervical-vertebra,superior vertebral notch of fifth cervical vertebra,AS
https://purl.org/ccf/ASCTB-TEMP_supraorbital-margin-of-frontal-bone,supraorbital margin of frontal bone,AS
https://purl.org/ccf/ASCTB-TEMP_neck-of-sixth-rib,neck of sixth rib,AS
https://purl.org/ccf/ASCTB-TEMP_transverse-costal-facet-of-sixth-thoracic-vertebra,transverse costal facet of sixth thoracic vertebra,AS
https://purl.org/ccf/ASCTB-TEMP_base-of-fifth-distal-phalanx-of-foot,base of fifth distal phalanx of foot,AS
https://purl.org/ccf/ASCTB-TEMP_vertebral-body-of-fourth-lumbar-vertebra,vertebral body of fourth lumbar vertebra,AS
https://purl.org/ccf/ASCTB-TEMP_vertebral-arch-of-tenth-thoracic-vertebra,vertebral arch of tenth thoracic vertebra,AS
https://purl.org/ccf/ASCTB-TEMP_neck-of-eighth-rib,neck of eighth rib,AS
https://purl.org/ccf/ASCTB-TEMP_base-of-fifth-metatarsal-bone,base of fifth metatarsal bone,AS
https://purl.org/ccf/ASCTB-TEMP_base-of-first-distal-phalanx-of-hand,base of first distal phalanx of hand,AS
https://purl.org/ccf/ASCTB-TEMP_shaft-of-fifth-proximal-phalanx-of-hand,shaft of fifth proximal phalanx of hand,AS
https://purl.org/ccf/ASCTB-TEMP_ulnar-tuberosity-of-ulna,ulnar tuberosity of ulna,AS
https://purl.org/ccf/ASCTB-TEMP_tuberosity-of-fifth-metatarsal-bone,tuberosity of fifth metatarsal bone,AS
https://purl.org/ccf/ASCTB-TEMP_non-articular-facet-of-tubercle-of-eighth-rib,non-articular facet of tubercle of eighth rib,AS
https://purl.org/ccf/ASCTB-TEMP_groove-for-tendon-of-flexor-hallucis-longus-muscle-of-calcaneus,groove for tendon of flexor hallucis longus muscle of calcaneus,AS
https://purl.org/ccf/ASCTB-TEMP_shaft-of-fifth-middle-phalanx-of-foot,shaft of fifth middle phalanx of foot,AS
https://purl.org/ccf/ASCTB-TEMP_inferior-vertebral-notch-of-tenth-thoracic-vertebra,inferior vertebral notch of tenth thoracic vertebra,AS
https://purl.org/ccf/ASCTB-TEMP_sacral-hiatus-of-sacrum,sacral hiatus of sacrum,AS
https://purl.org/ccf/ASCTB-TEMP_transverse-foramen-of-second-cervical-vertebra,transverse foramen of second cervical vertebra,AS
https://purl.org/ccf/ASCTB-TEMP_head-of-tenth-rib,head of tenth rib,AS
https://purl.org/ccf/ASCTB-TEMP_pubic-crest-of-pubis-of-os-coxa,pubic crest of pubis of os coxa,AS
https://purl.org/ccf/ASCTB-TEMP_transverse-foramen-of-sixth-cervical-vertebra,transverse foramen of sixth cervical vertebra,AS
https://purl.org/ccf/ASCTB-TEMP_interosseous-border-of-radius,interosseous border of radius,AS
https://purl.org/ccf/ASCTB-TEMP_sacral-apex-of-sacrum,sacral apex of sacrum,AS
https://purl.org/ccf/ASCTB-TEMP_articular-facet-of-tubercle-of-second-rib,articular facet of tubercle of second rib,AS
https://purl.org/ccf/ASCTB-TEMP_horizontal-plate-of-palatine-bone,horizontal plate of palatine bone,AS
https://purl.org/ccf/ASCTB-TEMP_transverse-process-of-tenth-thoracic-vertebra,transverse process of tenth thoracic vertebra,AS
https://purl.org/ccf/ASCTB-TEMP_superior-articular-process-of-eleventh-thoracic-vertebra,superior articular process of eleventh thoracic vertebra,AS
https://purl.org/ccf/ASCTB-TEMP_lamina-of-first-lumbar-vertebra,lamina of first lumbar vertebra,AS
https://purl.org/ccf/ASCTB-TEMP_superior-articular-facet-of-first-thoracic-vertebra,superior articular facet of first thoracic vertebra,AS
https://purl.org/ccf/ASCTB-TEMP_base-of-third-metacarpal-bone,base of third metacarpal bone,AS
https://purl.org/ccf/ASCTB-TEMP_crest-of-head-of-seventh-rib,crest of head of seventh rib,AS
https://purl.org/ccf/ASCTB-TEMP_articular-facet-of-tubercle-of-fourth-rib,articular facet of tubercle of fourth rib,AS
https://purl.org/ccf/ASCTB-TEMP_fibular-facet-of-tibia,fibular facet of tibia,AS
https://purl.org/ccf/ASCTB-TEMP_stylomastoid-foramen-of-petrous-part-of-temporal-bone,stylomastoid foramen of petrous part of temporal bone,AS
https://purl.org/ccf/ASCTB-TEMP_sternal-end-of-seventh-rib,sternal end of seventh rib,AS
https://purl.org/ccf/ASCTB-TEMP_tuberosity-of-first-distal-phalanx-of-hand,tuberosity of first distal phalanx of hand,AS
https://purl.org/ccf/ASCTB-TEMP_vertebral-arch-of-third-cervical-vertebra,vertebral arch of third cervical vertebra,AS
https://purl.org/ccf/ASCTB-TEMP_vertebral-arch-of-fifth-thoracic-vertebra,vertebral arch of fifth thoracic vertebra,AS
https://purl.org/ccf/ASCTB-TEMP_vertebral-arch-of-ninth-thoracic-vertebra,vertebral arch of ninth thoracic vertebra,AS
https://purl.org/ccf/ASCTB-TEMP_clavicular-facet-of-scapula,clavicular facet of scapula,AS
https://purl.org/ccf/ASCTB-TEMP_lamina-of-fourth-thoracic-vertebra,lamina of fourth thoracic vertebra,AS
https://purl.org/ccf/ASCTB-TEMP_head-of-fifth-distal-phalanx-of-hand,head of fifth distal phalanx of hand,AS
https://purl.org/ccf/ASCTB-TEMP_superior-articular-facet-of-sacrum,superior articular facet of sacrum,AS
https://purl.org/ccf/ASCTB-TEMP_inferior-articular-facet-of-third-rib,inferior articular facet of third rib,AS
https://purl.org/ccf/ASCTB-TEMP_vertebral-arch-of-eighth-thoracic-vertebra,vertebral arch of eighth thoracic vertebra,AS
https://purl.org/ccf/ASCTB-TEMP_head-of-third-distal-phalanx-of-hand,head of third distal phalanx of hand,AS
https://purl.org/ccf/ASCTB-TEMP_shaft-of-second-metacarpal-bone,shaft of second metacarpal bone,AS
https://purl.org/ccf/ASCTB-TEMP_fibular-trochlea-of-calcaneus,fibular trochlea of calcaneus,AS
https://purl.org/ccf/ASCTB-TEMP_head-of-second-middle-phalanx-of-foot,head of second middle phalanx of foot,AS
https://purl.org/ccf/ASCTB-TEMP_pubic-symphysis-of-pubis-of-os-coxa,pubic symphysis of pubis of os coxa,AS
https://purl.org/ccf/ASCTB-TEMP_superior-costal-facet-of-fourth-thoracic-vertebra,superior costal facet of fourth thoracic vertebra,AS
https://purl.org/ccf/ASCTB-TEMP_glenoid-fossa-of-scapula,glenoid fossa of scapula,AS
https://purl.org/ccf/ASCTB-TEMP_shaft-of-second-metatarsal-bone,shaft of second metatarsal bone,AS
https://purl.org/ccf/ASCTB-TEMP_superior-costal-facet-of-first-thoracic-vertebra,superior costal facet of first thoracic vertebra,AS
https://purl.org/ccf/ASCTB-TEMP_inferior-vertebral-notch-of-eleventh-thoracic-vertebra,inferior vertebral notch of eleventh thoracic vertebra,AS
https://purl.org/ccf/ASCTB-TEMP_head-of-eighth-rib,head of eighth rib,AS
https://purl.org/ccf/ASCTB-TEMP_shaft-of-fourth-distal-phalanx-of-hand,shaft of fourth distal phalanx of hand,AS
https://purl.org/ccf/ASCTB-TEMP_head-of-third-distal-phalanx-of-foot,head of third distal phalanx of foot,AS
https://purl.org/ccf/ASCTB-TEMP_angle-of-fifth-rib,angle of fifth rib,AS
https://purl.org/ccf/ASCTB-TEMP_articular-facet-of-tubercle-of-ninth-rib,articular facet of tubercle of ninth rib,AS
https://purl.org/ccf/ASCTB-TEMP_transverse-costal-facet-of-fourth-thoracic-vertebra,transverse costal facet of fourth thoracic vertebra,AS
https://purl.org/ccf/ASCTB-TEMP_pedicle-of-eighth-thoracic-vertebra,pedicle of eighth thoracic vertebra,AS
https://purl.org/ccf/ASCTB-TEMP_intertrochanteric-crest-of-femur,intertrochanteric crest of femur,AS
https://purl.org/ccf/ASCTB-TEMP_lesser-sciatic-notch-of-ischium-of-os-coxa,lesser sciatic notch of ischium of os coxa,AS
https://purl.org/ccf/ASCTB-TEMP_vertebral-arch-of-fourth-thoracic-vertebra,vertebral arch of fourth thoracic vertebra,AS
https://purl.org/ccf/ASCTB-TEMP_vertebral-foramen-of-second-cervical-vertebra,vertebral foramen of second cervical vertebra,AS
https://purl.org/ccf/ASCTB-TEMP_granula-foveaolae-of-parietal-bone,granula foveaolae of parietal bone,AS
https://purl.org/ccf/ASCTB-TEMP_inferior-costal-facet-of-second-thoracic-vertebra,inferior costal facet of second thoracic vertebra,AS
https://purl.org/ccf/ASCTB-TEMP_base-of-fifth-middle-phalanx-of-hand,base of fifth middle phalanx of hand,AS
https://purl.org/ccf/ASCTB-TEMP_maxillary-process-of-zygomatic-bone,maxillary process of zygomatic bone,AS
https://purl.org/ccf/ASCTB-TEMP_pterygoid-fovea-of-mandible,pterygoid fovea of mandible,AS
https://purl.org/ccf/ASCTB-TEMP_middle-talar-articular-surface-of-calcaneus,middle talar articular surface of calcaneus,AS
https://purl.org/ccf/ASCTB-TEMP_surgical-neck-of-humerus,surgical neck of humerus,AS
https://purl.org/ccf/ASCTB-TEMP_superior-articular-process-of-fifth-lumbar-vertebra,superior articular process of fifth lumbar vertebra,AS
https://purl.org/ccf/ASCTB-TEMP_pterygoid-fossa-of-sphenoid-bone,pterygoid fossa of sphenoid bone,AS
https://purl.org/ccf/ASCTB-TEMP_superior-articular-process-of-fifth-cervical-vertebra,superior articular process of fifth cervical vertebra,AS
https://purl.org/ccf/ASCTB-TEMP_superior-vertebral-notch-of-first-cervical-vertebra,superior vertebral notch of first cervical vertebra,AS
https://purl.org/ccf/ASCTB-TEMP_groove-for-sigmoid-sinus-of-mastoid-part-of-temporal-bone,groove for sigmoid sinus of mastoid part of temporal bone,AS
https://purl.org/ccf/ASCTB-TEMP_superior-costal-facet-of-seventh-thoracic-vertebra,superior costal facet of seventh thoracic vertebra,AS
https://purl.org/ccf/ASCTB-TEMP_vertebral-foramen-of-first-cervical-vertebra,vertebral foramen of first cervical vertebra,AS
https://purl.org/ccf/ASCTB-TEMP_iliac-fossa-of-ilium-of-os-coxa,iliac fossa of ilium of os coxa,AS
https://purl.org/ccf/ASCTB-TEMP_base-of-third-middle-phalanx-of-hand,base of third middle phalanx of hand,AS
https://purl.org/ccf/ASCTB-TEMP_transverse-costal-facet-of-first-thoracic-vertebra,transverse costal facet of first thoracic vertebra,AS
https://purl.org/ccf/ASCTB-TEMP_accessory-process-of-second-lumbar-vertebra,accessory process of second lumbar vertebra,AS
https://purl.org/ccf/ASCTB-TEMP_inferior-articular-process-of-third-thoracic-vertebra,inferior articular process of third thoracic vertebra,AS
https://purl.org/ccf/ASCTB-TEMP_sublingual-fossa-of-mandible,sublingual fossa of mandible,AS
https://purl.org/ccf/ASCTB-TEMP_vertebral-foramen-of-fifth-cervical-vertebra,vertebral foramen of fifth cervical vertebra,AS
https://purl.org/ccf/ASCTB-TEMP_infraorbital-canal-of-maxilla,infraorbital canal of maxilla,AS
https://purl.org/ccf/ASCTB-TEMP_inferior-articular-process-of-seventh-cervical-vertebra,inferior articular process of seventh cervical vertebra,AS
https://purl.org/ccf/ASCTB-TEMP_lamina-of-seventh-cervical-vertebra,lamina of seventh cervical vertebra,AS
https://purl.org/ccf/ASCTB-TEMP_base-of-fifth-metacarpal-bone,base of fifth metacarpal bone,AS
https://purl.org/ccf/ASCTB-TEMP_pedicle-of-third-thoracic-vertebra,pedicle of third thoracic vertebra,AS
https://purl.org/ccf/ASCTB-TEMP_inferior-articular-process-of-third-cervical-vertebra,inferior articular process of third cervical vertebra,AS
https://purl.org/ccf/ASCTB-TEMP_transverse-process-of-coccyx,transverse process of coccyx,AS
https://purl.org/ccf/ASCTB-TEMP_base-of-third-metatarsal-bone,base of third metatarsal bone,AS
https://purl.org/ccf/ASCTB-TEMP_sella-turcica-of-sphenoid-bone,sella turcica of sphenoid bone,AS
https://purl.org/ccf/ASCTB-TEMP_body-of-fifth-rib,body of fifth rib,AS
https://purl.org/ccf/ASCTB-TEMP_superior-articular-facet-of-ninth-thoracic-vertebra,superior articular facet of ninth thoracic vertebra,AS
https://purl.org/ccf/ASCTB-TEMP_greater-wings-of-sphenoid-bone,greater wings of sphenoid bone,AS
https://purl.org/ccf/ASCTB-TEMP_vertebral-body-of-sixth-cervical-vertebra,vertebral body of sixth cervical vertebra,AS
https://purl.org/ccf/ASCTB-TEMP_body-of-tenth-rib,body of tenth rib,AS
https://purl.org/ccf/ASCTB-TEMP_lunate-surface-of-os-coxa,lunate surface of os coxa,AS
https://purl.org/ccf/ASCTB-TEMP_vertebral-foramen-of-third-lumbar-vertebra,vertebral foramen of third lumbar vertebra,AS
https://purl.org/ccf/ASCTB-TEMP_shaft-of-first-proximal-phalanx-of-hand,shaft of first proximal phalanx of hand,AS
https://purl.org/ccf/ASCTB-TEMP_angle-of-second-rib,angle of second rib,AS
https://purl.org/ccf/ASCTB-TEMP_groove-for-middle-meningeal-a-of-parietal-bone,groove for middle meningeal a. of parietal bone,AS
https://purl.org/ccf/ASCTB-TEMP_spinous-process-of-sixth-thoracic-vertebra,spinous process of sixth thoracic vertebra,AS
https://purl.org/ccf/ASCTB-TEMP_medial-supracondylar-ridge-of-humerus,medial supracondylar ridge of humerus,AS
https://purl.org/ccf/ASCTB-TEMP_infraglenoid-tubercle-of-scapula,infraglenoid tubercle of scapula,AS
https://purl.org/ccf/ASCTB-TEMP_mandibular-angle-of-mandible,mandibular angle of mandible,AS
https://purl.org/ccf/ASCTB-TEMP_pterygoid-canal-of-sphenoid-bone,pterygoid canal of sphenoid bone,AS
https://purl.org/ccf/ASCTB-TEMP_foramen-ovale-of-sphenoid-bone,foramen ovale of sphenoid bone,AS
https://purl.org/ccf/ASCTB-TEMP_shaft-of-fourth-distal-phalanx-of-foot,shaft of fourth distal phalanx of foot,AS
https://purl.org/ccf/ASCTB-TEMP_shaft-of-first-proximal-phalanx-of-foot,shaft of first proximal phalanx of foot,AS
https://purl.org/ccf/ASCTB-TEMP_transverse-process-of-seventh-cervical-vertebra,transverse process of seventh cervical vertebra,AS
https://purl.org/ccf/ASCTB-TEMP_shaft-of-fourth-metatarsal-bone,shaft of fourth metatarsal bone,AS
https://purl.org/ccf/ASCTB-TEMP_inferior-costal-facet-of-sixth-thoracic-vertebra,inferior costal facet of sixth thoracic vertebra,AS
https://purl.org/ccf/ASCTB-TEMP_vertebral-body-of-fifth-cervical-vertebra,vertebral body of fifth cervical vertebra,AS
https://purl.org/ccf/ASCTB-TEMP_shaft-of-ulna-of-ulna,shaft of ulna of ulna,AS
https://purl.org/ccf/ASCTB-TEMP_costal-groove-of-third-rib,costal groove of third rib,AS
https://purl.org/ccf/ASCTB-TEMP_lateral-lip-of-linea-aspera-of-femur,lateral lip of linea aspera of femur,AS
https://purl.org/ccf/ASCTB-TEMP_head-of-fourth-metacarpal-bone,head of fourth metacarpal bone,AS
https://purl.org/ccf/ASCTB-TEMP_transverse-process-of-first-thoracic-vertebra,transverse process of first thoracic vertebra,AS
https://purl.org/ccf/ASCTB-TEMP_posterior-sacral-foramina-of-sacrum,posterior sacral foramina of sacrum,AS
https://purl.org/ccf/ASCTB-TEMP_inferior-articular-process-of-fourth-thoracic-vertebra,inferior articular process of fourth thoracic vertebra,AS
https://purl.org/ccf/ASCTB-TEMP_scalene-tubercle-of-first-rib,scalene tubercle of first rib,AS
https://purl.org/ccf/ASCTB-TEMP_mylohyoid-line-of-mandible,mylohyoid line of mandible,AS
https://purl.org/ccf/ASCTB-TEMP_vertebral-body-of-tenth-thoracic-vertebra,vertebral body of tenth thoracic vertebra,AS
https://purl.org/ccf/ASCTB-TEMP_pedicle-of-twelfth-thoracic-vertebra,pedicle of twelfth thoracic vertebra,AS
https://purl.org/ccf/ASCTB-TEMP_vertebral-foramen-of-first-lumbar-vertebra,vertebral foramen of first lumbar vertebra,AS
https://purl.org/ccf/ASCTB-TEMP_inferior-articular-facet-of-first-cervical-vertebra,inferior articular facet of first cervical vertebra,AS
https://purl.org/ccf/ASCTB-TEMP_body-of-ninth-rib,body of ninth rib,AS
https://purl.org/ccf/ASCTB-TEMP_greater-palatine-canal-of-maxilla,greater palatine canal of maxilla,AS
https://purl.org/ccf/ASCTB-TEMP_anterior-sacral-foramina-of-sacrum,anterior sacral foramina of sacrum,AS
https://purl.org/ccf/ASCTB-TEMP_posterior-tubercle-of-first-cervical-vertebra,posterior tubercle of first cervical vertebra,AS
https://purl.org/ccf/ASCTB-TEMP_pedicle-of-fourth-lumbar-vertebra,pedicle of fourth lumbar vertebra,AS
https://purl.org/ccf/ASCTB-TEMP_angle-of-ninth-rib,angle of ninth rib,AS
https://purl.org/ccf/ASCTB-TEMP_trapezoid-line-of-clavicle,trapezoid line of clavicle,AS
https://purl.org/ccf/ASCTB-TEMP_superior-vertebral-notch-of-eighth-thoracic-vertebra,superior vertebral notch of eighth thoracic vertebra,AS
https://purl.org/ccf/ASCTB-TEMP_interosseus-border-of-tibia,interosseus border of tibia,AS
https://purl.org/ccf/ASCTB-TEMP_superior-articular-process-of-eighth-thoracic-vertebra,superior articular process of eighth thoracic vertebra,AS
https://purl.org/ccf/ASCTB-TEMP_pedicle-of-fifth-thoracic-vertebra,pedicle of fifth thoracic vertebra,AS
https://purl.org/ccf/ASCTB-TEMP_interosseous-border-of-ulna,interosseous border of ulna,AS
https://purl.org/ccf/ASCTB-TEMP_spinous-process-of-fifth-cervical-vertebra,spinous process of fifth cervical vertebra,AS
https://purl.org/ccf/ASCTB-TEMP_superior-articular-facet-of-seventh-thoracic-vertebra,superior articular facet of seventh thoracic vertebra,AS
https://purl.org/ccf/ASCTB-TEMP_inferior-temporal-line-of-parietal-bone,inferior temporal line of parietal bone,AS
https://purl.org/ccf/ASCTB-TEMP_spinous-process-of-fifth-lumbar-vertebra,spinous process of fifth lumbar vertebra,AS
https://purl.org/ccf/ASCTB-TEMP_superior-costal-facet-of-sixth-thoracic-vertebra,superior costal facet of sixth thoracic vertebra,AS
https://purl.org/ccf/ASCTB-TEMP_intertubercular-sulcus-of-humerus,intertubercular sulcus of humerus,AS
https://purl.org/ccf/ASCTB-TEMP_vertebral-arch-of-seventh-cervical-vertebra,vertebral arch of seventh cervical vertebra,AS
https://purl.org/ccf/ASCTB-TEMP_tubercle-of-fifth-rib,tubercle of fifth rib,AS
https://purl.org/ccf/ASCTB-TEMP_sternal-end-of-second-rib,sternal end of second rib,AS
https://purl.org/ccf/ASCTB-TEMP_ischial-tuberosity-of-ischium-of-os-coxa,ischial tuberosity of ischium of os coxa,AS
https://purl.org/ccf/ASCTB-TEMP_non-articular-facet-of-tubercle-of-seventh-rib,non-articular facet of tubercle of seventh rib,AS
https://purl.org/ccf/ASCTB-TEMP_mandibular-canal-of-mandible,mandibular canal of mandible,AS
https://purl.org/ccf/ASCTB-TEMP_superior-nasal-concha-of-ethmoid-bone,superior nasal concha of ethmoid bone,AS
https://purl.org/ccf/ASCTB-TEMP_superior-vertebral-notch-of-second-lumbar-vertebra,superior vertebral notch of second lumbar vertebra,AS
https://purl.org/ccf/ASCTB-TEMP_inferior-articular-facet-of-sixth-rib,inferior articular facet of sixth rib,AS
https://purl.org/ccf/ASCTB-TEMP_articular-facet-of-tubercle-of-tenth-rib,articular facet of tubercle of tenth rib,AS
https://purl.org/ccf/ASCTB-TEMP_costal-groove-of-ninth-rib,costal groove of ninth rib,AS
https://purl.org/ccf/ASCTB-TEMP_sternal-end-of-tenth-rib,sternal end of tenth rib,AS
https://purl.org/ccf/ASCTB-TEMP_non-articular-facet-of-tubercle-of-first-rib,non-articular facet of tubercle of first rib,AS
https://purl.org/ccf/ASCTB-TEMP_shaft-of-second-proximal-phalanx-of-hand,shaft of second proximal phalanx of hand,AS
https://purl.org/ccf/ASCTB-TEMP_crista-galla-of-ethmoid-bone,crista galla of ethmoid bone,AS
https://purl.org/ccf/ASCTB-TEMP_subscapular-fossa-of-scapula,subscapular fossa of scapula,AS
https://purl.org/ccf/ASCTB-TEMP_transverse-process-of-eleventh-thoracic-vertebra,transverse process of eleventh thoracic vertebra,AS
https://purl.org/ccf/ASCTB-TEMP_superior-vertebral-notch-of-fourth-cervical-vertebra,superior vertebral notch of fourth cervical vertebra,AS
https://purl.org/ccf/ASCTB-TEMP_inferior-articular-facet-of-twelfth-thoracic-vertebra,inferior articular facet of twelfth thoracic vertebra,AS
https://purl.org/ccf/ASCTB-TEMP_linea-terminalis-of-sacrum,linea terminalis of sacrum,AS
https://purl.org/ccf/ASCTB-TEMP_hiatus-and-groove-of-petrous-part-of-temporal-bone-for-greater-petrosal-nerve,hiatus and groove of petrous part of temporal bone for greater petrosal nerve,AS
https://purl.org/ccf/ASCTB-TEMP_clavicular-notch-of-sternum,clavicular notch of sternum,AS
https://purl.org/ccf/ASCTB-TEMP_superior-nuchal-line-of-squamous-part-of-occipital-bone,superior nuchal line of squamous part of occipital bone,AS
https://purl.org/ccf/ASCTB-TEMP_shaft-of-third-proximal-phalanx-of-foot,shaft of third proximal phalanx of foot,AS
https://purl.org/ccf/ASCTB-TEMP_intercondylar-eminence-of-tibia,intercondylar eminence of tibia,AS
https://purl.org/ccf/ASCTB-TEMP_transverse-process-of-twelfth-thoracic-vertebra,transverse process of twelfth thoracic vertebra,AS
https://purl.org/ccf/ASCTB-TEMP_zygomaticofacial-foramen-of-zygomatic-bone,zygomaticofacial foramen of zygomatic bone,AS
https://purl.org/ccf/ASCTB-TEMP_body-of-sphenoid-bone,body of sphenoid bone,AS
https://purl.org/ccf/ASCTB-TEMP_internal-auditory-meatus-of-petrous-part-of-temporal-bone,internal auditory meatus of petrous part of temporal bone,AS
https://purl.org/ccf/ASCTB-TEMP_ulnar-notch-of-radius,ulnar notch of radius,AS
https://purl.org/ccf/ASCTB-TEMP_superior-vertebral-notch-of-tenth-thoracic-vertebra,superior vertebral notch of tenth thoracic vertebra,AS
https://purl.org/ccf/ASCTB-TEMP_sternal-end-of-fifth-rib,sternal end of fifth rib,AS
https://purl.org/ccf/ASCTB-TEMP_neck-of-seventh-rib,neck of seventh rib,AS
https://purl.org/ccf/ASCTB-TEMP_vertebral-body-of-fifth-lumbar-vertebra,vertebral body of fifth lumbar vertebra,AS
https://purl.org/ccf/ASCTB-TEMP_lamina-of-second-lumbar-vertebra,lamina of second lumbar vertebra,AS
https://purl.org/ccf/ASCTB-TEMP_superior-articular-process-of-fourth-lumbar-vertebra,superior articular process of fourth lumbar vertebra,AS
https://purl.org/ccf/ASCTB-TEMP_head-of-second-rib,head of second rib,AS
https://purl.org/ccf/ASCTB-TEMP_shaft-of-fibula,shaft of fibula,AS
https://purl.org/ccf/ASCTB-TEMP_greater-trochanter-of-femur,greater trochanter of femur,AS
https://purl.org/ccf/ASCTB-TEMP_neck-of-first-rib,neck of first rib,AS
https://purl.org/ccf/ASCTB-TEMP_inferior-articular-facet-of-seventh-cervical-vertebra,inferior articular facet of seventh cervical vertebra,AS
https://purl.org/ccf/ASCTB-TEMP_groove-for-vertebral-artery-of-first-cervical-vertebra,groove for vertebral artery of first cervical vertebra,AS
https://purl.org/ccf/ASCTB-TEMP_vertebral-arch-of-third-lumbar-vertebra,vertebral arch of third lumbar vertebra,AS
https://purl.org/ccf/ASCTB-TEMP_vertebral-body-of-fifth-thoracic-vertebra,vertebral body of fifth thoracic vertebra,AS
https://purl.org/ccf/ASCTB-TEMP_shaft-of-fourth-middle-phalanx-of-hand,shaft of fourth middle phalanx of hand,AS
https://purl.org/ccf/ASCTB-TEMP_spinous-process-of-fourth-thoracic-vertebra,spinous process of fourth thoracic vertebra,AS
https://purl.org/ccf/ASCTB-TEMP_posterior-gluteal-line-of-ilium-of-os-coxa,posterior gluteal line of ilium of os coxa,AS
https://purl.org/ccf/ASCTB-TEMP_lesser-wings-of-sphenoid-bone,lesser wings of sphenoid bone,AS
https://purl.org/ccf/ASCTB-TEMP_medial-process-of-tuberosity-of-calcaneus,medial process of tuberosity of calcaneus,AS
https://purl.org/ccf/ASCTB-TEMP_inferior-vertebral-notch-of-fourth-cervical-vertebra,inferior vertebral notch of fourth cervical vertebra,AS
https://purl.org/ccf/ASCTB-TEMP_head-of-fifth-middle-phalanx-of-hand,head of fifth middle phalanx of hand,AS
https://purl.org/ccf/ASCTB-TEMP_intercondylar-fossa-of-femur,intercondylar fossa of femur,AS
https://purl.org/ccf/ASCTB-TEMP_inferior-mental-spine-of-mandible,inferior mental spine of mandible,AS
https://purl.org/ccf/ASCTB-TEMP_sacral-cornu-of-sacrum,sacral cornu of sacrum,AS
https://purl.org/ccf/ASCTB-TEMP_anterior-superior-iliac-spine-of-ilium-of-os-coxa,anterior superior iliac spine of ilium of os coxa,AS
https://purl.org/ccf/ASCTB-TEMP_crest-of-head-of-sixth-rib,crest of head of sixth rib,AS
https://purl.org/ccf/ASCTB-TEMP_vertebral-body-of-second-cervical-vertebra,vertebral body of second cervical vertebra,AS
https://purl.org/ccf/ASCTB-TEMP_spinous-process-of-eleventh-thoracic-vertebra,spinous process of eleventh thoracic vertebra,AS
https://purl.org/ccf/ASCTB-TEMP_inferior-articular-process-of-second-cervical-vertebra,inferior articular process of second cervical vertebra,AS
https://purl.org/ccf/ASCTB-TEMP_articular-facet-of-tubercle-of-fifth-rib,articular facet of tubercle of fifth rib,AS
https://purl.org/ccf/ASCTB-TEMP_olfactory-foramina-of-ethmoid-bone,olfactory foramina of ethmoid bone,AS
https://purl.org/ccf/ASCTB-TEMP_superior-articular-process-of-fourth-thoracic-vertebra,superior articular process of fourth thoracic vertebra,AS
https://purl.org/ccf/ASCTB-TEMP_vertebral-foramen-of-second-thoracic-vertebra,vertebral foramen of second thoracic vertebra,AS
https://purl.org/ccf/ASCTB-TEMP_vertebral-body-of-third-cervical-vertebra,vertebral body of third cervical vertebra,AS
https://purl.org/ccf/ASCTB-TEMP_tuberosity-of-cuboid,tuberosity of cuboid,AS
https://purl.org/ccf/ASCTB-TEMP_supraspinous-fossa-of-scapula,supraspinous fossa of scapula,AS
https://purl.org/ccf/ASCTB-TEMP_angle-of-sixth-rib,angle of sixth rib,AS
https://purl.org/ccf/ASCTB-TEMP_superior-articular-process-of-sixth-cervical-vertebra,superior articular process of sixth cervical vertebra,AS
https://purl.org/ccf/ASCTB-TEMP_base-of-fourth-metacarpal-bone,base of fourth metacarpal bone,AS
https://purl.org/ccf/ASCTB-TEMP_inferior-articular-facet-of-third-thoracic-vertebra,inferior articular facet of third thoracic vertebra,AS
https://purl.org/ccf/ASCTB-TEMP_alveolar-border-of-mandible,alveolar border of mandible,AS
https://purl.org/ccf/ASCTB-TEMP_shaft-of-first-metacarpal-bone,shaft of first metacarpal bone,AS
https://purl.org/ccf/ASCTB-TEMP_lamina-of-fifth-cervical-vertebra,lamina of fifth cervical vertebra,AS
https://purl.org/ccf/ASCTB-TEMP_inferior-articular-facet-of-fourth-thoracic-vertebra,inferior articular facet of fourth thoracic vertebra,AS
https://purl.org/ccf/ASCTB-TEMP_head-of-third-middle-phalanx-of-foot,head of third middle phalanx of foot,AS
https://purl.org/ccf/ASCTB-TEMP_hook-of-hamate,hook of hamate,AS
https://purl.org/ccf/ASCTB-TEMP_transverse-costal-facet-of-second-thoracic-vertebra,transverse costal facet of second thoracic vertebra,AS
https://purl.org/ccf/ASCTB-TEMP_head-of-second-distal-phalanx-of-hand,head of second distal phalanx of hand,AS
https://purl.org/ccf/ASCTB-TEMP_inferior-articular-process-of-fourth-lumbar-vertebra,inferior articular process of fourth lumbar vertebra,AS
https://purl.org/ccf/ASCTB-TEMP_superior-articular-process-of-first-thoracic-vertebra,superior articular process of first thoracic vertebra,AS
https://purl.org/ccf/ASCTB-TEMP_transverse-costal-facet-of-ninth-thoracic-vertebra,transverse costal facet of ninth thoracic vertebra,AS
https://purl.org/ccf/ASCTB-TEMP_superior-articular-facet-of-third-lumbar-vertebra,superior articular facet of third lumbar vertebra,AS
https://purl.org/ccf/ASCTB-TEMP_inferior-articular-process-of-sixth-thoracic-vertebra,inferior articular process of sixth thoracic vertebra,AS
https://purl.org/ccf/ASCTB-TEMP_lamina-of-sixth-thoracic-vertebra,lamina of sixth thoracic vertebra,AS
https://purl.org/ccf/ASCTB-TEMP_deltoid-tuberosity-of-humerus,deltoid tuberosity of humerus,AS
https://purl.org/ccf/ASCTB-TEMP_inferior-costal-facet-of-ninth-thoracic-vertebra,inferior costal facet of ninth thoracic vertebra,AS
https://purl.org/ccf/ASCTB-TEMP_superior-articular-facet-of-third-thoracic-vertebra,superior articular facet of third thoracic vertebra,AS
https://purl.org/ccf/ASCTB-TEMP_lateral-sacral-crest-of-sacrum,lateral sacral crest of sacrum,AS
https://purl.org/ccf/ASCTB-TEMP_superior-articular-process-of-sacrum,superior articular process of sacrum,AS
https://purl.org/ccf/ASCTB-TEMP_mammillary-process-of-second-lumbar-vertebra,mammillary process of second lumbar vertebra,AS
https://purl.org/ccf/ASCTB-TEMP_zygomatic-process-of-squamous-part-of-temporal-bone,zygomatic process of squamous part of temporal bone,AS
https://purl.org/ccf/ASCTB-TEMP_non-articular-facet-of-tubercle-of-third-rib,non-articular facet of tubercle of third rib,AS
https://purl.org/ccf/ASCTB-TEMP_head-of-fourth-metatarsal-bone,head of fourth metatarsal bone,AS
https://purl.org/ccf/ASCTB-TEMP_neck-of-fifth-rib,neck of fifth rib,AS
https://purl.org/ccf/ASCTB-TEMP_base-of-fifth-proximal-phalanx-of-foot,base of fifth proximal phalanx of foot,AS
https://purl.org/ccf/ASCTB-TEMP_nasal-surface-of-maxilla,nasal surface of maxilla,AS
https://purl.org/ccf/ASCTB-TEMP_mandibular-neck-of-mandible,mandibular neck of mandible,AS
https://purl.org/ccf/ASCTB-TEMP_sternal-end-of-sixth-rib,sternal end of sixth rib,AS
https://purl.org/ccf/ASCTB-TEMP_head-of-fifth-distal-phalanx-of-foot,head of fifth distal phalanx of foot,AS
https://purl.org/ccf/ASCTB-TEMP_transverse-costal-facet-of-fifth-thoracic-vertebra,transverse costal facet of fifth thoracic vertebra,AS
https://purl.org/ccf/ASCTB-TEMP_dorsum-sellae-of-sphenoid-bone,dorsum sellae of sphenoid bone,AS
https://purl.org/ccf/ASCTB-TEMP_greater-sciatic-notch-of-ilium-of-os-coxa,greater sciatic notch of ilium of os coxa,AS
https://purl.org/ccf/ASCTB-TEMP_head-of-second-distal-phalanx-of-foot,head of second distal phalanx of foot,AS
https://purl.org/ccf/ASCTB-TEMP_scapular-neck-of-scapula,scapular neck of scapula,AS
https://purl.org/ccf/ASCTB-TEMP_anterior-clinoid-process-of-sphenoid-bone,anterior clinoid process of sphenoid bone,AS
https://purl.org/ccf/ASCTB-TEMP_popliteal-surface-of-femur,popliteal surface of femur,AS
https://purl.org/ccf/ASCTB-TEMP_shaft-of-tibia,shaft of tibia,AS
https://purl.org/ccf/ASCTB-TEMP_pedicle-of-tenth-thoracic-vertebra,pedicle of tenth thoracic vertebra,AS
https://purl.org/ccf/ASCTB-TEMP_supinator-crest-of-ulna,supinator crest of ulna,AS
https://purl.org/ccf/ASCTB-TEMP_shaft-of-third-middle-phalanx-of-hand,shaft of third middle phalanx of hand,AS
https://purl.org/ccf/ASCTB-TEMP_neck-of-second-rib,neck of second rib,AS
https://purl.org/ccf/ASCTB-TEMP_inferior-articular-process-of-eleventh-thoracic-vertebra,inferior articular process of eleventh thoracic vertebra,AS
https://purl.org/ccf/ASCTB-TEMP_inferior-articular-process-of-first-thoracic-vertebra,inferior articular process of first thoracic vertebra,AS
https://purl.org/ccf/ASCTB-TEMP_superior-articular-process-of-second-lumbar-vertebra,superior articular process of second lumbar vertebra,AS
https://purl.org/ccf/ASCTB-TEMP_foramen-rotundum-of-sphenoid-bone,foramen rotundum of sphenoid bone,AS
https://purl.org/ccf/ASCTB-TEMP_shaft-of-second-middle-phalanx-of-foot,shaft of second middle phalanx of foot,AS
https://purl.org/ccf/ASCTB-TEMP_obturator-groove-of-pubis-of-os-coxa,obturator groove of pubis of os coxa,AS
https://purl.org/ccf/ASCTB-TEMP_lamina-of-first-thoracic-vertebra,lamina of first thoracic vertebra,AS
https://purl.org/ccf/ASCTB-TEMP_inferior-vertebral-notch-of-seventh-thoracic-vertebra,inferior vertebral notch of seventh thoracic vertebra,AS
https://purl.org/ccf/ASCTB-TEMP_intermediate-sacral-crest-of-sacrum,intermediate sacral crest of sacrum,AS
https://purl.org/ccf/ASCTB-TEMP_acetabular-notch-of-os-coxa,acetabular notch of os coxa,AS
https://purl.org/ccf/ASCTB-TEMP_shaft-of-fourth-proximal-phalanx-of-hand,shaft of fourth proximal phalanx of hand,AS
https://purl.org/ccf/ASCTB-TEMP_radial-tuberosity-of-radius,radial tuberosity of radius,AS
https://purl.org/ccf/ASCTB-TEMP_lamina-of-first-cervical-vertebra,lamina of first cervical vertebra,AS
https://purl.org/ccf/ASCTB-TEMP_crest-of-head-of-third-rib,crest of head of third rib,AS
https://purl.org/ccf/ASCTB-TEMP_vertebral-body-of-fourth-cervical-vertebra,vertebral body of fourth cervical vertebra,AS
https://purl.org/ccf/ASCTB-TEMP_posterior-clinoid-process-of-sphenoid-bone,posterior clinoid process of sphenoid bone,AS
https://purl.org/ccf/ASCTB-TEMP_spinous-process-of-second-thoracic-vertebra,spinous process of second thoracic vertebra,AS
https://purl.org/ccf/ASCTB-TEMP_inferior-articular-facet-of-fifth-rib,inferior articular facet of fifth rib,AS
https://purl.org/ccf/ASCTB-TEMP_medial-pterygoid-plate-of-sphenoid-bone,medial pterygoid plate of sphenoid bone,AS
https://purl.org/ccf/ASCTB-TEMP_free-part-of-arm-bone,free part of arm bone,AS
https://purl.org/ccf/ASCTB-TEMP_body-of-sixth-rib,body of sixth rib,AS
https://purl.org/ccf/ASCTB-TEMP_head-of-seventh-rib,head of seventh rib,AS
https://purl.org/ccf/ASCTB-TEMP_shaft-of-fifth-metatarsal-bone,shaft of fifth metatarsal bone,AS
https://purl.org/ccf/ASCTB-TEMP_head-of-ulna-of-ulna,head of ulna of ulna,AS
https://purl.org/ccf/ASCTB-TEMP_body-of-twelfth-rib,body of twelfth rib,AS
https://purl.org/ccf/ASCTB-TEMP_inferior-articular-process-of-fifth-thoracic-vertebra,inferior articular process of fifth thoracic vertebra,AS
https://purl.org/ccf/ASCTB-TEMP_intercondylar-notch-of-femur,intercondylar notch of femur,AS
https://purl.org/ccf/ASCTB-TEMP_articular-facet-of-tubercle-of-sixth-rib,articular facet of tubercle of sixth rib,AS
https://purl.org/ccf/ASCTB-TEMP_auricular-surface-of-ilium-of-os-coxa,auricular surface of ilium of os coxa,AS
https://purl.org/ccf/ASCTB-TEMP_base-of-fourth-distal-phalanx-of-hand,base of fourth distal phalanx of hand,AS
https://purl.org/ccf/ASCTB-TEMP_articular-facet-of-tubercle-of-first-rib,articular facet of tubercle of first rib,AS
https://purl.org/ccf/ASCTB-TEMP_lingula-of-mandible,lingula of mandible,AS
https://purl.org/ccf/ASCTB-TEMP_superior-costal-facet-of-eleventh-thoracic-vertebra,superior costal facet of eleventh thoracic vertebra,AS
https://purl.org/ccf/ASCTB-TEMP_inferior-costal-facet-of-seventh-thoracic-vertebra,inferior costal facet of seventh thoracic vertebra,AS
https://purl.org/ccf/ASCTB-TEMP_superior-vertebral-notch-of-seventh-thoracic-vertebra,superior vertebral notch of seventh thoracic vertebra,AS
https://purl.org/ccf/ASCTB-TEMP_vertebral-arch-of-eleventh-thoracic-vertebra,vertebral arch of eleventh thoracic vertebra,AS
https://purl.org/ccf/ASCTB-TEMP_spinous-process-of-third-thoracic-vertebra,spinous process of third thoracic vertebra,AS
https://purl.org/ccf/ASCTB-TEMP_iliac-crest-of-ilium-of-os-coxa,iliac crest of ilium of os coxa,AS
https://purl.org/ccf/ASCTB-TEMP_inferior-pubic-ramus-of-pubis-of-os-coxa,inferior pubic ramus of pubis of os coxa,AS
https://purl.org/ccf/ASCTB-TEMP_incisive-foramen-of-maxilla,incisive foramen of maxilla,AS
https://purl.org/ccf/ASCTB-TEMP_acromial-process-of-scapula,acromial process of scapula,AS
https://purl.org/ccf/ASCTB-TEMP_olecranon-fossa-of-humerus,olecranon fossa of humerus,AS
https://purl.org/ccf/ASCTB-TEMP_supraorbital-notch-or-foramen-of-frontal-bone,supraorbital notch or foramen of frontal bone,AS
https://purl.org/ccf/ASCTB-TEMP_vertebral-arch-of-twelfth-thoracic-vertebra,vertebral arch of twelfth thoracic vertebra,AS
https://purl.org/ccf/ASCTB-TEMP_tuberosity-of-second-distal-phalanx-of-hand,tuberosity of second distal phalanx of hand,AS
https://purl.org/ccf/ASCTB-TEMP_costal-groove-of-fourth-rib,costal groove of fourth rib,AS
https://purl.org/ccf/ASCTB-TEMP_superior-articular-process-of-ninth-thoracic-vertebra,superior articular process of ninth thoracic vertebra,AS
https://purl.org/ccf/ASCTB-TEMP_pedicle-of-seventh-thoracic-vertebra,pedicle of seventh thoracic vertebra,AS
https://purl.org/ccf/ASCTB-TEMP_base-of-second-distal-phalanx-of-hand,base of second distal phalanx of hand,AS
https://purl.org/ccf/ASCTB-TEMP_shaft-of-fourth-middle-phalanx-of-foot,shaft of fourth middle phalanx of foot,AS
https://purl.org/ccf/ASCTB-TEMP_inferior-articular-facet-of-fifth-thoracic-vertebra,inferior articular facet of fifth thoracic vertebra,AS
https://purl.org/ccf/ASCTB-TEMP_tibial-plateau-of-tibia,tibial plateau of tibia,AS
https://purl.org/ccf/ASCTB-TEMP_ramus-of-mandible,ramus of mandible,AS
https://purl.org/ccf/ASCTB-TEMP_vertebral-arch-of-fifth-cervical-vertebra,vertebral arch of fifth cervical vertebra,AS
https://purl.org/ccf/ASCTB-TEMP_inferior-articular-process-of-twelfth-thoracic-vertebra,inferior articular process of twelfth thoracic vertebra,AS
https://purl.org/ccf/ASCTB-TEMP_superior-articular-facet-of-sixth-cervical-vertebra,superior articular facet of sixth cervical vertebra,AS
https://purl.org/ccf/ASCTB-TEMP_middle-nasal-concha-of-ethmoid-bone,middle nasal concha of ethmoid bone,AS
https://purl.org/ccf/ASCTB-TEMP_superior-articular-facet-of-twelfth-thoracic-vertebra,superior articular facet of twelfth thoracic vertebra,AS
https://purl.org/ccf/ASCTB-TEMP_lamina-of-fourth-cervical-vertebra,lamina of fourth cervical vertebra,AS
https://purl.org/ccf/ASCTB-TEMP_sacral-spine-of-sacrum,sacral spine of sacrum,AS
https://purl.org/ccf/ASCTB-TEMP_acetabulum-of-os-coxa,acetabulum of os coxa,AS
https://purl.org/ccf/ASCTB-TEMP_vertebral-foramen-of-sixth-thoracic-vertebra,vertebral foramen of sixth thoracic vertebra,AS
https://purl.org/ccf/ASCTB-TEMP_costal-notches-of-sternum,costal notches of sternum,AS
https://purl.org/ccf/ASCTB-TEMP_gluteal-tuberosity-of-femur,gluteal tuberosity of femur,AS
https://purl.org/ccf/ASCTB-TEMP_shaft-of-second-middle-phalanx-of-hand,shaft of second middle phalanx of hand,AS
https://purl.org/ccf/ASCTB-TEMP_inferior-articular-process-of-seventh-thoracic-vertebra,inferior articular process of seventh thoracic vertebra,AS
https://purl.org/ccf/ASCTB-TEMP_superior-articular-facet-of-second-lumbar-vertebra,superior articular facet of second lumbar vertebra,AS
https://purl.org/ccf/ASCTB-TEMP_inferior-vertebral-notch-of-first-thoracic-vertebra,inferior vertebral notch of first thoracic vertebra,AS
https://purl.org/ccf/ASCTB-TEMP_base-of-second-metacarpal-bone,base of second metacarpal bone,AS
https://purl.org/ccf/ASCTB-TEMP_trochlear-notch-of-ulna,trochlear notch of ulna,AS
https://purl.org/ccf/ASCTB-TEMP_lesser-trochanter-of-femur,lesser trochanter of femur,AS
https://purl.org/ccf/ASCTB-TEMP_inferior-articular-process-of-fifth-lumbar-vertebra,inferior articular process of fifth lumbar vertebra,AS
https://purl.org/ccf/ASCTB-TEMP_cribiform-plate-of-ethmoid-bone,cribiform plate of ethmoid bone,AS
https://purl.org/ccf/ASCTB-TEMP_superior-articular-process-of-first-lumbar-vertebra,superior articular process of first lumbar vertebra,AS
https://purl.org/ccf/ASCTB-TEMP_sternal-end-of-first-rib,sternal end of first rib,AS
https://purl.org/ccf/ASCTB-TEMP_superior-vertebral-notch-of-fourth-lumbar-vertebra,superior vertebral notch of fourth lumbar vertebra,AS
https://purl.org/ccf/ASCTB-TEMP_transverse-foramen-of-first-cervical-vertebra,transverse foramen of first cervical vertebra,AS
https://purl.org/ccf/ASCTB-TEMP_inferior-articular-facet-of-first-thoracic-vertebra,inferior articular facet of first thoracic vertebra,AS
https://purl.org/ccf/ASCTB-TEMP_inferior-costal-facet-of-third-thoracic-vertebra,inferior costal facet of third thoracic vertebra,AS
https://purl.org/ccf/ASCTB-TEMP_occipital-condyle-of-basilar-part-of-occipital-bone,occipital condyle of basilar part of occipital bone,AS
https://purl.org/ccf/ASCTB-TEMP_inferior-vertebral-notch-of-second-thoracic-vertebra,inferior vertebral notch of second thoracic vertebra,AS
https://purl.org/ccf/ASCTB-TEMP_base-of-fourth-middle-phalanx-of-foot,base of fourth middle phalanx of foot,AS
https://purl.org/ccf/ASCTB-TEMP_vertebral-arch-of-second-lumbar-vertebra,vertebral arch of second lumbar vertebra,AS
https://purl.org/ccf/ASCTB-TEMP_non-articular-facet-of-tubercle-of-tenth-rib,non-articular facet of tubercle of tenth rib,AS
https://purl.org/ccf/ASCTB-TEMP_lamina-of-ninth-thoracic-vertebra,lamina of ninth thoracic vertebra,AS
https://purl.org/ccf/ASCTB-TEMP_fossa-for-lacrimal-sac-of-lacrimal-bone,fossa for lacrimal sac of lacrimal bone,AS
https://purl.org/ccf/ASCTB-TEMP_acromial-end-of-clavicle,acromial end of clavicle,AS
https://purl.org/ccf/ASCTB-TEMP_pterygoid-hamulus-of-sphenoid-bone,pterygoid hamulus of sphenoid bone,AS
https://purl.org/ccf/ASCTB-TEMP_lamina-of-second-cervical-vertebra,lamina of second cervical vertebra,AS
https://purl.org/ccf/ASCTB-TEMP_inferior-articular-facet-of-tenth-thoracic-vertebra,inferior articular facet of tenth thoracic vertebra,AS
https://purl.org/ccf/ASCTB-TEMP_temporal-fossa-of-parietal-bone,temporal fossa of parietal bone,AS
https://purl.org/ccf/ASCTB-TEMP_xiphoid-process-of-sternum,xiphoid process of sternum,AS
https://purl.org/ccf/ASCTB-TEMP_inferior-articular-process-of-fourth-cervical-vertebra,inferior articular process of fourth cervical vertebra,AS
https://purl.org/ccf/ASCTB-TEMP_lateral-process-of-tuberosity-of-calcaneus,lateral process of tuberosity of calcaneus,AS
https://purl.org/ccf/ASCTB-TEMP_medial-epicondyle-of-humerus,medial epicondyle of humerus,AS
https://purl.org/ccf/ASCTB-TEMP_pecten-pubis-of-pubis-of-os-coxa,pecten pubis of pubis of os coxa,AS
https://purl.org/ccf/ASCTB-TEMP_vertebral-foramen-of-ninth-thoracic-vertebra,vertebral foramen of ninth thoracic vertebra,AS
https://purl.org/ccf/ASCTB-TEMP_spinous-process-of-first-lumbar-vertebra,spinous process of first lumbar vertebra,AS
https://purl.org/ccf/ASCTB-TEMP_superior-articular-facet-of-seventh-cervical-vertebra,superior articular facet of seventh cervical vertebra,AS
https://purl.org/ccf/ASCTB-TEMP_styloid-process-of-radius,styloid process of radius,AS
https://purl.org/ccf/ASCTB-TEMP_frontal-crest-of-frontal-bone,frontal crest of frontal bone,AS
https://purl.org/ccf/ASCTB-TEMP_inferior-articular-facet-of-third-lumbar-vertebra,inferior articular facet of third lumbar vertebra,AS
https://purl.org/ccf/ASCTB-TEMP_mastoid-process-of-mastoid-part-of-temporal-bone,mastoid process of mastoid part of temporal bone,AS
https://purl.org/ccf/ASCTB-TEMP_vertebral-body-of-second-thoracic-vertebra,vertebral body of second thoracic vertebra,AS
https://purl.org/ccf/ASCTB-TEMP_adductor-tubercle-of-femur,adductor tubercle of femur,AS
https://purl.org/ccf/ASCTB-TEMP_crest-of-head-of-ninth-rib,crest of head of ninth rib,AS
https://purl.org/ccf/ASCTB-TEMP_shaft-of-first-distal-phalanx-of-foot,shaft of first distal phalanx of foot,AS
https://purl.org/ccf/ASCTB-TEMP_inferior-articular-facet-of-second-thoracic-vertebra,inferior articular facet of second thoracic vertebra,AS
https://purl.org/ccf/ASCTB-TEMP_head-of-first-distal-phalanx-of-hand,head of first distal phalanx of hand,AS
https://purl.org/ccf/ASCTB-TEMP_superior-articular-facet-of-ninth-rib,superior articular facet of ninth rib,AS
https://purl.org/ccf/ASCTB-TEMP_groove-for-superior-sagittal-sinus-of-parietal-bone,groove for superior sagittal sinus of parietal bone,AS
https://purl.org/ccf/ASCTB-TEMP_inferior-articular-process-of-tenth-thoracic-vertebra,inferior articular process of tenth thoracic vertebra,AS
https://purl.org/ccf/ASCTB-TEMP_vertebra-prominens-of-seventh-cervical-vertebra,vertebra prominens of seventh cervical vertebra,AS
https://purl.org/ccf/ASCTB-TEMP_sternal-end-of-twelfth-rib,sternal end of twelfth rib,AS
https://purl.org/ccf/ASCTB-TEMP_superior-articular-facet-of-fifth-rib,superior articular facet of fifth rib,AS
https://purl.org/ccf/ASCTB-TEMP_inferior-articular-facet-of-sixth-thoracic-vertebra,inferior articular facet of sixth thoracic vertebra,AS
https://purl.org/ccf/ASCTB-TEMP_inferior-articular-facet-of-fourth-rib,inferior articular facet of fourth rib,AS
https://purl.org/ccf/ASCTB-TEMP_transverse-foramen-of-fifth-cervical-vertebra,transverse foramen of fifth cervical vertebra,AS
https://purl.org/ccf/ASCTB-TEMP_trochanteric-fossa-of-femur,trochanteric fossa of femur,AS
https://purl.org/ccf/ASCTB-TEMP_pedicle-of-fifth-cervical-vertebra,pedicle of fifth cervical vertebra,AS
https://purl.org/ccf/ASCTB-TEMP_lesser-cornu-of-hyoid-bone,lesser cornu of hyoid bone,AS
https://purl.org/ccf/ASCTB-TEMP_tubercle-of-seventh-rib,tubercle of seventh rib,AS
https://purl.org/ccf/ASCTB-TEMP_ethmoidal-air-cells-of-ethmoid-bone,ethmoidal air cells of ethmoid bone,AS
https://purl.org/ccf/ASCTB-TEMP_postglenoid-tubercle-of-squamous-part-of-temporal-bone,postglenoid tubercle of squamous part of temporal bone,AS
https://purl.org/ccf/ASCTB-TEMP_head-of-second-metatarsal-bone,head of second metatarsal bone,AS
https://purl.org/ccf/ASCTB-TEMP_vertebral-foramen-of-fourth-thoracic-vertebra,vertebral foramen of fourth thoracic vertebra,AS
https://purl.org/ccf/ASCTB-TEMP_vertebral-body-of-seventh-cervical-vertebra,vertebral body of seventh cervical vertebra,AS
https://purl.org/ccf/ASCTB-TEMP_lamina-of-tenth-thoracic-vertebra,lamina of tenth thoracic vertebra,AS
https://purl.org/ccf/ASCTB-TEMP_pedicle-of-second-cervical-vertebra,pedicle of second cervical vertebra,AS
https://purl.org/ccf/ASCTB-TEMP_base-of-second-middle-phalanx-of-foot,base of second middle phalanx of foot,AS
https://purl.org/ccf/ASCTB-TEMP_crest-of-head-of-fifth-rib,crest of head of fifth rib,AS
https://purl.org/ccf/ASCTB-TEMP_inferior-articular-facet-of-second-rib,inferior articular facet of second rib,AS
https://purl.org/ccf/ASCTB-TEMP_superior-vertebral-notch-of-eleventh-thoracic-vertebra,superior vertebral notch of eleventh thoracic vertebra,AS
https://purl.org/ccf/ASCTB-TEMP_shaft-of-clavicle,shaft of clavicle,AS
https://purl.org/ccf/ASCTB-TEMP_orbital-surface-of-frontal-bone,orbital surface of frontal bone,AS
https://purl.org/ccf/ASCTB-TEMP_superior-articular-process-of-tenth-thoracic-vertebra,superior articular process of tenth thoracic vertebra,AS
https://purl.org/ccf/ASCTB-TEMP_shaft-of-third-middle-phalanx-of-foot,shaft of third middle phalanx of foot,AS
https://purl.org/ccf/ASCTB-TEMP_spinous-process-of-fourth-lumbar-vertebra,spinous process of fourth lumbar vertebra,AS
https://purl.org/ccf/ASCTB-TEMP_shaft-of-fifth-distal-phalanx-of-foot,shaft of fifth distal phalanx of foot,AS
https://purl.org/ccf/ASCTB-TEMP_vertebral-body-of-first-lumbar-vertebra,vertebral body of first lumbar vertebra,AS
https://purl.org/ccf/ASCTB-TEMP_spinous-process-of-second-cervical-vertebra,spinous process of second cervical vertebra,AS
https://purl.org/ccf/ASCTB-TEMP_head-of-fourth-distal-phalanx-of-hand,head of fourth distal phalanx of hand,AS
https://purl.org/ccf/ASCTB-TEMP_sternal-body-of-sternum,sternal body of sternum,AS
https://purl.org/ccf/ASCTB-TEMP_inferior-articular-process-of-first-cervical-vertebra,inferior articular process of first cervical vertebra,AS
https://purl.org/ccf/ASCTB-TEMP_greater-tubercle-of-humerus,greater tubercle of humerus,AS
https://purl.org/ccf/ASCTB-TEMP_pedicle-of-seventh-cervical-vertebra,pedicle of seventh cervical vertebra,AS
https://purl.org/ccf/ASCTB-TEMP_vertebral-arch-of-second-cervical-vertebra,vertebral arch of second cervical vertebra,AS
https://purl.org/ccf/ASCTB-TEMP_external-auditory-meatus-of-squamous-part-of-temporal-bone,external auditory meatus of squamous part of temporal bone,AS
https://purl.org/ccf/ASCTB-TEMP_base-of-fourth-middle-phalanx-of-hand,base of fourth middle phalanx of hand,AS
https://purl.org/ccf/ASCTB-TEMP_mastoid-foramen-of-mastoid-part-of-temporal-bone,mastoid foramen of mastoid part of temporal bone,AS
https://purl.org/ccf/ASCTB-TEMP_angle-of-first-rib,angle of first rib,AS
https://purl.org/ccf/ASCTB-TEMP_sternal-end-of-ninth-rib,sternal end of ninth rib,AS
https://purl.org/ccf/ASCTB-TEMP_pedicle-of-first-cervical-vertebra,pedicle of first cervical vertebra,AS
https://purl.org/ccf/ASCTB-TEMP_costal-groove-of-eighth-rib,costal groove of eighth rib,AS
https://purl.org/ccf/ASCTB-TEMP_vertebral-body-of-eleventh-thoracic-vertebra,vertebral body of eleventh thoracic vertebra,AS
https://purl.org/ccf/ASCTB-TEMP_transverse-process-of-second-thoracic-vertebra,transverse process of second thoracic vertebra,AS
https://purl.org/ccf/ASCTB-TEMP_mandibular-notch-of-mandible,mandibular notch of mandible,AS
https://purl.org/ccf/ASCTB-TEMP_styloid-process-of-petrous-part-of-temporal-bone,styloid process of petrous part of temporal bone,AS
https://purl.org/ccf/ASCTB-TEMP_transverse-process-of-ninth-thoracic-vertebra,transverse process of ninth thoracic vertebra,AS
https://purl.org/ccf/ASCTB-TEMP_base-of-first-proximal-phalanx-of-hand,base of first proximal phalanx of hand,AS
https://purl.org/ccf/ASCTB-TEMP_head-of-twelfth-rib,head of twelfth rib,AS
https://purl.org/ccf/ASCTB-TEMP_non-articular-facet-of-tubercle-of-ninth-rib,non-articular facet of tubercle of ninth rib,AS
https://purl.org/ccf/ASCTB-TEMP_lateral-process-of-talus,lateral process of talus,AS
https://purl.org/ccf/ASCTB-TEMP_gluteal-surface-of-ilium-of-os-coxa,gluteal surface of ilium of os coxa,AS
https://purl.org/ccf/ASCTB-TEMP_body-of-first-rib,body of first rib,AS
https://purl.org/ccf/ASCTB-TEMP_trochlea-of-talus,trochlea of talus,AS
https://purl.org/ccf/ASCTB-TEMP_head-of-sixth-rib,head of sixth rib,AS
https://purl.org/ccf/ASCTB-TEMP_head-of-third-proximal-phalanx-of-hand,head of third proximal phalanx of hand,AS
https://purl.org/ccf/ASCTB-TEMP_vertebral-foramen-of-third-thoracic-vertebra,vertebral foramen of third thoracic vertebra,AS
https://purl.org/ccf/ASCTB-TEMP_jugular-notch-of-sternum,jugular notch of sternum,AS
https://purl.org/ccf/ASCTB-TEMP_shaft-of-second-distal-phalanx-of-foot,shaft of second distal phalanx of foot,AS
https://purl.org/ccf/ASCTB-TEMP_lamina-of-fourth-lumbar-vertebra,lamina of fourth lumbar vertebra,AS
https://purl.org/ccf/ASCTB-TEMP_transverse-process-of-sixth-cervical-vertebra,transverse process of sixth cervical vertebra,AS
https://purl.org/ccf/ASCTB-TEMP_angle-of-fourth-rib,angle of fourth rib,AS
https://purl.org/ccf/ASCTB-TEMP_mylohyoid-groove-of-mandible,mylohyoid groove of mandible,AS
https://purl.org/ccf/ASCTB-TEMP_median-sacral-crest-of-sacrum,median sacral crest of sacrum,AS
https://purl.org/ccf/ASCTB-TEMP_facet-of-first-rib,facet of first rib,AS
https://purl.org/ccf/ASCTB-TEMP_shaft-of-third-distal-phalanx-of-hand,shaft of third distal phalanx of hand,AS
https://purl.org/ccf/ASCTB-TEMP_base-of-second-metatarsal-bone,base of second metatarsal bone,AS
https://purl.org/ccf/ASCTB-TEMP_superior-articular-process-of-second-cervical-vertebra,superior articular process of second cervical vertebra,AS
https://purl.org/ccf/ASCTB-TEMP_sternal-region-bone,sternal region bone,AS
https://purl.org/ccf/ASCTB-TEMP_coronoid-process-of-mandible,coronoid process of mandible,AS
https://purl.org/ccf/ASCTB-TEMP_shaft-of-fifth-proximal-phalanx-of-foot,shaft of fifth proximal phalanx of foot,AS
http://purl.org/sig/ont/fma/fma323951,preaortic lymph node,AS
https://purl.org/ccf/ASCTB-TEMP_lymphatic-vessel,lymphatic vessel,AS
https://purl.org/ccf/ASCTB-TEMP_ring-finger-medial-lymphatic-channel,ring finger medial lymphatic channel,AS
http://purl.org/sig/ont/fma/fma323948,axillary vein group lymph node,AS
https://purl.org/ccf/ASCTB-TEMP_index-finger-lateral-lymphatic-channel,index finger lateral lymphatic channel,AS
https://purl.org/ccf/ASCTB-TEMP_thumb-medial-lymphatic-channel,thumb medial lymphatic channel,AS
https://purl.org/ccf/ASCTB-TEMP_radial-lymphatic-channel,radial lymphatic channel,AS
https://purl.org/ccf/ASCTB-TEMP_little-finger-medial-lymphatic-channel,little finger medial lymphatic channel,AS
https://purl.org/ccf/ASCTB-TEMP_medial-lymphatic-pathway-of-upper-arm,medial lymphatic pathway of upper arm,AS
https://purl.org/ccf/ASCTB-TEMP_epitrochlear-lymph-node-2,epitrochlear lymph node #2,AS
https://purl.org/ccf/ASCTB-TEMP_subclavicular-lymph-node,subclavicular lymph node,AS
https://purl.org/ccf/ASCTB-TEMP_lateral-lymphatic-pathway-of-upper-arm,lateral lymphatic pathway of upper arm,AS
https://purl.org/ccf/ASCTB-TEMP_ring-finger-lateral-lymphatic-channel,ring finger lateral lymphatic channel,AS
https://purl.org/ccf/ASCTB-TEMP_ulnar-lymphatic-channel,ulnar lymphatic channel,AS
https://purl.org/ccf/ASCTB-TEMP_index-finger-medial-lymphatic-channel,index finger medial lymphatic channel,AS
https://purl.org/ccf/ASCTB-TEMP_lateral-lymphatic-pathway-of-upper-arm-2,lateral lymphatic pathway of upper arm #2,AS
https://purl.org/ccf/ASCTB-TEMP_middle-finger-medial-lymphatic-channel,middle finger medial lymphatic channel,AS
https://purl.org/ccf/ASCTB-TEMP_middle-finger-lateral-lymphatic-channel,middle finger lateral lymphatic channel,AS
https://purl.org/ccf/ASCTB-TEMP_kidney-lymphatic-vessel,kidney lymphatic vessel,AS
https://purl.org/ccf/ASCTB-TEMP_little-finger-lateral-lymphatic-channel,little finger lateral lymphatic channel,AS
https://purl.org/ccf/ASCTB-TEMP_white-pulp-lymphatic-vessels,white pulp lymphatic vessels,AS
https://purl.org/ccf/ASCTB-TEMP_epitrochlear-lymph-node,epitrochlear lymph node,AS
https://purl.org/ccf/ASCTB-TEMP_decidual-lymphatic-vessel,decidual lymphatic vessel,AS
https://purl.org/ccf/ASCTB-TEMP_thumb-lateral-lymphatic-channel,thumb lateral lymphatic channel,AS
https://purl.org/ccf/ASCTB-TEMP_outer-cortex,outer cortex,AS
https://purl.org/ccf/ASCTB-TEMP_inner-cortex,inner cortex,AS
https://purl.org/ccf/ASCTB-TEMP_papillary-tip-epithelium,papillary tip epithelium,AS
https://purl.org/ccf/ASCTB-TEMP_amygdaloid-complex,amygdaloid complex,AS
https://purl.org/ccf/ASCTB-TEMP_superficial-zone,superficial zone,AS
https://purl.org/ccf/ASCTB-TEMP_transitional-zone,transitional zone,AS
https://purl.org/ccf/ASCTB-TEMP_arterial-capillary,arterial capillary,AS
https://purl.org/ccf/ASCTB-TEMP_splenic-venules,splenic venules,AS
https://purl.org/ccf/ASCTB-TEMP_central-arteries,central arteries,AS
https://purl.org/ccf/ASCTB-TEMP_villous-mesenchyme,villous mesenchyme,AS
https://purl.org/ccf/ASCTB-TEMP_descending-thin-limb-of-loop-of-henle-1,descending thin limb of loop of henle 1,AS
https://purl.org/ccf/ASCTB-TEMP_descending-thin-limb-of-loop-of-henle-2,descending thin limb of loop of henle 2,AS
https://purl.org/ccf/ASCTB-TEMP_descending-thin-limb-of-loop-of-henle-3,descending thin limb of loop of henle 3,AS
http://purl.obolibrary.org/obo/UBERON_0000310,breast,AS
https://purl.org/ccf/ASCTB-TEMP_central-posterior-lower-uterine-segment,central posterior lower uterine segment,AS
https://purl.org/ccf/ASCTB-TEMP_right-posterior-fundus-of-uterus,right posterior fundus of uterus,AS
https://purl.org/ccf/ASCTB-TEMP_right-anterior-fundus-of-uterus,right anterior fundus of uterus,AS
https://purl.org/ccf/ASCTB-TEMP_left-anterior-lower-uterine-segment,left anterior lower uterine segment,AS
https://purl.org/ccf/ASCTB-TEMP_central-posterior-body-of-uterus,central posterior body of uterus,AS
https://purl.org/ccf/ASCTB-TEMP_right-posterior-lower-uterine-segment,right posterior lower uterine segment,AS
https://purl.org/ccf/ASCTB-TEMP_left-posterior-body-of-uterus,left posterior body of uterus,AS
https://purl.org/ccf/ASCTB-TEMP_central-anterior-lower-uterine-segment,central anterior lower uterine segment,AS
https://purl.org/ccf/ASCTB-TEMP_right-anterior-body-of-uterus,right anterior body of uterus,AS
https://purl.org/ccf/ASCTB-TEMP_central-anterior-body-of-uterus,central anterior body of uterus,AS
https://purl.org/ccf/ASCTB-TEMP_central-posterior-fundus-of-uterus,central posterior fundus of uterus,AS
https://purl.org/ccf/ASCTB-TEMP_left-anterior-fundus-of-uterus,left anterior fundus of uterus,AS
https://purl.org/ccf/ASCTB-TEMP_left-anterior-body-of-uterus,left anterior body of uterus,AS
https://purl.org/ccf/ASCTB-TEMP_right-posterior-body-of-uterus,right posterior body of uterus,AS
https://purl.org/ccf/ASCTB-TEMP_left-posterior-fundus-of-uterus,left posterior fundus of uterus,AS
https://purl.org/ccf/ASCTB-TEMP_left-posterior-lower-uterine-segment,left posterior lower uterine segment,AS
https://purl.org/ccf/ASCTB-TEMP_right-anterior-lower-uterine-segment,right anterior lower uterine segment,AS
https://purl.org/ccf/ASCTB-TEMP_central-anterior-fundus-of-uterus,central anterior fundus of uterus,AS
http://purl.obolibrary.org/obo/UBERON_0001911,mammary gland,AS
https://purl.org/ccf/ASCTB-TEMP_ventricle-of-forebrain,ventricle of forebrain,AS
https://purl.org/ccf/ASCTB-TEMP_inferior-parietal-lobule,inferior parietal lobule,AS
https://purl.org/ccf/ASCTB-TEMP_transverse-temporal-gyrus-heschl-s-gyrus-,transverse temporal gyrus (heschl's gyrus),AS
https://purl.org/ccf/ASCTB-TEMP_proximal-tibia,proximal tibia,AS
https://purl.org/ccf/ASCTB-TEMP_mucosa-of-fallopian-tube-isthmus,mucosa of fallopian tube isthmus,AS
https://purl.org/ccf/ASCTB-TEMP_mucosa-of-fallopian-tube-fimbria,mucosa of fallopian tube fimbria,AS
https://purl.org/ccf/ASCTB-TEMP_mucosa-of-fallopian-tube-ampulla,mucosa of fallopian tube ampulla,AS
https://purl.org/ccf/ASCTB-TEMP_mucosa-of-fallopian-tube-intramural-segment,mucosa of fallopian tube intramural segment,AS
https://purl.org/ccf/ASCTB-TEMP_mucosa-of-fallopian-tube-infundibulum,mucosa of fallopian tube infundibulum,AS
https://purl.org/ccf/ASCTB-TEMP_proximal-fibula,proximal fibula,AS
http://purl.org/sig/ont/fma/fma323217,corpus atretica,AS
https://purl.org/ccf/ASCTB-TEMP_amygdalohippocampal-area,amygdalohippocampal area,AS
https://purl.org/ccf/ASCTB-TEMP_anterior-amygdalar-area,anterior amygdalar area,AS
https://purl.org/ccf/ASCTB-TEMP_anterior-cortical-nucleus,anterior cortical nucleus,AS
https://purl.org/ccf/ASCTB-TEMP_anterior-nuclear-complex,anterior nuclear complex,AS
https://purl.org/ccf/ASCTB-TEMP_atrium-of-lateral-ventricle,atrium of lateral ventricle,AS
https://purl.org/ccf/ASCTB-TEMP_intramural-segment-of-fallopian-tube,intramural segment of fallopian tube,AS
https://purl.org/ccf/ASCTB-TEMP_lamina-propria-of-fallopian-tube-fimbria,lamina propria of fallopian tube fimbria,AS
https://purl.org/ccf/ASCTB-TEMP_lamina-propria-fallopian-tube-ampulla,lamina propria fallopian tube ampulla,AS
https://purl.org/ccf/ASCTB-TEMP_lamina-propria-of-fallopian-tube-infundibulum,lamina propria of fallopian tube infundibulum,AS
https://purl.org/ccf/ASCTB-TEMP_lamina-propria-of-fallopian-tube-isthmus,lamina propria of fallopian tube isthmus,AS
https://purl.org/ccf/ASCTB-TEMP_lower-uterine-segment,lower uterine segment,AS
https://purl.org/ccf/ASCTB-TEMP_lamina-propria-of-fallopian-tube-intramural-segment,lamina propria of fallopian tube intramural segment,AS
https://purl.org/ccf/ASCTB-TEMP_basement-membrane-of-fallopian-tube-ampulla,basement membrane of fallopian tube ampulla,AS
https://purl.org/ccf/ASCTB-TEMP_wall-of-fallopian-tube-ampulla,wall of fallopian tube ampulla,AS
https://purl.org/ccf/ASCTB-TEMP_basement-membrane-of-fallopian-tube-infundibulum,basement membrane of fallopian tube infundibulum,AS
https://purl.org/ccf/ASCTB-TEMP_wall-of-fallopian-tube-infundibulum,wall of fallopian tube infundibulum,AS
https://purl.org/ccf/ASCTB-TEMP_basement-membrane-of-fallopian-tube-intramural-segment,basement membrane of fallopian tube intramural segment,AS
https://purl.org/ccf/ASCTB-TEMP_wall-of-fallopian-tube-intramural-segment,wall of fallopian tube intramural segment,AS
https://purl.org/ccf/ASCTB-TEMP_basement-membrane-of-fallopian-tube-isthmus,basement membrane of fallopian tube isthmus,AS
https://purl.org/ccf/ASCTB-TEMP_wall-of-fallopian-tube-isthmus,wall of fallopian tube isthmus,AS
https://purl.org/ccf/ASCTB-TEMP_basolateral-nucleus,basolateral nucleus,AS
https://purl.org/ccf/ASCTB-TEMP_basomedial-nucleus,basomedial nucleus,AS
https://purl.org/ccf/ASCTB-TEMP_bed-nucleus-of-stria-terminalis,bed nucleus of stria terminalis,AS
https://purl.org/ccf/ASCTB-TEMP_body-of-hippocampus,body of hippocampus,AS
https://purl.org/ccf/ASCTB-TEMP_caudate-nucleus,caudate nucleus,AS
https://purl.org/ccf/ASCTB-TEMP_central-nuclear-group,central nuclear group,AS
https://purl.org/ccf/ASCTB-TEMP_centromedian-nucleus,centromedian nucleus,AS
https://purl.org/ccf/ASCTB-TEMP_cerebellar-deep-nuclei,cerebellar deep nuclei,AS
https://purl.org/ccf/ASCTB-TEMP_cervical-mucosa,cervical mucosa,AS
https://purl.org/ccf/ASCTB-TEMP_cervical-os,cervical os,AS
https://purl.org/ccf/ASCTB-TEMP_cervical-squamo-columnar-junction,cervical squamo-columnar junction,AS
https://purl.org/ccf/ASCTB-TEMP_plica-of-fallopian-tube-intramural-segment,plica of fallopian tube intramural segment,AS
https://purl.org/ccf/ASCTB-TEMP_plica-of-fallopian-tube-infundibulum,plica of fallopian tube infundibulum,AS
https://purl.org/ccf/ASCTB-TEMP_plica-of-fallopian-tube-ampulla,plica of fallopian tube ampulla,AS
https://purl.org/ccf/ASCTB-TEMP_plica-of-fallopian-tube-isthmus,plica of fallopian tube isthmus,AS
https://purl.org/ccf/ASCTB-TEMP_cingulate-gyrus-retrospleninal-part,"cingulate gyrus, retrospleninal part",AS
https://purl.org/ccf/ASCTB-TEMP_columnar-cell-of-endocervix,columnar cell of endocervix,AS
https://purl.org/ccf/ASCTB-TEMP_conjuctival-epithelium,conjuctival epithelium,AS
https://purl.org/ccf/ASCTB-TEMP_connective-tissue-of-the-uterine-serosa,connective tissue of the uterine serosa,AS
https://purl.org/ccf/ASCTB-TEMP_corpus-callosum-midline-portion-,corpus callosum (midline portion),AS
https://purl.org/ccf/ASCTB-TEMP_cortical-blood-vessels,cortical blood vessels,AS
https://purl.org/ccf/ASCTB-TEMP_ectocervical-epithelium,ectocervical epithelium,AS
https://purl.org/ccf/ASCTB-TEMP_ectocervical-stroma,ectocervical stroma,AS
https://purl.org/ccf/ASCTB-TEMP_endocervical-stroma,endocervical stroma,AS
https://purl.org/ccf/ASCTB-TEMP_endoethlial,endoethlial,AS
https://purl.org/ccf/ASCTB-TEMP_vasculature-of-fallopian-tube-ampulla,vasculature of fallopian tube ampulla,AS
https://purl.org/ccf/ASCTB-TEMP_vasculature-of-fallopian-tube-isthmus,vasculature of fallopian tube isthmus,AS
https://purl.org/ccf/ASCTB-TEMP_vasculature-of-fallopian-tube-fimbria,vasculature of fallopian tube fimbria,AS
https://purl.org/ccf/ASCTB-TEMP_vasculature-of-fallopian-tube-infundibulum,vasculature of fallopian tube infundibulum,AS
https://purl.org/ccf/ASCTB-TEMP_vasculature-of-fallopian-tube-intramural-segment,vasculature of fallopian tube intramural segment,AS
https://purl.org/ccf/ASCTB-TEMP_mesothelium-of-mesosalpinx,mesothelium of mesosalpinx,AS
https://purl.org/ccf/ASCTB-TEMP_external-cervical-os,external cervical os,AS
https://purl.org/ccf/ASCTB-TEMP_fluid-of-fallopian-tube-ampulla,fluid of fallopian tube ampulla,AS
https://purl.org/ccf/ASCTB-TEMP_fluid-of-fallopian-tube-fimbria,fluid of fallopian tube fimbria,AS
https://purl.org/ccf/ASCTB-TEMP_fluid-of-fallopian-tube-infundibulum,fluid of fallopian tube infundibulum,AS
https://purl.org/ccf/ASCTB-TEMP_fluid-of-fallopian-tube-intramural-segment,fluid of fallopian tube intramural segment,AS
https://purl.org/ccf/ASCTB-TEMP_fluid-of-fallopian-tube-isthmus,fluid of fallopian tube isthmus,AS
https://purl.org/ccf/ASCTB-TEMP_frontomarginal-gyrus,frontomarginal gyrus,AS
https://purl.org/ccf/ASCTB-TEMP_habenular-nuclei,habenular nuclei,AS
https://purl.org/ccf/ASCTB-TEMP_head-of-hippocampus,head of hippocampus,AS
https://purl.org/ccf/ASCTB-TEMP_inferior-olive,inferior olive,AS
https://purl.org/ccf/ASCTB-TEMP_inferior-uterine-vein,inferior uterine vein,AS
https://purl.org/ccf/ASCTB-TEMP_inner-muscle-layer-of-fallopian-tube-ampulla,inner muscle layer of fallopian tube ampulla,AS
https://purl.org/ccf/ASCTB-TEMP_muscle-layer-of-oviduct-ampulla,muscle layer of oviduct ampulla,AS
https://purl.org/ccf/ASCTB-TEMP_inner-muscle-layer-of-fallopian-tube-infundibulum,inner muscle layer of fallopian tube infundibulum,AS
https://purl.org/ccf/ASCTB-TEMP_muscle-layer-of-oviduct-infundibulum,muscle layer of oviduct infundibulum,AS
https://purl.org/ccf/ASCTB-TEMP_inner-muscle-layer-of-fallopian-tube-intramural-segment,inner muscle layer of fallopian tube intramural segment,AS
https://purl.org/ccf/ASCTB-TEMP_muscle-layer-of-oviduct-intramural-segment,muscle layer of oviduct intramural segment,AS
https://purl.org/ccf/ASCTB-TEMP_inner-muscle-layer-of-fallopian-tube-isthmus,inner muscle layer of fallopian tube isthmus,AS
https://purl.org/ccf/ASCTB-TEMP_muscle-layer-of-oviduct-isthmus,muscle layer of oviduct isthmus,AS
https://purl.org/ccf/ASCTB-TEMP_inner-uterine-myometrium,inner uterine myometrium,AS
https://purl.org/ccf/ASCTB-TEMP_internal-capsule,internal capsule,AS
https://purl.org/ccf/ASCTB-TEMP_internal-cervical-os,internal cervical os,AS
https://purl.org/ccf/ASCTB-TEMP_lateral-geniculate-nuclei,lateral geniculate nuclei,AS
https://purl.org/ccf/ASCTB-TEMP_lateral-hemisphere-of-cerebellum,lateral hemisphere of cerebellum,AS
https://purl.org/ccf/ASCTB-TEMP_lateral-nucleus,lateral nucleus,AS
https://purl.org/ccf/ASCTB-TEMP_lateral-posterior-nucleus,lateral posterior nucleus,AS
https://purl.org/ccf/ASCTB-TEMP_lymphatic,lymphatic,AS
https://purl.org/ccf/ASCTB-TEMP_lymphatic-of-mesosalpinx,lymphatic of mesosalpinx,AS
https://purl.org/ccf/ASCTB-TEMP_serous-membrane-lining-of-mesosalpinx,serous membrane lining of mesosalpinx,AS
https://purl.org/ccf/ASCTB-TEMP_mammillary-nucleus,mammillary nucleus,AS
https://purl.org/ccf/ASCTB-TEMP_mammillary-region,mammillary region,AS
https://purl.org/ccf/ASCTB-TEMP_mammillothalamic-tract,mammillothalamic tract,AS
https://purl.org/ccf/ASCTB-TEMP_matrisome,matrisome,AS
https://purl.org/ccf/ASCTB-TEMP_medial-geniculate-nuclei,medial geniculate nuclei,AS
https://purl.org/ccf/ASCTB-TEMP_medial-nucleus,medial nucleus,AS
https://purl.org/ccf/ASCTB-TEMP_mediodorsal-nucleus-of-thalamus,mediodorsal nucleus of thalamus,AS
https://purl.org/ccf/ASCTB-TEMP_mesothelium-of-the-uterine-serosa,mesothelium of the uterine serosa,AS
https://purl.org/ccf/ASCTB-TEMP_middle-muscle-layer-of-fallopian-tube-ampulla,middle muscle layer of fallopian tube ampulla,AS
https://purl.org/ccf/ASCTB-TEMP_middle-muscle-layer-of-fallopian-tube-infundibulum,middle muscle layer of fallopian tube infundibulum,AS
https://purl.org/ccf/ASCTB-TEMP_middle-muscle-layer-of-fallopian-tube-intramural-segment,middle muscle layer of fallopian tube intramural segment,AS
https://purl.org/ccf/ASCTB-TEMP_middle-muscle-layer-of-fallopian-tube-isthmus,middle muscle layer of fallopian tube isthmus,AS
https://purl.org/ccf/ASCTB-TEMP_midline-nuclear-complex,midline nuclear complex,AS
https://purl.org/ccf/ASCTB-TEMP_mucleus-accumbens,mucleus accumbens,AS
https://purl.org/ccf/ASCTB-TEMP_submucosal-plexus-of-meissner,submucosal plexus of meissner,AS
https://purl.org/ccf/ASCTB-TEMP_muscularis-mucosa,muscularis mucosa,AS
https://purl.org/ccf/ASCTB-TEMP_myenteric-plexus-of-auerbach,myenteric plexus of auerbach,AS
https://purl.org/ccf/ASCTB-TEMP_muscularis-propria,muscularis propria,AS
https://purl.org/ccf/ASCTB-TEMP_nerve-of-fallopian-tube-ampulla,nerve of fallopian tube ampulla,AS
https://purl.org/ccf/ASCTB-TEMP_nerve-of-fallopian-tube-fimbria,nerve of fallopian tube fimbria,AS
https://purl.org/ccf/ASCTB-TEMP_nerve-of-fallopian-tube-infundibulum,nerve of fallopian tube infundibulum,AS
https://purl.org/ccf/ASCTB-TEMP_nerve-of-fallopian-tube-intramural-segment,nerve of fallopian tube intramural segment,AS
https://purl.org/ccf/ASCTB-TEMP_nerve-of-fallopian-tube-isthmus,nerve of fallopian tube isthmus,AS
https://purl.org/ccf/ASCTB-TEMP_nerve-of-mesosalpinx,nerve of mesosalpinx,AS
https://purl.org/ccf/ASCTB-TEMP_nerves,nerves,AS
https://purl.org/ccf/ASCTB-TEMP_occipitoparietal-transition-region,occipitoparietal transition region,AS
https://purl.org/ccf/ASCTB-TEMP_occipitotemporal-fusiform-gyrus-occipital-part,"occipitotemporal (fusiform) gyrus, occipital part",AS
https://purl.org/ccf/ASCTB-TEMP_occipitotemporal-transition-region,occipitotemporal transition region,AS
https://purl.org/ccf/ASCTB-TEMP_outer-muscle-layer-of-fallopian-tube-ampulla,outer muscle layer of fallopian tube ampulla,AS
https://purl.org/ccf/ASCTB-TEMP_outer-muscle-layer-of-fallopian-tube-infundibulum,outer muscle layer of fallopian tube infundibulum,AS
https://purl.org/ccf/ASCTB-TEMP_outer-muscle-layer-of-fallopian-tube-intramural-segment,outer muscle layer of fallopian tube intramural segment,AS
https://purl.org/ccf/ASCTB-TEMP_outer-muscle-layer-of-fallopian-tube-isthmus,outer muscle layer of fallopian tube isthmus,AS
https://purl.org/ccf/ASCTB-TEMP_outer-uterine-myometrium,outer uterine myometrium,AS
https://purl.org/ccf/ASCTB-TEMP_ovarian-corticomedullary-junction,ovarian corticomedullary junction,AS
https://purl.org/ccf/ASCTB-TEMP_ovarian-medullary-vasculature,ovarian medullary vasculature,AS
https://purl.org/ccf/ASCTB-TEMP_paracentral-lobule-caudal-part,"paracentral lobule, caudal part",AS
https://purl.org/ccf/ASCTB-TEMP_parafascicular-nucleus,parafascicular nucleus,AS
https://purl.org/ccf/ASCTB-TEMP_paraventricular-nucleus-of-thalamus,paraventricular nucleus of thalamus,AS
https://purl.org/ccf/ASCTB-TEMP_paravermis-of-cerebellum,paravermis of cerebellum,AS
https://purl.org/ccf/ASCTB-TEMP_perirhinal-lobule,perirhinal lobule,AS
https://purl.org/ccf/ASCTB-TEMP_posterior-cortical-nucleus,posterior cortical nucleus,AS
https://purl.org/ccf/ASCTB-TEMP_pulvinar-of-thalamus,pulvinar of thalamus,AS
https://purl.org/ccf/ASCTB-TEMP_subchondral-bone,subchondral bone,AS
https://purl.org/ccf/ASCTB-TEMP_ring-fiber,ring fiber,AS
https://purl.org/ccf/ASCTB-TEMP_reticular-formation-of-thalamus,reticular formation of thalamus,AS
https://purl.org/ccf/ASCTB-TEMP_reunions-nucleus-of-thalamus,reunions nucleus of thalamus,AS
https://purl.org/ccf/ASCTB-TEMP_septal-nuclei,septal nuclei,AS
https://purl.org/ccf/ASCTB-TEMP_serosa-of-fallopian-tube-ampulla,serosa of fallopian tube ampulla,AS
https://purl.org/ccf/ASCTB-TEMP_serosa-of-fallopian-tube-infundibulum,serosa of fallopian tube infundibulum,AS
https://purl.org/ccf/ASCTB-TEMP_serosa-of-fallopian-tube-intramural-segment,serosa of fallopian tube intramural segment,AS
https://purl.org/ccf/ASCTB-TEMP_serosa-of-fallopian-tube-isthmus,serosa of fallopian tube isthmus,AS
https://purl.org/ccf/ASCTB-TEMP_splenic-red-pulp-stroma,splenic red pulp stroma,AS
https://purl.org/ccf/ASCTB-TEMP_subcapsule,subcapsule,AS
https://purl.org/ccf/ASCTB-TEMP_subicular-complex,subicular complex,AS
https://purl.org/ccf/ASCTB-TEMP_subthalamic-nucleus-subthalamus-,subthalamic nucleus (subthalamus),AS
https://purl.org/ccf/ASCTB-TEMP_superior-uterine-vein,superior uterine vein,AS
https://purl.org/ccf/ASCTB-TEMP_supraoptic-region,supraoptic region,AS
https://purl.org/ccf/ASCTB-TEMP_supraparietal-lobule,supraparietal lobule,AS
https://purl.org/ccf/ASCTB-TEMP_tuberal-region,tuberal region,AS
https://purl.org/ccf/ASCTB-TEMP_uncus-of-parahippocampal-gyrus,uncus of parahippocampal gyrus,AS
https://purl.org/ccf/ASCTB-TEMP_ureter-vasculature,ureter vasculature,AS
https://purl.org/ccf/ASCTB-TEMP_vasculature-of-mesosalpinx,vasculature of mesosalpinx,AS
https://purl.org/ccf/ASCTB-TEMP_ventral-anterior-nucleus,ventral anterior nucleus,AS
https://purl.org/ccf/ASCTB-TEMP_ventral-lateral-nucleus,ventral lateral nucleus,AS
https://purl.org/ccf/ASCTB-TEMP_ventral-posterior-lateral-nucleus,ventral posterior lateral nucleus,AS
https://purl.org/ccf/ASCTB-TEMP_ventral-posterior-medial-nucleus,ventral posterior medial nucleus,AS
