country,organ,year,author_count
AD,knee,2022,1
AD,liver,2022,1
AE,bone marrow,2020,2
AE,bone marrow,2021,5
AE,bone marrow,2023,2
AE,brain,2015,3
AE,brain,2017,3
AE,brain,2018,5
AE,brain,2019,7
AE,brain,2020,18
AE,brain,2021,34
AE,brain,2022,33
AE,brain,2023,10
AE,eye,2014,1
AE,eye,2015,1
AE,eye,2017,1
AE,eye,2018,1
AE,eye,2019,5
AE,eye,2020,7
AE,eye,2021,5
AE,eye,2022,9
AE,eye,2023,1
AE,fallopian tube,2020,1
AE,heart,2017,4
AE,heart,2018,10
AE,heart,2019,8
AE,heart,2020,8
AE,heart,2021,12
AE,heart,2022,31
AE,heart,2023,8
AE,kidney,2016,3
AE,kidney,2017,1
AE,kidney,2018,6
AE,kidney,2019,10
AE,kidney,2020,14
AE,kidney,2021,10
AE,kidney,2022,14
AE,kidney,2023,3
AE,knee,2018,1
AE,knee,2020,2
AE,knee,2021,3
AE,knee,2022,3
AE,knee,2023,7
AE,liver,2014,1
AE,liver,2017,3
AE,liver,2018,17
AE,liver,2019,15
AE,liver,2020,31
AE,liver,2021,51
AE,liver,2022,73
AE,liver,2023,22
AE,lung,2016,1
AE,lung,2017,2
AE,lung,2019,3
AE,lung,2020,9
AE,lung,2021,14
AE,lung,2022,25
AE,lung,2023,3
AE,lymph node,2019,1
AE,lymph node,2020,3
AE,lymph node,2021,1
AE,lymph node,2022,2
AE,ovary,2017,1
AE,ovary,2020,1
AE,ovary,2021,1
AE,ovary,2022,5
AE,ovary,2023,3
AE,pancreas,2021,2
AE,pancreas,2022,6
AE,pelvis,2019,1
AE,pelvis,2020,1
AE,pelvis,2021,1
AE,peripheral nervous system,2018,1
AE,peripheral nervous system,2022,1
AE,placenta,2020,1
AE,placenta,2022,1
AE,prostate,2018,2
AE,prostate,2019,1
AE,prostate,2021,3
AE,prostate,2022,3
AE,skeletal,2014,2
AE,skeletal,2018,4
AE,skeletal,2019,5
AE,skeletal,2020,5
AE,skeletal,2021,9
AE,skeletal,2022,11
AE,skin,2016,1
AE,skin,2018,1
AE,skin,2019,6
AE,skin,2020,12
AE,skin,2021,6
AE,skin,2022,13
AE,skin,2023,15
AE,small intestine,2017,1
AE,small intestine,2021,1
AE,small intestine,2023,1
AE,spinal cord,2021,1
AE,spinal cord,2022,2
AE,spleen,2017,1
AE,spleen,2018,1
AE,thymus,2015,1
AE,trachea,2022,2
AE,ureter,2019,1
AE,urinary bladder,2018,2
AE,urinary bladder,2020,3
AE,urinary bladder,2021,2
AE,urinary bladder,2022,2
AE,uterus,2021,1
AE,uterus,2022,1
AE,uterus,2023,1
AF,eye,2023,1
AF,heart,2018,1
AF,kidney,2018,1
AF,kidney,2021,1
AF,liver,2018,1
AF,liver,2020,1
AF,liver,2021,2
AF,liver,2022,2
AF,lung,2018,1
AF,lung,2023,2
AF,pancreas,2020,1
AF,pancreas,2021,1
AF,prostate,2019,1
AF,skin,2021,2
AF,trachea,2022,1
AF,urinary bladder,2018,1
AF,uterus,2018,1
AG,bone marrow,2018,1
AG,brain,2019,1
AG,brain,2021,2
AG,brain,2022,2
AG,eye,2019,1
AG,eye,2021,1
AG,eye,2022,3
AG,eye,2023,1
AG,heart,2017,1
AG,heart,2018,2
AG,heart,2019,1
AG,heart,2020,2
AG,heart,2021,6
AG,heart,2022,1
AG,kidney,2017,1
AG,kidney,2018,1
AG,kidney,2019,1
AG,kidney,2020,1
AG,kidney,2021,1
AG,kidney,2022,3
AG,kidney,2023,2
AG,knee,2019,1
AG,knee,2020,3
AG,liver,2017,1
AG,liver,2020,2
AG,liver,2021,5
AG,liver,2022,5
AG,lung,2018,1
AG,lung,2019,1
AG,lung,2020,4
AG,lung,2021,2
AG,lung,2022,2
AG,lymph node,2018,1
AG,lymph node,2021,2
AG,ovary,2018,1
AG,ovary,2019,1
AG,ovary,2020,1
AG,ovary,2022,2
AG,placenta,2023,1
AG,skeletal,2019,1
AG,skeletal,2020,1
AG,skeletal,2021,1
AG,skin,2020,1
AG,skin,2021,2
AG,skin,2022,2
AG,small intestine,2018,1
AG,spinal cord,2019,1
AG,trachea,2021,1
AG,urinary bladder,2020,1
AG,urinary bladder,2021,1
AG,uterus,2021,1
AL,brain,2019,1
AL,brain,2020,1
AL,brain,2021,2
AL,heart,2021,1
AL,heart,2022,3
AL,heart,2023,1
AL,kidney,2015,1
AL,kidney,2018,1
AL,kidney,2020,1
AL,kidney,2021,1
AL,kidney,2022,2
AL,kidney,2023,1
AL,knee,2023,1
AL,liver,2018,1
AL,liver,2019,2
AL,liver,2022,2
AL,lung,2022,1
AL,muscular system,2021,1
AL,ovary,2022,1
AL,pelvis,2022,1
AL,prostate,2021,1
AL,skeletal,2021,1
AL,skin,2020,3
AL,skin,2021,1
AM,bone marrow,2021,3
AM,brain,2020,2
AM,brain,2021,3
AM,brain,2022,8
AM,brain,2023,2
AM,eye,2022,1
AM,heart,2020,3
AM,heart,2021,6
AM,heart,2022,7
AM,kidney,2022,1
AM,knee,2021,1
AM,liver,2018,1
AM,liver,2019,1
AM,liver,2020,2
AM,liver,2021,1
AM,liver,2022,1
AM,lung,2020,5
AM,lung,2021,2
AM,prostate,2023,1
AM,skeletal,2021,1
AM,skin,2019,1
AM,skin,2021,3
AM,skin,2023,6
AM,small intestine,2019,1
AM,spinal cord,2022,1
AO,heart,2017,1
AO,heart,2019,2
AO,heart,2020,1
AO,heart,2021,1
AO,heart,2022,1
AO,kidney,2021,1
AO,kidney,2022,2
AR,bone marrow,2014,3
AR,bone marrow,2016,3
AR,bone marrow,2018,3
AR,bone marrow,2019,3
AR,bone marrow,2020,4
AR,bone marrow,2022,1
AR,brain,2014,1
AR,brain,2015,1
AR,brain,2016,5
AR,brain,2017,17
AR,brain,2018,26
AR,brain,2019,33
AR,brain,2020,33
AR,brain,2021,69
AR,brain,2022,67
AR,brain,2023,10
AR,eye,2017,3
AR,eye,2018,2
AR,eye,2019,2
AR,eye,2020,6
AR,eye,2021,11
AR,eye,2022,9
AR,eye,2023,3
AR,fallopian tube,2018,1
AR,fallopian tube,2019,2
AR,fallopian tube,2020,4
AR,heart,2016,3
AR,heart,2017,6
AR,heart,2018,9
AR,heart,2019,10
AR,heart,2020,30
AR,heart,2021,50
AR,heart,2022,56
AR,heart,2023,3
AR,kidney,2016,4
AR,kidney,2017,4
AR,kidney,2018,9
AR,kidney,2019,6
AR,kidney,2020,19
AR,kidney,2021,32
AR,kidney,2022,45
AR,kidney,2023,19
AR,knee,2018,3
AR,knee,2019,2
AR,knee,2020,2
AR,knee,2021,4
AR,knee,2022,3
AR,knee,2023,2
AR,liver,2014,3
AR,liver,2016,4
AR,liver,2017,15
AR,liver,2018,23
AR,liver,2019,29
AR,liver,2020,49
AR,liver,2021,86
AR,liver,2022,100
AR,liver,2023,28
AR,lung,2017,3
AR,lung,2018,7
AR,lung,2019,23
AR,lung,2020,15
AR,lung,2021,32
AR,lung,2022,51
AR,lung,2023,5
AR,lymph node,2017,1
AR,lymph node,2018,2
AR,lymph node,2019,4
AR,lymph node,2020,4
AR,lymph node,2021,3
AR,lymph node,2022,15
AR,lymph node,2023,6
AR,ovary,2016,1
AR,ovary,2017,1
AR,ovary,2018,3
AR,ovary,2019,9
AR,ovary,2020,13
AR,ovary,2021,11
AR,ovary,2022,10
AR,pancreas,2018,1
AR,pancreas,2019,4
AR,pancreas,2020,4
AR,pancreas,2021,2
AR,pancreas,2022,4
AR,pancreas,2023,6
AR,pelvis,2017,1
AR,pelvis,2019,1
AR,pelvis,2020,1
AR,pelvis,2022,1
AR,peripheral nervous system,2019,1
AR,peripheral nervous system,2022,1
AR,peripheral nervous system,2023,1
AR,placenta,2017,2
AR,placenta,2018,5
AR,placenta,2019,2
AR,placenta,2020,5
AR,placenta,2021,8
AR,placenta,2022,12
AR,placenta,2023,5
AR,prostate,2017,2
AR,prostate,2018,2
AR,prostate,2019,7
AR,prostate,2020,6
AR,prostate,2021,14
AR,prostate,2022,10
AR,prostate,2023,2
AR,skeletal,2016,1
AR,skeletal,2017,2
AR,skeletal,2018,8
AR,skeletal,2019,3
AR,skeletal,2020,12
AR,skeletal,2021,13
AR,skeletal,2022,13
AR,skeletal,2023,6
AR,skin,2016,2
AR,skin,2017,3
AR,skin,2018,12
AR,skin,2019,14
AR,skin,2020,16
AR,skin,2021,36
AR,skin,2022,46
AR,skin,2023,9
AR,small intestine,2017,1
AR,small intestine,2019,2
AR,small intestine,2021,4
AR,small intestine,2022,2
AR,spinal cord,2014,1
AR,spinal cord,2016,1
AR,spinal cord,2017,1
AR,spinal cord,2018,1
AR,spinal cord,2019,1
AR,spinal cord,2020,7
AR,spinal cord,2021,18
AR,spinal cord,2022,9
AR,spleen,2018,2
AR,spleen,2019,2
AR,spleen,2020,1
AR,spleen,2022,1
AR,thymus,2018,1
AR,thymus,2019,4
AR,thymus,2020,1
AR,thymus,2021,1
AR,trachea,2016,1
AR,trachea,2017,1
AR,trachea,2021,2
AR,trachea,2022,6
AR,ureter,2017,1
AR,ureter,2019,1
AR,ureter,2021,7
AR,ureter,2022,1
AR,urinary bladder,2017,1
AR,urinary bladder,2018,1
AR,urinary bladder,2019,2
AR,urinary bladder,2020,2
AR,urinary bladder,2021,3
AR,urinary bladder,2022,1
AR,uterus,2016,2
AR,uterus,2017,1
AR,uterus,2020,7
AR,uterus,2021,4
AR,uterus,2022,6
AR,uterus,2023,1
AT,bone marrow,2015,2
AT,bone marrow,2016,2
AT,bone marrow,2017,7
AT,bone marrow,2018,5
AT,bone marrow,2019,15
AT,bone marrow,2020,37
AT,bone marrow,2021,26
AT,bone marrow,2022,16
AT,brain,2004,1
AT,brain,2014,5
AT,brain,2015,4
AT,brain,2016,21
AT,brain,2017,45
AT,brain,2018,102
AT,brain,2019,162
AT,brain,2020,192
AT,brain,2021,239
AT,brain,2022,275
AT,brain,2023,68
AT,eye,2014,2
AT,eye,2016,3
AT,eye,2017,8
AT,eye,2018,15
AT,eye,2019,10
AT,eye,2020,35
AT,eye,2021,44
AT,eye,2022,46
AT,eye,2023,8
AT,fallopian tube,2021,2
AT,fallopian tube,2022,1
AT,heart,2014,6
AT,heart,2015,1
AT,heart,2016,10
AT,heart,2017,23
AT,heart,2018,66
AT,heart,2019,70
AT,heart,2020,130
AT,heart,2021,161
AT,heart,2022,218
AT,heart,2023,55
AT,kidney,2014,1
AT,kidney,2015,3
AT,kidney,2016,8
AT,kidney,2017,21
AT,kidney,2018,35
AT,kidney,2019,42
AT,kidney,2020,75
AT,kidney,2021,103
AT,kidney,2022,85
AT,kidney,2023,14
AT,knee,2013,1
AT,knee,2014,8
AT,knee,2016,1
AT,knee,2017,4
AT,knee,2018,4
AT,knee,2019,12
AT,knee,2020,14
AT,knee,2021,35
AT,knee,2022,38
AT,knee,2023,13
AT,large intestine,2015,2
AT,large intestine,2018,3
AT,liver,2015,3
AT,liver,2016,7
AT,liver,2017,40
AT,liver,2018,76
AT,liver,2019,107
AT,liver,2020,149
AT,liver,2021,206
AT,liver,2022,217
AT,liver,2023,61
AT,lung,2015,1
AT,lung,2016,2
AT,lung,2017,21
AT,lung,2018,37
AT,lung,2019,64
AT,lung,2020,87
AT,lung,2021,168
AT,lung,2022,123
AT,lung,2023,18
AT,lymph node,2017,6
AT,lymph node,2018,11
AT,lymph node,2019,8
AT,lymph node,2020,18
AT,lymph node,2021,12
AT,lymph node,2022,42
AT,lymph node,2023,6
AT,muscular system,2018,1
AT,muscular system,2019,1
AT,ovary,2017,3
AT,ovary,2018,5
AT,ovary,2019,13
AT,ovary,2020,10
AT,ovary,2021,13
AT,ovary,2022,9
AT,ovary,2023,2
AT,pancreas,2017,1
AT,pancreas,2018,5
AT,pancreas,2019,2
AT,pancreas,2020,12
AT,pancreas,2021,10
AT,pancreas,2022,13
AT,pancreas,2023,1
AT,pelvis,2018,1
AT,pelvis,2019,2
AT,pelvis,2020,5
AT,pelvis,2021,8
AT,pelvis,2022,3
AT,pelvis,2023,4
AT,peripheral nervous system,2019,2
AT,peripheral nervous system,2020,1
AT,peripheral nervous system,2021,5
AT,peripheral nervous system,2022,2
AT,placenta,2014,1
AT,placenta,2015,1
AT,placenta,2016,3
AT,placenta,2017,4
AT,placenta,2018,17
AT,placenta,2019,15
AT,placenta,2020,22
AT,placenta,2021,44
AT,placenta,2022,40
AT,placenta,2023,2
AT,prostate,2016,3
AT,prostate,2017,5
AT,prostate,2018,25
AT,prostate,2019,7
AT,prostate,2020,39
AT,prostate,2021,56
AT,prostate,2022,52
AT,prostate,2023,17
AT,skeletal,2015,3
AT,skeletal,2016,6
AT,skeletal,2017,24
AT,skeletal,2018,21
AT,skeletal,2019,46
AT,skeletal,2020,60
AT,skeletal,2021,59
AT,skeletal,2022,55
AT,skeletal,2023,15
AT,skin,2014,2
AT,skin,2015,4
AT,skin,2016,7
AT,skin,2017,19
AT,skin,2018,41
AT,skin,2019,59
AT,skin,2020,96
AT,skin,2021,138
AT,skin,2022,126
AT,skin,2023,66
AT,small intestine,2018,1
AT,small intestine,2020,3
AT,small intestine,2021,3
AT,small intestine,2022,2
AT,spinal cord,2015,1
AT,spinal cord,2016,1
AT,spinal cord,2017,3
AT,spinal cord,2018,9
AT,spinal cord,2019,8
AT,spinal cord,2020,13
AT,spinal cord,2021,18
AT,spinal cord,2022,36
AT,spinal cord,2023,6
AT,spleen,2016,2
AT,spleen,2017,3
AT,spleen,2018,8
AT,spleen,2019,14
AT,spleen,2020,5
AT,spleen,2021,21
AT,spleen,2022,10
AT,thymus,2016,1
AT,thymus,2018,1
AT,thymus,2019,7
AT,thymus,2020,8
AT,thymus,2021,10
AT,thymus,2022,3
AT,trachea,2016,2
AT,trachea,2017,2
AT,trachea,2018,1
AT,trachea,2019,1
AT,trachea,2020,5
AT,trachea,2021,5
AT,trachea,2022,1
AT,trachea,2023,3
AT,ureter,2016,1
AT,ureter,2017,1
AT,ureter,2018,1
AT,ureter,2020,4
AT,ureter,2021,5
AT,ureter,2022,20
AT,ureter,2023,7
AT,urinary bladder,2017,2
AT,urinary bladder,2018,5
AT,urinary bladder,2019,4
AT,urinary bladder,2020,9
AT,urinary bladder,2021,18
AT,urinary bladder,2022,27
AT,urinary bladder,2023,11
AT,uterus,2018,3
AT,uterus,2019,6
AT,uterus,2020,5
AT,uterus,2021,4
AT,uterus,2022,5
AU,blood vasculature,2018,2
AU,blood vasculature,2023,5
AU,bone marrow,2014,2
AU,bone marrow,2015,2
AU,bone marrow,2016,13
AU,bone marrow,2017,17
AU,bone marrow,2018,49
AU,bone marrow,2019,66
AU,bone marrow,2020,53
AU,bone marrow,2021,106
AU,bone marrow,2022,65
AU,bone marrow,2023,6
AU,brain,2004,1
AU,brain,2006,1
AU,brain,2013,4
AU,brain,2014,10
AU,brain,2015,32
AU,brain,2016,86
AU,brain,2017,188
AU,brain,2018,386
AU,brain,2019,548
AU,brain,2020,697
AU,brain,2021,821
AU,brain,2022,1079
AU,brain,2023,289
AU,eye,2013,1
AU,eye,2014,2
AU,eye,2015,4
AU,eye,2016,11
AU,eye,2017,53
AU,eye,2018,93
AU,eye,2019,145
AU,eye,2020,185
AU,eye,2021,220
AU,eye,2022,257
AU,eye,2023,64
AU,fallopian tube,2017,2
AU,fallopian tube,2019,1
AU,fallopian tube,2020,7
AU,fallopian tube,2021,10
AU,fallopian tube,2022,14
AU,heart,2014,6
AU,heart,2015,15
AU,heart,2016,37
AU,heart,2017,111
AU,heart,2018,201
AU,heart,2019,316
AU,heart,2020,423
AU,heart,2021,527
AU,heart,2022,661
AU,heart,2023,158
AU,kidney,2014,3
AU,kidney,2015,3
AU,kidney,2016,28
AU,kidney,2017,72
AU,kidney,2018,130
AU,kidney,2019,243
AU,kidney,2020,315
AU,kidney,2021,357
AU,kidney,2022,432
AU,kidney,2023,120
AU,knee,2009,1
AU,knee,2015,10
AU,knee,2016,12
AU,knee,2017,32
AU,knee,2018,59
AU,knee,2019,113
AU,knee,2020,155
AU,knee,2021,154
AU,knee,2022,267
AU,knee,2023,85
AU,large intestine,2018,1
AU,large intestine,2019,2
AU,large intestine,2020,2
AU,large intestine,2021,10
AU,large intestine,2022,4
AU,liver,2013,1
AU,liver,2015,43
AU,liver,2016,81
AU,liver,2017,260
AU,liver,2018,524
AU,liver,2019,723
AU,liver,2020,1143
AU,liver,2021,1472
AU,liver,2022,1747
AU,liver,2023,457
AU,lung,2015,13
AU,lung,2016,57
AU,lung,2017,98
AU,lung,2018,204
AU,lung,2019,327
AU,lung,2020,387
AU,lung,2021,559
AU,lung,2022,534
AU,lung,2023,135
AU,lymph node,2016,7
AU,lymph node,2017,25
AU,lymph node,2018,31
AU,lymph node,2019,59
AU,lymph node,2020,68
AU,lymph node,2021,87
AU,lymph node,2022,88
AU,lymph node,2023,31
AU,lymph vasculature,2018,2
AU,lymph vasculature,2021,3
AU,lymph vasculature,2023,12
AU,muscular system,2017,1
AU,muscular system,2018,4
AU,muscular system,2019,2
AU,muscular system,2020,3
AU,muscular system,2021,5
AU,muscular system,2022,14
AU,ovary,2015,1
AU,ovary,2016,12
AU,ovary,2017,12
AU,ovary,2018,19
AU,ovary,2019,38
AU,ovary,2020,55
AU,ovary,2021,65
AU,ovary,2022,70
AU,ovary,2023,23
AU,pancreas,2016,3
AU,pancreas,2017,12
AU,pancreas,2018,10
AU,pancreas,2019,14
AU,pancreas,2020,31
AU,pancreas,2021,22
AU,pancreas,2022,34
AU,pancreas,2023,8
AU,pelvis,2016,1
AU,pelvis,2017,1
AU,pelvis,2018,8
AU,pelvis,2019,15
AU,pelvis,2020,37
AU,pelvis,2021,10
AU,pelvis,2022,33
AU,pelvis,2023,3
AU,peripheral nervous system,2017,3
AU,peripheral nervous system,2018,13
AU,peripheral nervous system,2019,17
AU,peripheral nervous system,2020,13
AU,peripheral nervous system,2021,34
AU,peripheral nervous system,2022,22
AU,peripheral nervous system,2023,4
AU,placenta,2015,7
AU,placenta,2016,7
AU,placenta,2017,43
AU,placenta,2018,40
AU,placenta,2019,48
AU,placenta,2020,72
AU,placenta,2021,126
AU,placenta,2022,131
AU,placenta,2023,25
AU,prostate,2015,1
AU,prostate,2016,9
AU,prostate,2017,38
AU,prostate,2018,99
AU,prostate,2019,169
AU,prostate,2020,170
AU,prostate,2021,272
AU,prostate,2022,268
AU,prostate,2023,86
AU,skeletal,2014,3
AU,skeletal,2015,13
AU,skeletal,2016,23
AU,skeletal,2017,104
AU,skeletal,2018,180
AU,skeletal,2019,246
AU,skeletal,2020,330
AU,skeletal,2021,461
AU,skeletal,2022,408
AU,skeletal,2023,101
AU,skin,2014,3
AU,skin,2015,14
AU,skin,2016,24
AU,skin,2017,81
AU,skin,2018,208
AU,skin,2019,293
AU,skin,2020,420
AU,skin,2021,482
AU,skin,2022,532
AU,skin,2023,120
AU,small intestine,2016,2
AU,small intestine,2017,6
AU,small intestine,2018,14
AU,small intestine,2019,19
AU,small intestine,2020,35
AU,small intestine,2021,16
AU,small intestine,2022,29
AU,small intestine,2023,4
AU,spinal cord,2011,1
AU,spinal cord,2014,1
AU,spinal cord,2015,5
AU,spinal cord,2016,9
AU,spinal cord,2017,30
AU,spinal cord,2018,43
AU,spinal cord,2019,57
AU,spinal cord,2020,76
AU,spinal cord,2021,113
AU,spinal cord,2022,141
AU,spinal cord,2023,34
AU,spleen,2014,1
AU,spleen,2015,2
AU,spleen,2016,2
AU,spleen,2017,12
AU,spleen,2018,24
AU,spleen,2019,20
AU,spleen,2020,48
AU,spleen,2021,41
AU,spleen,2022,19
AU,spleen,2023,1
AU,thymus,2016,8
AU,thymus,2017,3
AU,thymus,2018,6
AU,thymus,2019,13
AU,thymus,2020,14
AU,thymus,2021,5
AU,thymus,2022,14
AU,thymus,2023,4
AU,trachea,2015,2
AU,trachea,2016,3
AU,trachea,2017,12
AU,trachea,2018,14
AU,trachea,2019,27
AU,trachea,2020,40
AU,trachea,2021,52
AU,trachea,2022,44
AU,trachea,2023,21
AU,ureter,2016,1
AU,ureter,2017,6
AU,ureter,2018,5
AU,ureter,2019,18
AU,ureter,2020,12
AU,ureter,2021,18
AU,ureter,2022,16
AU,ureter,2023,7
AU,urinary bladder,2015,1
AU,urinary bladder,2016,1
AU,urinary bladder,2017,5
AU,urinary bladder,2018,26
AU,urinary bladder,2019,23
AU,urinary bladder,2020,33
AU,urinary bladder,2021,57
AU,urinary bladder,2022,70
AU,urinary bladder,2023,20
AU,uterus,2016,1
AU,uterus,2017,5
AU,uterus,2018,5
AU,uterus,2019,15
AU,uterus,2020,23
AU,uterus,2021,32
AU,uterus,2022,23
AU,uterus,2023,1
AZ,brain,2017,2
AZ,brain,2018,1
AZ,brain,2019,2
AZ,brain,2020,4
AZ,brain,2021,3
AZ,brain,2022,9
AZ,brain,2023,2
AZ,eye,2015,1
AZ,eye,2018,1
AZ,eye,2019,4
AZ,eye,2021,1
AZ,eye,2022,1
AZ,heart,2019,2
AZ,heart,2022,3
AZ,kidney,2019,1
AZ,kidney,2021,3
AZ,knee,2022,1
AZ,liver,2019,1
AZ,liver,2020,3
AZ,liver,2021,2
AZ,liver,2022,5
AZ,liver,2023,1
AZ,lung,2022,1
AZ,lymph node,2019,1
AZ,pancreas,2019,1
AZ,pancreas,2020,3
AZ,placenta,2020,1
AZ,placenta,2021,2
AZ,placenta,2022,1
AZ,prostate,2019,1
AZ,skeletal,2018,1
AZ,skeletal,2020,1
AZ,skeletal,2021,2
AZ,skeletal,2022,1
AZ,skin,2018,1
AZ,skin,2019,2
AZ,skin,2022,1
AZ,spinal cord,2018,1
AZ,spinal cord,2019,1
AZ,spinal cord,2020,1
AZ,spinal cord,2021,1
AZ,spinal cord,2022,1
AZ,spleen,2021,2
AZ,thymus,2022,1
AZ,trachea,2021,1
AZ,urinary bladder,2018,1
AZ,urinary bladder,2019,1
AZ,urinary bladder,2020,1
AZ,urinary bladder,2021,1
AZ,urinary bladder,2022,1
AZ,urinary bladder,2023,1
BA,bone marrow,2021,5
BA,brain,2017,2
BA,brain,2019,2
BA,brain,2021,1
BA,brain,2022,4
BA,brain,2023,1
BA,eye,2022,1
BA,heart,2020,1
BA,heart,2022,6
BA,heart,2023,2
BA,kidney,2018,1
BA,kidney,2019,2
BA,kidney,2020,1
BA,kidney,2021,4
BA,kidney,2022,7
BA,kidney,2023,3
BA,knee,2022,1
BA,liver,2016,1
BA,liver,2018,2
BA,liver,2019,1
BA,liver,2020,13
BA,liver,2021,12
BA,liver,2022,11
BA,liver,2023,1
BA,lung,2018,1
BA,lung,2021,2
BA,lung,2022,2
BA,ovary,2021,2
BA,pancreas,2022,1
BA,placenta,2022,1
BA,placenta,2023,1
BA,skeletal,2020,1
BA,skeletal,2022,2
BA,skeletal,2023,1
BA,skin,2020,1
BA,skin,2021,1
BA,skin,2022,2
BA,spleen,2020,1
BA,urinary bladder,2020,1
BA,uterus,2020,1
BA,uterus,2023,1
BB,heart,2016,1
BB,heart,2019,1
BB,heart,2022,1
BB,kidney,2020,1
BB,liver,2019,1
BB,liver,2022,7
BB,pancreas,2020,1
BB,prostate,2022,1
BB,skin,2017,1
BB,skin,2020,1
BB,skin,2022,1
BD,bone marrow,2018,1
BD,bone marrow,2019,1
BD,bone marrow,2020,2
BD,bone marrow,2021,2
BD,brain,2017,7
BD,brain,2018,3
BD,brain,2019,6
BD,brain,2020,15
BD,brain,2021,20
BD,brain,2022,32
BD,brain,2023,5
BD,eye,2018,2
BD,eye,2019,6
BD,eye,2020,6
BD,eye,2021,1
BD,eye,2022,9
BD,eye,2023,3
BD,heart,2018,2
BD,heart,2019,4
BD,heart,2020,2
BD,heart,2021,24
BD,heart,2022,12
BD,heart,2023,4
BD,kidney,2017,1
BD,kidney,2018,3
BD,kidney,2019,4
BD,kidney,2020,6
BD,kidney,2021,31
BD,kidney,2022,24
BD,kidney,2023,1
BD,knee,2019,2
BD,knee,2021,1
BD,knee,2022,8
BD,knee,2023,1
BD,liver,2017,10
BD,liver,2018,17
BD,liver,2019,20
BD,liver,2020,36
BD,liver,2021,60
BD,liver,2022,92
BD,liver,2023,10
BD,lung,2017,1
BD,lung,2018,4
BD,lung,2019,4
BD,lung,2020,10
BD,lung,2021,11
BD,lung,2022,26
BD,lung,2023,10
BD,lymph node,2020,1
BD,main bronchus,2019,1
BD,ovary,2019,2
BD,ovary,2020,1
BD,ovary,2022,3
BD,pancreas,2019,1
BD,pancreas,2021,4
BD,pancreas,2022,3
BD,pelvis,2020,1
BD,peripheral nervous system,2016,1
BD,peripheral nervous system,2018,1
BD,peripheral nervous system,2021,1
BD,placenta,2022,2
BD,prostate,2018,1
BD,prostate,2019,1
BD,prostate,2022,2
BD,prostate,2023,1
BD,skeletal,2017,1
BD,skeletal,2018,2
BD,skeletal,2020,8
BD,skeletal,2021,4
BD,skeletal,2022,7
BD,skeletal,2023,2
BD,skin,2018,1
BD,skin,2019,2
BD,skin,2020,3
BD,skin,2021,13
BD,skin,2022,25
BD,skin,2023,2
BD,small intestine,2017,1
BD,small intestine,2019,2
BD,small intestine,2023,1
BD,spinal cord,2018,2
BD,spinal cord,2020,2
BD,spinal cord,2021,2
BD,spinal cord,2022,9
BD,spinal cord,2023,3
BD,spleen,2017,1
BD,spleen,2018,1
BD,spleen,2019,1
BD,spleen,2020,1
BD,spleen,2021,1
BD,spleen,2022,2
BD,ureter,2020,1
BD,urinary bladder,2020,1
BD,urinary bladder,2022,1
BE,bone marrow,2016,1
BE,bone marrow,2017,6
BE,bone marrow,2018,7
BE,bone marrow,2019,14
BE,bone marrow,2020,21
BE,bone marrow,2021,20
BE,bone marrow,2022,7
BE,bone marrow,2023,1
BE,brain,2003,1
BE,brain,2014,5
BE,brain,2015,14
BE,brain,2016,25
BE,brain,2017,66
BE,brain,2018,151
BE,brain,2019,175
BE,brain,2020,227
BE,brain,2021,287
BE,brain,2022,348
BE,brain,2023,95
BE,eye,2015,2
BE,eye,2016,5
BE,eye,2017,15
BE,eye,2018,16
BE,eye,2019,19
BE,eye,2020,25
BE,eye,2021,51
BE,eye,2022,71
BE,eye,2023,26
BE,fallopian tube,2020,6
BE,fallopian tube,2021,3
BE,fallopian tube,2022,1
BE,heart,2015,3
BE,heart,2016,14
BE,heart,2017,48
BE,heart,2018,75
BE,heart,2019,87
BE,heart,2020,125
BE,heart,2021,205
BE,heart,2022,245
BE,heart,2023,58
BE,kidney,2014,2
BE,kidney,2015,3
BE,kidney,2016,8
BE,kidney,2017,26
BE,kidney,2018,50
BE,kidney,2019,48
BE,kidney,2020,120
BE,kidney,2021,127
BE,kidney,2022,151
BE,kidney,2023,32
BE,knee,2016,3
BE,knee,2017,8
BE,knee,2018,8
BE,knee,2019,15
BE,knee,2020,31
BE,knee,2021,32
BE,knee,2022,45
BE,knee,2023,9
BE,large intestine,2016,1
BE,large intestine,2019,4
BE,liver,2014,2
BE,liver,2015,3
BE,liver,2016,16
BE,liver,2017,45
BE,liver,2018,90
BE,liver,2019,143
BE,liver,2020,242
BE,liver,2021,274
BE,liver,2022,317
BE,liver,2023,78
BE,lung,2014,1
BE,lung,2016,8
BE,lung,2017,40
BE,lung,2018,43
BE,lung,2019,77
BE,lung,2020,139
BE,lung,2021,221
BE,lung,2022,261
BE,lung,2023,53
BE,lymph node,2014,1
BE,lymph node,2015,1
BE,lymph node,2016,4
BE,lymph node,2017,5
BE,lymph node,2018,12
BE,lymph node,2019,11
BE,lymph node,2020,31
BE,lymph node,2021,34
BE,lymph node,2022,22
BE,lymph node,2023,7
BE,muscular system,2019,1
BE,muscular system,2022,1
BE,ovary,2015,1
BE,ovary,2017,2
BE,ovary,2018,1
BE,ovary,2019,13
BE,ovary,2020,15
BE,ovary,2021,15
BE,ovary,2022,9
BE,pancreas,2017,1
BE,pancreas,2018,1
BE,pancreas,2019,8
BE,pancreas,2020,24
BE,pancreas,2021,23
BE,pancreas,2022,8
BE,pancreas,2023,1
BE,pelvis,2017,1
BE,pelvis,2019,4
BE,pelvis,2020,9
BE,pelvis,2022,4
BE,pelvis,2023,3
BE,peripheral nervous system,2019,3
BE,peripheral nervous system,2020,3
BE,peripheral nervous system,2021,7
BE,peripheral nervous system,2022,4
BE,placenta,2017,3
BE,placenta,2018,10
BE,placenta,2019,17
BE,placenta,2020,11
BE,placenta,2021,21
BE,placenta,2022,35
BE,placenta,2023,11
BE,prostate,2014,3
BE,prostate,2016,2
BE,prostate,2017,3
BE,prostate,2018,29
BE,prostate,2019,26
BE,prostate,2020,37
BE,prostate,2021,54
BE,prostate,2022,63
BE,prostate,2023,14
BE,skeletal,2014,1
BE,skeletal,2015,2
BE,skeletal,2016,10
BE,skeletal,2017,13
BE,skeletal,2018,25
BE,skeletal,2019,53
BE,skeletal,2020,69
BE,skeletal,2021,95
BE,skeletal,2022,143
BE,skeletal,2023,37
BE,skin,2014,1
BE,skin,2015,4
BE,skin,2016,6
BE,skin,2017,20
BE,skin,2018,41
BE,skin,2019,57
BE,skin,2020,96
BE,skin,2021,150
BE,skin,2022,135
BE,skin,2023,38
BE,small intestine,2016,2
BE,small intestine,2017,4
BE,small intestine,2018,3
BE,small intestine,2019,6
BE,small intestine,2020,13
BE,small intestine,2021,1
BE,small intestine,2022,8
BE,small intestine,2023,5
BE,spinal cord,2015,1
BE,spinal cord,2017,5
BE,spinal cord,2018,9
BE,spinal cord,2019,9
BE,spinal cord,2020,12
BE,spinal cord,2021,22
BE,spinal cord,2022,28
BE,spinal cord,2023,7
BE,spleen,2016,3
BE,spleen,2018,3
BE,spleen,2019,6
BE,spleen,2020,10
BE,spleen,2021,11
BE,spleen,2022,5
BE,thymus,2014,1
BE,thymus,2017,11
BE,thymus,2019,7
BE,thymus,2020,9
BE,thymus,2021,2
BE,thymus,2022,14
BE,thymus,2023,11
BE,trachea,2016,4
BE,trachea,2017,4
BE,trachea,2018,5
BE,trachea,2019,6
BE,trachea,2020,4
BE,trachea,2021,9
BE,trachea,2022,14
BE,trachea,2023,5
BE,ureter,2018,3
BE,ureter,2019,1
BE,ureter,2020,2
BE,ureter,2021,15
BE,ureter,2022,7
BE,urinary bladder,2015,2
BE,urinary bladder,2016,1
BE,urinary bladder,2017,2
BE,urinary bladder,2018,4
BE,urinary bladder,2019,12
BE,urinary bladder,2020,20
BE,urinary bladder,2021,24
BE,urinary bladder,2022,19
BE,urinary bladder,2023,3
BE,uterus,2018,4
BE,uterus,2019,2
BE,uterus,2020,3
BE,uterus,2021,3
BE,uterus,2022,4
BF,brain,2017,1
BF,heart,2021,3
BF,heart,2022,3
BF,kidney,2019,1
BF,liver,2017,2
BF,liver,2018,5
BF,liver,2019,1
BF,liver,2020,4
BF,liver,2021,6
BF,liver,2022,7
BF,liver,2023,2
BF,ovary,2018,1
BF,placenta,2018,1
BF,placenta,2021,1
BF,placenta,2022,1
BF,prostate,2017,1
BF,prostate,2018,2
BF,prostate,2020,3
BF,prostate,2021,1
BF,prostate,2022,12
BF,prostate,2023,1
BF,skin,2022,1
BF,small intestine,2022,1
BF,trachea,2021,2
BF,ureter,2021,2
BG,bone marrow,2020,5
BG,brain,2017,4
BG,brain,2018,5
BG,brain,2019,7
BG,brain,2020,12
BG,brain,2021,20
BG,brain,2022,18
BG,brain,2023,7
BG,eye,2014,1
BG,eye,2015,1
BG,eye,2017,3
BG,eye,2019,2
BG,eye,2020,1
BG,eye,2021,5
BG,eye,2022,3
BG,heart,2018,5
BG,heart,2019,1
BG,heart,2020,7
BG,heart,2021,10
BG,heart,2022,11
BG,heart,2023,2
BG,kidney,2018,1
BG,kidney,2019,2
BG,kidney,2020,12
BG,kidney,2021,6
BG,kidney,2022,8
BG,kidney,2023,1
BG,knee,2018,1
BG,knee,2019,4
BG,knee,2020,1
BG,knee,2021,3
BG,knee,2022,2
BG,large intestine,2017,1
BG,liver,2014,4
BG,liver,2018,5
BG,liver,2019,4
BG,liver,2020,12
BG,liver,2021,33
BG,liver,2022,32
BG,liver,2023,12
BG,lung,2019,1
BG,lung,2020,7
BG,lung,2021,3
BG,lung,2022,15
BG,lung,2023,4
BG,lymph node,2020,6
BG,lymph node,2022,2
BG,lymph node,2023,4
BG,ovary,2020,2
BG,ovary,2021,7
BG,ovary,2022,5
BG,pancreas,2020,1
BG,pancreas,2021,9
BG,pelvis,2021,3
BG,peripheral nervous system,2019,1
BG,placenta,2018,2
BG,placenta,2021,4
BG,placenta,2022,4
BG,placenta,2023,2
BG,prostate,2017,1
BG,prostate,2019,1
BG,prostate,2020,1
BG,prostate,2021,2
BG,prostate,2022,1
BG,prostate,2023,4
BG,skeletal,2018,3
BG,skeletal,2020,5
BG,skeletal,2021,5
BG,skeletal,2022,3
BG,skin,2016,2
BG,skin,2017,2
BG,skin,2018,2
BG,skin,2019,5
BG,skin,2020,9
BG,skin,2021,20
BG,skin,2022,14
BG,skin,2023,1
BG,small intestine,2019,1
BG,small intestine,2020,1
BG,small intestine,2022,1
BG,spinal cord,2021,1
BG,spinal cord,2022,1
BG,spleen,2019,1
BG,spleen,2020,1
BG,spleen,2021,5
BG,thymus,2022,3
BG,trachea,2020,1
BG,trachea,2022,1
BG,ureter,2019,1
BG,uterus,2018,2
BG,uterus,2020,3
BG,uterus,2022,1
BH,brain,2017,2
BH,brain,2018,6
BH,brain,2021,2
BH,brain,2022,1
BH,eye,2020,2
BH,eye,2023,1
BH,heart,2015,1
BH,heart,2016,1
BH,heart,2017,1
BH,heart,2018,2
BH,heart,2021,1
BH,heart,2023,1
BH,kidney,2016,1
BH,kidney,2017,4
BH,kidney,2018,2
BH,kidney,2019,2
BH,kidney,2021,3
BH,kidney,2022,2
BH,knee,2016,1
BH,liver,2016,1
BH,liver,2018,6
BH,liver,2019,2
BH,liver,2020,4
BH,liver,2021,5
BH,liver,2022,7
BH,liver,2023,1
BH,lung,2020,2
BH,lung,2021,2
BH,lung,2022,3
BH,ovary,2016,1
BH,ovary,2017,1
BH,ovary,2018,1
BH,ovary,2019,2
BH,ovary,2020,1
BH,ovary,2021,1
BH,ovary,2022,3
BH,ovary,2023,3
BH,pancreas,2021,1
BH,prostate,2014,1
BH,prostate,2018,1
BH,prostate,2021,1
BH,prostate,2022,1
BH,skeletal,2016,1
BH,skeletal,2019,1
BH,skeletal,2021,2
BH,skin,2019,2
BH,skin,2020,1
BH,skin,2022,1
BH,skin,2023,1
BH,spinal cord,2023,1
BH,ureter,2018,2
BH,urinary bladder,2014,1
BH,uterus,2019,1
BI,brain,2017,1
BI,brain,2019,1
BI,brain,2020,2
BI,brain,2021,1
BI,heart,2019,1
BI,liver,2022,2
BI,lung,2021,2
BI,skin,2019,1
BI,thymus,2023,3
BJ,brain,2021,1
BJ,brain,2022,1
BJ,heart,2021,2
BJ,kidney,2022,1
BJ,liver,2017,1
BJ,liver,2018,1
BJ,liver,2019,1
BJ,liver,2020,1
BJ,liver,2021,1
BJ,liver,2022,2
BJ,liver,2023,1
BJ,lung,2018,1
BJ,pelvis,2021,1
BJ,skin,2018,1
BJ,skin,2020,2
BJ,skin,2022,1
BM,brain,2019,1
BN,brain,2021,1
BN,brain,2022,1
BN,heart,2018,2
BN,heart,2023,1
BN,kidney,2017,1
BN,kidney,2018,1
BN,kidney,2019,2
BN,kidney,2020,1
BN,kidney,2021,3
BN,kidney,2022,4
BN,liver,2018,1
BN,liver,2019,1
BN,liver,2020,3
BN,liver,2022,7
BN,lung,2022,3
BN,ovary,2022,1
BN,prostate,2021,1
BN,prostate,2022,1
BN,skin,2019,1
BN,skin,2021,2
BN,skin,2022,5
BO,eye,2022,2
BO,fallopian tube,2016,1
BO,kidney,2019,1
BO,kidney,2021,2
BO,kidney,2022,2
BO,knee,2023,1
BO,liver,2017,2
BO,liver,2018,1
BO,liver,2019,1
BO,liver,2020,1
BO,liver,2021,2
BO,liver,2022,1
BO,liver,2023,1
BO,lung,2018,1
BO,lung,2019,1
BO,placenta,2022,4
BR,bone marrow,2014,1
BR,bone marrow,2016,4
BR,bone marrow,2017,14
BR,bone marrow,2018,38
BR,bone marrow,2019,62
BR,bone marrow,2020,64
BR,bone marrow,2021,98
BR,bone marrow,2022,87
BR,bone marrow,2023,15
BR,brain,2013,1
BR,brain,2014,1
BR,brain,2015,2
BR,brain,2016,34
BR,brain,2017,90
BR,brain,2018,176
BR,brain,2019,375
BR,brain,2020,483
BR,brain,2021,652
BR,brain,2022,637
BR,brain,2023,167
BR,eye,2014,1
BR,eye,2015,1
BR,eye,2016,10
BR,eye,2017,10
BR,eye,2018,32
BR,eye,2019,71
BR,eye,2020,118
BR,eye,2021,132
BR,eye,2022,194
BR,eye,2023,27
BR,fallopian tube,2018,1
BR,fallopian tube,2019,3
BR,fallopian tube,2020,1
BR,fallopian tube,2021,2
BR,fallopian tube,2022,8
BR,heart,2014,6
BR,heart,2015,2
BR,heart,2016,21
BR,heart,2017,76
BR,heart,2018,145
BR,heart,2019,415
BR,heart,2020,574
BR,heart,2021,872
BR,heart,2022,925
BR,heart,2023,217
BR,kidney,2014,4
BR,kidney,2015,2
BR,kidney,2016,14
BR,kidney,2017,37
BR,kidney,2018,128
BR,kidney,2019,300
BR,kidney,2020,471
BR,kidney,2021,443
BR,kidney,2022,722
BR,kidney,2023,109
BR,knee,2015,1
BR,knee,2016,4
BR,knee,2017,6
BR,knee,2018,25
BR,knee,2019,75
BR,knee,2020,94
BR,knee,2021,103
BR,knee,2022,228
BR,knee,2023,23
BR,large intestine,2021,1
BR,large intestine,2022,3
BR,liver,2014,4
BR,liver,2015,5
BR,liver,2016,34
BR,liver,2017,98
BR,liver,2018,271
BR,liver,2019,673
BR,liver,2020,934
BR,liver,2021,1276
BR,liver,2022,1388
BR,liver,2023,323
BR,lung,2014,2
BR,lung,2015,5
BR,lung,2016,24
BR,lung,2017,52
BR,lung,2018,87
BR,lung,2019,239
BR,lung,2020,352
BR,lung,2021,422
BR,lung,2022,641
BR,lung,2023,124
BR,lymph node,2016,1
BR,lymph node,2017,6
BR,lymph node,2018,16
BR,lymph node,2019,40
BR,lymph node,2020,87
BR,lymph node,2021,107
BR,lymph node,2022,100
BR,lymph node,2023,4
BR,muscular system,2016,1
BR,muscular system,2018,6
BR,muscular system,2019,9
BR,muscular system,2020,8
BR,muscular system,2021,9
BR,muscular system,2022,41
BR,ovary,2015,3
BR,ovary,2016,2
BR,ovary,2017,9
BR,ovary,2018,26
BR,ovary,2019,75
BR,ovary,2020,69
BR,ovary,2021,65
BR,ovary,2022,84
BR,ovary,2023,21
BR,pancreas,2016,1
BR,pancreas,2017,5
BR,pancreas,2018,12
BR,pancreas,2019,14
BR,pancreas,2020,30
BR,pancreas,2021,33
BR,pancreas,2022,44
BR,pancreas,2023,8
BR,pelvis,2017,2
BR,pelvis,2018,4
BR,pelvis,2019,6
BR,pelvis,2020,14
BR,pelvis,2021,9
BR,pelvis,2022,11
BR,pelvis,2023,2
BR,peripheral nervous system,2016,2
BR,peripheral nervous system,2017,4
BR,peripheral nervous system,2018,3
BR,peripheral nervous system,2019,15
BR,peripheral nervous system,2020,9
BR,peripheral nervous system,2021,22
BR,peripheral nervous system,2022,25
BR,peripheral nervous system,2023,1
BR,placenta,2015,2
BR,placenta,2017,11
BR,placenta,2018,20
BR,placenta,2019,32
BR,placenta,2020,81
BR,placenta,2021,90
BR,placenta,2022,120
BR,placenta,2023,30
BR,prostate,2015,1
BR,prostate,2016,2
BR,prostate,2017,7
BR,prostate,2018,32
BR,prostate,2019,62
BR,prostate,2020,72
BR,prostate,2021,147
BR,prostate,2022,210
BR,prostate,2023,36
BR,skeletal,2014,2
BR,skeletal,2015,2
BR,skeletal,2016,22
BR,skeletal,2017,50
BR,skeletal,2018,134
BR,skeletal,2019,259
BR,skeletal,2020,342
BR,skeletal,2021,473
BR,skeletal,2022,503
BR,skeletal,2023,173
BR,skin,2014,4
BR,skin,2015,4
BR,skin,2016,14
BR,skin,2017,58
BR,skin,2018,127
BR,skin,2019,302
BR,skin,2020,375
BR,skin,2021,494
BR,skin,2022,774
BR,skin,2023,137
BR,small intestine,2017,1
BR,small intestine,2018,3
BR,small intestine,2019,12
BR,small intestine,2020,11
BR,small intestine,2021,19
BR,small intestine,2022,7
BR,small intestine,2023,1
BR,spinal cord,2015,2
BR,spinal cord,2016,6
BR,spinal cord,2017,14
BR,spinal cord,2018,19
BR,spinal cord,2019,54
BR,spinal cord,2020,84
BR,spinal cord,2021,99
BR,spinal cord,2022,104
BR,spinal cord,2023,23
BR,spleen,2014,2
BR,spleen,2016,3
BR,spleen,2017,6
BR,spleen,2018,21
BR,spleen,2019,28
BR,spleen,2020,45
BR,spleen,2021,53
BR,spleen,2022,25
BR,spleen,2023,12
BR,thymus,2016,1
BR,thymus,2017,3
BR,thymus,2018,12
BR,thymus,2019,12
BR,thymus,2020,30
BR,thymus,2021,18
BR,thymus,2022,11
BR,thymus,2023,3
BR,trachea,2017,4
BR,trachea,2018,9
BR,trachea,2019,18
BR,trachea,2020,37
BR,trachea,2021,32
BR,trachea,2022,35
BR,trachea,2023,2
BR,ureter,2017,9
BR,ureter,2019,4
BR,ureter,2020,13
BR,ureter,2021,11
BR,ureter,2022,26
BR,ureter,2023,1
BR,urinary bladder,2014,1
BR,urinary bladder,2016,1
BR,urinary bladder,2017,2
BR,urinary bladder,2018,16
BR,urinary bladder,2019,27
BR,urinary bladder,2020,36
BR,urinary bladder,2021,42
BR,urinary bladder,2022,88
BR,urinary bladder,2023,13
BR,uterus,2016,1
BR,uterus,2017,2
BR,uterus,2018,15
BR,uterus,2019,15
BR,uterus,2020,28
BR,uterus,2021,18
BR,uterus,2022,22
BR,uterus,2023,2
BS,liver,2021,1
BS,prostate,2017,1
BS,prostate,2022,1
BT,liver,2019,1
BT,liver,2021,4
BT,liver,2023,1
BT,ovary,2022,1
BT,uterus,2022,1
BW,brain,2020,2
BW,brain,2022,2
BW,eye,2020,1
BW,heart,2022,4
BW,liver,2017,1
BW,liver,2019,1
BW,liver,2020,4
BW,liver,2021,5
BW,liver,2022,1
BW,liver,2023,2
BW,lung,2019,1
BW,lung,2021,1
BW,lung,2022,2
BW,placenta,2023,1
BW,prostate,2020,1
BW,skin,2017,1
BW,skin,2021,1
BW,spinal cord,2019,1
BW,spleen,2020,1
BY,brain,2014,1
BY,brain,2017,1
BY,brain,2018,1
BY,brain,2019,1
BY,brain,2020,4
BY,brain,2021,7
BY,brain,2022,4
BY,brain,2023,2
BY,heart,2019,3
BY,heart,2020,1
BY,heart,2022,4
BY,kidney,2020,1
BY,kidney,2021,1
BY,liver,2017,1
BY,liver,2018,1
BY,liver,2019,5
BY,liver,2020,2
BY,liver,2021,10
BY,liver,2022,5
BY,liver,2023,7
BY,lung,2019,5
BY,lung,2020,1
BY,lung,2021,4
BY,lung,2022,10
BY,lung,2023,1
BY,lymph node,2020,3
BY,pancreas,2020,1
BY,pelvis,2020,1
BY,pelvis,2021,1
BY,prostate,2022,4
BY,skeletal,2020,1
BY,skin,2018,1
BY,skin,2020,1
BY,skin,2022,4
BY,spleen,2020,1
BY,spleen,2021,2
BY,thymus,2021,2
BY,trachea,2019,1
CA,blood vasculature,2016,1
CA,blood vasculature,2018,1
CA,blood vasculature,2020,4
CA,blood vasculature,2021,3
CA,bone marrow,2014,2
CA,bone marrow,2015,1
CA,bone marrow,2016,6
CA,bone marrow,2017,19
CA,bone marrow,2018,23
CA,bone marrow,2019,33
CA,bone marrow,2020,44
CA,bone marrow,2021,69
CA,bone marrow,2022,58
CA,bone marrow,2023,13
CA,brain,1984,1
CA,brain,1990,1
CA,brain,2011,1
CA,brain,2013,1
CA,brain,2014,16
CA,brain,2015,24
CA,brain,2016,132
CA,brain,2017,278
CA,brain,2018,427
CA,brain,2019,605
CA,brain,2020,808
CA,brain,2021,1065
CA,brain,2022,1253
CA,brain,2023,368
CA,eye,2014,3
CA,eye,2015,6
CA,eye,2016,11
CA,eye,2017,35
CA,eye,2018,57
CA,eye,2019,69
CA,eye,2020,110
CA,eye,2021,115
CA,eye,2022,137
CA,eye,2023,38
CA,fallopian tube,2016,2
CA,fallopian tube,2018,1
CA,fallopian tube,2019,3
CA,fallopian tube,2020,2
CA,fallopian tube,2021,10
CA,fallopian tube,2022,7
CA,heart,2014,2
CA,heart,2015,22
CA,heart,2016,31
CA,heart,2017,109
CA,heart,2018,190
CA,heart,2019,270
CA,heart,2020,404
CA,heart,2021,551
CA,heart,2022,775
CA,heart,2023,215
CA,kidney,2014,2
CA,kidney,2015,3
CA,kidney,2016,25
CA,kidney,2017,50
CA,kidney,2018,133
CA,kidney,2019,210
CA,kidney,2020,243
CA,kidney,2021,342
CA,kidney,2022,404
CA,kidney,2023,102
CA,knee,2014,3
CA,knee,2015,6
CA,knee,2016,8
CA,knee,2017,25
CA,knee,2018,51
CA,knee,2019,62
CA,knee,2020,114
CA,knee,2021,135
CA,knee,2022,175
CA,knee,2023,45
CA,large intestine,2020,6
CA,large intestine,2021,4
CA,large intestine,2022,3
CA,liver,2014,6
CA,liver,2015,25
CA,liver,2016,46
CA,liver,2017,165
CA,liver,2018,352
CA,liver,2019,489
CA,liver,2020,738
CA,liver,2021,1093
CA,liver,2022,1291
CA,liver,2023,314
CA,lung,2014,2
CA,lung,2015,7
CA,lung,2016,24
CA,lung,2017,85
CA,lung,2018,121
CA,lung,2019,267
CA,lung,2020,341
CA,lung,2021,516
CA,lung,2022,543
CA,lung,2023,156
CA,lymph node,2016,2
CA,lymph node,2017,7
CA,lymph node,2018,23
CA,lymph node,2019,27
CA,lymph node,2020,38
CA,lymph node,2021,36
CA,lymph node,2022,51
CA,lymph node,2023,10
CA,main bronchus,2021,2
CA,muscular system,2018,2
CA,muscular system,2019,1
CA,muscular system,2020,4
CA,muscular system,2021,6
CA,muscular system,2022,9
CA,ovary,2014,1
CA,ovary,2015,1
CA,ovary,2016,1
CA,ovary,2017,8
CA,ovary,2018,15
CA,ovary,2019,23
CA,ovary,2020,24
CA,ovary,2021,41
CA,ovary,2022,32
CA,ovary,2023,5
CA,pancreas,2016,2
CA,pancreas,2017,7
CA,pancreas,2018,13
CA,pancreas,2019,23
CA,pancreas,2020,16
CA,pancreas,2021,47
CA,pancreas,2022,27
CA,pancreas,2023,5
CA,pelvis,2016,1
CA,pelvis,2017,3
CA,pelvis,2018,8
CA,pelvis,2019,8
CA,pelvis,2020,8
CA,pelvis,2021,17
CA,pelvis,2022,23
CA,pelvis,2023,2
CA,peripheral nervous system,2017,2
CA,peripheral nervous system,2018,4
CA,peripheral nervous system,2019,7
CA,peripheral nervous system,2020,15
CA,peripheral nervous system,2021,2
CA,peripheral nervous system,2022,12
CA,peripheral nervous system,2023,3
CA,placenta,2014,1
CA,placenta,2016,3
CA,placenta,2017,22
CA,placenta,2018,31
CA,placenta,2019,24
CA,placenta,2020,41
CA,placenta,2021,77
CA,placenta,2022,93
CA,placenta,2023,35
CA,prostate,2015,3
CA,prostate,2016,11
CA,prostate,2017,23
CA,prostate,2018,56
CA,prostate,2019,98
CA,prostate,2020,142
CA,prostate,2021,209
CA,prostate,2022,231
CA,prostate,2023,51
CA,skeletal,2014,6
CA,skeletal,2015,7
CA,skeletal,2016,25
CA,skeletal,2017,104
CA,skeletal,2018,139
CA,skeletal,2019,209
CA,skeletal,2020,286
CA,skeletal,2021,335
CA,skeletal,2022,414
CA,skeletal,2023,154
CA,skin,1990,1
CA,skin,2006,1
CA,skin,2014,2
CA,skin,2015,4
CA,skin,2016,9
CA,skin,2017,49
CA,skin,2018,84
CA,skin,2019,130
CA,skin,2020,165
CA,skin,2021,244
CA,skin,2022,260
CA,skin,2023,68
CA,small intestine,2016,4
CA,small intestine,2017,2
CA,small intestine,2018,6
CA,small intestine,2019,6
CA,small intestine,2020,15
CA,small intestine,2021,13
CA,small intestine,2022,10
CA,small intestine,2023,5
CA,spinal cord,2013,1
CA,spinal cord,2014,6
CA,spinal cord,2015,12
CA,spinal cord,2016,20
CA,spinal cord,2017,48
CA,spinal cord,2018,74
CA,spinal cord,2019,125
CA,spinal cord,2020,122
CA,spinal cord,2021,188
CA,spinal cord,2022,191
CA,spinal cord,2023,71
CA,spleen,2016,1
CA,spleen,2017,8
CA,spleen,2018,10
CA,spleen,2019,20
CA,spleen,2020,18
CA,spleen,2021,10
CA,spleen,2022,8
CA,thymus,2015,1
CA,thymus,2016,1
CA,thymus,2017,6
CA,thymus,2018,2
CA,thymus,2019,14
CA,thymus,2020,18
CA,thymus,2021,16
CA,thymus,2022,9
CA,thymus,2023,1
CA,trachea,2015,1
CA,trachea,2016,5
CA,trachea,2017,8
CA,trachea,2018,12
CA,trachea,2019,15
CA,trachea,2020,36
CA,trachea,2021,32
CA,trachea,2022,40
CA,trachea,2023,16
CA,ureter,2016,2
CA,ureter,2017,4
CA,ureter,2018,4
CA,ureter,2019,7
CA,ureter,2020,12
CA,ureter,2021,19
CA,ureter,2022,22
CA,ureter,2023,5
CA,urinary bladder,2015,1
CA,urinary bladder,2016,2
CA,urinary bladder,2017,8
CA,urinary bladder,2018,29
CA,urinary bladder,2019,30
CA,urinary bladder,2020,44
CA,urinary bladder,2021,46
CA,urinary bladder,2022,63
CA,urinary bladder,2023,10
CA,uterus,2016,1
CA,uterus,2017,3
CA,uterus,2018,5
CA,uterus,2019,6
CA,uterus,2020,13
CA,uterus,2021,7
CA,uterus,2022,12
CD,brain,2017,1
CD,brain,2018,1
CD,brain,2022,1
CD,eye,2021,1
CD,eye,2022,2
CD,heart,2022,2
CD,kidney,2017,1
CD,kidney,2020,1
CD,kidney,2022,3
CD,knee,2018,1
CD,liver,2019,1
CD,liver,2020,7
CD,liver,2021,8
CD,liver,2022,3
CD,liver,2023,4
CD,lung,2017,1
CD,placenta,2021,3
CD,prostate,2019,1
CD,prostate,2020,1
CD,skeletal,2020,1
CD,skeletal,2022,1
CD,skin,2020,1
CD,skin,2021,3
CD,skin,2023,1
CD,spinal cord,2022,1
CD,spleen,2019,1
CF,liver,2021,1
CG,heart,2019,1
CG,liver,2016,1
CG,liver,2018,1
CG,liver,2021,6
CG,liver,2022,3
CG,lymph node,2021,1
CG,skin,2021,1
CG,skin,2022,1
CH,blood vasculature,2023,4
CH,bone marrow,2015,1
CH,bone marrow,2016,6
CH,bone marrow,2017,9
CH,bone marrow,2018,33
CH,bone marrow,2019,24
CH,bone marrow,2020,28
CH,bone marrow,2021,49
CH,bone marrow,2022,31
CH,bone marrow,2023,1
CH,brain,2013,1
CH,brain,2014,8
CH,brain,2015,18
CH,brain,2016,50
CH,brain,2017,123
CH,brain,2018,216
CH,brain,2019,286
CH,brain,2020,380
CH,brain,2021,507
CH,brain,2022,651
CH,brain,2023,224
CH,eye,2014,1
CH,eye,2015,1
CH,eye,2016,8
CH,eye,2017,6
CH,eye,2018,24
CH,eye,2019,54
CH,eye,2020,53
CH,eye,2021,74
CH,eye,2022,73
CH,eye,2023,18
CH,fallopian tube,2019,1
CH,fallopian tube,2020,1
CH,fallopian tube,2021,1
CH,heart,2014,2
CH,heart,2016,13
CH,heart,2017,33
CH,heart,2018,66
CH,heart,2019,133
CH,heart,2020,167
CH,heart,2021,262
CH,heart,2022,330
CH,heart,2023,80
CH,kidney,2015,2
CH,kidney,2016,21
CH,kidney,2017,29
CH,kidney,2018,62
CH,kidney,2019,60
CH,kidney,2020,103
CH,kidney,2021,140
CH,kidney,2022,151
CH,kidney,2023,25
CH,knee,2014,1
CH,knee,2016,4
CH,knee,2017,9
CH,knee,2018,22
CH,knee,2019,29
CH,knee,2020,37
CH,knee,2021,54
CH,knee,2022,88
CH,knee,2023,26
CH,large intestine,2019,1
CH,large intestine,2021,2
CH,liver,2014,2
CH,liver,2015,5
CH,liver,2016,25
CH,liver,2017,93
CH,liver,2018,152
CH,liver,2019,245
CH,liver,2020,304
CH,liver,2021,430
CH,liver,2022,463
CH,liver,2023,137
CH,lung,2014,1
CH,lung,2015,3
CH,lung,2016,13
CH,lung,2017,46
CH,lung,2018,98
CH,lung,2019,84
CH,lung,2020,182
CH,lung,2021,267
CH,lung,2022,236
CH,lung,2023,50
CH,lymph node,2014,4
CH,lymph node,2016,2
CH,lymph node,2017,15
CH,lymph node,2018,25
CH,lymph node,2019,30
CH,lymph node,2020,32
CH,lymph node,2021,53
CH,lymph node,2022,58
CH,lymph node,2023,24
CH,lymph vasculature,2018,1
CH,lymph vasculature,2023,4
CH,muscular system,2018,1
CH,muscular system,2022,5
CH,muscular system,2023,1
CH,ovary,2017,7
CH,ovary,2018,2
CH,ovary,2019,2
CH,ovary,2020,9
CH,ovary,2021,5
CH,ovary,2022,12
CH,ovary,2023,3
CH,pancreas,2015,1
CH,pancreas,2016,2
CH,pancreas,2017,5
CH,pancreas,2018,7
CH,pancreas,2019,6
CH,pancreas,2020,10
CH,pancreas,2021,22
CH,pancreas,2022,19
CH,pancreas,2023,8
CH,pelvis,2016,1
CH,pelvis,2017,1
CH,pelvis,2018,4
CH,pelvis,2019,9
CH,pelvis,2020,4
CH,pelvis,2021,15
CH,pelvis,2022,12
CH,pelvis,2023,1
CH,peripheral nervous system,2015,1
CH,peripheral nervous system,2017,1
CH,peripheral nervous system,2018,4
CH,peripheral nervous system,2019,6
CH,peripheral nervous system,2020,14
CH,peripheral nervous system,2021,4
CH,peripheral nervous system,2022,3
CH,peripheral nervous system,2023,3
CH,placenta,2014,1
CH,placenta,2016,1
CH,placenta,2017,2
CH,placenta,2018,5
CH,placenta,2019,14
CH,placenta,2020,21
CH,placenta,2021,32
CH,placenta,2022,32
CH,placenta,2023,15
CH,prostate,2015,1
CH,prostate,2016,2
CH,prostate,2017,10
CH,prostate,2018,28
CH,prostate,2019,49
CH,prostate,2020,48
CH,prostate,2021,81
CH,prostate,2022,101
CH,prostate,2023,44
CH,skeletal,2014,2
CH,skeletal,2015,5
CH,skeletal,2016,17
CH,skeletal,2017,34
CH,skeletal,2018,72
CH,skeletal,2019,71
CH,skeletal,2020,100
CH,skeletal,2021,109
CH,skeletal,2022,132
CH,skeletal,2023,54
CH,skin,1990,1
CH,skin,2014,2
CH,skin,2015,2
CH,skin,2016,12
CH,skin,2017,47
CH,skin,2018,69
CH,skin,2019,103
CH,skin,2020,134
CH,skin,2021,185
CH,skin,2022,235
CH,skin,2023,58
CH,small intestine,2017,1
CH,small intestine,2018,3
CH,small intestine,2019,2
CH,small intestine,2020,13
CH,small intestine,2021,11
CH,small intestine,2022,6
CH,spinal cord,2014,1
CH,spinal cord,2015,1
CH,spinal cord,2016,5
CH,spinal cord,2017,25
CH,spinal cord,2018,44
CH,spinal cord,2019,43
CH,spinal cord,2020,75
CH,spinal cord,2021,115
CH,spinal cord,2022,131
CH,spinal cord,2023,59
CH,spleen,2016,1
CH,spleen,2017,8
CH,spleen,2018,16
CH,spleen,2019,6
CH,spleen,2020,21
CH,spleen,2021,13
CH,spleen,2022,28
CH,thymus,2016,2
CH,thymus,2018,8
CH,thymus,2019,6
CH,thymus,2020,4
CH,thymus,2021,14
CH,thymus,2022,3
CH,trachea,2017,7
CH,trachea,2018,7
CH,trachea,2019,8
CH,trachea,2020,10
CH,trachea,2021,9
CH,trachea,2022,10
CH,trachea,2023,6
CH,ureter,2017,4
CH,ureter,2018,2
CH,ureter,2019,3
CH,ureter,2020,5
CH,ureter,2021,4
CH,ureter,2022,8
CH,ureter,2023,1
CH,urinary bladder,2016,4
CH,urinary bladder,2017,8
CH,urinary bladder,2018,17
CH,urinary bladder,2019,19
CH,urinary bladder,2020,28
CH,urinary bladder,2021,23
CH,urinary bladder,2022,32
CH,urinary bladder,2023,18
CH,uterus,2017,3
CH,uterus,2018,1
CH,uterus,2019,5
CH,uterus,2020,5
CH,uterus,2021,6
CH,uterus,2022,2
CH,uterus,2023,1
CI,heart,2019,1
CI,heart,2023,1
CI,liver,2020,2
CI,liver,2021,1
CI,liver,2022,2
CI,skin,2022,3
CL,bone marrow,2015,4
CL,bone marrow,2017,1
CL,bone marrow,2018,3
CL,bone marrow,2019,6
CL,bone marrow,2021,4
CL,bone marrow,2022,2
CL,brain,2016,9
CL,brain,2017,14
CL,brain,2018,30
CL,brain,2019,39
CL,brain,2020,39
CL,brain,2021,61
CL,brain,2022,55
CL,brain,2023,29
CL,eye,2016,1
CL,eye,2017,4
CL,eye,2018,4
CL,eye,2019,10
CL,eye,2020,6
CL,eye,2021,11
CL,eye,2022,11
CL,eye,2023,8
CL,fallopian tube,2018,1
CL,fallopian tube,2020,1
CL,heart,2015,6
CL,heart,2016,1
CL,heart,2017,10
CL,heart,2018,20
CL,heart,2019,19
CL,heart,2020,29
CL,heart,2021,45
CL,heart,2022,45
CL,heart,2023,28
CL,kidney,2016,3
CL,kidney,2017,2
CL,kidney,2018,8
CL,kidney,2019,13
CL,kidney,2020,21
CL,kidney,2021,26
CL,kidney,2022,16
CL,kidney,2023,7
CL,knee,2019,6
CL,knee,2020,6
CL,knee,2021,14
CL,knee,2022,21
CL,knee,2023,5
CL,liver,2016,2
CL,liver,2017,6
CL,liver,2018,26
CL,liver,2019,39
CL,liver,2020,82
CL,liver,2021,75
CL,liver,2022,103
CL,liver,2023,37
CL,lung,2017,3
CL,lung,2018,4
CL,lung,2019,7
CL,lung,2020,23
CL,lung,2021,20
CL,lung,2022,18
CL,lung,2023,1
CL,lymph node,2017,2
CL,lymph node,2018,1
CL,lymph node,2019,4
CL,lymph node,2020,2
CL,lymph node,2021,9
CL,lymph node,2022,3
CL,lymph vasculature,2022,1
CL,muscular system,2019,3
CL,muscular system,2020,3
CL,muscular system,2021,4
CL,muscular system,2022,2
CL,muscular system,2023,1
CL,ovary,2017,1
CL,ovary,2018,2
CL,ovary,2019,1
CL,ovary,2020,6
CL,ovary,2021,5
CL,ovary,2022,9
CL,ovary,2023,2
CL,pancreas,2020,3
CL,pancreas,2021,1
CL,pancreas,2022,3
CL,pelvis,2015,1
CL,pelvis,2018,1
CL,pelvis,2020,4
CL,placenta,2017,3
CL,placenta,2018,3
CL,placenta,2019,4
CL,placenta,2020,4
CL,placenta,2021,5
CL,placenta,2022,17
CL,prostate,2018,1
CL,prostate,2019,7
CL,prostate,2020,4
CL,prostate,2021,5
CL,prostate,2022,6
CL,skeletal,2015,1
CL,skeletal,2016,10
CL,skeletal,2017,8
CL,skeletal,2018,8
CL,skeletal,2019,18
CL,skeletal,2020,48
CL,skeletal,2021,67
CL,skeletal,2022,45
CL,skeletal,2023,25
CL,skin,2012,1
CL,skin,2016,1
CL,skin,2017,5
CL,skin,2018,10
CL,skin,2019,25
CL,skin,2020,25
CL,skin,2021,25
CL,skin,2022,40
CL,skin,2023,6
CL,small intestine,2021,1
CL,small intestine,2023,1
CL,spinal cord,2015,1
CL,spinal cord,2017,1
CL,spinal cord,2018,1
CL,spinal cord,2019,6
CL,spinal cord,2020,5
CL,spinal cord,2021,4
CL,spinal cord,2022,8
CL,spinal cord,2023,2
CL,spleen,2016,2
CL,spleen,2018,1
CL,spleen,2019,1
CL,spleen,2020,11
CL,spleen,2021,8
CL,spleen,2022,1
CL,thymus,2018,2
CL,thymus,2020,3
CL,trachea,2017,2
CL,trachea,2019,1
CL,trachea,2023,1
CL,urinary bladder,2018,1
CL,urinary bladder,2020,1
CL,urinary bladder,2021,2
CL,urinary bladder,2022,3
CL,uterus,2021,1
CL,uterus,2022,1
CM,bone marrow,2016,1
CM,bone marrow,2022,2
CM,brain,2017,1
CM,brain,2018,1
CM,brain,2020,1
CM,brain,2021,2
CM,brain,2022,1
CM,eye,2021,2
CM,heart,2017,1
CM,heart,2018,4
CM,heart,2019,2
CM,heart,2021,4
CM,heart,2022,2
CM,kidney,2018,3
CM,kidney,2019,1
CM,kidney,2020,8
CM,kidney,2021,4
CM,kidney,2022,4
CM,knee,2019,1
CM,knee,2020,1
CM,knee,2021,1
CM,liver,2016,1
CM,liver,2017,5
CM,liver,2018,6
CM,liver,2019,5
CM,liver,2020,13
CM,liver,2021,7
CM,liver,2022,29
CM,liver,2023,1
CM,lung,2019,1
CM,ovary,2021,2
CM,ovary,2022,2
CM,placenta,2019,1
CM,placenta,2022,2
CM,placenta,2023,2
CM,prostate,2019,1
CM,prostate,2020,2
CM,prostate,2022,1
CM,skeletal,2020,1
CM,skeletal,2021,4
CM,skeletal,2022,3
CM,skin,2018,1
CM,skin,2020,2
CM,skin,2021,4
CM,skin,2022,4
CM,spinal cord,2017,1
CM,spleen,2020,1
CM,thymus,2022,1
CM,urinary bladder,2019,1
CM,uterus,2017,1
CM,uterus,2018,1
CM,uterus,2019,1
CM,uterus,2020,3
CM,uterus,2021,2
CN,blood vasculature,2018,1
CN,blood vasculature,2022,9
CN,bone marrow,2014,3
CN,bone marrow,2015,3
CN,bone marrow,2016,26
CN,bone marrow,2017,74
CN,bone marrow,2018,154
CN,bone marrow,2019,249
CN,bone marrow,2020,249
CN,bone marrow,2021,334
CN,bone marrow,2022,514
CN,bone marrow,2023,145
CN,brain,2012,1
CN,brain,2014,42
CN,brain,2015,40
CN,brain,2016,160
CN,brain,2017,585
CN,brain,2018,960
CN,brain,2019,1388
CN,brain,2020,2058
CN,brain,2021,2751
CN,brain,2022,5118
CN,brain,2023,1460
CN,eye,2014,7
CN,eye,2015,3
CN,eye,2016,30
CN,eye,2017,74
CN,eye,2018,159
CN,eye,2019,233
CN,eye,2020,347
CN,eye,2021,471
CN,eye,2022,830
CN,eye,2023,203
CN,fallopian tube,2014,1
CN,fallopian tube,2016,1
CN,fallopian tube,2017,5
CN,fallopian tube,2018,1
CN,fallopian tube,2019,9
CN,fallopian tube,2020,6
CN,fallopian tube,2021,8
CN,fallopian tube,2022,22
CN,fallopian tube,2023,2
CN,heart,2014,8
CN,heart,2015,6
CN,heart,2016,48
CN,heart,2017,176
CN,heart,2018,319
CN,heart,2019,596
CN,heart,2020,860
CN,heart,2021,1278
CN,heart,2022,2460
CN,heart,2023,569
CN,kidney,2014,10
CN,kidney,2015,8
CN,kidney,2016,45
CN,kidney,2017,222
CN,kidney,2018,398
CN,kidney,2019,695
CN,kidney,2020,1100
CN,kidney,2021,1348
CN,kidney,2022,2766
CN,kidney,2023,660
CN,knee,2014,2
CN,knee,2016,10
CN,knee,2017,30
CN,knee,2018,69
CN,knee,2019,146
CN,knee,2020,214
CN,knee,2021,301
CN,knee,2022,689
CN,knee,2023,154
CN,large intestine,2018,2
CN,large intestine,2019,5
CN,large intestine,2020,5
CN,large intestine,2021,3
CN,large intestine,2022,3
CN,large intestine,2023,1
CN,liver,2011,1
CN,liver,2012,1
CN,liver,2014,32
CN,liver,2015,23
CN,liver,2016,142
CN,liver,2017,872
CN,liver,2018,1701
CN,liver,2019,2692
CN,liver,2020,3647
CN,liver,2021,4633
CN,liver,2022,8139
CN,liver,2023,2150
CN,lung,2012,1
CN,lung,2014,14
CN,lung,2015,8
CN,lung,2016,67
CN,lung,2017,315
CN,lung,2018,708
CN,lung,2019,1155
CN,lung,2020,1942
CN,lung,2021,2561
CN,lung,2022,5223
CN,lung,2023,1330
CN,lymph node,2016,10
CN,lymph node,2017,32
CN,lymph node,2018,118
CN,lymph node,2019,220
CN,lymph node,2020,334
CN,lymph node,2021,380
CN,lymph node,2022,628
CN,lymph node,2023,181
CN,lymph vasculature,2020,1
CN,main bronchus,2019,1
CN,main bronchus,2021,1
CN,main bronchus,2023,1
CN,muscular system,2017,2
CN,muscular system,2018,1
CN,muscular system,2019,3
CN,muscular system,2020,3
CN,muscular system,2021,2
CN,muscular system,2022,16
CN,muscular system,2023,5
CN,ovary,2016,2
CN,ovary,2017,33
CN,ovary,2018,75
CN,ovary,2019,129
CN,ovary,2020,143
CN,ovary,2021,213
CN,ovary,2022,364
CN,ovary,2023,86
CN,pancreas,2014,1
CN,pancreas,2015,1
CN,pancreas,2016,3
CN,pancreas,2017,22
CN,pancreas,2018,44
CN,pancreas,2019,72
CN,pancreas,2020,92
CN,pancreas,2021,141
CN,pancreas,2022,147
CN,pancreas,2023,42
CN,pelvis,2014,1
CN,pelvis,2016,3
CN,pelvis,2017,4
CN,pelvis,2018,11
CN,pelvis,2019,21
CN,pelvis,2020,30
CN,pelvis,2021,35
CN,pelvis,2022,62
CN,pelvis,2023,18
CN,peripheral nervous system,2017,7
CN,peripheral nervous system,2018,9
CN,peripheral nervous system,2019,20
CN,peripheral nervous system,2020,35
CN,peripheral nervous system,2021,21
CN,peripheral nervous system,2022,61
CN,peripheral nervous system,2023,11
CN,placenta,2014,1
CN,placenta,2015,1
CN,placenta,2016,9
CN,placenta,2017,18
CN,placenta,2018,61
CN,placenta,2019,102
CN,placenta,2020,120
CN,placenta,2021,181
CN,placenta,2022,406
CN,placenta,2023,80
CN,prostate,2006,1
CN,prostate,2014,3
CN,prostate,2015,2
CN,prostate,2016,12
CN,prostate,2017,58
CN,prostate,2018,130
CN,prostate,2019,209
CN,prostate,2020,326
CN,prostate,2021,457
CN,prostate,2022,979
CN,prostate,2023,299
CN,skeletal,2014,6
CN,skeletal,2015,6
CN,skeletal,2016,28
CN,skeletal,2017,125
CN,skeletal,2018,238
CN,skeletal,2019,294
CN,skeletal,2020,423
CN,skeletal,2021,573
CN,skeletal,2022,1075
CN,skeletal,2023,278
CN,skin,2011,1
CN,skin,2012,1
CN,skin,2014,4
CN,skin,2015,7
CN,skin,2016,18
CN,skin,2017,110
CN,skin,2018,312
CN,skin,2019,531
CN,skin,2020,801
CN,skin,2021,996
CN,skin,2022,1836
CN,skin,2023,430
CN,small intestine,2016,1
CN,small intestine,2017,19
CN,small intestine,2018,38
CN,small intestine,2019,55
CN,small intestine,2020,64
CN,small intestine,2021,64
CN,small intestine,2022,64
CN,small intestine,2023,19
CN,spinal cord,2014,3
CN,spinal cord,2015,9
CN,spinal cord,2016,18
CN,spinal cord,2017,59
CN,spinal cord,2018,95
CN,spinal cord,2019,126
CN,spinal cord,2020,214
CN,spinal cord,2021,323
CN,spinal cord,2022,525
CN,spinal cord,2023,155
CN,spleen,2014,4
CN,spleen,2015,1
CN,spleen,2016,15
CN,spleen,2017,46
CN,spleen,2018,75
CN,spleen,2019,109
CN,spleen,2020,154
CN,spleen,2021,158
CN,spleen,2022,142
CN,spleen,2023,18
CN,thymus,2014,2
CN,thymus,2015,1
CN,thymus,2016,6
CN,thymus,2017,11
CN,thymus,2018,26
CN,thymus,2019,29
CN,thymus,2020,48
CN,thymus,2021,72
CN,thymus,2022,126
CN,thymus,2023,13
CN,trachea,2014,2
CN,trachea,2016,3
CN,trachea,2017,7
CN,trachea,2018,22
CN,trachea,2019,40
CN,trachea,2020,62
CN,trachea,2021,77
CN,trachea,2022,107
CN,trachea,2023,30
CN,ureter,2014,1
CN,ureter,2016,4
CN,ureter,2017,2
CN,ureter,2018,18
CN,ureter,2019,34
CN,ureter,2020,56
CN,ureter,2021,75
CN,ureter,2022,176
CN,ureter,2023,44
CN,urinary bladder,2014,1
CN,urinary bladder,2015,1
CN,urinary bladder,2016,8
CN,urinary bladder,2017,19
CN,urinary bladder,2018,59
CN,urinary bladder,2019,125
CN,urinary bladder,2020,175
CN,urinary bladder,2021,222
CN,urinary bladder,2022,583
CN,urinary bladder,2023,103
CN,uterus,2016,1
CN,uterus,2017,21
CN,uterus,2018,13
CN,uterus,2019,31
CN,uterus,2020,58
CN,uterus,2021,66
CN,uterus,2022,93
CN,uterus,2023,20
CO,bone marrow,2017,3
CO,bone marrow,2020,6
CO,bone marrow,2021,2
CO,bone marrow,2022,5
CO,brain,2014,1
CO,brain,2016,2
CO,brain,2017,6
CO,brain,2018,10
CO,brain,2019,17
CO,brain,2020,46
CO,brain,2021,37
CO,brain,2022,48
CO,brain,2023,13
CO,eye,2016,1
CO,eye,2017,1
CO,eye,2018,3
CO,eye,2019,4
CO,eye,2020,3
CO,eye,2021,12
CO,eye,2022,10
CO,eye,2023,1
CO,fallopian tube,2021,1
CO,heart,2014,1
CO,heart,2016,4
CO,heart,2017,4
CO,heart,2018,11
CO,heart,2019,15
CO,heart,2020,25
CO,heart,2021,50
CO,heart,2022,42
CO,heart,2023,15
CO,kidney,2016,3
CO,kidney,2017,2
CO,kidney,2018,7
CO,kidney,2019,11
CO,kidney,2020,17
CO,kidney,2021,28
CO,kidney,2022,32
CO,kidney,2023,12
CO,knee,2016,1
CO,knee,2018,2
CO,knee,2019,3
CO,knee,2020,3
CO,knee,2021,6
CO,knee,2022,6
CO,knee,2023,1
CO,large intestine,2021,10
CO,liver,2017,6
CO,liver,2018,7
CO,liver,2019,19
CO,liver,2020,80
CO,liver,2021,36
CO,liver,2022,89
CO,liver,2023,12
CO,lung,2016,3
CO,lung,2017,3
CO,lung,2018,6
CO,lung,2019,15
CO,lung,2020,11
CO,lung,2021,36
CO,lung,2022,31
CO,lung,2023,15
CO,lymph node,2016,1
CO,lymph node,2018,1
CO,lymph node,2019,3
CO,lymph node,2020,1
CO,lymph node,2021,9
CO,lymph node,2022,7
CO,main bronchus,2019,1
CO,ovary,2019,1
CO,ovary,2020,1
CO,ovary,2022,2
CO,pancreas,2020,10
CO,pancreas,2022,3
CO,pelvis,2020,1
CO,pelvis,2021,1
CO,pelvis,2023,1
CO,peripheral nervous system,2020,1
CO,peripheral nervous system,2021,2
CO,placenta,2017,1
CO,placenta,2018,2
CO,placenta,2019,2
CO,placenta,2020,1
CO,placenta,2021,14
CO,placenta,2022,55
CO,placenta,2023,1
CO,prostate,2017,1
CO,prostate,2018,2
CO,prostate,2019,1
CO,prostate,2020,4
CO,prostate,2021,7
CO,prostate,2022,10
CO,prostate,2023,5
CO,skeletal,2017,2
CO,skeletal,2018,7
CO,skeletal,2019,3
CO,skeletal,2020,11
CO,skeletal,2021,16
CO,skeletal,2022,23
CO,skeletal,2023,16
CO,skin,2016,1
CO,skin,2017,3
CO,skin,2018,7
CO,skin,2019,17
CO,skin,2020,29
CO,skin,2021,26
CO,skin,2022,37
CO,skin,2023,2
CO,small intestine,2021,10
CO,spinal cord,2018,1
CO,spinal cord,2019,1
CO,spinal cord,2020,1
CO,spinal cord,2022,9
CO,spinal cord,2023,1
CO,spleen,2021,10
CO,spleen,2022,1
CO,thymus,2018,3
CO,thymus,2019,3
CO,thymus,2020,1
CO,thymus,2021,1
CO,thymus,2022,2
CO,trachea,2018,1
CO,trachea,2019,1
CO,trachea,2020,11
CO,trachea,2021,1
CO,trachea,2022,7
CO,trachea,2023,3
CO,ureter,2021,2
CO,ureter,2022,3
CO,ureter,2023,1
CO,urinary bladder,2019,5
CO,urinary bladder,2021,3
CO,urinary bladder,2022,7
CO,urinary bladder,2023,2
CO,uterus,2020,1
CO,uterus,2021,7
CO,uterus,2022,2
CR,bone marrow,2018,1
CR,brain,2017,2
CR,brain,2019,2
CR,brain,2020,3
CR,brain,2021,2
CR,brain,2022,3
CR,eye,2021,1
CR,heart,2018,2
CR,heart,2019,3
CR,heart,2020,2
CR,heart,2022,2
CR,heart,2023,1
CR,kidney,2016,1
CR,kidney,2019,4
CR,kidney,2020,4
CR,kidney,2021,2
CR,kidney,2022,3
CR,kidney,2023,2
CR,liver,2018,2
CR,liver,2019,2
CR,liver,2020,4
CR,liver,2021,5
CR,liver,2022,5
CR,lung,2019,1
CR,lung,2020,2
CR,lung,2021,3
CR,lung,2022,2
CR,lymph node,2021,1
CR,placenta,2022,1
CR,skeletal,2016,1
CR,skeletal,2018,1
CR,skeletal,2020,1
CR,skeletal,2021,1
CR,skeletal,2022,6
CR,skeletal,2023,1
CR,skin,2019,1
CR,skin,2020,1
CR,skin,2021,4
CR,small intestine,2020,1
CR,spinal cord,2020,1
CR,spleen,2018,1
CR,spleen,2020,1
CU,bone marrow,2018,1
CU,brain,2017,1
CU,brain,2018,1
CU,brain,2020,2
CU,brain,2021,8
CU,brain,2022,14
CU,brain,2023,7
CU,eye,2021,1
CU,heart,2019,2
CU,heart,2021,2
CU,heart,2022,2
CU,heart,2023,3
CU,kidney,2018,1
CU,kidney,2019,1
CU,kidney,2022,3
CU,kidney,2023,3
CU,liver,2017,3
CU,liver,2018,1
CU,liver,2019,2
CU,liver,2020,1
CU,liver,2021,7
CU,liver,2022,2
CU,liver,2023,3
CU,lung,2018,1
CU,lung,2020,5
CU,lung,2021,3
CU,lung,2022,11
CU,lung,2023,4
CU,skeletal,2021,1
CU,spinal cord,2021,1
CU,spleen,2019,1
CV,liver,2018,1
CV,liver,2022,1
CW,bone marrow,2021,1
CW,bone marrow,2022,1
CW,heart,2021,1
CW,liver,2021,2
CW,liver,2022,1
CW,lung,2021,1
CW,spleen,2021,1
CY,bone marrow,2017,1
CY,bone marrow,2019,1
CY,bone marrow,2022,4
CY,brain,2017,3
CY,brain,2018,6
CY,brain,2019,6
CY,brain,2020,12
CY,brain,2021,3
CY,brain,2022,10
CY,brain,2023,2
CY,eye,2019,1
CY,eye,2020,1
CY,eye,2021,2
CY,eye,2022,1
CY,heart,2017,5
CY,heart,2018,6
CY,heart,2019,8
CY,heart,2020,9
CY,heart,2021,6
CY,heart,2022,8
CY,heart,2023,7
CY,kidney,2016,1
CY,kidney,2018,1
CY,kidney,2021,3
CY,kidney,2022,3
CY,knee,2019,1
CY,knee,2020,1
CY,knee,2021,3
CY,knee,2022,4
CY,knee,2023,1
CY,liver,2018,4
CY,liver,2019,3
CY,liver,2020,9
CY,liver,2021,18
CY,liver,2022,22
CY,liver,2023,7
CY,lung,2018,2
CY,lung,2019,3
CY,lung,2020,7
CY,lung,2021,7
CY,lung,2022,12
CY,lymph node,2018,1
CY,lymph node,2020,3
CY,lymph node,2022,5
CY,lymph node,2023,1
CY,muscular system,2023,1
CY,ovary,2019,2
CY,ovary,2020,2
CY,ovary,2021,2
CY,ovary,2022,12
CY,ovary,2023,1
CY,pancreas,2020,1
CY,pancreas,2022,2
CY,pelvis,2020,1
CY,peripheral nervous system,2017,1
CY,peripheral nervous system,2018,1
CY,peripheral nervous system,2019,1
CY,peripheral nervous system,2020,1
CY,peripheral nervous system,2021,1
CY,peripheral nervous system,2022,1
CY,peripheral nervous system,2023,2
CY,placenta,2021,1
CY,placenta,2022,2
CY,prostate,2016,1
CY,prostate,2018,2
CY,prostate,2019,2
CY,prostate,2020,1
CY,prostate,2021,5
CY,prostate,2022,3
CY,prostate,2023,3
CY,skeletal,2018,3
CY,skeletal,2019,4
CY,skeletal,2020,4
CY,skeletal,2021,3
CY,skeletal,2022,7
CY,skeletal,2023,1
CY,skin,2017,1
CY,skin,2018,2
CY,skin,2019,4
CY,skin,2020,7
CY,skin,2021,10
CY,skin,2022,7
CY,skin,2023,2
CY,spinal cord,2021,2
CY,spinal cord,2022,4
CY,spleen,2018,1
CY,spleen,2021,1
CY,trachea,2019,3
CY,trachea,2021,1
CY,urinary bladder,2022,1
CZ,blood vasculature,2020,3
CZ,bone marrow,2016,1
CZ,bone marrow,2017,2
CZ,bone marrow,2019,4
CZ,bone marrow,2020,9
CZ,bone marrow,2021,10
CZ,bone marrow,2022,6
CZ,bone marrow,2023,1
CZ,brain,2012,1
CZ,brain,2014,4
CZ,brain,2015,4
CZ,brain,2016,8
CZ,brain,2017,13
CZ,brain,2018,49
CZ,brain,2019,72
CZ,brain,2020,90
CZ,brain,2021,135
CZ,brain,2022,123
CZ,brain,2023,37
CZ,eye,2016,1
CZ,eye,2017,2
CZ,eye,2018,4
CZ,eye,2019,5
CZ,eye,2020,29
CZ,eye,2021,22
CZ,eye,2022,29
CZ,eye,2023,8
CZ,fallopian tube,2018,1
CZ,fallopian tube,2019,1
CZ,fallopian tube,2020,1
CZ,heart,2014,4
CZ,heart,2015,1
CZ,heart,2016,6
CZ,heart,2017,18
CZ,heart,2018,33
CZ,heart,2019,34
CZ,heart,2020,84
CZ,heart,2021,106
CZ,heart,2022,91
CZ,heart,2023,11
CZ,kidney,2015,1
CZ,kidney,2016,5
CZ,kidney,2017,9
CZ,kidney,2018,17
CZ,kidney,2019,28
CZ,kidney,2020,32
CZ,kidney,2021,47
CZ,kidney,2022,44
CZ,kidney,2023,3
CZ,knee,2018,3
CZ,knee,2019,4
CZ,knee,2020,7
CZ,knee,2021,12
CZ,knee,2022,16
CZ,knee,2023,4
CZ,large intestine,2019,2
CZ,large intestine,2022,3
CZ,liver,2014,7
CZ,liver,2015,1
CZ,liver,2016,7
CZ,liver,2017,15
CZ,liver,2018,49
CZ,liver,2019,55
CZ,liver,2020,117
CZ,liver,2021,147
CZ,liver,2022,147
CZ,liver,2023,35
CZ,lung,2014,2
CZ,lung,2015,2
CZ,lung,2016,1
CZ,lung,2017,7
CZ,lung,2018,11
CZ,lung,2019,19
CZ,lung,2020,67
CZ,lung,2021,39
CZ,lung,2022,82
CZ,lung,2023,8
CZ,lymph node,2015,1
CZ,lymph node,2017,1
CZ,lymph node,2018,3
CZ,lymph node,2019,8
CZ,lymph node,2020,11
CZ,lymph node,2021,8
CZ,lymph node,2022,13
CZ,lymph node,2023,1
CZ,ovary,2017,5
CZ,ovary,2018,3
CZ,ovary,2019,3
CZ,ovary,2020,7
CZ,ovary,2021,5
CZ,ovary,2022,1
CZ,pancreas,2016,3
CZ,pancreas,2018,2
CZ,pancreas,2019,3
CZ,pancreas,2020,13
CZ,pancreas,2021,14
CZ,pancreas,2022,7
CZ,pelvis,2020,3
CZ,pelvis,2021,5
CZ,pelvis,2022,5
CZ,peripheral nervous system,2017,1
CZ,peripheral nervous system,2018,2
CZ,peripheral nervous system,2020,2
CZ,peripheral nervous system,2021,2
CZ,peripheral nervous system,2022,4
CZ,placenta,2016,1
CZ,placenta,2017,1
CZ,placenta,2018,4
CZ,placenta,2020,10
CZ,placenta,2021,11
CZ,placenta,2022,2
CZ,placenta,2023,4
CZ,prostate,2016,1
CZ,prostate,2017,7
CZ,prostate,2018,6
CZ,prostate,2019,18
CZ,prostate,2020,17
CZ,prostate,2021,29
CZ,prostate,2022,16
CZ,prostate,2023,6
CZ,skeletal,2015,1
CZ,skeletal,2016,4
CZ,skeletal,2017,7
CZ,skeletal,2018,10
CZ,skeletal,2019,17
CZ,skeletal,2020,33
CZ,skeletal,2021,61
CZ,skeletal,2022,31
CZ,skeletal,2023,6
CZ,skin,2014,5
CZ,skin,2016,3
CZ,skin,2017,8
CZ,skin,2018,14
CZ,skin,2019,34
CZ,skin,2020,37
CZ,skin,2021,56
CZ,skin,2022,63
CZ,skin,2023,18
CZ,small intestine,2016,1
CZ,small intestine,2019,7
CZ,small intestine,2020,3
CZ,small intestine,2021,3
CZ,spinal cord,2017,2
CZ,spinal cord,2018,8
CZ,spinal cord,2019,7
CZ,spinal cord,2020,10
CZ,spinal cord,2021,17
CZ,spinal cord,2022,22
CZ,spinal cord,2023,3
CZ,spleen,2017,2
CZ,spleen,2019,2
CZ,spleen,2020,3
CZ,spleen,2021,2
CZ,spleen,2022,3
CZ,thymus,2018,1
CZ,thymus,2019,3
CZ,thymus,2020,5
CZ,thymus,2021,3
CZ,thymus,2022,5
CZ,trachea,2014,3
CZ,trachea,2017,4
CZ,trachea,2018,1
CZ,trachea,2020,2
CZ,trachea,2021,2
CZ,trachea,2022,2
CZ,ureter,2016,1
CZ,ureter,2019,1
CZ,ureter,2021,1
CZ,urinary bladder,2014,1
CZ,urinary bladder,2017,1
CZ,urinary bladder,2018,7
CZ,urinary bladder,2019,5
CZ,urinary bladder,2020,4
CZ,urinary bladder,2021,4
CZ,urinary bladder,2022,4
CZ,urinary bladder,2023,1
CZ,uterus,2019,5
CZ,uterus,2020,14
CZ,uterus,2021,9
CZ,uterus,2022,14
DE,blood vasculature,2021,2
DE,blood vasculature,2023,2
DE,bone marrow,2014,1
DE,bone marrow,2015,4
DE,bone marrow,2016,12
DE,bone marrow,2017,45
DE,bone marrow,2018,77
DE,bone marrow,2019,115
DE,bone marrow,2020,173
DE,bone marrow,2021,235
DE,bone marrow,2022,194
DE,bone marrow,2023,34
DE,brain,2005,1
DE,brain,2013,1
DE,brain,2014,21
DE,brain,2015,46
DE,brain,2016,218
DE,brain,2017,475
DE,brain,2018,714
DE,brain,2019,1031
DE,brain,2020,1386
DE,brain,2021,1828
DE,brain,2022,2193
DE,brain,2023,646
DE,eye,2011,1
DE,eye,2013,1
DE,eye,2014,9
DE,eye,2015,6
DE,eye,2016,35
DE,eye,2017,68
DE,eye,2018,99
DE,eye,2019,167
DE,eye,2020,195
DE,eye,2021,278
DE,eye,2022,314
DE,eye,2023,115
DE,fallopian tube,2015,1
DE,fallopian tube,2016,2
DE,fallopian tube,2017,2
DE,fallopian tube,2019,7
DE,fallopian tube,2020,6
DE,fallopian tube,2021,6
DE,fallopian tube,2022,1
DE,fallopian tube,2023,1
DE,heart,2009,2
DE,heart,2014,3
DE,heart,2015,11
DE,heart,2016,52
DE,heart,2017,145
DE,heart,2018,302
DE,heart,2019,446
DE,heart,2020,658
DE,heart,2021,1108
DE,heart,2022,1359
DE,heart,2023,452
DE,kidney,2014,4
DE,kidney,2015,5
DE,kidney,2016,41
DE,kidney,2017,123
DE,kidney,2018,246
DE,kidney,2019,304
DE,kidney,2020,450
DE,kidney,2021,684
DE,kidney,2022,820
DE,kidney,2023,202
DE,knee,2013,1
DE,knee,2014,2
DE,knee,2015,5
DE,knee,2016,10
DE,knee,2017,29
DE,knee,2018,57
DE,knee,2019,93
DE,knee,2020,120
DE,knee,2021,160
DE,knee,2022,236
DE,knee,2023,57
DE,large intestine,2018,2
DE,large intestine,2019,5
DE,large intestine,2021,12
DE,large intestine,2022,6
DE,liver,2013,1
DE,liver,2014,7
DE,liver,2015,15
DE,liver,2016,46
DE,liver,2017,254
DE,liver,2018,468
DE,liver,2019,732
DE,liver,2020,1004
DE,liver,2021,1553
DE,liver,2022,1612
DE,liver,2023,441
DE,lung,2014,5
DE,lung,2015,4
DE,lung,2016,25
DE,lung,2017,156
DE,lung,2018,235
DE,lung,2019,339
DE,lung,2020,579
DE,lung,2021,850
DE,lung,2022,959
DE,lung,2023,242
DE,lymph node,2014,1
DE,lymph node,2016,7
DE,lymph node,2017,26
DE,lymph node,2018,57
DE,lymph node,2019,57
DE,lymph node,2020,77
DE,lymph node,2021,155
DE,lymph node,2022,153
DE,lymph node,2023,40
DE,muscular system,2018,3
DE,muscular system,2019,3
DE,muscular system,2020,1
DE,muscular system,2022,4
DE,ovary,2002,1
DE,ovary,2015,4
DE,ovary,2016,3
DE,ovary,2017,10
DE,ovary,2018,9
DE,ovary,2019,13
DE,ovary,2020,29
DE,ovary,2021,32
DE,ovary,2022,44
DE,ovary,2023,3
DE,pancreas,2016,5
DE,pancreas,2017,10
DE,pancreas,2018,25
DE,pancreas,2019,30
DE,pancreas,2020,59
DE,pancreas,2021,94
DE,pancreas,2022,116
DE,pancreas,2023,9
DE,pelvis,2016,6
DE,pelvis,2017,4
DE,pelvis,2018,6
DE,pelvis,2019,18
DE,pelvis,2020,21
DE,pelvis,2021,27
DE,pelvis,2022,32
DE,pelvis,2023,6
DE,peripheral nervous system,2017,5
DE,peripheral nervous system,2018,9
DE,peripheral nervous system,2019,33
DE,peripheral nervous system,2020,21
DE,peripheral nervous system,2021,35
DE,peripheral nervous system,2022,31
DE,peripheral nervous system,2023,18
DE,placenta,2014,1
DE,placenta,2016,5
DE,placenta,2017,11
DE,placenta,2018,32
DE,placenta,2019,29
DE,placenta,2020,41
DE,placenta,2021,53
DE,placenta,2022,100
DE,placenta,2023,13
DE,prostate,2014,6
DE,prostate,2015,2
DE,prostate,2016,13
DE,prostate,2017,36
DE,prostate,2018,71
DE,prostate,2019,107
DE,prostate,2020,175
DE,prostate,2021,275
DE,prostate,2022,343
DE,prostate,2023,115
DE,skeletal,2014,3
DE,skeletal,2015,9
DE,skeletal,2016,36
DE,skeletal,2017,108
DE,skeletal,2018,181
DE,skeletal,2019,253
DE,skeletal,2020,325
DE,skeletal,2021,440
DE,skeletal,2022,456
DE,skeletal,2023,133
DE,skin,2005,1
DE,skin,2014,4
DE,skin,2015,4
DE,skin,2016,39
DE,skin,2017,114
DE,skin,2018,250
DE,skin,2019,341
DE,skin,2020,488
DE,skin,2021,716
DE,skin,2022,696
DE,skin,2023,189
DE,small intestine,2017,10
DE,small intestine,2018,15
DE,small intestine,2019,15
DE,small intestine,2020,21
DE,small intestine,2021,27
DE,small intestine,2022,22
DE,small intestine,2023,1
DE,spinal cord,2015,7
DE,spinal cord,2016,19
DE,spinal cord,2017,29
DE,spinal cord,2018,51
DE,spinal cord,2019,66
DE,spinal cord,2020,100
DE,spinal cord,2021,146
DE,spinal cord,2022,110
DE,spinal cord,2023,58
DE,spleen,2016,8
DE,spleen,2017,23
DE,spleen,2018,29
DE,spleen,2019,41
DE,spleen,2020,51
DE,spleen,2021,66
DE,spleen,2022,51
DE,spleen,2023,4
DE,thymus,2014,1
DE,thymus,2015,5
DE,thymus,2016,5
DE,thymus,2017,8
DE,thymus,2018,17
DE,thymus,2019,12
DE,thymus,2020,20
DE,thymus,2021,30
DE,thymus,2022,38
DE,thymus,2023,5
DE,trachea,2014,1
DE,trachea,2015,1
DE,trachea,2016,1
DE,trachea,2017,11
DE,trachea,2018,16
DE,trachea,2019,19
DE,trachea,2020,33
DE,trachea,2021,51
DE,trachea,2022,60
DE,trachea,2023,19
DE,ureter,2015,1
DE,ureter,2016,1
DE,ureter,2017,6
DE,ureter,2018,13
DE,ureter,2019,9
DE,ureter,2020,17
DE,ureter,2021,17
DE,ureter,2022,31
DE,ureter,2023,7
DE,urinary bladder,2014,1
DE,urinary bladder,2015,1
DE,urinary bladder,2016,3
DE,urinary bladder,2017,15
DE,urinary bladder,2018,44
DE,urinary bladder,2019,55
DE,urinary bladder,2020,69
DE,urinary bladder,2021,112
DE,urinary bladder,2022,131
DE,urinary bladder,2023,23
DE,uterus,2014,1
DE,uterus,2017,3
DE,uterus,2018,18
DE,uterus,2019,6
DE,uterus,2020,15
DE,uterus,2021,12
DE,uterus,2022,12
DE,uterus,2023,18
DK,bone marrow,2016,3
DK,bone marrow,2017,5
DK,bone marrow,2018,7
DK,bone marrow,2019,21
DK,bone marrow,2020,14
DK,bone marrow,2021,31
DK,bone marrow,2022,6
DK,bone marrow,2023,1
DK,brain,2015,4
DK,brain,2016,25
DK,brain,2017,92
DK,brain,2018,117
DK,brain,2019,202
DK,brain,2020,219
DK,brain,2021,273
DK,brain,2022,327
DK,brain,2023,127
DK,eye,2015,1
DK,eye,2016,6
DK,eye,2017,11
DK,eye,2018,20
DK,eye,2019,19
DK,eye,2020,31
DK,eye,2021,55
DK,eye,2022,52
DK,eye,2023,20
DK,fallopian tube,2016,1
DK,fallopian tube,2017,2
DK,fallopian tube,2019,1
DK,fallopian tube,2020,1
DK,heart,2014,4
DK,heart,2015,4
DK,heart,2016,24
DK,heart,2017,62
DK,heart,2018,107
DK,heart,2019,161
DK,heart,2020,203
DK,heart,2021,309
DK,heart,2022,390
DK,heart,2023,149
DK,kidney,2012,1
DK,kidney,2014,1
DK,kidney,2015,1
DK,kidney,2016,11
DK,kidney,2017,26
DK,kidney,2018,55
DK,kidney,2019,91
DK,kidney,2020,115
DK,kidney,2021,140
DK,kidney,2022,206
DK,kidney,2023,56
DK,knee,2014,2
DK,knee,2015,4
DK,knee,2016,9
DK,knee,2017,12
DK,knee,2018,27
DK,knee,2019,37
DK,knee,2020,49
DK,knee,2021,74
DK,knee,2022,75
DK,knee,2023,31
DK,large intestine,2019,1
DK,large intestine,2021,5
DK,liver,2015,3
DK,liver,2016,20
DK,liver,2017,61
DK,liver,2018,109
DK,liver,2019,168
DK,liver,2020,293
DK,liver,2021,346
DK,liver,2022,376
DK,liver,2023,126
DK,lung,2011,1
DK,lung,2015,4
DK,lung,2016,9
DK,lung,2017,32
DK,lung,2018,47
DK,lung,2019,73
DK,lung,2020,128
DK,lung,2021,151
DK,lung,2022,261
DK,lung,2023,36
DK,lymph node,2015,1
DK,lymph node,2016,4
DK,lymph node,2017,4
DK,lymph node,2018,5
DK,lymph node,2019,15
DK,lymph node,2020,12
DK,lymph node,2021,23
DK,lymph node,2022,31
DK,lymph node,2023,10
DK,lymph vasculature,2019,1
DK,muscular system,2016,1
DK,muscular system,2018,2
DK,muscular system,2019,5
DK,ovary,2016,3
DK,ovary,2017,5
DK,ovary,2018,7
DK,ovary,2019,9
DK,ovary,2020,24
DK,ovary,2021,11
DK,ovary,2022,19
DK,ovary,2023,5
DK,pancreas,2016,4
DK,pancreas,2017,3
DK,pancreas,2018,12
DK,pancreas,2019,11
DK,pancreas,2020,15
DK,pancreas,2021,20
DK,pancreas,2022,5
DK,pancreas,2023,8
DK,pelvis,2016,1
DK,pelvis,2019,2
DK,pelvis,2020,4
DK,pelvis,2021,4
DK,pelvis,2022,1
DK,pelvis,2023,3
DK,peripheral nervous system,2017,2
DK,peripheral nervous system,2018,2
DK,peripheral nervous system,2019,5
DK,peripheral nervous system,2020,8
DK,peripheral nervous system,2021,17
DK,peripheral nervous system,2022,12
DK,peripheral nervous system,2023,1
DK,placenta,2015,1
DK,placenta,2016,6
DK,placenta,2017,6
DK,placenta,2018,7
DK,placenta,2019,9
DK,placenta,2020,16
DK,placenta,2021,24
DK,placenta,2022,27
DK,placenta,2023,16
DK,prostate,2016,4
DK,prostate,2017,9
DK,prostate,2018,21
DK,prostate,2019,37
DK,prostate,2020,45
DK,prostate,2021,54
DK,prostate,2022,76
DK,prostate,2023,21
DK,skeletal,2014,4
DK,skeletal,2015,8
DK,skeletal,2016,22
DK,skeletal,2017,57
DK,skeletal,2018,90
DK,skeletal,2019,130
DK,skeletal,2020,151
DK,skeletal,2021,156
DK,skeletal,2022,165
DK,skeletal,2023,40
DK,skin,2015,2
DK,skin,2016,5
DK,skin,2017,25
DK,skin,2018,69
DK,skin,2019,99
DK,skin,2020,91
DK,skin,2021,122
DK,skin,2022,158
DK,skin,2023,47
DK,small intestine,2016,1
DK,small intestine,2018,5
DK,small intestine,2019,5
DK,small intestine,2020,13
DK,small intestine,2021,18
DK,small intestine,2022,20
DK,small intestine,2023,3
DK,spinal cord,2014,1
DK,spinal cord,2016,2
DK,spinal cord,2017,6
DK,spinal cord,2018,11
DK,spinal cord,2019,12
DK,spinal cord,2020,29
DK,spinal cord,2021,35
DK,spinal cord,2022,48
DK,spinal cord,2023,14
DK,spleen,2016,2
DK,spleen,2017,5
DK,spleen,2018,10
DK,spleen,2019,1
DK,spleen,2020,4
DK,spleen,2021,7
DK,spleen,2022,3
DK,thymus,2016,1
DK,thymus,2017,2
DK,thymus,2018,2
DK,thymus,2019,1
DK,thymus,2020,5
DK,trachea,2016,1
DK,trachea,2017,3
DK,trachea,2018,2
DK,trachea,2019,5
DK,trachea,2020,7
DK,trachea,2021,5
DK,trachea,2022,6
DK,ureter,2016,1
DK,ureter,2017,1
DK,ureter,2018,3
DK,ureter,2019,2
DK,ureter,2020,3
DK,ureter,2021,7
DK,ureter,2022,10
DK,ureter,2023,6
DK,urinary bladder,2016,1
DK,urinary bladder,2017,2
DK,urinary bladder,2018,6
DK,urinary bladder,2019,5
DK,urinary bladder,2020,27
DK,urinary bladder,2021,27
DK,urinary bladder,2022,31
DK,urinary bladder,2023,6
DK,uterus,2016,1
DK,uterus,2017,4
DK,uterus,2018,2
DK,uterus,2019,3
DK,uterus,2020,7
DK,uterus,2021,1
DK,uterus,2022,3
DO,bone marrow,2018,1
DO,brain,2018,1
DO,brain,2019,1
DO,brain,2020,1
DO,brain,2021,2
DO,brain,2022,2
DO,liver,2018,1
DO,liver,2022,1
DO,peripheral nervous system,2023,1
DO,placenta,2021,1
DO,skeletal,2018,1
DO,skeletal,2021,1
DO,skin,2018,1
DZ,bone marrow,2017,1
DZ,brain,2018,1
DZ,brain,2019,2
DZ,brain,2020,2
DZ,brain,2021,3
DZ,brain,2022,4
DZ,eye,2022,1
DZ,heart,2018,1
DZ,heart,2019,1
DZ,heart,2020,4
DZ,heart,2021,2
DZ,heart,2022,1
DZ,kidney,2018,1
DZ,kidney,2020,2
DZ,kidney,2021,1
DZ,kidney,2022,5
DZ,liver,2018,1
DZ,liver,2019,7
DZ,liver,2020,7
DZ,liver,2021,4
DZ,liver,2022,5
DZ,liver,2023,1
DZ,lung,2018,5
DZ,lung,2019,1
DZ,lung,2020,3
DZ,lung,2021,1
DZ,lung,2022,3
DZ,lung,2023,1
DZ,lymph node,2019,1
DZ,pancreas,2019,1
DZ,placenta,2021,1
DZ,placenta,2022,1
DZ,prostate,2016,1
DZ,prostate,2017,1
DZ,prostate,2019,1
DZ,skeletal,2018,1
DZ,skeletal,2019,1
DZ,skeletal,2020,1
DZ,skeletal,2021,1
DZ,skeletal,2022,1
DZ,skeletal,2023,1
DZ,skin,2019,2
DZ,skin,2022,2
DZ,spinal cord,2018,1
DZ,spinal cord,2019,1
DZ,spleen,2023,3
DZ,thymus,2019,2
DZ,thymus,2021,8
DZ,thymus,2022,1
DZ,thymus,2023,1
DZ,trachea,2022,1
DZ,urinary bladder,2017,1
DZ,uterus,2020,1
EC,brain,2017,2
EC,brain,2018,4
EC,brain,2019,3
EC,brain,2020,6
EC,brain,2021,3
EC,brain,2022,9
EC,brain,2023,2
EC,eye,2021,3
EC,eye,2022,1
EC,eye,2023,1
EC,heart,2016,1
EC,heart,2018,4
EC,heart,2019,3
EC,heart,2020,3
EC,heart,2021,2
EC,heart,2022,7
EC,heart,2023,3
EC,kidney,2018,1
EC,kidney,2019,1
EC,kidney,2020,1
EC,kidney,2022,8
EC,kidney,2023,2
EC,knee,2017,1
EC,knee,2020,2
EC,knee,2021,1
EC,knee,2022,3
EC,large intestine,2021,1
EC,liver,2018,3
EC,liver,2019,13
EC,liver,2020,15
EC,liver,2021,14
EC,liver,2022,23
EC,liver,2023,6
EC,lung,2016,1
EC,lung,2017,1
EC,lung,2019,2
EC,lung,2020,3
EC,lung,2021,4
EC,lung,2022,5
EC,lung,2023,1
EC,muscular system,2022,1
EC,ovary,2020,2
EC,ovary,2022,2
EC,pancreas,2019,1
EC,placenta,2021,1
EC,placenta,2022,1
EC,prostate,2017,3
EC,prostate,2021,3
EC,prostate,2022,1
EC,prostate,2023,2
EC,skeletal,2018,1
EC,skeletal,2020,2
EC,skeletal,2021,1
EC,skeletal,2022,2
EC,skin,2017,1
EC,skin,2018,1
EC,skin,2019,2
EC,skin,2020,4
EC,skin,2021,6
EC,skin,2022,10
EC,small intestine,2021,1
EC,spinal cord,2021,3
EC,spleen,2022,1
EC,trachea,2020,1
EE,bone marrow,2021,1
EE,brain,2016,4
EE,brain,2017,2
EE,brain,2018,3
EE,brain,2019,3
EE,brain,2020,4
EE,brain,2021,11
EE,brain,2022,14
EE,brain,2023,2
EE,eye,2019,1
EE,eye,2020,2
EE,eye,2022,2
EE,fallopian tube,2020,2
EE,heart,2017,2
EE,heart,2019,1
EE,heart,2020,3
EE,heart,2021,5
EE,heart,2022,7
EE,kidney,2018,1
EE,kidney,2019,6
EE,kidney,2020,3
EE,kidney,2021,5
EE,kidney,2022,8
EE,knee,2017,1
EE,knee,2018,1
EE,knee,2021,2
EE,knee,2022,2
EE,knee,2023,1
EE,liver,2014,2
EE,liver,2016,2
EE,liver,2017,5
EE,liver,2018,3
EE,liver,2019,6
EE,liver,2020,4
EE,liver,2021,9
EE,liver,2022,5
EE,liver,2023,6
EE,lung,2017,4
EE,lung,2019,3
EE,lung,2021,4
EE,lung,2023,2
EE,ovary,2017,1
EE,ovary,2018,2
EE,ovary,2019,1
EE,ovary,2020,4
EE,ovary,2022,3
EE,placenta,2019,3
EE,placenta,2020,2
EE,placenta,2022,2
EE,prostate,2017,2
EE,prostate,2020,3
EE,skeletal,2016,2
EE,skeletal,2018,1
EE,skeletal,2019,2
EE,skeletal,2021,4
EE,skeletal,2022,3
EE,skeletal,2023,5
EE,skin,2017,1
EE,skin,2019,2
EE,skin,2021,6
EE,skin,2022,2
EE,small intestine,2017,1
EE,spinal cord,2019,3
EE,spinal cord,2021,2
EE,spinal cord,2023,1
EE,thymus,2017,1
EE,thymus,2018,2
EE,thymus,2022,2
EE,urinary bladder,2022,1
EG,bone marrow,2017,7
EG,bone marrow,2018,10
EG,bone marrow,2019,10
EG,bone marrow,2020,16
EG,bone marrow,2021,21
EG,bone marrow,2022,29
EG,bone marrow,2023,1
EG,brain,2015,2
EG,brain,2016,3
EG,brain,2017,9
EG,brain,2018,23
EG,brain,2019,43
EG,brain,2020,82
EG,brain,2021,126
EG,brain,2022,150
EG,brain,2023,39
EG,eye,2016,2
EG,eye,2017,2
EG,eye,2018,12
EG,eye,2019,13
EG,eye,2020,28
EG,eye,2021,32
EG,eye,2022,70
EG,eye,2023,10
EG,fallopian tube,2016,1
EG,fallopian tube,2018,1
EG,fallopian tube,2020,2
EG,fallopian tube,2021,3
EG,fallopian tube,2022,1
EG,heart,2016,4
EG,heart,2017,13
EG,heart,2018,23
EG,heart,2019,33
EG,heart,2020,56
EG,heart,2021,64
EG,heart,2022,99
EG,heart,2023,26
EG,kidney,2012,2
EG,kidney,2015,1
EG,kidney,2016,2
EG,kidney,2017,23
EG,kidney,2018,37
EG,kidney,2019,70
EG,kidney,2020,119
EG,kidney,2021,152
EG,kidney,2022,163
EG,kidney,2023,46
EG,knee,2018,2
EG,knee,2019,3
EG,knee,2020,9
EG,knee,2021,21
EG,knee,2022,35
EG,knee,2023,4
EG,liver,2015,3
EG,liver,2016,7
EG,liver,2017,34
EG,liver,2018,92
EG,liver,2019,188
EG,liver,2020,292
EG,liver,2021,405
EG,liver,2022,505
EG,liver,2023,123
EG,lung,2014,1
EG,lung,2016,3
EG,lung,2017,3
EG,lung,2018,17
EG,lung,2019,27
EG,lung,2020,39
EG,lung,2021,96
EG,lung,2022,154
EG,lung,2023,42
EG,lymph node,2016,1
EG,lymph node,2018,4
EG,lymph node,2019,11
EG,lymph node,2020,9
EG,lymph node,2021,5
EG,lymph node,2022,8
EG,lymph node,2023,1
EG,muscular system,2019,1
EG,muscular system,2022,1
EG,ovary,2014,1
EG,ovary,2016,1
EG,ovary,2018,3
EG,ovary,2019,4
EG,ovary,2020,16
EG,ovary,2021,18
EG,ovary,2022,7
EG,ovary,2023,7
EG,pancreas,2018,2
EG,pancreas,2019,4
EG,pancreas,2020,9
EG,pancreas,2021,11
EG,pancreas,2022,8
EG,pancreas,2023,2
EG,pelvis,2018,2
EG,pelvis,2020,3
EG,pelvis,2021,7
EG,pelvis,2022,3
EG,pelvis,2023,1
EG,peripheral nervous system,2018,2
EG,peripheral nervous system,2020,3
EG,peripheral nervous system,2021,9
EG,peripheral nervous system,2022,9
EG,peripheral nervous system,2023,1
EG,placenta,2018,4
EG,placenta,2019,9
EG,placenta,2020,5
EG,placenta,2021,18
EG,placenta,2022,21
EG,placenta,2023,5
EG,prostate,2017,1
EG,prostate,2018,6
EG,prostate,2019,9
EG,prostate,2020,14
EG,prostate,2021,24
EG,prostate,2022,44
EG,prostate,2023,8
EG,skeletal,2017,3
EG,skeletal,2018,4
EG,skeletal,2019,5
EG,skeletal,2020,22
EG,skeletal,2021,30
EG,skeletal,2022,22
EG,skeletal,2023,8
EG,skin,2016,1
EG,skin,2017,5
EG,skin,2018,27
EG,skin,2019,58
EG,skin,2020,71
EG,skin,2021,71
EG,skin,2022,157
EG,skin,2023,18
EG,small intestine,2019,1
EG,small intestine,2020,3
EG,small intestine,2021,3
EG,small intestine,2022,3
EG,small intestine,2023,4
EG,spinal cord,2018,3
EG,spinal cord,2019,1
EG,spinal cord,2020,9
EG,spinal cord,2021,1
EG,spinal cord,2022,11
EG,spinal cord,2023,5
EG,spleen,2017,3
EG,spleen,2018,2
EG,spleen,2019,5
EG,spleen,2020,12
EG,spleen,2021,10
EG,spleen,2022,11
EG,spleen,2023,1
EG,thymus,2017,2
EG,thymus,2018,1
EG,thymus,2019,4
EG,thymus,2020,7
EG,thymus,2021,10
EG,thymus,2022,20
EG,trachea,2019,1
EG,trachea,2020,9
EG,trachea,2021,9
EG,trachea,2023,3
EG,ureter,2018,1
EG,ureter,2019,5
EG,ureter,2020,9
EG,ureter,2021,11
EG,ureter,2022,14
EG,ureter,2023,5
EG,urinary bladder,2016,1
EG,urinary bladder,2017,3
EG,urinary bladder,2018,3
EG,urinary bladder,2019,14
EG,urinary bladder,2020,19
EG,urinary bladder,2021,16
EG,urinary bladder,2022,25
EG,urinary bladder,2023,8
EG,uterus,2014,1
EG,uterus,2016,1
EG,uterus,2017,1
EG,uterus,2018,1
EG,uterus,2019,5
EG,uterus,2020,8
EG,uterus,2021,5
EG,uterus,2022,2
EG,uterus,2023,1
ER,kidney,2021,2
ER,liver,2019,1
ER,liver,2021,1
ER,prostate,2020,1
ES,bone marrow,2014,3
ES,bone marrow,2015,3
ES,bone marrow,2016,5
ES,bone marrow,2017,14
ES,bone marrow,2018,45
ES,bone marrow,2019,48
ES,bone marrow,2020,78
ES,bone marrow,2021,107
ES,bone marrow,2022,88
ES,bone marrow,2023,7
ES,brain,2005,2
ES,brain,2014,14
ES,brain,2015,17
ES,brain,2016,71
ES,brain,2017,167
ES,brain,2018,328
ES,brain,2019,505
ES,brain,2020,643
ES,brain,2021,980
ES,brain,2022,1061
ES,brain,2023,372
ES,eye,2007,1
ES,eye,2014,3
ES,eye,2015,3
ES,eye,2016,10
ES,eye,2017,50
ES,eye,2018,73
ES,eye,2019,109
ES,eye,2020,133
ES,eye,2021,225
ES,eye,2022,244
ES,eye,2023,64
ES,fallopian tube,2018,5
ES,fallopian tube,2019,1
ES,fallopian tube,2020,2
ES,fallopian tube,2021,6
ES,fallopian tube,2022,1
ES,fallopian tube,2023,2
ES,heart,2014,14
ES,heart,2015,4
ES,heart,2016,16
ES,heart,2017,74
ES,heart,2018,156
ES,heart,2019,256
ES,heart,2020,478
ES,heart,2021,801
ES,heart,2022,877
ES,heart,2023,259
ES,kidney,2014,9
ES,kidney,2015,3
ES,kidney,2016,21
ES,kidney,2017,52
ES,kidney,2018,113
ES,kidney,2019,171
ES,kidney,2020,317
ES,kidney,2021,476
ES,kidney,2022,436
ES,kidney,2023,129
ES,knee,2015,1
ES,knee,2016,4
ES,knee,2017,16
ES,knee,2018,29
ES,knee,2019,33
ES,knee,2020,88
ES,knee,2021,187
ES,knee,2022,163
ES,knee,2023,51
ES,large intestine,2018,1
ES,large intestine,2019,3
ES,large intestine,2020,1
ES,large intestine,2021,6
ES,liver,2012,2
ES,liver,2014,6
ES,liver,2015,2
ES,liver,2016,51
ES,liver,2017,193
ES,liver,2018,324
ES,liver,2019,529
ES,liver,2020,935
ES,liver,2021,1560
ES,liver,2022,1428
ES,liver,2023,319
ES,lung,2014,2
ES,lung,2015,2
ES,lung,2016,16
ES,lung,2017,60
ES,lung,2018,136
ES,lung,2019,239
ES,lung,2020,394
ES,lung,2021,569
ES,lung,2022,628
ES,lung,2023,247
ES,lymph node,2016,8
ES,lymph node,2017,15
ES,lymph node,2018,51
ES,lymph node,2019,80
ES,lymph node,2020,49
ES,lymph node,2021,125
ES,lymph node,2022,94
ES,lymph node,2023,24
ES,lymph vasculature,2021,1
ES,muscular system,2017,1
ES,muscular system,2019,4
ES,muscular system,2020,19
ES,muscular system,2021,14
ES,muscular system,2022,8
ES,muscular system,2023,8
ES,ovary,2016,4
ES,ovary,2017,7
ES,ovary,2018,10
ES,ovary,2019,26
ES,ovary,2020,33
ES,ovary,2021,30
ES,ovary,2022,26
ES,ovary,2023,7
ES,pancreas,2015,1
ES,pancreas,2016,2
ES,pancreas,2017,4
ES,pancreas,2018,24
ES,pancreas,2019,22
ES,pancreas,2020,30
ES,pancreas,2021,36
ES,pancreas,2022,56
ES,pancreas,2023,5
ES,pelvis,2018,2
ES,pelvis,2019,5
ES,pelvis,2020,20
ES,pelvis,2021,9
ES,pelvis,2022,20
ES,pelvis,2023,6
ES,peripheral nervous system,2016,3
ES,peripheral nervous system,2017,2
ES,peripheral nervous system,2018,9
ES,peripheral nervous system,2019,3
ES,peripheral nervous system,2020,14
ES,peripheral nervous system,2021,21
ES,peripheral nervous system,2022,29
ES,peripheral nervous system,2023,9
ES,placenta,2016,6
ES,placenta,2017,9
ES,placenta,2018,16
ES,placenta,2019,22
ES,placenta,2020,69
ES,placenta,2021,71
ES,placenta,2022,108
ES,placenta,2023,44
ES,prostate,2016,2
ES,prostate,2017,22
ES,prostate,2018,51
ES,prostate,2019,53
ES,prostate,2020,101
ES,prostate,2021,145
ES,prostate,2022,229
ES,prostate,2023,44
ES,skeletal,2014,1
ES,skeletal,2015,1
ES,skeletal,2016,16
ES,skeletal,2017,54
ES,skeletal,2018,111
ES,skeletal,2019,206
ES,skeletal,2020,345
ES,skeletal,2021,476
ES,skeletal,2022,433
ES,skeletal,2023,123
ES,skin,2014,1
ES,skin,2015,3
ES,skin,2016,26
ES,skin,2017,79
ES,skin,2018,194
ES,skin,2019,247
ES,skin,2020,428
ES,skin,2021,526
ES,skin,2022,524
ES,skin,2023,195
ES,small intestine,2017,5
ES,small intestine,2018,6
ES,small intestine,2019,14
ES,small intestine,2020,11
ES,small intestine,2021,28
ES,small intestine,2022,13
ES,small intestine,2023,3
ES,spinal cord,2015,5
ES,spinal cord,2016,6
ES,spinal cord,2017,12
ES,spinal cord,2018,40
ES,spinal cord,2019,52
ES,spinal cord,2020,52
ES,spinal cord,2021,103
ES,spinal cord,2022,118
ES,spinal cord,2023,39
ES,spleen,2015,3
ES,spleen,2016,5
ES,spleen,2017,5
ES,spleen,2018,21
ES,spleen,2019,16
ES,spleen,2020,36
ES,spleen,2021,24
ES,spleen,2022,39
ES,thymus,2016,7
ES,thymus,2017,8
ES,thymus,2018,15
ES,thymus,2019,8
ES,thymus,2020,13
ES,thymus,2021,24
ES,thymus,2022,40
ES,thymus,2023,2
ES,trachea,2016,2
ES,trachea,2017,4
ES,trachea,2018,5
ES,trachea,2019,4
ES,trachea,2020,20
ES,trachea,2021,16
ES,trachea,2022,19
ES,trachea,2023,31
ES,ureter,2017,2
ES,ureter,2018,4
ES,ureter,2019,3
ES,ureter,2020,7
ES,ureter,2021,13
ES,ureter,2022,19
ES,urinary bladder,2016,1
ES,urinary bladder,2017,1
ES,urinary bladder,2018,24
ES,urinary bladder,2019,35
ES,urinary bladder,2020,29
ES,urinary bladder,2021,51
ES,urinary bladder,2022,75
ES,urinary bladder,2023,10
ES,uterus,2014,2
ES,uterus,2016,2
ES,uterus,2017,1
ES,uterus,2018,8
ES,uterus,2019,4
ES,uterus,2020,14
ES,uterus,2021,23
ES,uterus,2022,33
ES,uterus,2023,4
ET,bone marrow,2022,3
ET,brain,2014,1
ET,brain,2017,2
ET,brain,2019,1
ET,brain,2020,3
ET,brain,2021,8
ET,brain,2022,24
ET,brain,2023,1
ET,eye,2018,2
ET,eye,2019,2
ET,eye,2020,11
ET,eye,2021,12
ET,eye,2022,15
ET,eye,2023,4
ET,heart,2016,1
ET,heart,2018,3
ET,heart,2019,9
ET,heart,2020,21
ET,heart,2021,34
ET,heart,2022,32
ET,heart,2023,8
ET,kidney,2016,1
ET,kidney,2018,5
ET,kidney,2019,17
ET,kidney,2020,25
ET,kidney,2021,37
ET,kidney,2022,25
ET,kidney,2023,6
ET,knee,2020,6
ET,knee,2021,4
ET,knee,2022,1
ET,liver,2016,1
ET,liver,2017,12
ET,liver,2018,30
ET,liver,2019,43
ET,liver,2020,108
ET,liver,2021,120
ET,liver,2022,170
ET,liver,2023,23
ET,lung,2018,4
ET,lung,2019,5
ET,lung,2020,1
ET,lung,2021,5
ET,lung,2022,19
ET,lung,2023,1
ET,lymph node,2018,1
ET,lymph node,2019,3
ET,lymph node,2020,1
ET,lymph node,2021,5
ET,lymph node,2022,11
ET,muscular system,2020,3
ET,pancreas,2022,1
ET,pelvis,2021,4
ET,peripheral nervous system,2019,1
ET,peripheral nervous system,2020,2
ET,peripheral nervous system,2021,1
ET,placenta,2020,1
ET,placenta,2021,8
ET,placenta,2022,6
ET,prostate,2018,2
ET,prostate,2020,2
ET,prostate,2021,2
ET,prostate,2022,1
ET,prostate,2023,2
ET,skeletal,2018,1
ET,skeletal,2019,3
ET,skeletal,2020,5
ET,skeletal,2021,8
ET,skeletal,2022,8
ET,skin,2017,3
ET,skin,2018,6
ET,skin,2019,6
ET,skin,2020,7
ET,skin,2021,13
ET,skin,2022,15
ET,skin,2023,1
ET,small intestine,2022,2
ET,spinal cord,2019,1
ET,spinal cord,2020,1
ET,spleen,2021,3
ET,thymus,2020,1
ET,thymus,2021,2
ET,thymus,2022,2
ET,thymus,2023,2
ET,trachea,2018,2
ET,trachea,2020,2
ET,trachea,2021,4
ET,ureter,2017,1
ET,ureter,2019,1
ET,ureter,2020,1
ET,ureter,2021,6
ET,ureter,2022,7
ET,urinary bladder,2018,2
ET,urinary bladder,2019,1
ET,urinary bladder,2020,2
ET,urinary bladder,2022,1
ET,uterus,2019,2
ET,uterus,2022,6
FI,blood vasculature,2023,1
FI,bone marrow,2016,2
FI,bone marrow,2017,3
FI,bone marrow,2018,9
FI,bone marrow,2019,9
FI,bone marrow,2020,9
FI,bone marrow,2021,9
FI,bone marrow,2022,7
FI,bone marrow,2023,1
FI,brain,2015,3
FI,brain,2016,24
FI,brain,2017,46
FI,brain,2018,93
FI,brain,2019,103
FI,brain,2020,157
FI,brain,2021,210
FI,brain,2022,228
FI,brain,2023,64
FI,eye,2016,2
FI,eye,2017,7
FI,eye,2018,10
FI,eye,2019,29
FI,eye,2020,23
FI,eye,2021,27
FI,eye,2022,45
FI,eye,2023,6
FI,fallopian tube,2020,1
FI,fallopian tube,2021,6
FI,heart,2014,5
FI,heart,2015,3
FI,heart,2016,7
FI,heart,2017,21
FI,heart,2018,35
FI,heart,2019,52
FI,heart,2020,81
FI,heart,2021,114
FI,heart,2022,157
FI,heart,2023,33
FI,kidney,2015,2
FI,kidney,2016,2
FI,kidney,2017,11
FI,kidney,2018,27
FI,kidney,2019,41
FI,kidney,2020,34
FI,kidney,2021,62
FI,kidney,2022,80
FI,kidney,2023,12
FI,knee,2014,2
FI,knee,2016,2
FI,knee,2017,6
FI,knee,2018,22
FI,knee,2019,26
FI,knee,2020,28
FI,knee,2021,33
FI,knee,2022,59
FI,knee,2023,5
FI,large intestine,2019,2
FI,large intestine,2022,1
FI,liver,2014,3
FI,liver,2016,8
FI,liver,2017,27
FI,liver,2018,54
FI,liver,2019,110
FI,liver,2020,138
FI,liver,2021,192
FI,liver,2022,209
FI,liver,2023,53
FI,lung,2014,3
FI,lung,2016,1
FI,lung,2017,9
FI,lung,2018,36
FI,lung,2019,36
FI,lung,2020,51
FI,lung,2021,71
FI,lung,2022,58
FI,lung,2023,6
FI,lymph node,2017,8
FI,lymph node,2018,3
FI,lymph node,2019,5
FI,lymph node,2020,10
FI,lymph node,2021,8
FI,lymph node,2022,7
FI,lymph node,2023,9
FI,lymph vasculature,2023,1
FI,muscular system,2019,1
FI,muscular system,2020,1
FI,muscular system,2021,1
FI,ovary,2015,1
FI,ovary,2017,2
FI,ovary,2018,3
FI,ovary,2019,10
FI,ovary,2020,7
FI,ovary,2021,11
FI,ovary,2022,20
FI,ovary,2023,7
FI,pancreas,2014,1
FI,pancreas,2018,1
FI,pancreas,2019,3
FI,pancreas,2020,1
FI,pancreas,2021,8
FI,pancreas,2022,5
FI,pancreas,2023,1
FI,pelvis,2017,1
FI,pelvis,2019,1
FI,pelvis,2020,3
FI,pelvis,2021,8
FI,pelvis,2022,4
FI,pelvis,2023,1
FI,peripheral nervous system,2019,1
FI,peripheral nervous system,2020,4
FI,peripheral nervous system,2021,1
FI,peripheral nervous system,2022,3
FI,peripheral nervous system,2023,2
FI,placenta,2015,2
FI,placenta,2016,1
FI,placenta,2017,5
FI,placenta,2018,4
FI,placenta,2019,6
FI,placenta,2020,11
FI,placenta,2021,2
FI,placenta,2022,17
FI,placenta,2023,2
FI,prostate,2014,1
FI,prostate,2016,1
FI,prostate,2017,13
FI,prostate,2018,15
FI,prostate,2019,30
FI,prostate,2020,31
FI,prostate,2021,46
FI,prostate,2022,95
FI,prostate,2023,27
FI,skeletal,2015,1
FI,skeletal,2016,3
FI,skeletal,2017,19
FI,skeletal,2018,45
FI,skeletal,2019,35
FI,skeletal,2020,58
FI,skeletal,2021,60
FI,skeletal,2022,64
FI,skeletal,2023,46
FI,skin,2016,2
FI,skin,2017,10
FI,skin,2018,16
FI,skin,2019,44
FI,skin,2020,61
FI,skin,2021,51
FI,skin,2022,55
FI,skin,2023,11
FI,small intestine,2017,1
FI,small intestine,2018,6
FI,small intestine,2020,3
FI,small intestine,2021,3
FI,small intestine,2022,5
FI,spinal cord,2017,11
FI,spinal cord,2018,5
FI,spinal cord,2019,3
FI,spinal cord,2020,2
FI,spinal cord,2021,8
FI,spinal cord,2022,18
FI,spleen,2017,1
FI,spleen,2018,1
FI,spleen,2019,13
FI,spleen,2020,7
FI,spleen,2021,3
FI,thymus,2017,1
FI,thymus,2018,2
FI,thymus,2020,2
FI,thymus,2021,2
FI,thymus,2022,4
FI,trachea,2017,2
FI,trachea,2019,4
FI,trachea,2021,3
FI,trachea,2022,4
FI,ureter,2019,2
FI,ureter,2020,1
FI,ureter,2021,3
FI,urinary bladder,2017,2
FI,urinary bladder,2018,1
FI,urinary bladder,2019,7
FI,urinary bladder,2020,2
FI,urinary bladder,2021,10
FI,urinary bladder,2022,4
FI,urinary bladder,2023,3
FI,uterus,2018,6
FI,uterus,2019,1
FI,uterus,2020,3
FI,uterus,2022,2
FJ,brain,2020,1
FJ,brain,2021,1
FJ,heart,2020,2
FJ,heart,2021,1
FJ,heart,2022,1
FJ,liver,2019,1
FJ,liver,2020,1
FJ,liver,2021,1
FJ,liver,2022,1
FJ,skeletal,2019,1
FJ,skin,2020,1
FK,skin,2019,1
FO,heart,2019,3
FO,kidney,2022,1
FO,placenta,2022,1
FO,skeletal,2019,1
FO,skeletal,2022,1
FO,skeletal,2023,1
FO,skin,2020,1
FR,blood vasculature,2020,1
FR,blood vasculature,2021,1
FR,bone marrow,2014,1
FR,bone marrow,2015,1
FR,bone marrow,2016,12
FR,bone marrow,2017,24
FR,bone marrow,2018,42
FR,bone marrow,2019,59
FR,bone marrow,2020,73
FR,bone marrow,2021,128
FR,bone marrow,2022,91
FR,bone marrow,2023,14
FR,brain,2008,1
FR,brain,2014,12
FR,brain,2015,21
FR,brain,2016,80
FR,brain,2017,228
FR,brain,2018,356
FR,brain,2019,560
FR,brain,2020,723
FR,brain,2021,941
FR,brain,2022,979
FR,brain,2023,277
FR,eye,2015,10
FR,eye,2016,6
FR,eye,2017,28
FR,eye,2018,70
FR,eye,2019,77
FR,eye,2020,108
FR,eye,2021,149
FR,eye,2022,194
FR,eye,2023,35
FR,fallopian tube,2018,1
FR,fallopian tube,2019,2
FR,fallopian tube,2020,4
FR,fallopian tube,2022,1
FR,heart,2014,2
FR,heart,2015,8
FR,heart,2016,23
FR,heart,2017,72
FR,heart,2018,143
FR,heart,2019,203
FR,heart,2020,261
FR,heart,2021,490
FR,heart,2022,551
FR,heart,2023,169
FR,kidney,2014,3
FR,kidney,2015,1
FR,kidney,2016,24
FR,kidney,2017,74
FR,kidney,2018,151
FR,kidney,2019,215
FR,kidney,2020,311
FR,kidney,2021,439
FR,kidney,2022,500
FR,kidney,2023,114
FR,knee,2015,1
FR,knee,2016,6
FR,knee,2017,9
FR,knee,2018,30
FR,knee,2019,47
FR,knee,2020,48
FR,knee,2021,67
FR,knee,2022,94
FR,knee,2023,37
FR,large intestine,2021,1
FR,liver,2014,8
FR,liver,2015,12
FR,liver,2016,43
FR,liver,2017,165
FR,liver,2018,296
FR,liver,2019,425
FR,liver,2020,565
FR,liver,2021,862
FR,liver,2022,905
FR,liver,2023,248
FR,lung,2015,4
FR,lung,2016,26
FR,lung,2017,103
FR,lung,2018,174
FR,lung,2019,267
FR,lung,2020,403
FR,lung,2021,602
FR,lung,2022,638
FR,lung,2023,208
FR,lymph node,2016,3
FR,lymph node,2017,16
FR,lymph node,2018,21
FR,lymph node,2019,44
FR,lymph node,2020,64
FR,lymph node,2021,111
FR,lymph node,2022,66
FR,lymph node,2023,22
FR,muscular system,2016,1
FR,muscular system,2020,2
FR,muscular system,2021,5
FR,muscular system,2022,6
FR,muscular system,2023,2
FR,ovary,2015,1
FR,ovary,2016,3
FR,ovary,2017,9
FR,ovary,2018,12
FR,ovary,2019,19
FR,ovary,2020,35
FR,ovary,2021,30
FR,ovary,2022,50
FR,ovary,2023,4
FR,pancreas,2015,2
FR,pancreas,2016,4
FR,pancreas,2017,7
FR,pancreas,2018,19
FR,pancreas,2019,15
FR,pancreas,2020,32
FR,pancreas,2021,46
FR,pancreas,2022,21
FR,pancreas,2023,13
FR,pelvis,2016,2
FR,pelvis,2017,3
FR,pelvis,2018,6
FR,pelvis,2019,9
FR,pelvis,2020,12
FR,pelvis,2021,27
FR,pelvis,2022,23
FR,pelvis,2023,4
FR,peripheral nervous system,2017,2
FR,peripheral nervous system,2018,9
FR,peripheral nervous system,2019,18
FR,peripheral nervous system,2020,22
FR,peripheral nervous system,2021,18
FR,peripheral nervous system,2022,40
FR,peripheral nervous system,2023,11
FR,placenta,2014,3
FR,placenta,2015,1
FR,placenta,2016,4
FR,placenta,2017,8
FR,placenta,2018,23
FR,placenta,2019,31
FR,placenta,2020,38
FR,placenta,2021,75
FR,placenta,2022,83
FR,placenta,2023,18
FR,prostate,2016,3
FR,prostate,2017,12
FR,prostate,2018,29
FR,prostate,2019,52
FR,prostate,2020,64
FR,prostate,2021,133
FR,prostate,2022,160
FR,prostate,2023,39
FR,skeletal,2015,2
FR,skeletal,2016,28
FR,skeletal,2017,86
FR,skeletal,2018,153
FR,skeletal,2019,198
FR,skeletal,2020,239
FR,skeletal,2021,300
FR,skeletal,2022,334
FR,skeletal,2023,90
FR,skin,2014,1
FR,skin,2015,2
FR,skin,2016,15
FR,skin,2017,90
FR,skin,2018,175
FR,skin,2019,269
FR,skin,2020,351
FR,skin,2021,433
FR,skin,2022,425
FR,skin,2023,134
FR,small intestine,2016,3
FR,small intestine,2017,2
FR,small intestine,2018,10
FR,small intestine,2019,11
FR,small intestine,2020,14
FR,small intestine,2021,14
FR,small intestine,2022,7
FR,small intestine,2023,2
FR,spinal cord,2014,1
FR,spinal cord,2016,11
FR,spinal cord,2017,23
FR,spinal cord,2018,47
FR,spinal cord,2019,39
FR,spinal cord,2020,58
FR,spinal cord,2021,83
FR,spinal cord,2022,62
FR,spinal cord,2023,21
FR,spleen,2015,1
FR,spleen,2016,1
FR,spleen,2017,15
FR,spleen,2018,16
FR,spleen,2019,23
FR,spleen,2020,19
FR,spleen,2021,30
FR,spleen,2022,25
FR,spleen,2023,2
FR,thymus,2015,1
FR,thymus,2016,4
FR,thymus,2017,2
FR,thymus,2018,19
FR,thymus,2019,16
FR,thymus,2020,8
FR,thymus,2021,35
FR,thymus,2022,24
FR,thymus,2023,17
FR,trachea,2015,2
FR,trachea,2017,9
FR,trachea,2018,7
FR,trachea,2019,18
FR,trachea,2020,29
FR,trachea,2021,43
FR,trachea,2022,35
FR,trachea,2023,14
FR,ureter,2016,1
FR,ureter,2017,4
FR,ureter,2018,5
FR,ureter,2019,8
FR,ureter,2020,10
FR,ureter,2021,15
FR,ureter,2022,33
FR,ureter,2023,4
FR,urinary bladder,2016,2
FR,urinary bladder,2017,6
FR,urinary bladder,2018,15
FR,urinary bladder,2019,43
FR,urinary bladder,2020,32
FR,urinary bladder,2021,41
FR,urinary bladder,2022,122
FR,urinary bladder,2023,29
FR,uterus,2016,1
FR,uterus,2017,2
FR,uterus,2018,5
FR,uterus,2019,9
FR,uterus,2020,8
FR,uterus,2021,9
FR,uterus,2022,12
GA,liver,2018,1
GA,lymph node,2022,1
GA,placenta,2022,1
GA,skin,2018,3
GB,blood vasculature,2021,2
GB,blood vasculature,2023,1
GB,bone marrow,2014,1
GB,bone marrow,2015,4
GB,bone marrow,2016,14
GB,bone marrow,2017,45
GB,bone marrow,2018,64
GB,bone marrow,2019,100
GB,bone marrow,2020,98
GB,bone marrow,2021,149
GB,bone marrow,2022,118
GB,bone marrow,2023,67
GB,brain,2004,1
GB,brain,2005,1
GB,brain,2006,5
GB,brain,2007,1
GB,brain,2008,1
GB,brain,2011,1
GB,brain,2013,1
GB,brain,2014,22
GB,brain,2015,66
GB,brain,2016,198
GB,brain,2017,472
GB,brain,2018,717
GB,brain,2019,1077
GB,brain,2020,1273
GB,brain,2021,1766
GB,brain,2022,1995
GB,brain,2023,483
GB,eye,2013,2
GB,eye,2014,5
GB,eye,2015,10
GB,eye,2016,41
GB,eye,2017,82
GB,eye,2018,171
GB,eye,2019,279
GB,eye,2020,333
GB,eye,2021,468
GB,eye,2022,443
GB,eye,2023,112
GB,fallopian tube,2016,1
GB,fallopian tube,2017,5
GB,fallopian tube,2018,4
GB,fallopian tube,2019,3
GB,fallopian tube,2020,12
GB,fallopian tube,2021,11
GB,fallopian tube,2022,13
GB,heart,2014,13
GB,heart,2015,21
GB,heart,2016,87
GB,heart,2017,220
GB,heart,2018,393
GB,heart,2019,546
GB,heart,2020,827
GB,heart,2021,1130
GB,heart,2022,1380
GB,heart,2023,430
GB,kidney,2014,7
GB,kidney,2015,11
GB,kidney,2016,59
GB,kidney,2017,114
GB,kidney,2018,257
GB,kidney,2019,399
GB,kidney,2020,464
GB,kidney,2021,682
GB,kidney,2022,745
GB,kidney,2023,183
GB,knee,2009,1
GB,knee,2014,1
GB,knee,2015,6
GB,knee,2016,16
GB,knee,2017,38
GB,knee,2018,76
GB,knee,2019,152
GB,knee,2020,190
GB,knee,2021,228
GB,knee,2022,319
GB,knee,2023,57
GB,large intestine,2015,1
GB,large intestine,2016,1
GB,large intestine,2019,4
GB,large intestine,2020,2
GB,large intestine,2021,5
GB,liver,2014,9
GB,liver,2015,27
GB,liver,2016,153
GB,liver,2017,449
GB,liver,2018,845
GB,liver,2019,1221
GB,liver,2020,1647
GB,liver,2021,2308
GB,liver,2022,2445
GB,liver,2023,666
GB,lung,2011,1
GB,lung,2014,5
GB,lung,2015,23
GB,lung,2016,62
GB,lung,2017,179
GB,lung,2018,315
GB,lung,2019,531
GB,lung,2020,643
GB,lung,2021,873
GB,lung,2022,894
GB,lung,2023,289
GB,lymph node,2015,2
GB,lymph node,2016,12
GB,lymph node,2017,22
GB,lymph node,2018,43
GB,lymph node,2019,84
GB,lymph node,2020,87
GB,lymph node,2021,143
GB,lymph node,2022,106
GB,lymph node,2023,18
GB,lymph vasculature,2019,10
GB,lymph vasculature,2021,3
GB,main bronchus,2019,1
GB,muscular system,2016,2
GB,muscular system,2017,1
GB,muscular system,2018,2
GB,muscular system,2019,4
GB,muscular system,2020,6
GB,muscular system,2021,12
GB,muscular system,2022,15
GB,muscular system,2023,7
GB,ovary,2015,1
GB,ovary,2016,3
GB,ovary,2017,8
GB,ovary,2018,24
GB,ovary,2019,51
GB,ovary,2020,42
GB,ovary,2021,61
GB,ovary,2022,79
GB,ovary,2023,25
GB,pancreas,2015,3
GB,pancreas,2016,4
GB,pancreas,2017,12
GB,pancreas,2018,27
GB,pancreas,2019,47
GB,pancreas,2020,72
GB,pancreas,2021,70
GB,pancreas,2022,70
GB,pancreas,2023,7
GB,pelvis,2015,1
GB,pelvis,2016,5
GB,pelvis,2017,4
GB,pelvis,2018,11
GB,pelvis,2019,30
GB,pelvis,2020,32
GB,pelvis,2021,30
GB,pelvis,2022,34
GB,pelvis,2023,12
GB,peripheral nervous system,2016,3
GB,peripheral nervous system,2017,4
GB,peripheral nervous system,2018,10
GB,peripheral nervous system,2019,23
GB,peripheral nervous system,2020,20
GB,peripheral nervous system,2021,27
GB,peripheral nervous system,2022,42
GB,peripheral nervous system,2023,7
GB,placenta,2015,1
GB,placenta,2016,14
GB,placenta,2017,30
GB,placenta,2018,64
GB,placenta,2019,67
GB,placenta,2020,122
GB,placenta,2021,127
GB,placenta,2022,201
GB,placenta,2023,53
GB,prostate,2014,2
GB,prostate,2015,8
GB,prostate,2016,19
GB,prostate,2017,86
GB,prostate,2018,107
GB,prostate,2019,158
GB,prostate,2020,255
GB,prostate,2021,322
GB,prostate,2022,458
GB,prostate,2023,145
GB,skeletal,2014,3
GB,skeletal,2015,15
GB,skeletal,2016,52
GB,skeletal,2017,135
GB,skeletal,2018,276
GB,skeletal,2019,331
GB,skeletal,2020,448
GB,skeletal,2021,586
GB,skeletal,2022,616
GB,skeletal,2023,155
GB,skin,2004,1
GB,skin,2006,2
GB,skin,2014,2
GB,skin,2015,19
GB,skin,2016,62
GB,skin,2017,172
GB,skin,2018,359
GB,skin,2019,385
GB,skin,2020,536
GB,skin,2021,720
GB,skin,2022,657
GB,skin,2023,162
GB,small intestine,2015,3
GB,small intestine,2016,2
GB,small intestine,2017,14
GB,small intestine,2018,25
GB,small intestine,2019,55
GB,small intestine,2020,26
GB,small intestine,2021,29
GB,small intestine,2022,37
GB,small intestine,2023,11
GB,spinal cord,2014,4
GB,spinal cord,2015,13
GB,spinal cord,2016,12
GB,spinal cord,2017,56
GB,spinal cord,2018,88
GB,spinal cord,2019,92
GB,spinal cord,2020,105
GB,spinal cord,2021,157
GB,spinal cord,2022,173
GB,spinal cord,2023,42
GB,spleen,2014,1
GB,spleen,2015,3
GB,spleen,2016,5
GB,spleen,2017,10
GB,spleen,2018,19
GB,spleen,2019,37
GB,spleen,2020,45
GB,spleen,2021,33
GB,spleen,2022,44
GB,spleen,2023,2
GB,thymus,2015,1
GB,thymus,2016,4
GB,thymus,2017,7
GB,thymus,2018,14
GB,thymus,2019,6
GB,thymus,2020,60
GB,thymus,2021,28
GB,thymus,2022,29
GB,thymus,2023,3
GB,trachea,2015,4
GB,trachea,2016,2
GB,trachea,2017,8
GB,trachea,2018,17
GB,trachea,2019,22
GB,trachea,2020,30
GB,trachea,2021,70
GB,trachea,2022,108
GB,trachea,2023,21
GB,ureter,2015,2
GB,ureter,2016,2
GB,ureter,2017,9
GB,ureter,2018,11
GB,ureter,2019,15
GB,ureter,2020,24
GB,ureter,2021,42
GB,ureter,2022,70
GB,ureter,2023,22
GB,urinary bladder,2015,2
GB,urinary bladder,2016,3
GB,urinary bladder,2017,16
GB,urinary bladder,2018,42
GB,urinary bladder,2019,76
GB,urinary bladder,2020,92
GB,urinary bladder,2021,114
GB,urinary bladder,2022,141
GB,urinary bladder,2023,40
GB,uterus,2016,1
GB,uterus,2017,10
GB,uterus,2018,15
GB,uterus,2019,17
GB,uterus,2020,27
GB,uterus,2021,50
GB,uterus,2022,33
GB,uterus,2023,4
GD,brain,2018,1
GD,brain,2021,1
GD,brain,2022,1
GD,brain,2023,2
GD,heart,2020,1
GD,heart,2021,1
GD,kidney,2019,2
GD,kidney,2020,4
GD,kidney,2021,1
GD,kidney,2022,1
GD,kidney,2023,2
GD,knee,2017,1
GD,knee,2020,1
GD,liver,2017,1
GD,liver,2020,5
GD,liver,2021,3
GD,liver,2023,1
GD,lung,2016,1
GD,lung,2018,1
GD,lung,2020,2
GD,lung,2021,2
GD,lung,2022,1
GD,pancreas,2017,1
GD,pelvis,2018,1
GD,skeletal,2019,1
GD,skeletal,2021,1
GD,skin,2018,1
GD,skin,2019,2
GD,skin,2021,1
GD,small intestine,2019,1
GD,small intestine,2021,1
GD,spinal cord,2020,2
GD,spleen,2020,1
GD,uterus,2019,1
GD,uterus,2020,1
GE,bone marrow,2018,1
GE,bone marrow,2019,1
GE,brain,2017,1
GE,brain,2018,2
GE,brain,2019,2
GE,brain,2020,5
GE,brain,2021,5
GE,brain,2022,9
GE,brain,2023,1
GE,eye,2017,1
GE,eye,2018,2
GE,eye,2020,1
GE,eye,2021,2
GE,eye,2022,1
GE,eye,2023,1
GE,heart,2019,2
GE,heart,2020,2
GE,heart,2021,5
GE,kidney,2018,5
GE,kidney,2019,1
GE,kidney,2021,1
GE,kidney,2022,6
GE,large intestine,2020,1
GE,liver,2018,2
GE,liver,2019,5
GE,liver,2020,5
GE,liver,2021,6
GE,liver,2022,7
GE,liver,2023,2
GE,lung,2018,2
GE,lung,2020,3
GE,lung,2021,9
GE,lung,2022,5
GE,lung,2023,4
GE,lymph node,2020,1
GE,pelvis,2018,1
GE,pelvis,2020,1
GE,pelvis,2022,1
GE,placenta,2022,6
GE,prostate,2019,1
GE,prostate,2021,6
GE,prostate,2022,7
GE,skeletal,2018,1
GE,skeletal,2019,1
GE,skeletal,2020,2
GE,skeletal,2022,2
GE,skeletal,2023,1
GE,skin,2018,1
GE,skin,2019,1
GE,skin,2020,2
GE,skin,2021,1
GE,skin,2023,2
GE,small intestine,2019,1
GE,spinal cord,2022,1
GE,spleen,2020,1
GF,eye,2020,1
GF,heart,2020,1
GF,heart,2023,2
GF,liver,2020,1
GF,lung,2021,2
GF,skeletal,2018,1
GF,skin,2018,1
GF,skin,2019,1
GF,skin,2020,3
GF,skin,2022,1
GH,brain,2019,1
GH,brain,2021,8
GH,brain,2022,7
GH,brain,2023,2
GH,eye,2016,1
GH,eye,2020,11
GH,eye,2021,5
GH,eye,2022,2
GH,heart,2017,1
GH,heart,2019,2
GH,heart,2020,1
GH,heart,2021,10
GH,heart,2022,7
GH,heart,2023,1
GH,kidney,2017,4
GH,kidney,2018,2
GH,kidney,2019,11
GH,kidney,2020,4
GH,kidney,2021,3
GH,kidney,2022,8
GH,kidney,2023,1
GH,knee,2022,3
GH,knee,2023,1
GH,liver,2016,3
GH,liver,2017,8
GH,liver,2018,17
GH,liver,2019,26
GH,liver,2020,52
GH,liver,2021,40
GH,liver,2022,61
GH,liver,2023,10
GH,lung,2017,2
GH,lung,2018,1
GH,lung,2019,4
GH,lung,2020,3
GH,lung,2021,5
GH,lung,2022,9
GH,lymph node,2021,1
GH,ovary,2019,2
GH,peripheral nervous system,2019,3
GH,placenta,2017,1
GH,placenta,2019,1
GH,placenta,2020,1
GH,placenta,2021,2
GH,placenta,2022,2
GH,placenta,2023,1
GH,prostate,2018,2
GH,prostate,2019,2
GH,prostate,2020,1
GH,prostate,2021,3
GH,prostate,2022,8
GH,prostate,2023,1
GH,skeletal,2018,1
GH,skeletal,2021,5
GH,skin,2017,2
GH,skin,2018,2
GH,skin,2020,2
GH,skin,2021,9
GH,skin,2022,6
GH,skin,2023,3
GH,spinal cord,2019,1
GH,trachea,2021,1
GH,ureter,2019,1
GH,urinary bladder,2019,1
GH,uterus,2021,1
GH,uterus,2023,1
GI,brain,2019,1
GI,liver,2022,1
GI,spleen,2021,1
GL,heart,2017,1
GL,heart,2019,1
GL,heart,2021,1
GL,liver,2022,1
GL,lung,2021,1
GL,skin,2022,2
GM,brain,2020,2
GM,brain,2021,1
GM,eye,2017,1
GM,eye,2021,2
GM,eye,2023,2
GM,heart,2019,2
GM,heart,2020,1
GM,heart,2023,1
GM,kidney,2019,1
GM,kidney,2021,1
GM,kidney,2022,1
GM,liver,2018,2
GM,liver,2020,1
GM,liver,2021,3
GM,liver,2022,2
GM,lung,2018,1
GM,lung,2019,1
GM,lung,2020,1
GM,lung,2023,1
GM,skin,2017,1
GM,skin,2019,2
GM,skin,2022,1
GM,skin,2023,1
GM,small intestine,2018,2
GM,trachea,2017,1
GN,kidney,2021,1
GN,liver,2016,1
GN,liver,2019,1
GN,liver,2020,1
GN,liver,2021,1
GN,liver,2022,2
GN,skin,2017,1
GN,skin,2019,1
GP,heart,2022,2
GP,liver,2019,1
GP,lung,2017,1
GP,lung,2020,1
GP,lung,2022,4
GP,prostate,2017,1
GP,prostate,2020,1
GP,prostate,2022,2
GP,skin,2018,1
GR,bone marrow,2017,4
GR,bone marrow,2018,3
GR,bone marrow,2019,11
GR,bone marrow,2020,13
GR,bone marrow,2021,24
GR,bone marrow,2022,35
GR,bone marrow,2023,1
GR,brain,2005,1
GR,brain,2015,2
GR,brain,2016,7
GR,brain,2017,23
GR,brain,2018,44
GR,brain,2019,54
GR,brain,2020,80
GR,brain,2021,88
GR,brain,2022,124
GR,brain,2023,38
GR,eye,2015,3
GR,eye,2017,2
GR,eye,2018,5
GR,eye,2019,10
GR,eye,2020,19
GR,eye,2021,22
GR,eye,2022,18
GR,eye,2023,6
GR,fallopian tube,2020,1
GR,fallopian tube,2021,7
GR,fallopian tube,2022,3
GR,heart,2014,4
GR,heart,2015,1
GR,heart,2016,4
GR,heart,2017,12
GR,heart,2018,27
GR,heart,2019,43
GR,heart,2020,98
GR,heart,2021,136
GR,heart,2022,182
GR,heart,2023,60
GR,kidney,2014,4
GR,kidney,2015,1
GR,kidney,2016,10
GR,kidney,2017,12
GR,kidney,2018,36
GR,kidney,2019,41
GR,kidney,2020,91
GR,kidney,2021,71
GR,kidney,2022,111
GR,kidney,2023,23
GR,knee,2017,2
GR,knee,2018,4
GR,knee,2019,10
GR,knee,2020,12
GR,knee,2021,39
GR,knee,2022,39
GR,knee,2023,3
GR,liver,2014,4
GR,liver,2015,1
GR,liver,2016,14
GR,liver,2017,21
GR,liver,2018,39
GR,liver,2019,60
GR,liver,2020,88
GR,liver,2021,186
GR,liver,2022,257
GR,liver,2023,66
GR,lung,2012,1
GR,lung,2014,9
GR,lung,2016,6
GR,lung,2017,15
GR,lung,2018,19
GR,lung,2019,49
GR,lung,2020,79
GR,lung,2021,113
GR,lung,2022,186
GR,lung,2023,27
GR,lymph node,2016,1
GR,lymph node,2018,5
GR,lymph node,2019,5
GR,lymph node,2020,16
GR,lymph node,2021,16
GR,lymph node,2022,25
GR,lymph node,2023,4
GR,muscular system,2022,1
GR,muscular system,2023,4
GR,ovary,2016,1
GR,ovary,2017,2
GR,ovary,2018,3
GR,ovary,2019,2
GR,ovary,2020,7
GR,ovary,2021,11
GR,ovary,2022,21
GR,ovary,2023,5
GR,pancreas,2014,2
GR,pancreas,2016,4
GR,pancreas,2017,2
GR,pancreas,2019,2
GR,pancreas,2020,8
GR,pancreas,2021,3
GR,pancreas,2022,6
GR,pancreas,2023,2
GR,pelvis,2019,2
GR,pelvis,2020,3
GR,pelvis,2021,4
GR,pelvis,2022,2
GR,peripheral nervous system,2017,2
GR,peripheral nervous system,2019,2
GR,peripheral nervous system,2020,3
GR,peripheral nervous system,2021,4
GR,peripheral nervous system,2022,5
GR,peripheral nervous system,2023,1
GR,placenta,2017,3
GR,placenta,2018,1
GR,placenta,2019,2
GR,placenta,2020,3
GR,placenta,2021,13
GR,placenta,2022,23
GR,placenta,2023,11
GR,prostate,2014,2
GR,prostate,2017,1
GR,prostate,2018,4
GR,prostate,2019,10
GR,prostate,2020,30
GR,prostate,2021,26
GR,prostate,2022,46
GR,prostate,2023,5
GR,skeletal,2015,2
GR,skeletal,2016,4
GR,skeletal,2017,8
GR,skeletal,2018,16
GR,skeletal,2019,34
GR,skeletal,2020,29
GR,skeletal,2021,60
GR,skeletal,2022,51
GR,skeletal,2023,24
GR,skin,2014,7
GR,skin,2016,2
GR,skin,2017,6
GR,skin,2018,24
GR,skin,2019,36
GR,skin,2020,59
GR,skin,2021,100
GR,skin,2022,104
GR,skin,2023,33
GR,small intestine,2017,1
GR,small intestine,2019,5
GR,small intestine,2020,3
GR,small intestine,2021,5
GR,small intestine,2022,4
GR,spinal cord,2017,1
GR,spinal cord,2018,4
GR,spinal cord,2019,6
GR,spinal cord,2020,7
GR,spinal cord,2021,8
GR,spinal cord,2022,34
GR,spinal cord,2023,1
GR,spleen,2014,1
GR,spleen,2017,3
GR,spleen,2018,4
GR,spleen,2019,2
GR,spleen,2020,1
GR,spleen,2021,3
GR,spleen,2022,1
GR,spleen,2023,2
GR,thymus,2016,1
GR,thymus,2018,1
GR,thymus,2019,1
GR,thymus,2020,5
GR,thymus,2021,9
GR,thymus,2022,18
GR,thymus,2023,6
GR,trachea,2017,1
GR,trachea,2018,1
GR,trachea,2019,3
GR,trachea,2020,3
GR,trachea,2021,5
GR,trachea,2022,6
GR,ureter,2018,1
GR,ureter,2019,3
GR,ureter,2020,6
GR,ureter,2021,6
GR,ureter,2022,7
GR,urinary bladder,2015,1
GR,urinary bladder,2017,3
GR,urinary bladder,2018,6
GR,urinary bladder,2019,12
GR,urinary bladder,2020,14
GR,urinary bladder,2021,11
GR,urinary bladder,2022,31
GR,urinary bladder,2023,7
GR,uterus,2019,1
GR,uterus,2021,5
GR,uterus,2022,11
GT,brain,2022,1
GT,heart,2020,2
GT,heart,2021,1
GT,heart,2022,1
GT,kidney,2017,1
GT,kidney,2021,1
GT,kidney,2022,1
GT,knee,2020,1
GT,liver,2020,2
GT,liver,2021,2
GT,liver,2022,11
GT,placenta,2018,1
GT,skin,2022,1
GT,skin,2023,1
GW,heart,2022,1
GW,liver,2020,1
GW,liver,2021,1
GW,liver,2022,1
GW,lung,2017,1
GW,skin,2020,3
GY,heart,2015,1
HN,brain,2020,1
HN,heart,2021,1
HN,liver,2022,3
HN,liver,2023,1
HN,skeletal,2021,1
HN,skin,2021,1
HN,skin,2022,1
HN,skin,2023,2
HR,bone marrow,2016,1
HR,bone marrow,2018,1
HR,bone marrow,2020,2
HR,bone marrow,2022,8
HR,brain,2015,1
HR,brain,2016,2
HR,brain,2017,4
HR,brain,2018,12
HR,brain,2019,16
HR,brain,2020,16
HR,brain,2021,38
HR,brain,2022,62
HR,brain,2023,22
HR,eye,2018,1
HR,eye,2019,1
HR,eye,2020,6
HR,eye,2021,5
HR,eye,2022,14
HR,eye,2023,3
HR,fallopian tube,2022,1
HR,heart,2016,2
HR,heart,2017,1
HR,heart,2018,12
HR,heart,2019,7
HR,heart,2020,18
HR,heart,2021,21
HR,heart,2022,31
HR,heart,2023,12
HR,kidney,2016,1
HR,kidney,2017,4
HR,kidney,2018,16
HR,kidney,2019,9
HR,kidney,2020,20
HR,kidney,2021,33
HR,kidney,2022,50
HR,kidney,2023,31
HR,knee,2016,1
HR,knee,2017,1
HR,knee,2018,1
HR,knee,2019,5
HR,knee,2020,13
HR,knee,2021,11
HR,knee,2022,9
HR,liver,2016,2
HR,liver,2017,5
HR,liver,2018,11
HR,liver,2019,10
HR,liver,2020,24
HR,liver,2021,75
HR,liver,2022,82
HR,liver,2023,3
HR,lung,2016,1
HR,lung,2017,1
HR,lung,2018,5
HR,lung,2019,3
HR,lung,2020,23
HR,lung,2021,26
HR,lung,2022,31
HR,lung,2023,12
HR,lymph node,2017,2
HR,lymph node,2019,2
HR,lymph node,2020,4
HR,lymph node,2021,4
HR,lymph node,2022,3
HR,lymph node,2023,4
HR,muscular system,2023,3
HR,ovary,2016,1
HR,ovary,2018,1
HR,ovary,2020,3
HR,ovary,2021,1
HR,ovary,2022,5
HR,ovary,2023,1
HR,pancreas,2021,2
HR,peripheral nervous system,2021,1
HR,placenta,2017,1
HR,placenta,2018,2
HR,placenta,2021,3
HR,placenta,2022,14
HR,prostate,2019,3
HR,prostate,2020,2
HR,prostate,2021,10
HR,prostate,2022,20
HR,prostate,2023,7
HR,skeletal,2017,2
HR,skeletal,2018,1
HR,skeletal,2019,3
HR,skeletal,2020,8
HR,skeletal,2021,4
HR,skeletal,2022,5
HR,skeletal,2023,3
HR,skin,2017,6
HR,skin,2018,7
HR,skin,2019,11
HR,skin,2020,13
HR,skin,2021,21
HR,skin,2022,36
HR,skin,2023,21
HR,small intestine,2018,3
HR,small intestine,2019,2
HR,small intestine,2021,3
HR,small intestine,2023,1
HR,spinal cord,2019,2
HR,spinal cord,2020,4
HR,spinal cord,2021,6
HR,spinal cord,2022,6
HR,spleen,2017,3
HR,spleen,2018,1
HR,spleen,2020,1
HR,spleen,2023,2
HR,thymus,2016,1
HR,thymus,2018,1
HR,thymus,2020,3
HR,thymus,2021,1
HR,thymus,2022,8
HR,trachea,2020,1
HR,trachea,2023,3
HR,ureter,2019,1
HR,ureter,2021,6
HR,ureter,2022,3
HR,ureter,2023,6
HR,urinary bladder,2020,4
HR,urinary bladder,2021,17
HR,uterus,2019,1
HR,uterus,2021,1
HR,uterus,2022,1
HR,uterus,2023,3
HT,liver,2021,2
HT,liver,2023,1
HU,bone marrow,2016,3
HU,bone marrow,2018,2
HU,bone marrow,2019,4
HU,bone marrow,2020,4
HU,bone marrow,2021,4
HU,bone marrow,2022,7
HU,brain,2014,1
HU,brain,2015,4
HU,brain,2016,8
HU,brain,2017,20
HU,brain,2018,37
HU,brain,2019,50
HU,brain,2020,78
HU,brain,2021,121
HU,brain,2022,123
HU,brain,2023,26
HU,eye,2017,4
HU,eye,2018,14
HU,eye,2019,11
HU,eye,2020,3
HU,eye,2021,20
HU,eye,2022,19
HU,fallopian tube,2022,3
HU,heart,2015,5
HU,heart,2016,3
HU,heart,2017,12
HU,heart,2018,15
HU,heart,2019,26
HU,heart,2020,30
HU,heart,2021,73
HU,heart,2022,95
HU,heart,2023,14
HU,kidney,2014,1
HU,kidney,2016,3
HU,kidney,2017,5
HU,kidney,2018,14
HU,kidney,2019,22
HU,kidney,2020,17
HU,kidney,2021,31
HU,kidney,2022,19
HU,kidney,2023,8
HU,knee,2018,2
HU,knee,2019,9
HU,knee,2020,8
HU,knee,2021,10
HU,knee,2022,8
HU,large intestine,2019,1
HU,liver,2014,3
HU,liver,2015,3
HU,liver,2016,2
HU,liver,2017,8
HU,liver,2018,25
HU,liver,2019,37
HU,liver,2020,60
HU,liver,2021,93
HU,liver,2022,109
HU,liver,2023,16
HU,lung,2014,1
HU,lung,2015,1
HU,lung,2016,4
HU,lung,2017,4
HU,lung,2018,13
HU,lung,2019,12
HU,lung,2020,38
HU,lung,2021,41
HU,lung,2022,50
HU,lung,2023,6
HU,lymph node,2018,2
HU,lymph node,2019,1
HU,lymph node,2020,6
HU,lymph node,2021,2
HU,lymph node,2022,3
HU,ovary,2017,1
HU,ovary,2018,1
HU,ovary,2019,2
HU,ovary,2020,1
HU,ovary,2021,5
HU,ovary,2022,19
HU,pancreas,2018,3
HU,pancreas,2020,7
HU,pancreas,2021,3
HU,pancreas,2022,2
HU,pelvis,2018,1
HU,pelvis,2019,1
HU,pelvis,2022,5
HU,peripheral nervous system,2020,2
HU,peripheral nervous system,2021,5
HU,peripheral nervous system,2022,2
HU,placenta,2017,3
HU,placenta,2018,1
HU,placenta,2019,6
HU,placenta,2020,5
HU,placenta,2021,3
HU,placenta,2022,5
HU,placenta,2023,3
HU,prostate,2017,7
HU,prostate,2018,2
HU,prostate,2019,4
HU,prostate,2020,4
HU,prostate,2021,5
HU,prostate,2022,33
HU,prostate,2023,6
HU,skeletal,2017,7
HU,skeletal,2018,8
HU,skeletal,2019,11
HU,skeletal,2020,15
HU,skeletal,2021,21
HU,skeletal,2022,50
HU,skeletal,2023,1
HU,skin,2014,1
HU,skin,2016,1
HU,skin,2017,3
HU,skin,2018,12
HU,skin,2019,24
HU,skin,2020,62
HU,skin,2021,54
HU,skin,2022,58
HU,skin,2023,18
HU,small intestine,2019,3
HU,small intestine,2020,4
HU,small intestine,2021,2
HU,small intestine,2022,2
HU,small intestine,2023,1
HU,spinal cord,2016,1
HU,spinal cord,2018,8
HU,spinal cord,2019,3
HU,spinal cord,2020,6
HU,spinal cord,2021,16
HU,spinal cord,2022,7
HU,spinal cord,2023,4
HU,spleen,2019,5
HU,spleen,2020,4
HU,spleen,2021,6
HU,thymus,2017,2
HU,thymus,2020,1
HU,thymus,2022,4
HU,trachea,2016,1
HU,trachea,2017,1
HU,trachea,2019,1
HU,trachea,2020,4
HU,trachea,2021,3
HU,trachea,2022,1
HU,trachea,2023,1
HU,ureter,2020,1
HU,urinary bladder,2017,1
HU,urinary bladder,2018,1
HU,urinary bladder,2019,3
HU,urinary bladder,2020,1
HU,urinary bladder,2021,5
HU,urinary bladder,2022,11
HU,urinary bladder,2023,6
HU,uterus,2020,1
HU,uterus,2021,1
HU,uterus,2022,4
HU,uterus,2023,1
ID,bone marrow,2017,1
ID,bone marrow,2018,1
ID,bone marrow,2019,1
ID,bone marrow,2020,5
ID,bone marrow,2021,2
ID,bone marrow,2022,4
ID,bone marrow,2023,1
ID,brain,2016,1
ID,brain,2018,4
ID,brain,2019,14
ID,brain,2020,15
ID,brain,2021,27
ID,brain,2022,26
ID,brain,2023,4
ID,eye,2018,1
ID,eye,2020,7
ID,eye,2021,10
ID,eye,2022,9
ID,eye,2023,2
ID,fallopian tube,2020,2
ID,fallopian tube,2022,6
ID,heart,2015,1
ID,heart,2016,2
ID,heart,2017,2
ID,heart,2018,5
ID,heart,2019,16
ID,heart,2020,18
ID,heart,2021,49
ID,heart,2022,61
ID,heart,2023,2
ID,kidney,2017,1
ID,kidney,2018,2
ID,kidney,2019,15
ID,kidney,2020,48
ID,kidney,2021,30
ID,kidney,2022,51
ID,kidney,2023,17
ID,knee,2018,3
ID,knee,2020,1
ID,knee,2021,5
ID,knee,2022,10
ID,knee,2023,1
ID,liver,2014,2
ID,liver,2015,1
ID,liver,2016,2
ID,liver,2017,7
ID,liver,2018,15
ID,liver,2019,25
ID,liver,2020,55
ID,liver,2021,68
ID,liver,2022,97
ID,liver,2023,33
ID,lung,2015,1
ID,lung,2018,1
ID,lung,2019,9
ID,lung,2020,12
ID,lung,2021,22
ID,lung,2022,21
ID,lung,2023,6
ID,lymph node,2019,1
ID,lymph node,2020,3
ID,lymph node,2021,4
ID,lymph node,2023,1
ID,ovary,2019,2
ID,ovary,2020,3
ID,ovary,2021,2
ID,ovary,2022,8
ID,pancreas,2017,1
ID,pancreas,2018,2
ID,pancreas,2019,1
ID,pancreas,2020,2
ID,pancreas,2021,2
ID,pancreas,2022,2
ID,pelvis,2021,4
ID,pelvis,2022,1
ID,peripheral nervous system,2023,1
ID,placenta,2018,1
ID,placenta,2019,1
ID,placenta,2021,7
ID,placenta,2022,9
ID,placenta,2023,3
ID,prostate,2015,1
ID,prostate,2017,1
ID,prostate,2018,2
ID,prostate,2019,1
ID,prostate,2020,9
ID,prostate,2021,2
ID,prostate,2023,2
ID,skeletal,2017,1
ID,skeletal,2018,5
ID,skeletal,2019,2
ID,skeletal,2020,9
ID,skeletal,2021,10
ID,skeletal,2022,6
ID,skeletal,2023,4
ID,skin,2017,4
ID,skin,2018,4
ID,skin,2019,14
ID,skin,2020,18
ID,skin,2021,34
ID,skin,2022,55
ID,skin,2023,16
ID,small intestine,2019,1
ID,small intestine,2020,4
ID,spinal cord,2017,2
ID,spinal cord,2018,1
ID,spinal cord,2019,1
ID,spinal cord,2020,1
ID,spinal cord,2021,2
ID,spinal cord,2022,4
ID,spinal cord,2023,8
ID,spleen,2019,4
ID,spleen,2020,4
ID,spleen,2021,6
ID,thymus,2022,3
ID,trachea,2021,1
ID,trachea,2022,13
ID,ureter,2020,4
ID,ureter,2021,10
ID,ureter,2022,4
ID,ureter,2023,2
ID,urinary bladder,2018,1
ID,urinary bladder,2019,2
ID,urinary bladder,2020,7
ID,urinary bladder,2022,7
ID,uterus,2019,1
ID,uterus,2020,3
ID,uterus,2021,2
ID,uterus,2022,1
IE,bone marrow,2016,1
IE,bone marrow,2018,5
IE,bone marrow,2019,6
IE,bone marrow,2020,16
IE,bone marrow,2021,1
IE,bone marrow,2022,5
IE,brain,2014,1
IE,brain,2015,4
IE,brain,2016,12
IE,brain,2017,32
IE,brain,2018,42
IE,brain,2019,66
IE,brain,2020,85
IE,brain,2021,101
IE,brain,2022,111
IE,brain,2023,32
IE,eye,2016,3
IE,eye,2017,6
IE,eye,2018,5
IE,eye,2019,10
IE,eye,2020,11
IE,eye,2021,15
IE,eye,2022,18
IE,eye,2023,2
IE,fallopian tube,2019,1
IE,fallopian tube,2020,1
IE,fallopian tube,2022,1
IE,heart,2015,3
IE,heart,2016,4
IE,heart,2017,6
IE,heart,2018,15
IE,heart,2019,20
IE,heart,2020,43
IE,heart,2021,66
IE,heart,2022,62
IE,heart,2023,20
IE,kidney,2015,2
IE,kidney,2017,7
IE,kidney,2018,12
IE,kidney,2019,23
IE,kidney,2020,26
IE,kidney,2021,39
IE,kidney,2022,45
IE,kidney,2023,18
IE,knee,2016,2
IE,knee,2017,2
IE,knee,2018,7
IE,knee,2019,9
IE,knee,2020,9
IE,knee,2021,11
IE,knee,2022,23
IE,knee,2023,3
IE,large intestine,2020,1
IE,large intestine,2021,1
IE,large intestine,2022,1
IE,large intestine,2023,1
IE,liver,2015,2
IE,liver,2016,13
IE,liver,2017,16
IE,liver,2018,54
IE,liver,2019,100
IE,liver,2020,162
IE,liver,2021,179
IE,liver,2022,234
IE,liver,2023,68
IE,lung,2015,1
IE,lung,2016,4
IE,lung,2017,22
IE,lung,2018,17
IE,lung,2019,27
IE,lung,2020,39
IE,lung,2021,51
IE,lung,2022,59
IE,lung,2023,8
IE,lymph node,2015,1
IE,lymph node,2017,2
IE,lymph node,2018,4
IE,lymph node,2019,3
IE,lymph node,2020,1
IE,lymph node,2021,13
IE,lymph node,2022,4
IE,lymph node,2023,5
IE,muscular system,2018,1
IE,muscular system,2021,1
IE,ovary,2016,2
IE,ovary,2018,3
IE,ovary,2019,4
IE,ovary,2020,11
IE,ovary,2021,10
IE,ovary,2022,4
IE,ovary,2023,3
IE,pancreas,2017,2
IE,pancreas,2019,2
IE,pancreas,2020,1
IE,pancreas,2021,2
IE,pelvis,2015,1
IE,pelvis,2019,1
IE,pelvis,2020,2
IE,pelvis,2021,2
IE,pelvis,2022,1
IE,peripheral nervous system,2017,1
IE,peripheral nervous system,2020,1
IE,peripheral nervous system,2021,2
IE,peripheral nervous system,2022,3
IE,placenta,2015,1
IE,placenta,2016,1
IE,placenta,2017,1
IE,placenta,2018,6
IE,placenta,2019,3
IE,placenta,2020,4
IE,placenta,2021,11
IE,placenta,2022,7
IE,placenta,2023,11
IE,prostate,2015,1
IE,prostate,2017,5
IE,prostate,2018,11
IE,prostate,2019,22
IE,prostate,2020,18
IE,prostate,2021,17
IE,prostate,2022,23
IE,prostate,2023,7
IE,skeletal,2014,1
IE,skeletal,2016,2
IE,skeletal,2017,15
IE,skeletal,2018,30
IE,skeletal,2019,28
IE,skeletal,2020,27
IE,skeletal,2021,48
IE,skeletal,2022,40
IE,skeletal,2023,20
IE,skin,2015,2
IE,skin,2016,3
IE,skin,2017,7
IE,skin,2018,13
IE,skin,2019,35
IE,skin,2020,43
IE,skin,2021,54
IE,skin,2022,56
IE,skin,2023,27
IE,small intestine,2016,1
IE,small intestine,2017,1
IE,small intestine,2018,1
IE,small intestine,2019,3
IE,small intestine,2020,5
IE,small intestine,2021,2
IE,small intestine,2022,2
IE,spinal cord,2015,1
IE,spinal cord,2016,2
IE,spinal cord,2018,5
IE,spinal cord,2019,5
IE,spinal cord,2020,8
IE,spinal cord,2021,18
IE,spinal cord,2022,19
IE,spinal cord,2023,5
IE,spleen,2018,3
IE,spleen,2020,1
IE,spleen,2021,5
IE,thymus,2018,1
IE,thymus,2020,1
IE,thymus,2021,2
IE,trachea,2016,2
IE,trachea,2017,1
IE,trachea,2019,2
IE,trachea,2020,4
IE,trachea,2021,3
IE,trachea,2022,5
IE,trachea,2023,4
IE,ureter,2019,3
IE,ureter,2020,3
IE,ureter,2021,4
IE,ureter,2022,5
IE,ureter,2023,2
IE,urinary bladder,2017,2
IE,urinary bladder,2018,4
IE,urinary bladder,2019,3
IE,urinary bladder,2020,1
IE,urinary bladder,2021,1
IE,urinary bladder,2022,5
IE,uterus,2017,1
IE,uterus,2018,1
IE,uterus,2019,5
IE,uterus,2020,1
IE,uterus,2021,2
IE,uterus,2023,2
IL,bone marrow,2015,1
IL,bone marrow,2016,1
IL,bone marrow,2017,2
IL,bone marrow,2018,7
IL,bone marrow,2019,12
IL,bone marrow,2020,20
IL,bone marrow,2021,20
IL,bone marrow,2022,13
IL,bone marrow,2023,1
IL,brain,2008,1
IL,brain,2015,12
IL,brain,2016,21
IL,brain,2017,48
IL,brain,2018,93
IL,brain,2019,112
IL,brain,2020,163
IL,brain,2021,197
IL,brain,2022,221
IL,brain,2023,76
IL,eye,2014,1
IL,eye,2017,8
IL,eye,2018,19
IL,eye,2019,30
IL,eye,2020,28
IL,eye,2021,69
IL,eye,2022,75
IL,eye,2023,26
IL,fallopian tube,2018,2
IL,fallopian tube,2019,1
IL,fallopian tube,2021,2
IL,fallopian tube,2022,2
IL,heart,2014,2
IL,heart,2015,3
IL,heart,2016,3
IL,heart,2017,14
IL,heart,2018,44
IL,heart,2019,46
IL,heart,2020,62
IL,heart,2021,106
IL,heart,2022,134
IL,heart,2023,24
IL,kidney,2015,1
IL,kidney,2016,2
IL,kidney,2017,7
IL,kidney,2018,23
IL,kidney,2019,31
IL,kidney,2020,32
IL,kidney,2021,69
IL,kidney,2022,90
IL,kidney,2023,28
IL,knee,2018,1
IL,knee,2019,2
IL,knee,2020,6
IL,knee,2021,24
IL,knee,2022,21
IL,knee,2023,4
IL,large intestine,2018,2
IL,liver,2014,2
IL,liver,2015,2
IL,liver,2016,3
IL,liver,2017,30
IL,liver,2018,52
IL,liver,2019,76
IL,liver,2020,122
IL,liver,2021,169
IL,liver,2022,206
IL,liver,2023,45
IL,lung,2015,1
IL,lung,2016,2
IL,lung,2017,5
IL,lung,2018,28
IL,lung,2019,45
IL,lung,2020,82
IL,lung,2021,96
IL,lung,2022,122
IL,lung,2023,17
IL,lymph node,2016,1
IL,lymph node,2017,1
IL,lymph node,2018,2
IL,lymph node,2019,8
IL,lymph node,2020,3
IL,lymph node,2021,22
IL,lymph node,2022,17
IL,lymph node,2023,7
IL,muscular system,2022,1
IL,ovary,2015,1
IL,ovary,2016,3
IL,ovary,2018,2
IL,ovary,2019,3
IL,ovary,2020,22
IL,ovary,2021,2
IL,ovary,2022,12
IL,pancreas,2017,1
IL,pancreas,2018,6
IL,pancreas,2019,5
IL,pancreas,2020,9
IL,pancreas,2021,10
IL,pancreas,2022,10
IL,pelvis,2017,2
IL,pelvis,2018,1
IL,pelvis,2019,6
IL,pelvis,2020,1
IL,pelvis,2021,1
IL,pelvis,2022,2
IL,peripheral nervous system,2017,1
IL,peripheral nervous system,2019,1
IL,peripheral nervous system,2020,2
IL,peripheral nervous system,2021,5
IL,peripheral nervous system,2022,2
IL,placenta,2016,1
IL,placenta,2017,2
IL,placenta,2018,9
IL,placenta,2019,16
IL,placenta,2020,20
IL,placenta,2021,24
IL,placenta,2022,36
IL,placenta,2023,7
IL,prostate,2016,1
IL,prostate,2018,6
IL,prostate,2019,11
IL,prostate,2020,18
IL,prostate,2021,16
IL,prostate,2022,19
IL,prostate,2023,6
IL,skeletal,2015,1
IL,skeletal,2016,2
IL,skeletal,2017,5
IL,skeletal,2018,15
IL,skeletal,2019,20
IL,skeletal,2020,28
IL,skeletal,2021,39
IL,skeletal,2022,44
IL,skeletal,2023,15
IL,skin,2015,3
IL,skin,2016,2
IL,skin,2017,10
IL,skin,2018,29
IL,skin,2019,35
IL,skin,2020,51
IL,skin,2021,77
IL,skin,2022,99
IL,skin,2023,16
IL,small intestine,2017,1
IL,small intestine,2018,2
IL,small intestine,2020,4
IL,small intestine,2021,7
IL,small intestine,2022,10
IL,spinal cord,2016,2
IL,spinal cord,2017,5
IL,spinal cord,2018,5
IL,spinal cord,2019,9
IL,spinal cord,2020,8
IL,spinal cord,2021,15
IL,spinal cord,2022,17
IL,spleen,2016,1
IL,spleen,2017,7
IL,spleen,2018,4
IL,spleen,2019,2
IL,spleen,2020,4
IL,spleen,2021,8
IL,spleen,2022,6
IL,thymus,2016,1
IL,thymus,2017,1
IL,thymus,2019,1
IL,thymus,2020,2
IL,thymus,2021,1
IL,thymus,2022,14
IL,thymus,2023,1
IL,trachea,2017,1
IL,trachea,2018,2
IL,trachea,2019,4
IL,trachea,2020,4
IL,trachea,2021,12
IL,trachea,2022,7
IL,ureter,2018,1
IL,ureter,2019,4
IL,ureter,2020,6
IL,ureter,2021,2
IL,ureter,2022,6
IL,ureter,2023,2
IL,urinary bladder,2015,1
IL,urinary bladder,2016,1
IL,urinary bladder,2017,2
IL,urinary bladder,2018,7
IL,urinary bladder,2019,6
IL,urinary bladder,2020,8
IL,urinary bladder,2021,7
IL,urinary bladder,2022,14
IL,urinary bladder,2023,6
IL,uterus,2018,1
IL,uterus,2019,6
IL,uterus,2021,10
IL,uterus,2022,6
IL,uterus,2023,3
IN,bone marrow,2015,2
IN,bone marrow,2016,5
IN,bone marrow,2017,9
IN,bone marrow,2018,15
IN,bone marrow,2019,26
IN,bone marrow,2020,47
IN,bone marrow,2021,55
IN,bone marrow,2022,68
IN,bone marrow,2023,4
IN,brain,2014,3
IN,brain,2015,5
IN,brain,2016,16
IN,brain,2017,80
IN,brain,2018,153
IN,brain,2019,200
IN,brain,2020,295
IN,brain,2021,415
IN,brain,2022,648
IN,brain,2023,135
IN,eye,2014,5
IN,eye,2015,2
IN,eye,2016,14
IN,eye,2017,24
IN,eye,2018,55
IN,eye,2019,57
IN,eye,2020,106
IN,eye,2021,165
IN,eye,2022,183
IN,eye,2023,65
IN,fallopian tube,2018,4
IN,fallopian tube,2019,2
IN,fallopian tube,2020,5
IN,fallopian tube,2021,8
IN,fallopian tube,2022,1
IN,fallopian tube,2023,2
IN,heart,2014,3
IN,heart,2015,1
IN,heart,2016,7
IN,heart,2017,27
IN,heart,2018,66
IN,heart,2019,104
IN,heart,2020,142
IN,heart,2021,277
IN,heart,2022,363
IN,heart,2023,65
IN,kidney,2014,3
IN,kidney,2016,3
IN,kidney,2017,21
IN,kidney,2018,69
IN,kidney,2019,118
IN,kidney,2020,146
IN,kidney,2021,257
IN,kidney,2022,317
IN,kidney,2023,89
IN,knee,2015,1
IN,knee,2016,1
IN,knee,2017,6
IN,knee,2018,7
IN,knee,2019,15
IN,knee,2020,40
IN,knee,2021,104
IN,knee,2022,113
IN,knee,2023,32
IN,liver,2014,26
IN,liver,2015,3
IN,liver,2016,26
IN,liver,2017,112
IN,liver,2018,253
IN,liver,2019,393
IN,liver,2020,556
IN,liver,2021,857
IN,liver,2022,1243
IN,liver,2023,336
IN,lung,2014,2
IN,lung,2016,13
IN,lung,2017,42
IN,lung,2018,76
IN,lung,2019,134
IN,lung,2020,184
IN,lung,2021,316
IN,lung,2022,423
IN,lung,2023,122
IN,lymph node,2014,1
IN,lymph node,2016,4
IN,lymph node,2017,7
IN,lymph node,2018,16
IN,lymph node,2019,53
IN,lymph node,2020,48
IN,lymph node,2021,107
IN,lymph node,2022,109
IN,lymph node,2023,34
IN,muscular system,2020,1
IN,muscular system,2021,1
IN,ovary,2015,1
IN,ovary,2016,1
IN,ovary,2017,6
IN,ovary,2018,11
IN,ovary,2019,22
IN,ovary,2020,25
IN,ovary,2021,61
IN,ovary,2022,79
IN,ovary,2023,22
IN,pancreas,2014,3
IN,pancreas,2015,1
IN,pancreas,2016,2
IN,pancreas,2017,1
IN,pancreas,2018,7
IN,pancreas,2019,14
IN,pancreas,2020,30
IN,pancreas,2021,40
IN,pancreas,2022,47
IN,pancreas,2023,3
IN,pelvis,2017,1
IN,pelvis,2018,4
IN,pelvis,2019,2
IN,pelvis,2020,6
IN,pelvis,2021,30
IN,pelvis,2022,15
IN,pelvis,2023,10
IN,peripheral nervous system,2019,5
IN,peripheral nervous system,2020,7
IN,peripheral nervous system,2021,13
IN,peripheral nervous system,2022,10
IN,peripheral nervous system,2023,9
IN,placenta,2016,2
IN,placenta,2017,9
IN,placenta,2018,13
IN,placenta,2019,13
IN,placenta,2020,25
IN,placenta,2021,40
IN,placenta,2022,60
IN,placenta,2023,18
IN,prostate,2014,1
IN,prostate,2016,2
IN,prostate,2017,6
IN,prostate,2018,15
IN,prostate,2019,29
IN,prostate,2020,36
IN,prostate,2021,62
IN,prostate,2022,111
IN,prostate,2023,37
IN,skeletal,2015,1
IN,skeletal,2016,7
IN,skeletal,2017,15
IN,skeletal,2018,38
IN,skeletal,2019,40
IN,skeletal,2020,64
IN,skeletal,2021,149
IN,skeletal,2022,137
IN,skeletal,2023,36
IN,skin,2014,4
IN,skin,2015,4
IN,skin,2016,10
IN,skin,2017,41
IN,skin,2018,102
IN,skin,2019,139
IN,skin,2020,216
IN,skin,2021,305
IN,skin,2022,348
IN,skin,2023,89
IN,small intestine,2015,1
IN,small intestine,2016,1
IN,small intestine,2017,2
IN,small intestine,2018,4
IN,small intestine,2019,3
IN,small intestine,2020,5
IN,small intestine,2021,18
IN,small intestine,2022,7
IN,spinal cord,2015,1
IN,spinal cord,2016,3
IN,spinal cord,2017,4
IN,spinal cord,2018,10
IN,spinal cord,2019,33
IN,spinal cord,2020,29
IN,spinal cord,2021,47
IN,spinal cord,2022,54
IN,spinal cord,2023,12
IN,spleen,2014,1
IN,spleen,2017,4
IN,spleen,2018,11
IN,spleen,2019,9
IN,spleen,2020,17
IN,spleen,2021,19
IN,spleen,2022,14
IN,spleen,2023,1
IN,thymus,2016,2
IN,thymus,2017,1
IN,thymus,2018,6
IN,thymus,2019,12
IN,thymus,2020,3
IN,thymus,2021,11
IN,thymus,2022,12
IN,trachea,2014,2
IN,trachea,2016,1
IN,trachea,2017,7
IN,trachea,2018,16
IN,trachea,2019,16
IN,trachea,2020,33
IN,trachea,2021,32
IN,trachea,2022,46
IN,trachea,2023,22
IN,ureter,2014,1
IN,ureter,2015,1
IN,ureter,2016,1
IN,ureter,2017,1
IN,ureter,2018,7
IN,ureter,2019,13
IN,ureter,2020,17
IN,ureter,2021,14
IN,ureter,2022,28
IN,ureter,2023,3
IN,urinary bladder,2016,1
IN,urinary bladder,2017,5
IN,urinary bladder,2018,5
IN,urinary bladder,2019,12
IN,urinary bladder,2020,31
IN,urinary bladder,2021,33
IN,urinary bladder,2022,36
IN,urinary bladder,2023,10
IN,uterus,2017,2
IN,uterus,2018,6
IN,uterus,2019,9
IN,uterus,2020,11
IN,uterus,2021,12
IN,uterus,2022,16
IN,uterus,2023,21
IQ,bone marrow,2017,1
IQ,bone marrow,2020,2
IQ,brain,2019,4
IQ,brain,2020,5
IQ,brain,2021,10
IQ,brain,2022,6
IQ,brain,2023,6
IQ,eye,2020,1
IQ,heart,2017,1
IQ,heart,2018,2
IQ,heart,2019,6
IQ,heart,2020,3
IQ,heart,2021,8
IQ,heart,2022,10
IQ,heart,2023,1
IQ,kidney,2018,2
IQ,kidney,2019,1
IQ,kidney,2020,4
IQ,kidney,2021,5
IQ,kidney,2022,5
IQ,knee,2013,1
IQ,knee,2021,6
IQ,knee,2022,2
IQ,knee,2023,2
IQ,liver,2017,1
IQ,liver,2018,7
IQ,liver,2019,8
IQ,liver,2020,17
IQ,liver,2021,15
IQ,liver,2022,32
IQ,liver,2023,3
IQ,lung,2019,2
IQ,lung,2020,6
IQ,lung,2021,4
IQ,lung,2022,10
IQ,lung,2023,1
IQ,lymph node,2017,1
IQ,lymph node,2022,1
IQ,ovary,2019,1
IQ,ovary,2020,3
IQ,ovary,2022,4
IQ,pancreas,2020,2
IQ,peripheral nervous system,2022,2
IQ,placenta,2020,1
IQ,placenta,2022,3
IQ,prostate,2018,1
IQ,prostate,2019,2
IQ,prostate,2021,2
IQ,prostate,2022,4
IQ,skeletal,2018,1
IQ,skeletal,2022,5
IQ,skeletal,2023,1
IQ,skin,2019,6
IQ,skin,2020,3
IQ,skin,2021,7
IQ,skin,2022,10
IQ,skin,2023,1
IQ,small intestine,2019,1
IQ,small intestine,2021,1
IQ,spinal cord,2020,2
IQ,spinal cord,2022,1
IQ,thymus,2019,1
IQ,thymus,2020,1
IQ,trachea,2022,1
IQ,urinary bladder,2022,2
IR,bone marrow,2016,3
IR,bone marrow,2017,3
IR,bone marrow,2018,15
IR,bone marrow,2019,17
IR,bone marrow,2020,27
IR,bone marrow,2021,57
IR,bone marrow,2022,19
IR,bone marrow,2023,2
IR,brain,2014,4
IR,brain,2016,7
IR,brain,2017,18
IR,brain,2018,59
IR,brain,2019,111
IR,brain,2020,173
IR,brain,2021,205
IR,brain,2022,342
IR,brain,2023,87
IR,eye,2015,1
IR,eye,2016,2
IR,eye,2017,1
IR,eye,2018,15
IR,eye,2019,25
IR,eye,2020,32
IR,eye,2021,54
IR,eye,2022,59
IR,eye,2023,22
IR,fallopian tube,2019,1
IR,fallopian tube,2020,1
IR,fallopian tube,2021,1
IR,fallopian tube,2022,3
IR,fallopian tube,2023,7
IR,heart,2014,2
IR,heart,2015,2
IR,heart,2016,1
IR,heart,2017,13
IR,heart,2018,43
IR,heart,2019,85
IR,heart,2020,144
IR,heart,2021,165
IR,heart,2022,244
IR,heart,2023,51
IR,kidney,2014,1
IR,kidney,2016,2
IR,kidney,2017,16
IR,kidney,2018,37
IR,kidney,2019,88
IR,kidney,2020,122
IR,kidney,2021,153
IR,kidney,2022,196
IR,kidney,2023,25
IR,knee,2013,1
IR,knee,2016,2
IR,knee,2018,5
IR,knee,2019,8
IR,knee,2020,24
IR,knee,2021,51
IR,knee,2022,74
IR,knee,2023,11
IR,large intestine,2021,1
IR,liver,2014,5
IR,liver,2015,2
IR,liver,2016,7
IR,liver,2017,28
IR,liver,2018,106
IR,liver,2019,227
IR,liver,2020,380
IR,liver,2021,578
IR,liver,2022,662
IR,liver,2023,150
IR,lung,2016,1
IR,lung,2017,5
IR,lung,2018,25
IR,lung,2019,65
IR,lung,2020,86
IR,lung,2021,153
IR,lung,2022,159
IR,lung,2023,27
IR,lymph node,2015,1
IR,lymph node,2016,2
IR,lymph node,2017,2
IR,lymph node,2018,4
IR,lymph node,2019,15
IR,lymph node,2020,17
IR,lymph node,2021,23
IR,lymph node,2022,18
IR,lymph node,2023,1
IR,muscular system,2021,1
IR,muscular system,2022,1
IR,ovary,2016,2
IR,ovary,2017,13
IR,ovary,2018,27
IR,ovary,2019,24
IR,ovary,2020,32
IR,ovary,2021,67
IR,ovary,2022,95
IR,ovary,2023,29
IR,pancreas,2016,1
IR,pancreas,2018,6
IR,pancreas,2019,9
IR,pancreas,2020,4
IR,pancreas,2021,8
IR,pancreas,2022,5
IR,pancreas,2023,7
IR,pelvis,2016,2
IR,pelvis,2018,7
IR,pelvis,2020,3
IR,pelvis,2021,1
IR,pelvis,2022,11
IR,peripheral nervous system,2018,1
IR,peripheral nervous system,2019,6
IR,peripheral nervous system,2021,2
IR,peripheral nervous system,2022,5
IR,peripheral nervous system,2023,1
IR,placenta,2017,2
IR,placenta,2018,5
IR,placenta,2019,9
IR,placenta,2020,15
IR,placenta,2021,23
IR,placenta,2022,29
IR,placenta,2023,9
IR,prostate,2017,3
IR,prostate,2018,9
IR,prostate,2019,37
IR,prostate,2020,30
IR,prostate,2021,42
IR,prostate,2022,78
IR,prostate,2023,9
IR,skeletal,2014,1
IR,skeletal,2016,1
IR,skeletal,2017,7
IR,skeletal,2018,16
IR,skeletal,2019,34
IR,skeletal,2020,40
IR,skeletal,2021,35
IR,skeletal,2022,121
IR,skeletal,2023,27
IR,skin,2014,2
IR,skin,2016,9
IR,skin,2017,19
IR,skin,2018,23
IR,skin,2019,60
IR,skin,2020,131
IR,skin,2021,167
IR,skin,2022,199
IR,skin,2023,42
IR,small intestine,2018,2
IR,small intestine,2019,2
IR,small intestine,2020,7
IR,small intestine,2021,1
IR,small intestine,2022,8
IR,small intestine,2023,2
IR,spinal cord,2017,2
IR,spinal cord,2018,10
IR,spinal cord,2019,20
IR,spinal cord,2020,28
IR,spinal cord,2021,47
IR,spinal cord,2022,77
IR,spinal cord,2023,2
IR,spleen,2017,5
IR,spleen,2018,5
IR,spleen,2019,14
IR,spleen,2020,4
IR,spleen,2021,6
IR,spleen,2022,4
IR,spleen,2023,1
IR,thymus,2018,4
IR,thymus,2019,11
IR,thymus,2020,2
IR,thymus,2021,11
IR,thymus,2022,23
IR,thymus,2023,4
IR,trachea,2016,2
IR,trachea,2018,1
IR,trachea,2019,1
IR,trachea,2020,8
IR,trachea,2021,17
IR,trachea,2022,28
IR,ureter,2017,1
IR,ureter,2018,3
IR,ureter,2019,6
IR,ureter,2020,3
IR,ureter,2021,8
IR,ureter,2022,8
IR,ureter,2023,6
IR,urinary bladder,2017,1
IR,urinary bladder,2018,7
IR,urinary bladder,2019,11
IR,urinary bladder,2020,13
IR,urinary bladder,2021,33
IR,urinary bladder,2022,42
IR,urinary bladder,2023,5
IR,uterus,2018,2
IR,uterus,2019,5
IR,uterus,2020,18
IR,uterus,2021,15
IR,uterus,2022,7
IR,uterus,2023,1
IS,brain,2017,2
IS,brain,2018,10
IS,brain,2019,9
IS,brain,2020,8
IS,brain,2021,4
IS,brain,2022,11
IS,brain,2023,6
IS,eye,2017,1
IS,eye,2018,2
IS,eye,2019,6
IS,eye,2020,4
IS,eye,2021,7
IS,eye,2022,5
IS,eye,2023,2
IS,heart,2016,1
IS,heart,2017,1
IS,heart,2018,2
IS,heart,2019,4
IS,heart,2020,9
IS,heart,2021,8
IS,heart,2022,8
IS,kidney,2017,1
IS,kidney,2018,1
IS,kidney,2019,8
IS,kidney,2020,4
IS,kidney,2021,2
IS,kidney,2022,13
IS,knee,2018,5
IS,knee,2019,6
IS,knee,2021,2
IS,knee,2022,8
IS,knee,2023,5
IS,liver,2017,1
IS,liver,2018,1
IS,liver,2019,12
IS,liver,2020,3
IS,liver,2021,13
IS,liver,2022,29
IS,liver,2023,2
IS,lung,2016,2
IS,lung,2017,3
IS,lung,2018,2
IS,lung,2019,1
IS,lung,2020,3
IS,lung,2021,1
IS,lung,2022,8
IS,lymph node,2021,2
IS,ovary,2015,2
IS,ovary,2018,2
IS,ovary,2019,1
IS,pancreas,2022,1
IS,pelvis,2022,1
IS,peripheral nervous system,2021,3
IS,placenta,2017,1
IS,prostate,2017,1
IS,prostate,2018,6
IS,prostate,2021,5
IS,prostate,2022,7
IS,skeletal,2016,1
IS,skeletal,2018,1
IS,skeletal,2019,1
IS,skeletal,2020,3
IS,skeletal,2022,1
IS,skin,2017,1
IS,skin,2020,2
IS,skin,2021,8
IS,skin,2022,2
IS,spinal cord,2016,1
IS,spinal cord,2019,1
IS,spinal cord,2020,1
IS,spinal cord,2021,1
IT,blood vasculature,2020,2
IT,bone marrow,2014,2
IT,bone marrow,2015,6
IT,bone marrow,2016,12
IT,bone marrow,2017,39
IT,bone marrow,2018,79
IT,bone marrow,2019,109
IT,bone marrow,2020,171
IT,bone marrow,2021,226
IT,bone marrow,2022,205
IT,bone marrow,2023,97
IT,brain,2013,1
IT,brain,2014,36
IT,brain,2015,44
IT,brain,2016,136
IT,brain,2017,420
IT,brain,2018,596
IT,brain,2019,899
IT,brain,2020,1264
IT,brain,2021,1710
IT,brain,2022,2043
IT,brain,2023,518
IT,eye,2014,8
IT,eye,2015,3
IT,eye,2016,22
IT,eye,2017,64
IT,eye,2018,107
IT,eye,2019,120
IT,eye,2020,203
IT,eye,2021,388
IT,eye,2022,379
IT,eye,2023,93
IT,fallopian tube,2017,1
IT,fallopian tube,2018,2
IT,fallopian tube,2020,10
IT,fallopian tube,2021,5
IT,fallopian tube,2022,16
IT,heart,2014,30
IT,heart,2015,14
IT,heart,2016,47
IT,heart,2017,193
IT,heart,2018,344
IT,heart,2019,447
IT,heart,2020,706
IT,heart,2021,1329
IT,heart,2022,1464
IT,heart,2023,468
IT,kidney,2014,24
IT,kidney,2015,13
IT,kidney,2016,45
IT,kidney,2017,110
IT,kidney,2018,217
IT,kidney,2019,322
IT,kidney,2020,490
IT,kidney,2021,713
IT,kidney,2022,904
IT,kidney,2023,235
IT,knee,2015,1
IT,knee,2016,12
IT,knee,2017,21
IT,knee,2018,45
IT,knee,2019,93
IT,knee,2020,102
IT,knee,2021,212
IT,knee,2022,233
IT,knee,2023,84
IT,large intestine,2016,1
IT,large intestine,2017,2
IT,large intestine,2018,1
IT,large intestine,2019,6
IT,large intestine,2020,5
IT,large intestine,2021,1
IT,large intestine,2022,1
IT,liver,2012,5
IT,liver,2014,39
IT,liver,2015,31
IT,liver,2016,84
IT,liver,2017,299
IT,liver,2018,642
IT,liver,2019,949
IT,liver,2020,1434
IT,liver,2021,1943
IT,liver,2022,2221
IT,liver,2023,611
IT,lung,2014,21
IT,lung,2015,18
IT,lung,2016,31
IT,lung,2017,130
IT,lung,2018,286
IT,lung,2019,450
IT,lung,2020,707
IT,lung,2021,1276
IT,lung,2022,1546
IT,lung,2023,424
IT,lymph node,2014,5
IT,lymph node,2015,6
IT,lymph node,2016,8
IT,lymph node,2017,28
IT,lymph node,2018,75
IT,lymph node,2019,113
IT,lymph node,2020,150
IT,lymph node,2021,230
IT,lymph node,2022,321
IT,lymph node,2023,95
IT,lymph vasculature,2022,2
IT,main bronchus,2018,2
IT,muscular system,2017,1
IT,muscular system,2020,4
IT,muscular system,2021,10
IT,muscular system,2022,13
IT,muscular system,2023,2
IT,ovary,2014,2
IT,ovary,2015,5
IT,ovary,2016,8
IT,ovary,2017,16
IT,ovary,2018,30
IT,ovary,2019,50
IT,ovary,2020,65
IT,ovary,2021,89
IT,ovary,2022,94
IT,ovary,2023,17
IT,pancreas,2014,1
IT,pancreas,2015,3
IT,pancreas,2016,3
IT,pancreas,2017,18
IT,pancreas,2018,19
IT,pancreas,2019,49
IT,pancreas,2020,82
IT,pancreas,2021,102
IT,pancreas,2022,76
IT,pancreas,2023,56
IT,pelvis,2016,1
IT,pelvis,2017,12
IT,pelvis,2018,28
IT,pelvis,2019,9
IT,pelvis,2020,16
IT,pelvis,2021,50
IT,pelvis,2022,52
IT,pelvis,2023,21
IT,peripheral nervous system,2013,4
IT,peripheral nervous system,2016,2
IT,peripheral nervous system,2017,16
IT,peripheral nervous system,2018,15
IT,peripheral nervous system,2019,18
IT,peripheral nervous system,2020,32
IT,peripheral nervous system,2021,64
IT,peripheral nervous system,2022,63
IT,peripheral nervous system,2023,25
IT,placenta,2014,9
IT,placenta,2016,10
IT,placenta,2017,21
IT,placenta,2018,32
IT,placenta,2019,36
IT,placenta,2020,83
IT,placenta,2021,114
IT,placenta,2022,171
IT,placenta,2023,49
IT,prostate,2014,16
IT,prostate,2015,8
IT,prostate,2016,22
IT,prostate,2017,50
IT,prostate,2018,106
IT,prostate,2019,204
IT,prostate,2020,233
IT,prostate,2021,402
IT,prostate,2022,689
IT,prostate,2023,209
IT,skeletal,2014,15
IT,skeletal,2015,18
IT,skeletal,2016,38
IT,skeletal,2017,126
IT,skeletal,2018,241
IT,skeletal,2019,310
IT,skeletal,2020,511
IT,skeletal,2021,751
IT,skeletal,2022,705
IT,skeletal,2023,221
IT,skin,2012,1
IT,skin,2014,21
IT,skin,2015,11
IT,skin,2016,37
IT,skin,2017,158
IT,skin,2018,259
IT,skin,2019,401
IT,skin,2020,847
IT,skin,2021,966
IT,skin,2022,997
IT,skin,2023,303
IT,small intestine,2016,2
IT,small intestine,2017,11
IT,small intestine,2018,12
IT,small intestine,2019,22
IT,small intestine,2020,18
IT,small intestine,2021,49
IT,small intestine,2022,48
IT,small intestine,2023,5
IT,spinal cord,2014,6
IT,spinal cord,2015,1
IT,spinal cord,2016,18
IT,spinal cord,2017,42
IT,spinal cord,2018,50
IT,spinal cord,2019,66
IT,spinal cord,2020,115
IT,spinal cord,2021,165
IT,spinal cord,2022,201
IT,spinal cord,2023,32
IT,spleen,2015,1
IT,spleen,2016,3
IT,spleen,2017,12
IT,spleen,2018,21
IT,spleen,2019,42
IT,spleen,2020,38
IT,spleen,2021,71
IT,spleen,2022,68
IT,spleen,2023,5
IT,thymus,2016,2
IT,thymus,2017,5
IT,thymus,2018,17
IT,thymus,2019,30
IT,thymus,2020,47
IT,thymus,2021,65
IT,thymus,2022,52
IT,thymus,2023,10
IT,trachea,2015,4
IT,trachea,2016,2
IT,trachea,2017,11
IT,trachea,2018,21
IT,trachea,2019,22
IT,trachea,2020,20
IT,trachea,2021,63
IT,trachea,2022,48
IT,trachea,2023,20
IT,ureter,2014,3
IT,ureter,2016,2
IT,ureter,2017,2
IT,ureter,2018,8
IT,ureter,2019,29
IT,ureter,2020,28
IT,ureter,2021,58
IT,ureter,2022,63
IT,ureter,2023,13
IT,urinary bladder,2014,3
IT,urinary bladder,2015,4
IT,urinary bladder,2016,1
IT,urinary bladder,2017,12
IT,urinary bladder,2018,39
IT,urinary bladder,2019,55
IT,urinary bladder,2020,80
IT,urinary bladder,2021,105
IT,urinary bladder,2022,183
IT,urinary bladder,2023,23
IT,uterus,2014,2
IT,uterus,2015,1
IT,uterus,2017,3
IT,uterus,2018,10
IT,uterus,2019,20
IT,uterus,2020,26
IT,uterus,2021,30
IT,uterus,2022,20
IT,uterus,2023,28
JE,brain,2022,2
JE,lung,2022,2
JE,skin,2017,1
JE,skin,2022,1
JM,brain,2017,1
JM,brain,2020,1
JM,brain,2022,2
JM,eye,2019,1
JM,heart,2020,1
JM,heart,2022,1
JM,heart,2023,1
JM,kidney,2021,2
JM,liver,2019,3
JM,liver,2020,1
JM,liver,2021,3
JM,liver,2022,1
JM,lung,2022,1
JM,lung,2023,1
JM,prostate,2020,3
JM,prostate,2022,2
JM,skin,2018,1
JM,skin,2019,1
JM,skin,2020,2
JM,skin,2022,2
JM,skin,2023,1
JM,spinal cord,2020,1
JO,bone marrow,2017,1
JO,bone marrow,2018,3
JO,bone marrow,2019,1
JO,bone marrow,2021,1
JO,bone marrow,2022,1
JO,brain,2017,1
JO,brain,2018,2
JO,brain,2019,2
JO,brain,2020,10
JO,brain,2021,11
JO,brain,2022,19
JO,brain,2023,5
JO,eye,2019,1
JO,eye,2020,4
JO,eye,2021,5
JO,eye,2022,20
JO,heart,2017,3
JO,heart,2018,2
JO,heart,2019,6
JO,heart,2020,29
JO,heart,2021,14
JO,heart,2022,26
JO,heart,2023,7
JO,kidney,2017,2
JO,kidney,2018,6
JO,kidney,2019,18
JO,kidney,2020,16
JO,kidney,2021,14
JO,kidney,2022,8
JO,kidney,2023,7
JO,knee,2018,1
JO,knee,2019,1
JO,knee,2020,8
JO,knee,2021,6
JO,knee,2022,20
JO,knee,2023,3
JO,liver,2016,1
JO,liver,2017,5
JO,liver,2018,7
JO,liver,2019,15
JO,liver,2020,30
JO,liver,2021,47
JO,liver,2022,56
JO,liver,2023,4
JO,lung,2017,3
JO,lung,2018,1
JO,lung,2019,1
JO,lung,2020,11
JO,lung,2021,13
JO,lung,2022,22
JO,lung,2023,10
JO,lymph node,2019,1
JO,lymph node,2020,1
JO,lymph node,2021,3
JO,lymph node,2022,2
JO,ovary,2020,5
JO,ovary,2022,1
JO,pancreas,2018,1
JO,pancreas,2020,1
JO,pancreas,2021,2
JO,placenta,2016,1
JO,placenta,2021,4
JO,placenta,2022,7
JO,prostate,2017,1
JO,prostate,2018,1
JO,prostate,2019,4
JO,prostate,2020,5
JO,prostate,2021,7
JO,prostate,2022,9
JO,prostate,2023,1
JO,skeletal,2018,6
JO,skeletal,2019,1
JO,skeletal,2020,1
JO,skeletal,2021,5
JO,skeletal,2022,13
JO,skeletal,2023,1
JO,skin,2018,5
JO,skin,2019,7
JO,skin,2020,12
JO,skin,2021,10
JO,skin,2022,20
JO,skin,2023,16
JO,spinal cord,2017,1
JO,spinal cord,2021,3
JO,spinal cord,2022,2
JO,spleen,2020,2
JO,thymus,2019,1
JO,trachea,2017,1
JO,trachea,2020,2
JO,trachea,2021,1
JO,ureter,2019,1
JO,ureter,2020,2
JO,urinary bladder,2019,1
JO,urinary bladder,2020,2
JO,urinary bladder,2021,2
JO,urinary bladder,2022,4
JO,urinary bladder,2023,4
JP,blood vasculature,2020,3
JP,bone marrow,2014,1
JP,bone marrow,2015,2
JP,bone marrow,2016,13
JP,bone marrow,2017,43
JP,bone marrow,2018,97
JP,bone marrow,2019,128
JP,bone marrow,2020,116
JP,bone marrow,2021,204
JP,bone marrow,2022,155
JP,bone marrow,2023,74
JP,brain,2014,18
JP,brain,2015,28
JP,brain,2016,90
JP,brain,2017,298
JP,brain,2018,481
JP,brain,2019,635
JP,brain,2020,798
JP,brain,2021,999
JP,brain,2022,1210
JP,brain,2023,286
JP,eye,2014,7
JP,eye,2015,4
JP,eye,2016,14
JP,eye,2017,60
JP,eye,2018,115
JP,eye,2019,146
JP,eye,2020,181
JP,eye,2021,225
JP,eye,2022,301
JP,eye,2023,73
JP,fallopian tube,2014,1
JP,fallopian tube,2017,1
JP,fallopian tube,2018,6
JP,fallopian tube,2019,21
JP,fallopian tube,2020,19
JP,fallopian tube,2021,24
JP,fallopian tube,2022,47
JP,fallopian tube,2023,2
JP,heart,2014,5
JP,heart,2015,8
JP,heart,2016,29
JP,heart,2017,123
JP,heart,2018,234
JP,heart,2019,365
JP,heart,2020,582
JP,heart,2021,812
JP,heart,2022,1063
JP,heart,2023,348
JP,kidney,2012,1
JP,kidney,2014,9
JP,kidney,2015,3
JP,kidney,2016,21
JP,kidney,2017,153
JP,kidney,2018,320
JP,kidney,2019,423
JP,kidney,2020,535
JP,kidney,2021,783
JP,kidney,2022,1023
JP,kidney,2023,262
JP,knee,2014,7
JP,knee,2015,2
JP,knee,2016,4
JP,knee,2017,26
JP,knee,2018,49
JP,knee,2019,88
JP,knee,2020,107
JP,knee,2021,193
JP,knee,2022,296
JP,knee,2023,89
JP,large intestine,2018,1
JP,large intestine,2019,3
JP,large intestine,2020,1
JP,large intestine,2021,4
JP,large intestine,2022,10
JP,liver,2013,1
JP,liver,2014,22
JP,liver,2015,22
JP,liver,2016,47
JP,liver,2017,236
JP,liver,2018,443
JP,liver,2019,692
JP,liver,2020,1106
JP,liver,2021,1482
JP,liver,2022,1736
JP,liver,2023,539
JP,lung,2013,3
JP,lung,2014,10
JP,lung,2015,19
JP,lung,2016,37
JP,lung,2017,182
JP,lung,2018,372
JP,lung,2019,583
JP,lung,2020,832
JP,lung,2021,1164
JP,lung,2022,1498
JP,lung,2023,490
JP,lymph node,2014,3
JP,lymph node,2015,3
JP,lymph node,2016,22
JP,lymph node,2017,59
JP,lymph node,2018,137
JP,lymph node,2019,172
JP,lymph node,2020,267
JP,lymph node,2021,330
JP,lymph node,2022,450
JP,lymph node,2023,141
JP,main bronchus,2017,1
JP,main bronchus,2018,1
JP,main bronchus,2020,1
JP,main bronchus,2022,1
JP,main bronchus,2023,1
JP,muscular system,2018,6
JP,muscular system,2019,5
JP,muscular system,2020,10
JP,muscular system,2022,5
JP,ovary,2014,1
JP,ovary,2015,1
JP,ovary,2016,5
JP,ovary,2017,17
JP,ovary,2018,27
JP,ovary,2019,43
JP,ovary,2020,55
JP,ovary,2021,50
JP,ovary,2022,50
JP,ovary,2023,4
JP,pancreas,2014,2
JP,pancreas,2015,5
JP,pancreas,2016,7
JP,pancreas,2017,13
JP,pancreas,2018,41
JP,pancreas,2019,76
JP,pancreas,2020,127
JP,pancreas,2021,154
JP,pancreas,2022,185
JP,pancreas,2023,44
JP,pelvis,2016,3
JP,pelvis,2017,10
JP,pelvis,2018,16
JP,pelvis,2019,9
JP,pelvis,2020,37
JP,pelvis,2021,38
JP,pelvis,2022,78
JP,pelvis,2023,21
JP,peripheral nervous system,2014,1
JP,peripheral nervous system,2015,1
JP,peripheral nervous system,2017,5
JP,peripheral nervous system,2018,8
JP,peripheral nervous system,2019,15
JP,peripheral nervous system,2020,26
JP,peripheral nervous system,2021,39
JP,peripheral nervous system,2022,34
JP,peripheral nervous system,2023,8
JP,placenta,2014,1
JP,placenta,2015,1
JP,placenta,2016,7
JP,placenta,2017,26
JP,placenta,2018,23
JP,placenta,2019,45
JP,placenta,2020,53
JP,placenta,2021,98
JP,placenta,2022,162
JP,placenta,2023,38
JP,prostate,2014,2
JP,prostate,2015,2
JP,prostate,2016,6
JP,prostate,2017,41
JP,prostate,2018,80
JP,prostate,2019,131
JP,prostate,2020,176
JP,prostate,2021,257
JP,prostate,2022,380
JP,prostate,2023,162
JP,skeletal,2014,5
JP,skeletal,2015,8
JP,skeletal,2016,28
JP,skeletal,2017,102
JP,skeletal,2018,229
JP,skeletal,2019,298
JP,skeletal,2020,389
JP,skeletal,2021,631
JP,skeletal,2022,714
JP,skeletal,2023,169
JP,skin,2014,5
JP,skin,2015,7
JP,skin,2016,20
JP,skin,2017,113
JP,skin,2018,330
JP,skin,2019,446
JP,skin,2020,576
JP,skin,2021,697
JP,skin,2022,729
JP,skin,2023,242
JP,small intestine,2014,3
JP,small intestine,2015,1
JP,small intestine,2016,4
JP,small intestine,2017,18
JP,small intestine,2018,19
JP,small intestine,2019,37
JP,small intestine,2020,45
JP,small intestine,2021,74
JP,small intestine,2022,48
JP,small intestine,2023,19
JP,spinal cord,2014,3
JP,spinal cord,2015,6
JP,spinal cord,2016,11
JP,spinal cord,2017,46
JP,spinal cord,2018,78
JP,spinal cord,2019,96
JP,spinal cord,2020,111
JP,spinal cord,2021,156
JP,spinal cord,2022,197
JP,spinal cord,2023,63
JP,spleen,2014,4
JP,spleen,2015,1
JP,spleen,2016,2
JP,spleen,2017,24
JP,spleen,2018,30
JP,spleen,2019,37
JP,spleen,2020,44
JP,spleen,2021,46
JP,spleen,2022,53
JP,spleen,2023,21
JP,thymus,2015,2
JP,thymus,2016,10
JP,thymus,2017,8
JP,thymus,2018,31
JP,thymus,2019,45
JP,thymus,2020,41
JP,thymus,2021,40
JP,thymus,2022,105
JP,thymus,2023,9
JP,trachea,2016,8
JP,trachea,2017,16
JP,trachea,2018,21
JP,trachea,2019,48
JP,trachea,2020,63
JP,trachea,2021,67
JP,trachea,2022,103
JP,trachea,2023,5
JP,ureter,2014,2
JP,ureter,2016,3
JP,ureter,2017,7
JP,ureter,2018,21
JP,ureter,2019,40
JP,ureter,2020,47
JP,ureter,2021,64
JP,ureter,2022,117
JP,ureter,2023,38
JP,urinary bladder,2015,1
JP,urinary bladder,2016,8
JP,urinary bladder,2017,35
JP,urinary bladder,2018,64
JP,urinary bladder,2019,92
JP,urinary bladder,2020,120
JP,urinary bladder,2021,182
JP,urinary bladder,2022,252
JP,urinary bladder,2023,81
JP,uterus,2016,4
JP,uterus,2017,12
JP,uterus,2018,10
JP,uterus,2019,27
JP,uterus,2020,37
JP,uterus,2021,36
JP,uterus,2022,35
JP,uterus,2023,21
KE,brain,2018,1
KE,brain,2019,2
KE,brain,2020,3
KE,brain,2021,5
KE,brain,2022,2
KE,brain,2023,1
KE,eye,2014,1
KE,eye,2016,1
KE,eye,2017,2
KE,eye,2020,1
KE,eye,2023,3
KE,fallopian tube,2021,1
KE,heart,2017,1
KE,heart,2019,2
KE,heart,2020,2
KE,heart,2021,5
KE,heart,2022,3
KE,kidney,2018,1
KE,kidney,2019,1
KE,kidney,2020,3
KE,kidney,2021,3
KE,kidney,2022,4
KE,kidney,2023,1
KE,liver,2016,2
KE,liver,2017,6
KE,liver,2018,8
KE,liver,2019,21
KE,liver,2020,27
KE,liver,2021,35
KE,liver,2022,20
KE,liver,2023,4
KE,lung,2018,1
KE,lung,2019,1
KE,lung,2020,1
KE,lung,2021,4
KE,lung,2022,3
KE,lung,2023,1
KE,pancreas,2021,1
KE,placenta,2017,1
KE,placenta,2021,1
KE,placenta,2022,6
KE,prostate,2020,1
KE,prostate,2022,4
KE,skeletal,2016,1
KE,skeletal,2020,1
KE,skeletal,2021,1
KE,skeletal,2022,1
KE,skin,2018,2
KE,skin,2020,2
KE,skin,2021,3
KE,small intestine,2019,2
KE,spleen,2020,1
KE,trachea,2019,1
KE,uterus,2017,1
KG,brain,2021,4
KG,brain,2022,3
KG,brain,2023,1
KG,fallopian tube,2019,1
KG,heart,2022,5
KG,kidney,2020,1
KG,kidney,2022,1
KG,liver,2020,1
KG,liver,2023,3
KG,lung,2021,3
KG,lung,2022,7
KG,ovary,2020,1
KG,ovary,2022,1
KG,skin,2018,1
KG,skin,2022,1
KH,bone marrow,2019,1
KH,bone marrow,2021,2
KH,bone marrow,2022,1
KH,brain,2016,1
KH,brain,2017,1
KH,brain,2019,2
KH,brain,2020,2
KH,brain,2021,6
KH,brain,2022,1
KH,eye,2018,2
KH,eye,2019,1
KH,eye,2020,1
KH,eye,2021,2
KH,eye,2022,3
KH,eye,2023,1
KH,heart,2018,2
KH,heart,2019,3
KH,heart,2020,4
KH,heart,2021,6
KH,heart,2022,6
KH,heart,2023,4
KH,kidney,2016,1
KH,kidney,2017,1
KH,kidney,2018,1
KH,kidney,2019,3
KH,kidney,2020,2
KH,kidney,2021,4
KH,kidney,2022,7
KH,kidney,2023,2
KH,knee,2020,1
KH,knee,2022,2
KH,liver,2015,1
KH,liver,2019,4
KH,liver,2020,1
KH,liver,2021,3
KH,liver,2022,12
KH,liver,2023,2
KH,lung,2017,1
KH,lung,2019,2
KH,lung,2020,1
KH,lung,2021,4
KH,lung,2022,4
KH,lymph node,2019,1
KH,lymph node,2020,1
KH,lymph node,2021,4
KH,lymph node,2022,1
KH,lymph node,2023,1
KH,ovary,2020,1
KH,ovary,2022,1
KH,pancreas,2020,1
KH,pelvis,2022,2
KH,prostate,2019,1
KH,prostate,2020,1
KH,prostate,2021,2
KH,prostate,2022,1
KH,skeletal,2016,1
KH,skeletal,2020,1
KH,skin,2019,1
KH,skin,2020,2
KH,skin,2021,4
KH,skin,2022,1
KH,spinal cord,2022,1
KH,trachea,2021,1
KH,trachea,2022,4
KH,ureter,2021,1
KH,ureter,2022,1
KH,urinary bladder,2018,1
KH,urinary bladder,2019,1
KN,bone marrow,2017,1
KN,bone marrow,2020,1
KN,bone marrow,2021,1
KN,brain,2018,1
KN,brain,2021,2
KN,brain,2022,1
KN,heart,2022,1
KN,kidney,2018,2
KN,liver,2018,1
KN,liver,2021,4
KN,liver,2022,4
KN,liver,2023,1
KN,lung,2023,1
KN,lymph node,2020,1
KN,ovary,2022,1
KN,pancreas,2021,1
KN,skeletal,2019,2
KN,skeletal,2020,1
KN,skeletal,2022,1
KN,skeletal,2023,1
KN,skin,2018,1
KN,skin,2020,1
KN,uterus,2022,1
KR,bone marrow,2014,7
KR,bone marrow,2015,5
KR,bone marrow,2016,10
KR,bone marrow,2017,31
KR,bone marrow,2018,26
KR,bone marrow,2019,64
KR,bone marrow,2020,101
KR,bone marrow,2021,138
KR,bone marrow,2022,88
KR,bone marrow,2023,9
KR,brain,2012,1
KR,brain,2014,41
KR,brain,2015,50
KR,brain,2016,103
KR,brain,2017,301
KR,brain,2018,392
KR,brain,2019,508
KR,brain,2020,831
KR,brain,2021,1017
KR,brain,2022,1032
KR,brain,2023,326
KR,eye,2008,1
KR,eye,2014,2
KR,eye,2015,2
KR,eye,2016,23
KR,eye,2017,35
KR,eye,2018,72
KR,eye,2019,121
KR,eye,2020,135
KR,eye,2021,228
KR,eye,2022,246
KR,eye,2023,49
KR,fallopian tube,2016,7
KR,fallopian tube,2017,18
KR,fallopian tube,2018,14
KR,fallopian tube,2020,15
KR,fallopian tube,2021,6
KR,fallopian tube,2022,6
KR,fallopian tube,2023,4
KR,heart,2014,34
KR,heart,2015,50
KR,heart,2016,76
KR,heart,2017,186
KR,heart,2018,212
KR,heart,2019,394
KR,heart,2020,545
KR,heart,2021,614
KR,heart,2022,662
KR,heart,2023,190
KR,kidney,2014,51
KR,kidney,2015,28
KR,kidney,2016,112
KR,kidney,2017,194
KR,kidney,2018,270
KR,kidney,2019,455
KR,kidney,2020,644
KR,kidney,2021,605
KR,kidney,2022,747
KR,kidney,2023,187
KR,knee,2014,6
KR,knee,2015,3
KR,knee,2016,18
KR,knee,2017,22
KR,knee,2018,59
KR,knee,2019,85
KR,knee,2020,134
KR,knee,2021,180
KR,knee,2022,178
KR,knee,2023,69
KR,large intestine,2017,1
KR,large intestine,2018,1
KR,large intestine,2021,3
KR,large intestine,2022,6
KR,liver,2012,1
KR,liver,2014,88
KR,liver,2015,33
KR,liver,2016,115
KR,liver,2017,324
KR,liver,2018,540
KR,liver,2019,784
KR,liver,2020,1192
KR,liver,2021,1496
KR,liver,2022,1604
KR,liver,2023,478
KR,lung,2014,51
KR,lung,2015,29
KR,lung,2016,97
KR,lung,2017,173
KR,lung,2018,331
KR,lung,2019,484
KR,lung,2020,714
KR,lung,2021,848
KR,lung,2022,934
KR,lung,2023,238
KR,lymph node,2014,15
KR,lymph node,2015,9
KR,lymph node,2016,31
KR,lymph node,2017,78
KR,lymph node,2018,129
KR,lymph node,2019,155
KR,lymph node,2020,228
KR,lymph node,2021,242
KR,lymph node,2022,261
KR,lymph node,2023,49
KR,main bronchus,2017,2
KR,muscular system,2014,1
KR,muscular system,2018,1
KR,muscular system,2019,3
KR,muscular system,2021,5
KR,muscular system,2022,1
KR,ovary,2015,1
KR,ovary,2016,9
KR,ovary,2017,10
KR,ovary,2018,28
KR,ovary,2019,24
KR,ovary,2020,38
KR,ovary,2021,53
KR,ovary,2022,39
KR,ovary,2023,13
KR,pancreas,2014,2
KR,pancreas,2016,3
KR,pancreas,2017,13
KR,pancreas,2018,23
KR,pancreas,2019,46
KR,pancreas,2020,69
KR,pancreas,2021,113
KR,pancreas,2022,76
KR,pancreas,2023,12
KR,pelvis,2015,1
KR,pelvis,2016,1
KR,pelvis,2017,7
KR,pelvis,2018,8
KR,pelvis,2019,22
KR,pelvis,2020,34
KR,pelvis,2021,27
KR,pelvis,2022,40
KR,pelvis,2023,5
KR,peripheral nervous system,2016,4
KR,peripheral nervous system,2017,5
KR,peripheral nervous system,2018,3
KR,peripheral nervous system,2019,8
KR,peripheral nervous system,2020,20
KR,peripheral nervous system,2021,28
KR,peripheral nervous system,2022,25
KR,peripheral nervous system,2023,6
KR,placenta,2015,1
KR,placenta,2016,2
KR,placenta,2017,22
KR,placenta,2018,20
KR,placenta,2019,27
KR,placenta,2020,38
KR,placenta,2021,47
KR,placenta,2022,68
KR,placenta,2023,3
KR,prostate,2014,17
KR,prostate,2015,29
KR,prostate,2016,54
KR,prostate,2017,63
KR,prostate,2018,130
KR,prostate,2019,154
KR,prostate,2020,197
KR,prostate,2021,263
KR,prostate,2022,267
KR,prostate,2023,102
KR,skeletal,2014,7
KR,skeletal,2015,14
KR,skeletal,2016,36
KR,skeletal,2017,63
KR,skeletal,2018,112
KR,skeletal,2019,184
KR,skeletal,2020,290
KR,skeletal,2021,402
KR,skeletal,2022,466
KR,skeletal,2023,70
KR,skin,2014,21
KR,skin,2015,11
KR,skin,2016,55
KR,skin,2017,118
KR,skin,2018,267
KR,skin,2019,434
KR,skin,2020,572
KR,skin,2021,673
KR,skin,2022,762
KR,skin,2023,144
KR,small intestine,2014,4
KR,small intestine,2016,1
KR,small intestine,2017,17
KR,small intestine,2018,11
KR,small intestine,2019,9
KR,small intestine,2020,21
KR,small intestine,2021,47
KR,small intestine,2022,40
KR,small intestine,2023,4
KR,spinal cord,2014,5
KR,spinal cord,2015,4
KR,spinal cord,2016,29
KR,spinal cord,2017,59
KR,spinal cord,2018,43
KR,spinal cord,2019,32
KR,spinal cord,2020,67
KR,spinal cord,2021,96
KR,spinal cord,2022,143
KR,spinal cord,2023,26
KR,spleen,2016,3
KR,spleen,2017,15
KR,spleen,2018,16
KR,spleen,2019,43
KR,spleen,2020,27
KR,spleen,2021,59
KR,spleen,2022,76
KR,spleen,2023,19
KR,thymus,2017,7
KR,thymus,2018,3
KR,thymus,2019,12
KR,thymus,2020,14
KR,thymus,2021,21
KR,thymus,2022,13
KR,thymus,2023,15
KR,trachea,2015,2
KR,trachea,2016,4
KR,trachea,2017,45
KR,trachea,2018,31
KR,trachea,2019,49
KR,trachea,2020,84
KR,trachea,2021,67
KR,trachea,2022,74
KR,trachea,2023,16
KR,ureter,2014,2
KR,ureter,2016,5
KR,ureter,2017,10
KR,ureter,2018,39
KR,ureter,2019,33
KR,ureter,2020,51
KR,ureter,2021,48
KR,ureter,2022,72
KR,ureter,2023,32
KR,urinary bladder,2014,28
KR,urinary bladder,2015,27
KR,urinary bladder,2016,12
KR,urinary bladder,2017,45
KR,urinary bladder,2018,42
KR,urinary bladder,2019,74
KR,urinary bladder,2020,133
KR,urinary bladder,2021,119
KR,urinary bladder,2022,175
KR,urinary bladder,2023,25
KR,uterus,2015,1
KR,uterus,2016,9
KR,uterus,2017,1
KR,uterus,2018,11
KR,uterus,2019,15
KR,uterus,2020,17
KR,uterus,2021,30
KR,uterus,2022,28
KR,uterus,2023,2
KW,brain,2017,2
KW,brain,2018,2
KW,brain,2019,1
KW,brain,2020,3
KW,brain,2021,4
KW,brain,2022,4
KW,brain,2023,3
KW,eye,2018,1
KW,eye,2021,1
KW,eye,2022,2
KW,eye,2023,1
KW,heart,2018,3
KW,heart,2019,1
KW,heart,2020,9
KW,heart,2021,4
KW,heart,2022,6
KW,heart,2023,1
KW,kidney,2016,1
KW,kidney,2017,1
KW,kidney,2018,4
KW,kidney,2019,3
KW,kidney,2020,4
KW,kidney,2021,4
KW,kidney,2022,3
KW,kidney,2023,3
KW,knee,2021,2
KW,liver,2018,3
KW,liver,2019,3
KW,liver,2020,9
KW,liver,2021,8
KW,liver,2022,17
KW,lung,2017,2
KW,lung,2019,1
KW,lung,2020,4
KW,lung,2021,6
KW,lung,2022,5
KW,lymph node,2020,1
KW,lymph node,2022,1
KW,ovary,2021,1
KW,pancreas,2020,2
KW,pancreas,2022,4
KW,peripheral nervous system,2022,1
KW,placenta,2022,6
KW,prostate,2021,2
KW,prostate,2022,1
KW,skeletal,2018,1
KW,skeletal,2019,1
KW,skeletal,2020,2
KW,skeletal,2021,1
KW,skeletal,2022,5
KW,skeletal,2023,1
KW,skin,2018,2
KW,skin,2019,4
KW,skin,2020,8
KW,skin,2021,3
KW,skin,2022,5
KW,skin,2023,1
KW,small intestine,2018,1
KW,small intestine,2019,1
KW,small intestine,2020,1
KW,spinal cord,2017,1
KW,spinal cord,2019,1
KW,ureter,2017,1
KW,urinary bladder,2018,1
KY,heart,2020,1
KY,kidney,2023,1
KZ,bone marrow,2019,1
KZ,bone marrow,2020,1
KZ,brain,2019,1
KZ,brain,2020,1
KZ,brain,2021,4
KZ,brain,2022,10
KZ,brain,2023,2
KZ,eye,2019,1
KZ,eye,2020,1
KZ,heart,2017,1
KZ,heart,2019,3
KZ,heart,2020,3
KZ,heart,2021,4
KZ,heart,2022,9
KZ,heart,2023,1
KZ,kidney,2019,2
KZ,kidney,2020,2
KZ,kidney,2021,3
KZ,kidney,2022,6
KZ,knee,2019,2
KZ,knee,2022,7
KZ,knee,2023,5
KZ,liver,2017,2
KZ,liver,2018,3
KZ,liver,2019,9
KZ,liver,2020,14
KZ,liver,2021,14
KZ,liver,2022,30
KZ,liver,2023,6
KZ,lung,2018,4
KZ,lung,2020,3
KZ,lung,2021,2
KZ,lung,2022,19
KZ,lung,2023,4
KZ,lymph node,2017,1
KZ,lymph node,2020,4
KZ,lymph node,2022,1
KZ,ovary,2021,1
KZ,ovary,2022,1
KZ,placenta,2022,1
KZ,prostate,2020,2
KZ,prostate,2021,2
KZ,prostate,2022,3
KZ,skeletal,2021,1
KZ,skeletal,2022,2
KZ,skin,2017,1
KZ,skin,2018,3
KZ,skin,2020,3
KZ,skin,2021,1
KZ,skin,2022,9
KZ,thymus,2021,1
KZ,thymus,2022,1
KZ,trachea,2022,1
KZ,ureter,2022,4
KZ,uterus,2023,1
LA,heart,2020,1
LA,heart,2021,1
LA,kidney,2020,1
LA,liver,2020,1
LA,lung,2021,1
LB,bone marrow,2019,2
LB,bone marrow,2020,3
LB,bone marrow,2021,2
LB,bone marrow,2022,2
LB,brain,2017,2
LB,brain,2018,8
LB,brain,2019,6
LB,brain,2020,10
LB,brain,2021,20
LB,brain,2022,20
LB,brain,2023,1
LB,eye,2018,2
LB,eye,2019,6
LB,eye,2020,1
LB,eye,2021,3
LB,eye,2022,3
LB,heart,2017,3
LB,heart,2018,2
LB,heart,2019,6
LB,heart,2020,14
LB,heart,2021,17
LB,heart,2022,27
LB,heart,2023,1
LB,kidney,2016,2
LB,kidney,2017,7
LB,kidney,2018,4
LB,kidney,2019,4
LB,kidney,2020,3
LB,kidney,2021,10
LB,kidney,2022,10
LB,kidney,2023,3
LB,knee,2017,1
LB,knee,2018,1
LB,knee,2019,1
LB,knee,2020,1
LB,knee,2021,2
LB,knee,2022,3
LB,liver,2017,4
LB,liver,2018,5
LB,liver,2019,13
LB,liver,2020,16
LB,liver,2021,21
LB,liver,2022,35
LB,liver,2023,6
LB,lung,2016,1
LB,lung,2017,5
LB,lung,2018,3
LB,lung,2019,6
LB,lung,2020,7
LB,lung,2021,16
LB,lung,2022,19
LB,lung,2023,2
LB,lymph node,2015,1
LB,lymph node,2019,2
LB,lymph node,2020,3
LB,lymph node,2021,3
LB,lymph node,2022,2
LB,ovary,2022,1
LB,ovary,2023,1
LB,pancreas,2016,1
LB,pancreas,2017,1
LB,pelvis,2018,1
LB,pelvis,2021,1
LB,pelvis,2022,2
LB,peripheral nervous system,2020,3
LB,peripheral nervous system,2022,2
LB,placenta,2020,1
LB,placenta,2022,2
LB,prostate,2017,1
LB,prostate,2018,2
LB,prostate,2019,2
LB,prostate,2020,9
LB,prostate,2021,6
LB,prostate,2022,15
LB,prostate,2023,1
LB,skeletal,2017,3
LB,skeletal,2018,1
LB,skeletal,2019,5
LB,skeletal,2020,3
LB,skeletal,2021,3
LB,skeletal,2022,4
LB,skeletal,2023,1
LB,skin,2016,1
LB,skin,2017,3
LB,skin,2018,2
LB,skin,2019,3
LB,skin,2020,12
LB,skin,2021,8
LB,skin,2022,7
LB,skin,2023,2
LB,spinal cord,2020,3
LB,spinal cord,2022,1
LB,spleen,2019,2
LB,spleen,2022,2
LB,thymus,2022,6
LB,trachea,2016,1
LB,trachea,2018,1
LB,trachea,2019,1
LB,trachea,2021,1
LB,ureter,2019,1
LB,ureter,2020,2
LB,ureter,2022,1
LB,urinary bladder,2019,1
LB,urinary bladder,2020,3
LB,urinary bladder,2021,6
LB,urinary bladder,2022,4
LB,urinary bladder,2023,1
LC,heart,2018,1
LC,kidney,2022,1
LC,liver,2022,2
LC,skeletal,2021,1
LI,kidney,2022,1
LI,small intestine,2022,1
LK,bone marrow,2017,1
LK,bone marrow,2019,3
LK,bone marrow,2021,2
LK,bone marrow,2022,1
LK,brain,2018,4
LK,brain,2019,3
LK,brain,2020,2
LK,brain,2021,5
LK,brain,2022,4
LK,eye,2017,1
LK,eye,2020,1
LK,eye,2021,1
LK,eye,2022,2
LK,eye,2023,1
LK,heart,2018,1
LK,heart,2019,1
LK,heart,2020,6
LK,heart,2021,7
LK,heart,2022,7
LK,heart,2023,5
LK,kidney,2016,4
LK,kidney,2017,4
LK,kidney,2018,7
LK,kidney,2019,7
LK,kidney,2020,12
LK,kidney,2021,26
LK,kidney,2022,14
LK,kidney,2023,6
LK,knee,2016,1
LK,knee,2018,1
LK,knee,2021,6
LK,knee,2022,7
LK,knee,2023,1
LK,liver,2016,1
LK,liver,2017,1
LK,liver,2018,6
LK,liver,2019,7
LK,liver,2020,12
LK,liver,2021,17
LK,liver,2022,21
LK,liver,2023,11
LK,lung,2017,5
LK,lung,2019,2
LK,lung,2020,7
LK,lung,2021,3
LK,lung,2022,7
LK,lymph node,2017,1
LK,lymph node,2020,1
LK,lymph node,2022,2
LK,lymph node,2023,1
LK,muscular system,2022,1
LK,ovary,2018,2
LK,ovary,2019,1
LK,ovary,2020,1
LK,pancreas,2022,1
LK,pelvis,2018,1
LK,pelvis,2023,3
LK,placenta,2020,1
LK,placenta,2022,5
LK,prostate,2018,2
LK,prostate,2019,1
LK,prostate,2020,1
LK,prostate,2021,1
LK,skeletal,2017,2
LK,skeletal,2019,1
LK,skeletal,2021,1
LK,skeletal,2022,3
LK,skin,2017,1
LK,skin,2018,3
LK,skin,2019,10
LK,skin,2020,13
LK,skin,2021,5
LK,skin,2022,4
LK,skin,2023,2
LK,small intestine,2019,1
LK,spinal cord,2020,2
LK,spinal cord,2021,3
LK,spleen,2021,1
LK,thymus,2021,1
LK,ureter,2018,1
LK,ureter,2023,3
LK,urinary bladder,2017,2
LS,liver,2022,1
LT,bone marrow,2021,2
LT,bone marrow,2023,4
LT,brain,2016,5
LT,brain,2017,1
LT,brain,2018,8
LT,brain,2019,9
LT,brain,2020,21
LT,brain,2021,28
LT,brain,2022,34
LT,brain,2023,2
LT,eye,2016,1
LT,eye,2017,1
LT,eye,2019,1
LT,eye,2021,2
LT,heart,2015,1
LT,heart,2017,2
LT,heart,2018,8
LT,heart,2019,14
LT,heart,2020,15
LT,heart,2021,12
LT,heart,2022,35
LT,heart,2023,9
LT,kidney,2017,1
LT,kidney,2020,6
LT,kidney,2021,17
LT,kidney,2022,9
LT,kidney,2023,4
LT,knee,2019,2
LT,knee,2020,1
LT,knee,2021,1
LT,knee,2022,3
LT,knee,2023,2
LT,liver,2016,1
LT,liver,2018,9
LT,liver,2019,7
LT,liver,2020,10
LT,liver,2021,20
LT,liver,2022,24
LT,liver,2023,6
LT,lung,2016,1
LT,lung,2018,2
LT,lung,2020,8
LT,lung,2021,14
LT,lung,2022,7
LT,lung,2023,3
LT,lymph node,2021,1
LT,lymph node,2023,1
LT,ovary,2019,1
LT,ovary,2020,4
LT,ovary,2022,3
LT,pancreas,2023,1
LT,pelvis,2021,1
LT,placenta,2020,1
LT,placenta,2021,4
LT,prostate,2017,1
LT,prostate,2019,5
LT,prostate,2020,6
LT,prostate,2021,7
LT,prostate,2022,9
LT,skeletal,2016,1
LT,skeletal,2017,1
LT,skeletal,2018,2
LT,skeletal,2019,6
LT,skeletal,2020,4
LT,skeletal,2021,3
LT,skeletal,2022,10
LT,skeletal,2023,1
LT,skin,2018,3
LT,skin,2019,3
LT,skin,2020,5
LT,skin,2021,6
LT,skin,2022,14
LT,skin,2023,5
LT,small intestine,2020,1
LT,spinal cord,2020,1
LT,spinal cord,2022,1
LT,thymus,2019,3
LT,thymus,2021,1
LT,thymus,2022,3
LT,trachea,2021,1
LT,trachea,2022,1
LT,ureter,2019,1
LT,ureter,2021,1
LT,urinary bladder,2020,1
LT,uterus,2021,1
LT,uterus,2022,2
LU,bone marrow,2019,1
LU,bone marrow,2020,1
LU,bone marrow,2022,2
LU,brain,2016,1
LU,brain,2017,4
LU,brain,2018,3
LU,brain,2019,10
LU,brain,2020,26
LU,brain,2021,15
LU,brain,2022,28
LU,brain,2023,17
LU,eye,2016,1
LU,eye,2017,1
LU,eye,2019,1
LU,eye,2020,3
LU,eye,2021,2
LU,eye,2022,1
LU,heart,2016,1
LU,heart,2018,2
LU,heart,2019,1
LU,heart,2020,5
LU,heart,2022,8
LU,heart,2023,2
LU,kidney,2016,1
LU,kidney,2019,2
LU,kidney,2020,2
LU,kidney,2021,2
LU,kidney,2022,1
LU,knee,2015,1
LU,knee,2020,2
LU,knee,2021,1
LU,knee,2022,2
LU,knee,2023,1
LU,large intestine,2019,1
LU,liver,2018,1
LU,liver,2019,2
LU,liver,2020,6
LU,liver,2021,9
LU,liver,2022,7
LU,lung,2019,1
LU,lung,2020,3
LU,lung,2021,3
LU,lung,2022,5
LU,pancreas,2021,1
LU,placenta,2022,1
LU,prostate,2020,1
LU,prostate,2021,2
LU,skeletal,2016,1
LU,skeletal,2017,2
LU,skeletal,2018,1
LU,skeletal,2020,3
LU,skeletal,2021,1
LU,skeletal,2022,4
LU,skeletal,2023,3
LU,skin,2016,2
LU,skin,2017,1
LU,skin,2018,1
LU,skin,2021,1
LU,skin,2022,4
LU,small intestine,2019,1
LU,small intestine,2022,1
LU,spleen,2023,1
LU,thymus,2018,1
LU,thymus,2021,1
LU,urinary bladder,2017,1
LV,bone marrow,2019,1
LV,bone marrow,2023,1
LV,brain,2018,3
LV,brain,2019,3
LV,brain,2020,7
LV,brain,2021,14
LV,brain,2022,10
LV,brain,2023,2
LV,eye,2021,2
LV,eye,2022,2
LV,heart,2018,4
LV,heart,2020,3
LV,heart,2021,11
LV,kidney,2018,4
LV,kidney,2020,10
LV,kidney,2021,3
LV,kidney,2022,2
LV,liver,2017,1
LV,liver,2018,5
LV,liver,2019,2
LV,liver,2020,11
LV,liver,2021,14
LV,liver,2022,3
LV,liver,2023,1
LV,lung,2017,1
LV,lung,2019,1
LV,lung,2020,11
LV,lung,2021,13
LV,lung,2022,8
LV,ovary,2021,6
LV,ovary,2022,3
LV,placenta,2020,1
LV,placenta,2021,1
LV,placenta,2022,3
LV,placenta,2023,3
LV,prostate,2017,1
LV,prostate,2018,1
LV,prostate,2019,2
LV,prostate,2022,6
LV,skeletal,2017,2
LV,skeletal,2020,1
LV,skeletal,2022,3
LV,skin,2018,2
LV,skin,2019,4
LV,skin,2020,4
LV,skin,2021,5
LV,skin,2022,9
LV,skin,2023,1
LV,spleen,2022,4
LV,thymus,2020,1
LV,thymus,2021,1
LV,trachea,2022,1
LV,ureter,2020,1
LV,urinary bladder,2019,1
LY,bone marrow,2017,1
LY,brain,2022,1
LY,eye,2017,1
LY,eye,2020,1
LY,liver,2019,1
LY,liver,2020,1
LY,liver,2021,2
LY,prostate,2020,1
LY,skeletal,2021,1
LY,skin,2018,1
LY,skin,2020,2
LY,skin,2021,1
LY,skin,2023,1
LY,spleen,2023,1
LY,urinary bladder,2020,1
MA,bone marrow,2022,2
MA,brain,2015,1
MA,brain,2017,3
MA,brain,2018,3
MA,brain,2019,2
MA,brain,2020,8
MA,brain,2021,11
MA,brain,2022,10
MA,brain,2023,2
MA,eye,2016,1
MA,eye,2021,3
MA,eye,2022,1
MA,eye,2023,1
MA,heart,2016,1
MA,heart,2018,2
MA,heart,2019,2
MA,heart,2020,5
MA,heart,2021,1
MA,heart,2022,1
MA,kidney,2016,1
MA,kidney,2017,2
MA,kidney,2018,1
MA,kidney,2019,1
MA,kidney,2020,3
MA,kidney,2021,23
MA,kidney,2022,8
MA,kidney,2023,1
MA,knee,2020,1
MA,knee,2022,2
MA,knee,2023,2
MA,liver,2018,7
MA,liver,2019,9
MA,liver,2020,17
MA,liver,2021,31
MA,liver,2022,27
MA,liver,2023,2
MA,lung,2018,1
MA,lung,2019,2
MA,lung,2020,7
MA,lung,2021,10
MA,lung,2022,4
MA,lung,2023,1
MA,lymph node,2018,1
MA,lymph node,2019,10
MA,lymph node,2020,3
MA,lymph node,2021,2
MA,ovary,2020,2
MA,pancreas,2021,3
MA,pancreas,2023,1
MA,placenta,2022,1
MA,placenta,2023,1
MA,prostate,2016,1
MA,prostate,2022,5
MA,prostate,2023,6
MA,skeletal,2017,2
MA,skeletal,2018,1
MA,skeletal,2021,1
MA,skeletal,2022,2
MA,skeletal,2023,1
MA,skin,2017,2
MA,skin,2018,1
MA,skin,2019,1
MA,skin,2020,4
MA,skin,2021,15
MA,skin,2022,18
MA,skin,2023,5
MA,spinal cord,2021,1
MA,spinal cord,2022,3
MA,spleen,2020,1
MA,thymus,2019,1
MA,thymus,2020,5
MA,thymus,2021,13
MA,thymus,2022,9
MA,thymus,2023,1
MA,trachea,2019,1
MA,trachea,2021,1
MA,ureter,2020,2
MA,urinary bladder,2018,1
MA,urinary bladder,2020,2
MC,bone marrow,2021,1
MC,heart,2019,1
MC,heart,2021,2
MC,heart,2022,2
MC,kidney,2021,4
MC,knee,2021,1
MC,liver,2019,1
MC,liver,2020,1
MC,liver,2021,1
MC,skeletal,2020,2
MC,skeletal,2021,1
MC,skeletal,2022,1
MC,skin,2019,1
MC,skin,2021,1
MC,skin,2022,1
MC,skin,2023,2
MD,brain,2021,1
MD,brain,2022,1
MD,brain,2023,1
MD,eye,2022,1
MD,heart,2020,1
MD,heart,2023,1
MD,pancreas,2022,1
MD,spinal cord,2020,1
MD,spinal cord,2022,1
ME,heart,2022,1
ME,liver,2020,1
ME,liver,2021,1
ME,lymph node,2022,1
ME,ovary,2022,1
ME,prostate,2022,1
MG,brain,2020,1
MG,brain,2022,1
MG,liver,2020,1
MG,liver,2021,2
MG,lung,2021,1
MG,skeletal,2023,1
MG,skin,2015,1
MG,skin,2017,2
MG,skin,2019,1
MG,skin,2021,4
MG,small intestine,2022,5
MK,brain,2021,5
MK,brain,2022,1
MK,heart,2017,1
MK,heart,2021,1
MK,heart,2022,2
MK,kidney,2016,1
MK,kidney,2018,1
MK,kidney,2021,1
MK,knee,2020,1
MK,knee,2021,1
MK,liver,2018,5
MK,liver,2019,1
MK,liver,2020,2
MK,liver,2021,7
MK,liver,2022,1
MK,lung,2019,1
MK,lung,2020,1
MK,lung,2022,1
MK,lung,2023,3
MK,lymph node,2021,2
MK,lymph node,2022,2
MK,placenta,2021,1
MK,prostate,2020,1
MK,prostate,2022,1
MK,skeletal,2020,3
MK,skin,2020,2
MK,skin,2021,2
MK,skin,2022,3
MK,small intestine,2022,1
MK,spleen,2020,1
MK,trachea,2020,1
ML,heart,2019,1
ML,heart,2020,1
ML,heart,2021,1
ML,liver,2016,1
ML,liver,2018,1
ML,liver,2022,3
ML,ovary,2021,1
ML,skin,2020,1
MM,brain,2019,1
MM,brain,2020,1
MM,brain,2021,1
MM,eye,2017,2
MM,eye,2021,1
MM,heart,2022,1
MM,heart,2023,1
MM,kidney,2022,1
MM,knee,2021,1
MM,knee,2022,1
MM,knee,2023,1
MM,liver,2020,5
MM,liver,2021,3
MM,liver,2022,1
MM,liver,2023,1
MM,lung,2019,1
MM,lung,2021,3
MM,placenta,2022,4
MM,skeletal,2020,1
MM,ureter,2020,1
MM,urinary bladder,2019,1
MN,heart,2018,1
MN,heart,2019,1
MN,heart,2020,1
MN,heart,2023,3
MN,kidney,2016,1
MN,kidney,2018,1
MN,knee,2019,2
MN,knee,2021,1
MN,liver,2017,1
MN,liver,2019,1
MN,liver,2020,2
MN,liver,2021,2
MN,liver,2022,6
MN,lung,2020,1
MN,lymph node,2020,1
MN,placenta,2022,1
MN,prostate,2019,1
MN,prostate,2023,1
MN,skeletal,2018,1
MN,skeletal,2021,2
MN,skeletal,2022,1
MN,skin,2020,3
MN,skin,2022,1
MN,spinal cord,2021,1
MN,spinal cord,2022,1
MN,ureter,2022,1
MN,urinary bladder,2019,1
MN,urinary bladder,2021,1
MN,urinary bladder,2022,1
MQ,brain,2019,1
MQ,brain,2020,1
MQ,heart,2017,1
MQ,heart,2021,2
MQ,heart,2022,3
MQ,kidney,2022,1
MQ,liver,2018,1
MQ,liver,2020,1
MQ,lung,2022,1
MQ,prostate,2018,1
MQ,prostate,2020,1
MQ,skin,2022,1
MR,kidney,2020,1
MR,liver,2019,1
MR,ovary,2021,2
MT,bone marrow,2021,5
MT,bone marrow,2022,1
MT,brain,2017,1
MT,brain,2018,1
MT,brain,2020,2
MT,brain,2021,1
MT,brain,2022,6
MT,eye,2014,1
MT,eye,2017,1
MT,eye,2019,1
MT,heart,2017,2
MT,heart,2018,1
MT,heart,2019,1
MT,heart,2021,4
MT,heart,2022,4
MT,kidney,2021,1
MT,kidney,2022,3
MT,knee,2022,1
MT,liver,2017,1
MT,liver,2019,1
MT,liver,2020,3
MT,liver,2021,3
MT,liver,2022,8
MT,lung,2021,2
MT,lymph node,2022,1
MT,pancreas,2022,1
MT,placenta,2018,1
MT,prostate,2022,1
MT,skeletal,2021,1
MT,skeletal,2022,1
MT,skin,2020,2
MT,skin,2021,5
MT,skin,2022,3
MT,skin,2023,3
MT,small intestine,2017,1
MT,small intestine,2019,1
MU,heart,2022,2
MU,kidney,2021,1
MU,liver,2021,2
MU,prostate,2020,1
MU,prostate,2022,1
MU,skeletal,2019,1
MU,skin,2020,6
MU,skin,2022,1
MV,heart,2022,1
MV,liver,2021,1
MV,liver,2022,1
MV,lymph node,2017,1
MV,skin,2017,1
MV,skin,2020,2
MW,brain,2018,1
MW,brain,2021,1
MW,eye,2018,1
MW,eye,2021,4
MW,eye,2022,1
MW,heart,2020,1
MW,heart,2021,2
MW,heart,2022,1
MW,kidney,2018,1
MW,kidney,2019,2
MW,kidney,2020,1
MW,kidney,2021,2
MW,kidney,2022,4
MW,liver,2016,1
MW,liver,2018,4
MW,liver,2019,3
MW,liver,2020,9
MW,liver,2021,6
MW,liver,2022,10
MW,liver,2023,2
MW,lung,2019,1
MW,lung,2020,1
MW,lung,2021,3
MW,placenta,2018,1
MW,placenta,2019,1
MW,skeletal,2018,1
MW,skeletal,2022,1
MW,skin,2022,1
MW,small intestine,2022,1
MX,bone marrow,2015,1
MX,bone marrow,2016,3
MX,bone marrow,2017,2
MX,bone marrow,2018,1
MX,bone marrow,2019,15
MX,bone marrow,2020,6
MX,bone marrow,2021,4
MX,bone marrow,2022,7
MX,brain,2014,1
MX,brain,2015,2
MX,brain,2016,14
MX,brain,2017,33
MX,brain,2018,55
MX,brain,2019,77
MX,brain,2020,123
MX,brain,2021,181
MX,brain,2022,178
MX,brain,2023,63
MX,eye,2016,2
MX,eye,2017,7
MX,eye,2018,12
MX,eye,2019,16
MX,eye,2020,34
MX,eye,2021,47
MX,eye,2022,49
MX,eye,2023,8
MX,heart,2015,2
MX,heart,2016,9
MX,heart,2017,15
MX,heart,2018,28
MX,heart,2019,43
MX,heart,2020,68
MX,heart,2021,115
MX,heart,2022,97
MX,heart,2023,26
MX,kidney,2015,1
MX,kidney,2016,12
MX,kidney,2017,14
MX,kidney,2018,32
MX,kidney,2019,63
MX,kidney,2020,84
MX,kidney,2021,106
MX,kidney,2022,162
MX,kidney,2023,32
MX,knee,2016,3
MX,knee,2018,18
MX,knee,2019,10
MX,knee,2020,13
MX,knee,2021,26
MX,knee,2022,14
MX,knee,2023,2
MX,large intestine,2017,1
MX,large intestine,2021,1
MX,liver,2014,6
MX,liver,2015,1
MX,liver,2016,8
MX,liver,2017,28
MX,liver,2018,50
MX,liver,2019,102
MX,liver,2020,128
MX,liver,2021,173
MX,liver,2022,281
MX,liver,2023,60
MX,lung,2015,6
MX,lung,2016,1
MX,lung,2017,4
MX,lung,2018,23
MX,lung,2019,35
MX,lung,2020,56
MX,lung,2021,83
MX,lung,2022,140
MX,lung,2023,9
MX,lymph node,2017,1
MX,lymph node,2018,5
MX,lymph node,2019,8
MX,lymph node,2020,20
MX,lymph node,2021,11
MX,lymph node,2022,9
MX,ovary,2016,1
MX,ovary,2017,5
MX,ovary,2018,2
MX,ovary,2019,7
MX,ovary,2020,6
MX,ovary,2021,7
MX,ovary,2022,12
MX,ovary,2023,8
MX,pancreas,2015,1
MX,pancreas,2016,1
MX,pancreas,2017,2
MX,pancreas,2019,4
MX,pancreas,2020,8
MX,pancreas,2021,11
MX,pancreas,2022,12
MX,pancreas,2023,3
MX,pelvis,2023,2
MX,peripheral nervous system,2016,4
MX,peripheral nervous system,2017,1
MX,peripheral nervous system,2019,3
MX,peripheral nervous system,2020,1
MX,peripheral nervous system,2021,6
MX,peripheral nervous system,2022,5
MX,placenta,2014,2
MX,placenta,2017,3
MX,placenta,2018,11
MX,placenta,2019,13
MX,placenta,2020,12
MX,placenta,2021,34
MX,placenta,2022,31
MX,placenta,2023,8
MX,prostate,2017,1
MX,prostate,2018,5
MX,prostate,2019,2
MX,prostate,2020,11
MX,prostate,2021,7
MX,prostate,2022,36
MX,prostate,2023,5
MX,skeletal,2014,3
MX,skeletal,2015,1
MX,skeletal,2016,1
MX,skeletal,2017,3
MX,skeletal,2018,17
MX,skeletal,2019,23
MX,skeletal,2020,43
MX,skeletal,2021,23
MX,skeletal,2022,95
MX,skeletal,2023,13
MX,skin,2015,1
MX,skin,2016,3
MX,skin,2017,15
MX,skin,2018,25
MX,skin,2019,68
MX,skin,2020,58
MX,skin,2021,123
MX,skin,2022,114
MX,skin,2023,51
MX,small intestine,2019,6
MX,small intestine,2020,13
MX,small intestine,2021,8
MX,spinal cord,2015,1
MX,spinal cord,2016,2
MX,spinal cord,2017,6
MX,spinal cord,2018,6
MX,spinal cord,2019,14
MX,spinal cord,2020,20
MX,spinal cord,2021,17
MX,spinal cord,2022,15
MX,spinal cord,2023,7
MX,spleen,2017,2
MX,spleen,2018,3
MX,spleen,2019,19
MX,spleen,2020,10
MX,spleen,2021,2
MX,spleen,2022,8
MX,thymus,2019,3
MX,thymus,2021,1
MX,thymus,2022,2
MX,trachea,2016,1
MX,trachea,2017,1
MX,trachea,2019,2
MX,trachea,2020,6
MX,trachea,2021,7
MX,trachea,2022,19
MX,trachea,2023,7
MX,ureter,2019,1
MX,ureter,2020,1
MX,ureter,2021,5
MX,ureter,2022,11
MX,urinary bladder,2018,5
MX,urinary bladder,2019,6
MX,urinary bladder,2020,6
MX,urinary bladder,2021,8
MX,urinary bladder,2022,6
MX,urinary bladder,2023,7
MX,uterus,2019,1
MX,uterus,2020,2
MX,uterus,2021,1
MY,bone marrow,2014,3
MY,bone marrow,2017,2
MY,bone marrow,2018,1
MY,bone marrow,2019,7
MY,bone marrow,2020,5
MY,bone marrow,2021,5
MY,bone marrow,2023,3
MY,brain,2014,3
MY,brain,2015,1
MY,brain,2016,10
MY,brain,2017,15
MY,brain,2018,19
MY,brain,2019,35
MY,brain,2020,51
MY,brain,2021,74
MY,brain,2022,85
MY,brain,2023,13
MY,eye,2014,2
MY,eye,2016,1
MY,eye,2017,1
MY,eye,2018,4
MY,eye,2019,4
MY,eye,2020,22
MY,eye,2021,13
MY,eye,2022,26
MY,eye,2023,3
MY,fallopian tube,2021,1
MY,heart,2016,1
MY,heart,2017,4
MY,heart,2018,16
MY,heart,2019,11
MY,heart,2020,33
MY,heart,2021,41
MY,heart,2022,67
MY,heart,2023,12
MY,kidney,2014,1
MY,kidney,2015,1
MY,kidney,2017,3
MY,kidney,2018,12
MY,kidney,2019,10
MY,kidney,2020,37
MY,kidney,2021,44
MY,kidney,2022,65
MY,kidney,2023,10
MY,knee,2013,1
MY,knee,2014,3
MY,knee,2015,1
MY,knee,2016,1
MY,knee,2017,4
MY,knee,2018,6
MY,knee,2019,3
MY,knee,2020,9
MY,knee,2021,14
MY,knee,2022,19
MY,knee,2023,2
MY,liver,2014,7
MY,liver,2015,3
MY,liver,2016,3
MY,liver,2017,13
MY,liver,2018,42
MY,liver,2019,58
MY,liver,2020,109
MY,liver,2021,166
MY,liver,2022,190
MY,liver,2023,71
MY,lung,2014,1
MY,lung,2015,2
MY,lung,2016,2
MY,lung,2017,8
MY,lung,2018,11
MY,lung,2019,16
MY,lung,2020,24
MY,lung,2021,53
MY,lung,2022,43
MY,lung,2023,8
MY,lymph node,2015,1
MY,lymph node,2018,4
MY,lymph node,2019,2
MY,lymph node,2020,3
MY,lymph node,2021,2
MY,lymph node,2022,17
MY,lymph node,2023,6
MY,muscular system,2022,1
MY,ovary,2017,2
MY,ovary,2018,1
MY,ovary,2019,4
MY,ovary,2020,1
MY,ovary,2021,4
MY,ovary,2022,8
MY,ovary,2023,3
MY,pancreas,2016,1
MY,pancreas,2017,2
MY,pancreas,2019,1
MY,pancreas,2020,2
MY,pancreas,2021,1
MY,pancreas,2022,1
MY,pelvis,2018,2
MY,pelvis,2019,2
MY,pelvis,2021,1
MY,peripheral nervous system,2018,1
MY,placenta,2017,1
MY,placenta,2019,3
MY,placenta,2020,1
MY,placenta,2021,2
MY,placenta,2022,10
MY,placenta,2023,2
MY,prostate,2018,5
MY,prostate,2019,8
MY,prostate,2020,10
MY,prostate,2021,17
MY,prostate,2022,5
MY,skeletal,2014,4
MY,skeletal,2017,6
MY,skeletal,2018,6
MY,skeletal,2019,8
MY,skeletal,2020,15
MY,skeletal,2021,24
MY,skeletal,2022,42
MY,skeletal,2023,22
MY,skin,2014,1
MY,skin,2015,1
MY,skin,2016,2
MY,skin,2017,8
MY,skin,2018,8
MY,skin,2019,25
MY,skin,2020,30
MY,skin,2021,59
MY,skin,2022,82
MY,skin,2023,11
MY,small intestine,2019,1
MY,small intestine,2021,4
MY,small intestine,2022,10
MY,spinal cord,2014,1
MY,spinal cord,2016,3
MY,spinal cord,2019,2
MY,spinal cord,2020,7
MY,spinal cord,2021,15
MY,spinal cord,2022,8
MY,spleen,2014,1
MY,spleen,2018,1
MY,spleen,2021,8
MY,thymus,2017,1
MY,thymus,2018,1
MY,thymus,2019,3
MY,thymus,2020,1
MY,trachea,2017,1
MY,trachea,2018,1
MY,trachea,2019,1
MY,trachea,2020,4
MY,trachea,2021,13
MY,trachea,2022,7
MY,trachea,2023,4
MY,ureter,2018,1
MY,ureter,2019,3
MY,ureter,2022,2
MY,urinary bladder,2018,1
MY,urinary bladder,2019,7
MY,urinary bladder,2020,4
MY,urinary bladder,2021,5
MY,urinary bladder,2022,7
MY,urinary bladder,2023,2
MY,uterus,2014,2
MY,uterus,2017,1
MY,uterus,2020,1
MY,uterus,2021,10
MY,uterus,2022,2
MZ,brain,2020,1
MZ,eye,2022,1
MZ,heart,2023,1
MZ,kidney,2018,1
MZ,liver,2018,4
MZ,liver,2019,1
MZ,liver,2020,1
MZ,liver,2021,1
MZ,liver,2022,2
MZ,liver,2023,1
MZ,lung,2020,1
MZ,placenta,2020,1
MZ,placenta,2022,1
MZ,skin,2018,1
MZ,skin,2020,4
MZ,skin,2021,2
MZ,thymus,2020,1
NC,kidney,2021,1
NC,kidney,2023,1
NC,liver,2021,1
NC,lung,2019,1
NC,skin,2019,1
NC,skin,2021,1
NC,skin,2022,1
NE,brain,2022,1
NE,fallopian tube,2018,1
NE,kidney,2019,1
NE,liver,2018,1
NE,liver,2020,1
NE,lung,2019,1
NE,lung,2020,1
NE,lung,2022,1
NE,lymph node,2022,2
NE,trachea,2018,1
NE,ureter,2019,1
NE,urinary bladder,2022,1
NG,brain,2014,1
NG,brain,2017,5
NG,brain,2018,10
NG,brain,2019,11
NG,brain,2020,15
NG,brain,2021,20
NG,brain,2022,33
NG,brain,2023,2
NG,eye,2017,1
NG,eye,2020,6
NG,eye,2021,10
NG,eye,2022,3
NG,eye,2023,3
NG,fallopian tube,2018,1
NG,heart,2017,1
NG,heart,2018,9
NG,heart,2019,9
NG,heart,2020,11
NG,heart,2021,9
NG,heart,2022,6
NG,heart,2023,5
NG,kidney,2014,1
NG,kidney,2017,3
NG,kidney,2018,11
NG,kidney,2019,14
NG,kidney,2020,25
NG,kidney,2021,25
NG,kidney,2022,19
NG,kidney,2023,6
NG,knee,2019,1
NG,knee,2020,1
NG,knee,2021,6
NG,knee,2022,2
NG,liver,2016,1
NG,liver,2017,8
NG,liver,2018,28
NG,liver,2019,25
NG,liver,2020,49
NG,liver,2021,84
NG,liver,2022,91
NG,liver,2023,16
NG,lung,2017,1
NG,lung,2018,2
NG,lung,2019,5
NG,lung,2020,5
NG,lung,2021,11
NG,lung,2022,7
NG,lung,2023,7
NG,lymph node,2018,1
NG,lymph node,2021,1
NG,lymph node,2022,1
NG,lymph node,2023,1
NG,ovary,2020,3
NG,ovary,2021,2
NG,ovary,2022,1
NG,ovary,2023,2
NG,pancreas,2016,1
NG,pancreas,2019,1
NG,pancreas,2020,4
NG,pancreas,2021,2
NG,pelvis,2022,1
NG,placenta,2018,1
NG,placenta,2020,1
NG,placenta,2021,3
NG,placenta,2022,3
NG,placenta,2023,1
NG,prostate,2015,1
NG,prostate,2016,2
NG,prostate,2017,2
NG,prostate,2018,4
NG,prostate,2020,9
NG,prostate,2021,10
NG,prostate,2022,10
NG,prostate,2023,2
NG,skeletal,2018,1
NG,skeletal,2019,6
NG,skeletal,2020,3
NG,skeletal,2021,9
NG,skeletal,2022,9
NG,skin,2016,1
NG,skin,2017,2
NG,skin,2018,8
NG,skin,2019,6
NG,skin,2020,11
NG,skin,2021,15
NG,skin,2022,7
NG,skin,2023,4
NG,small intestine,2016,1
NG,small intestine,2018,1
NG,small intestine,2021,1
NG,small intestine,2023,1
NG,spinal cord,2021,4
NG,spinal cord,2022,7
NG,spleen,2021,3
NG,spleen,2022,8
NG,thymus,2019,1
NG,trachea,2022,7
NG,ureter,2019,2
NG,ureter,2021,2
NG,urinary bladder,2017,1
NG,urinary bladder,2018,1
NG,urinary bladder,2019,2
NG,urinary bladder,2021,1
NG,uterus,2020,2
NG,uterus,2021,3
NI,bone marrow,2016,1
NI,bone marrow,2022,1
NI,brain,2019,1
NI,brain,2020,1
NI,brain,2021,2
NI,heart,2021,1
NI,kidney,2023,1
NI,knee,2017,1
NI,knee,2018,1
NI,knee,2021,1
NI,liver,2019,1
NI,liver,2022,1
NI,spinal cord,2018,1
NL,bone marrow,2015,1
NL,bone marrow,2016,6
NL,bone marrow,2017,11
NL,bone marrow,2018,19
NL,bone marrow,2019,27
NL,bone marrow,2020,37
NL,bone marrow,2021,72
NL,bone marrow,2022,41
NL,bone marrow,2023,10
NL,brain,2014,2
NL,brain,2015,24
NL,brain,2016,92
NL,brain,2017,203
NL,brain,2018,357
NL,brain,2019,423
NL,brain,2020,553
NL,brain,2021,754
NL,brain,2022,919
NL,brain,2023,345
NL,eye,2015,7
NL,eye,2016,10
NL,eye,2017,23
NL,eye,2018,53
NL,eye,2019,57
NL,eye,2020,75
NL,eye,2021,102
NL,eye,2022,124
NL,eye,2023,36
NL,fallopian tube,2018,3
NL,fallopian tube,2019,1
NL,fallopian tube,2020,6
NL,fallopian tube,2021,2
NL,fallopian tube,2022,9
NL,heart,2014,2
NL,heart,2015,9
NL,heart,2016,18
NL,heart,2017,76
NL,heart,2018,139
NL,heart,2019,229
NL,heart,2020,298
NL,heart,2021,539
NL,heart,2022,658
NL,heart,2023,241
NL,kidney,2014,2
NL,kidney,2015,5
NL,kidney,2016,21
NL,kidney,2017,66
NL,kidney,2018,102
NL,kidney,2019,208
NL,kidney,2020,260
NL,kidney,2021,330
NL,kidney,2022,407
NL,kidney,2023,126
NL,knee,2016,5
NL,knee,2017,16
NL,knee,2018,35
NL,knee,2019,68
NL,knee,2020,84
NL,knee,2021,89
NL,knee,2022,162
NL,knee,2023,47
NL,large intestine,2018,2
NL,large intestine,2019,1
NL,large intestine,2020,5
NL,liver,2014,1
NL,liver,2015,10
NL,liver,2016,43
NL,liver,2017,103
NL,liver,2018,199
NL,liver,2019,335
NL,liver,2020,490
NL,liver,2021,689
NL,liver,2022,744
NL,liver,2023,239
NL,lung,2015,8
NL,lung,2016,22
NL,lung,2017,50
NL,lung,2018,92
NL,lung,2019,154
NL,lung,2020,266
NL,lung,2021,355
NL,lung,2022,370
NL,lung,2023,99
NL,lymph node,2015,1
NL,lymph node,2016,13
NL,lymph node,2017,9
NL,lymph node,2018,22
NL,lymph node,2019,49
NL,lymph node,2020,63
NL,lymph node,2021,101
NL,lymph node,2022,127
NL,lymph node,2023,40
NL,muscular system,2016,1
NL,muscular system,2018,4
NL,muscular system,2019,1
NL,muscular system,2020,2
NL,muscular system,2021,8
NL,muscular system,2022,4
NL,muscular system,2023,8
NL,ovary,2016,1
NL,ovary,2017,4
NL,ovary,2018,10
NL,ovary,2019,18
NL,ovary,2020,15
NL,ovary,2021,6
NL,ovary,2022,11
NL,ovary,2023,1
NL,pancreas,2016,2
NL,pancreas,2017,2
NL,pancreas,2018,6
NL,pancreas,2019,13
NL,pancreas,2020,25
NL,pancreas,2021,31
NL,pancreas,2022,13
NL,pancreas,2023,9
NL,pelvis,2016,2
NL,pelvis,2018,8
NL,pelvis,2019,13
NL,pelvis,2020,11
NL,pelvis,2021,4
NL,pelvis,2022,29
NL,peripheral nervous system,2017,2
NL,peripheral nervous system,2018,6
NL,peripheral nervous system,2019,5
NL,peripheral nervous system,2020,13
NL,peripheral nervous system,2021,11
NL,peripheral nervous system,2022,18
NL,peripheral nervous system,2023,7
NL,placenta,2016,3
NL,placenta,2017,4
NL,placenta,2018,11
NL,placenta,2019,23
NL,placenta,2020,40
NL,placenta,2021,44
NL,placenta,2022,37
NL,placenta,2023,17
NL,prostate,2014,1
NL,prostate,2015,1
NL,prostate,2016,5
NL,prostate,2017,23
NL,prostate,2018,44
NL,prostate,2019,58
NL,prostate,2020,96
NL,prostate,2021,132
NL,prostate,2022,185
NL,prostate,2023,44
NL,skeletal,2015,4
NL,skeletal,2016,31
NL,skeletal,2017,46
NL,skeletal,2018,88
NL,skeletal,2019,132
NL,skeletal,2020,163
NL,skeletal,2021,206
NL,skeletal,2022,230
NL,skeletal,2023,88
NL,skin,2014,1
NL,skin,2015,1
NL,skin,2016,7
NL,skin,2017,34
NL,skin,2018,93
NL,skin,2019,121
NL,skin,2020,170
NL,skin,2021,205
NL,skin,2022,227
NL,skin,2023,55
NL,small intestine,2016,2
NL,small intestine,2017,4
NL,small intestine,2018,4
NL,small intestine,2019,15
NL,small intestine,2020,7
NL,small intestine,2021,24
NL,small intestine,2022,22
NL,small intestine,2023,2
NL,spinal cord,2015,2
NL,spinal cord,2016,1
NL,spinal cord,2017,11
NL,spinal cord,2018,15
NL,spinal cord,2019,16
NL,spinal cord,2020,33
NL,spinal cord,2021,67
NL,spinal cord,2022,78
NL,spinal cord,2023,16
NL,spleen,2015,1
NL,spleen,2016,5
NL,spleen,2017,6
NL,spleen,2018,3
NL,spleen,2019,21
NL,spleen,2020,12
NL,spleen,2021,9
NL,spleen,2022,15
NL,thymus,2016,2
NL,thymus,2018,2
NL,thymus,2019,11
NL,thymus,2020,6
NL,thymus,2021,3
NL,thymus,2022,20
NL,thymus,2023,2
NL,trachea,2017,5
NL,trachea,2018,6
NL,trachea,2019,8
NL,trachea,2020,11
NL,trachea,2021,20
NL,trachea,2022,10
NL,trachea,2023,8
NL,ureter,2017,1
NL,ureter,2018,4
NL,ureter,2019,4
NL,ureter,2020,3
NL,ureter,2021,24
NL,ureter,2022,12
NL,ureter,2023,7
NL,urinary bladder,2015,2
NL,urinary bladder,2016,2
NL,urinary bladder,2017,4
NL,urinary bladder,2018,19
NL,urinary bladder,2019,18
NL,urinary bladder,2020,35
NL,urinary bladder,2021,46
NL,urinary bladder,2022,63
NL,urinary bladder,2023,13
NL,uterus,2017,1
NL,uterus,2018,2
NL,uterus,2019,12
NL,uterus,2020,10
NL,uterus,2021,11
NL,uterus,2022,10
NL,uterus,2023,4
NO,bone marrow,2017,1
NO,bone marrow,2018,4
NO,bone marrow,2019,12
NO,bone marrow,2020,13
NO,bone marrow,2021,11
NO,bone marrow,2022,12
NO,bone marrow,2023,5
NO,brain,2014,1
NO,brain,2015,7
NO,brain,2016,11
NO,brain,2017,38
NO,brain,2018,69
NO,brain,2019,96
NO,brain,2020,149
NO,brain,2021,162
NO,brain,2022,230
NO,brain,2023,49
NO,eye,2014,3
NO,eye,2016,1
NO,eye,2017,3
NO,eye,2018,10
NO,eye,2019,18
NO,eye,2020,24
NO,eye,2021,19
NO,eye,2022,43
NO,eye,2023,8
NO,fallopian tube,2017,1
NO,fallopian tube,2018,2
NO,fallopian tube,2020,1
NO,heart,2014,1
NO,heart,2015,3
NO,heart,2016,9
NO,heart,2017,18
NO,heart,2018,48
NO,heart,2019,79
NO,heart,2020,89
NO,heart,2021,130
NO,heart,2022,204
NO,heart,2023,43
NO,kidney,2015,1
NO,kidney,2016,1
NO,kidney,2017,12
NO,kidney,2018,25
NO,kidney,2019,24
NO,kidney,2020,33
NO,kidney,2021,44
NO,kidney,2022,41
NO,kidney,2023,10
NO,knee,2014,1
NO,knee,2015,1
NO,knee,2016,1
NO,knee,2017,7
NO,knee,2018,11
NO,knee,2019,18
NO,knee,2020,18
NO,knee,2021,31
NO,knee,2022,39
NO,knee,2023,8
NO,large intestine,2017,2
NO,large intestine,2020,1
NO,large intestine,2021,1
NO,liver,2014,1
NO,liver,2015,5
NO,liver,2016,18
NO,liver,2017,30
NO,liver,2018,73
NO,liver,2019,104
NO,liver,2020,149
NO,liver,2021,180
NO,liver,2022,248
NO,liver,2023,37
NO,lung,2016,3
NO,lung,2017,12
NO,lung,2018,31
NO,lung,2019,22
NO,lung,2020,49
NO,lung,2021,80
NO,lung,2022,73
NO,lung,2023,18
NO,lymph node,2016,1
NO,lymph node,2017,3
NO,lymph node,2018,5
NO,lymph node,2019,3
NO,lymph node,2020,5
NO,lymph node,2021,5
NO,lymph node,2022,22
NO,lymph node,2023,1
NO,lymph vasculature,2020,1
NO,muscular system,2016,1
NO,muscular system,2020,4
NO,ovary,2018,3
NO,ovary,2020,4
NO,ovary,2021,9
NO,ovary,2022,11
NO,pancreas,2016,2
NO,pancreas,2018,6
NO,pancreas,2019,6
NO,pancreas,2020,6
NO,pancreas,2021,11
NO,pancreas,2022,12
NO,pelvis,2020,4
NO,pelvis,2021,1
NO,pelvis,2022,3
NO,peripheral nervous system,2019,1
NO,peripheral nervous system,2020,1
NO,peripheral nervous system,2021,6
NO,peripheral nervous system,2022,2
NO,peripheral nervous system,2023,1
NO,placenta,2016,6
NO,placenta,2017,5
NO,placenta,2018,7
NO,placenta,2020,17
NO,placenta,2021,13
NO,placenta,2022,30
NO,placenta,2023,4
NO,prostate,2017,8
NO,prostate,2018,8
NO,prostate,2019,13
NO,prostate,2020,27
NO,prostate,2021,35
NO,prostate,2022,51
NO,prostate,2023,16
NO,skeletal,2016,4
NO,skeletal,2017,20
NO,skeletal,2018,25
NO,skeletal,2019,48
NO,skeletal,2020,66
NO,skeletal,2021,72
NO,skeletal,2022,63
NO,skeletal,2023,30
NO,skin,2015,2
NO,skin,2016,2
NO,skin,2017,10
NO,skin,2018,23
NO,skin,2019,33
NO,skin,2020,32
NO,skin,2021,39
NO,skin,2022,42
NO,skin,2023,13
NO,small intestine,2018,6
NO,small intestine,2019,17
NO,small intestine,2020,1
NO,small intestine,2021,12
NO,small intestine,2022,5
NO,spinal cord,2016,2
NO,spinal cord,2018,4
NO,spinal cord,2019,6
NO,spinal cord,2020,4
NO,spinal cord,2021,9
NO,spinal cord,2022,13
NO,spinal cord,2023,3
NO,spleen,2016,1
NO,spleen,2017,1
NO,spleen,2020,2
NO,spleen,2021,2
NO,spleen,2022,4
NO,spleen,2023,2
NO,thymus,2019,2
NO,thymus,2020,2
NO,thymus,2021,3
NO,trachea,2017,1
NO,trachea,2018,1
NO,trachea,2019,1
NO,trachea,2020,2
NO,trachea,2021,2
NO,trachea,2022,5
NO,ureter,2018,1
NO,ureter,2019,1
NO,ureter,2020,2
NO,ureter,2021,3
NO,ureter,2022,1
NO,urinary bladder,2014,3
NO,urinary bladder,2017,3
NO,urinary bladder,2018,5
NO,urinary bladder,2019,2
NO,urinary bladder,2020,10
NO,urinary bladder,2021,5
NO,urinary bladder,2022,7
NO,uterus,2017,1
NO,uterus,2018,2
NO,uterus,2020,1
NO,uterus,2021,1
NO,uterus,2022,7
NO,uterus,2023,3
NP,brain,2017,1
NP,brain,2019,1
NP,brain,2020,2
NP,brain,2021,2
NP,brain,2022,8
NP,eye,2017,2
NP,eye,2019,1
NP,eye,2020,8
NP,eye,2021,13
NP,eye,2022,8
NP,eye,2023,2
NP,fallopian tube,2022,2
NP,heart,2019,2
NP,heart,2020,3
NP,heart,2021,13
NP,heart,2022,6
NP,heart,2023,4
NP,kidney,2018,1
NP,kidney,2020,3
NP,kidney,2021,4
NP,kidney,2022,16
NP,kidney,2023,5
NP,knee,2019,1
NP,knee,2021,1
NP,liver,2017,3
NP,liver,2018,5
NP,liver,2019,8
NP,liver,2020,20
NP,liver,2021,16
NP,liver,2022,14
NP,liver,2023,7
NP,lung,2017,1
NP,lung,2019,1
NP,lung,2021,7
NP,lung,2022,6
NP,lung,2023,2
NP,lymph node,2018,2
NP,lymph node,2020,1
NP,lymph node,2021,1
NP,lymph node,2022,5
NP,lymph node,2023,2
NP,ovary,2022,2
NP,pancreas,2017,1
NP,pancreas,2020,1
NP,pelvis,2018,1
NP,pelvis,2020,1
NP,placenta,2020,2
NP,placenta,2022,1
NP,prostate,2018,1
NP,prostate,2019,1
NP,prostate,2020,1
NP,prostate,2021,1
NP,prostate,2022,1
NP,skeletal,2018,1
NP,skeletal,2019,1
NP,skeletal,2020,1
NP,skeletal,2021,2
NP,skeletal,2022,11
NP,skeletal,2023,1
NP,skin,2016,1
NP,skin,2017,1
NP,skin,2018,1
NP,skin,2019,5
NP,skin,2020,8
NP,skin,2021,1
NP,skin,2022,8
NP,skin,2023,1
NP,spinal cord,2019,1
NP,spinal cord,2021,1
NP,spinal cord,2022,3
NP,spleen,2017,1
NP,trachea,2017,1
NP,trachea,2019,1
NP,trachea,2020,1
NP,trachea,2021,2
NP,trachea,2023,1
NP,ureter,2018,1
NP,ureter,2020,2
NP,ureter,2022,1
NP,ureter,2023,2
NP,urinary bladder,2018,1
NP,urinary bladder,2021,1
NP,urinary bladder,2022,1
NZ,bone marrow,2017,1
NZ,bone marrow,2018,1
NZ,bone marrow,2019,1
NZ,bone marrow,2020,1
NZ,bone marrow,2021,2
NZ,bone marrow,2022,5
NZ,brain,2011,1
NZ,brain,2015,3
NZ,brain,2016,6
NZ,brain,2017,22
NZ,brain,2018,42
NZ,brain,2019,57
NZ,brain,2020,83
NZ,brain,2021,95
NZ,brain,2022,123
NZ,brain,2023,34
NZ,eye,2011,1
NZ,eye,2017,3
NZ,eye,2018,8
NZ,eye,2019,22
NZ,eye,2020,23
NZ,eye,2021,28
NZ,eye,2022,19
NZ,eye,2023,19
NZ,fallopian tube,2020,2
NZ,heart,2015,7
NZ,heart,2016,11
NZ,heart,2017,21
NZ,heart,2018,31
NZ,heart,2019,50
NZ,heart,2020,39
NZ,heart,2021,89
NZ,heart,2022,63
NZ,heart,2023,31
NZ,kidney,2015,1
NZ,kidney,2016,3
NZ,kidney,2017,8
NZ,kidney,2018,15
NZ,kidney,2019,15
NZ,kidney,2020,16
NZ,kidney,2021,34
NZ,kidney,2022,40
NZ,kidney,2023,6
NZ,knee,2016,2
NZ,knee,2017,2
NZ,knee,2018,3
NZ,knee,2019,9
NZ,knee,2020,9
NZ,knee,2021,17
NZ,knee,2022,25
NZ,knee,2023,11
NZ,large intestine,2022,4
NZ,liver,2015,3
NZ,liver,2016,5
NZ,liver,2017,21
NZ,liver,2018,52
NZ,liver,2019,56
NZ,liver,2020,90
NZ,liver,2021,137
NZ,liver,2022,149
NZ,liver,2023,41
NZ,lung,2015,1
NZ,lung,2016,2
NZ,lung,2017,3
NZ,lung,2018,9
NZ,lung,2019,17
NZ,lung,2020,20
NZ,lung,2021,37
NZ,lung,2022,16
NZ,lung,2023,8
NZ,lymph node,2018,3
NZ,lymph node,2019,9
NZ,lymph node,2020,9
NZ,lymph node,2021,8
NZ,lymph node,2022,5
NZ,lymph node,2023,1
NZ,muscular system,2022,1
NZ,muscular system,2023,2
NZ,ovary,2015,1
NZ,ovary,2019,2
NZ,ovary,2020,5
NZ,ovary,2021,2
NZ,ovary,2022,12
NZ,pancreas,2017,1
NZ,pancreas,2018,2
NZ,pancreas,2019,3
NZ,pancreas,2020,4
NZ,pancreas,2021,11
NZ,pancreas,2022,7
NZ,pancreas,2023,3
NZ,pelvis,2017,1
NZ,pelvis,2018,1
NZ,pelvis,2020,3
NZ,pelvis,2022,2
NZ,peripheral nervous system,2018,2
NZ,peripheral nervous system,2019,1
NZ,peripheral nervous system,2022,2
NZ,peripheral nervous system,2023,3
NZ,placenta,2015,1
NZ,placenta,2016,5
NZ,placenta,2017,5
NZ,placenta,2018,4
NZ,placenta,2019,4
NZ,placenta,2020,10
NZ,placenta,2021,10
NZ,placenta,2022,13
NZ,placenta,2023,2
NZ,prostate,2015,1
NZ,prostate,2016,2
NZ,prostate,2017,4
NZ,prostate,2018,7
NZ,prostate,2019,8
NZ,prostate,2020,6
NZ,prostate,2021,13
NZ,prostate,2022,11
NZ,prostate,2023,2
NZ,skeletal,2015,1
NZ,skeletal,2016,4
NZ,skeletal,2017,13
NZ,skeletal,2018,15
NZ,skeletal,2019,23
NZ,skeletal,2020,29
NZ,skeletal,2021,46
NZ,skeletal,2022,43
NZ,skeletal,2023,4
NZ,skin,2015,3
NZ,skin,2016,4
NZ,skin,2017,9
NZ,skin,2018,23
NZ,skin,2019,28
NZ,skin,2020,44
NZ,skin,2021,51
NZ,skin,2022,62
NZ,skin,2023,12
NZ,small intestine,2018,1
NZ,small intestine,2019,3
NZ,small intestine,2020,8
NZ,small intestine,2021,2
NZ,small intestine,2022,4
NZ,small intestine,2023,4
NZ,spinal cord,2017,1
NZ,spinal cord,2019,8
NZ,spinal cord,2020,7
NZ,spinal cord,2021,15
NZ,spinal cord,2022,4
NZ,spinal cord,2023,4
NZ,spleen,2016,2
NZ,spleen,2019,1
NZ,spleen,2020,1
NZ,spleen,2021,2
NZ,spleen,2022,1
NZ,thymus,2023,1
NZ,trachea,2017,2
NZ,trachea,2018,1
NZ,trachea,2019,4
NZ,trachea,2020,1
NZ,trachea,2021,3
NZ,trachea,2022,1
NZ,trachea,2023,1
NZ,ureter,2015,1
NZ,ureter,2018,1
NZ,ureter,2021,1
NZ,ureter,2022,1
NZ,urinary bladder,2015,1
NZ,urinary bladder,2018,1
NZ,urinary bladder,2019,1
NZ,urinary bladder,2021,6
NZ,urinary bladder,2022,2
NZ,uterus,2017,2
NZ,uterus,2020,2
NZ,uterus,2021,4
NZ,uterus,2022,3
OM,bone marrow,2021,2
OM,bone marrow,2022,1
OM,brain,2018,2
OM,brain,2020,3
OM,brain,2021,6
OM,brain,2022,8
OM,brain,2023,1
OM,eye,2019,1
OM,eye,2020,1
OM,eye,2021,2
OM,heart,2015,1
OM,heart,2016,1
OM,heart,2017,2
OM,heart,2018,2
OM,heart,2019,1
OM,heart,2020,1
OM,heart,2021,7
OM,heart,2022,2
OM,heart,2023,2
OM,kidney,2017,3
OM,kidney,2019,1
OM,kidney,2020,3
OM,kidney,2021,5
OM,kidney,2022,3
OM,kidney,2023,3
OM,knee,2019,2
OM,knee,2020,1
OM,knee,2022,3
OM,knee,2023,1
OM,liver,2016,1
OM,liver,2017,1
OM,liver,2019,1
OM,liver,2020,5
OM,liver,2021,8
OM,liver,2022,16
OM,lung,2018,2
OM,lung,2019,1
OM,lung,2020,5
OM,lung,2021,4
OM,lung,2022,3
OM,lymph node,2019,1
OM,lymph node,2022,2
OM,muscular system,2022,1
OM,ovary,2022,12
OM,pancreas,2023,1
OM,pelvis,2020,1
OM,pelvis,2022,1
OM,placenta,2021,1
OM,prostate,2019,1
OM,prostate,2022,2
OM,skeletal,2022,1
OM,skeletal,2023,1
OM,skin,2022,2
OM,skin,2023,1
OM,spleen,2022,1
OM,trachea,2020,1
OM,trachea,2021,1
OM,ureter,2021,1
PA,brain,2019,2
PA,brain,2020,1
PA,brain,2021,3
PA,heart,2014,1
PA,heart,2018,2
PA,heart,2022,2
PA,kidney,2021,1
PA,kidney,2022,3
PA,kidney,2023,2
PA,liver,2017,1
PA,liver,2022,6
PA,lung,2017,1
PA,lung,2018,1
PA,lung,2019,1
PA,lung,2022,3
PA,prostate,2019,1
PA,skeletal,2021,2
PA,skeletal,2022,2
PA,skin,2018,2
PA,skin,2019,2
PA,skin,2020,3
PA,skin,2021,9
PA,skin,2022,3
PA,spleen,2022,2
PA,ureter,2022,3
PA,ureter,2023,1
PE,brain,2015,1
PE,brain,2016,3
PE,brain,2017,5
PE,brain,2019,2
PE,brain,2020,7
PE,brain,2021,9
PE,brain,2022,17
PE,brain,2023,13
PE,eye,2014,1
PE,eye,2017,1
PE,eye,2019,1
PE,eye,2020,3
PE,eye,2021,8
PE,eye,2022,12
PE,eye,2023,1
PE,heart,2017,2
PE,heart,2018,2
PE,heart,2019,2
PE,heart,2020,7
PE,heart,2021,17
PE,heart,2022,20
PE,heart,2023,2
PE,kidney,2017,2
PE,kidney,2018,1
PE,kidney,2019,4
PE,kidney,2020,2
PE,kidney,2021,2
PE,kidney,2022,17
PE,knee,2022,3
PE,liver,2015,1
PE,liver,2016,1
PE,liver,2017,1
PE,liver,2018,3
PE,liver,2019,9
PE,liver,2020,34
PE,liver,2021,20
PE,liver,2022,41
PE,liver,2023,3
PE,lung,2018,3
PE,lung,2019,3
PE,lung,2020,11
PE,lung,2021,2
PE,lung,2022,9
PE,lung,2023,7
PE,lymph node,2017,1
PE,lymph node,2018,2
PE,lymph node,2019,1
PE,lymph node,2020,12
PE,lymph node,2021,1
PE,lymph node,2022,3
PE,ovary,2018,1
PE,ovary,2020,1
PE,ovary,2022,5
PE,pancreas,2018,1
PE,pancreas,2020,1
PE,pancreas,2021,1
PE,pancreas,2022,2
PE,pelvis,2022,2
PE,placenta,2017,1
PE,prostate,2019,1
PE,prostate,2020,6
PE,prostate,2021,1
PE,prostate,2022,1
PE,skeletal,2019,3
PE,skeletal,2020,3
PE,skeletal,2021,1
PE,skeletal,2022,7
PE,skin,2017,2
PE,skin,2018,3
PE,skin,2019,14
PE,skin,2020,5
PE,skin,2021,5
PE,skin,2022,19
PE,spleen,2020,2
PE,thymus,2016,1
PE,thymus,2020,1
PE,thymus,2021,7
PE,trachea,2018,1
PE,urinary bladder,2019,2
PE,uterus,2019,1
PE,uterus,2020,4
PE,uterus,2023,9
PF,brain,2017,1
PF,brain,2018,1
PF,eye,2018,1
PF,eye,2019,1
PF,heart,2021,1
PF,heart,2022,1
PF,liver,2021,2
PF,lung,2021,1
PF,lung,2022,1
PF,lymph node,2021,1
PF,skeletal,2019,1
PG,eye,2022,2
PG,liver,2020,3
PH,bone marrow,2020,1
PH,brain,2017,1
PH,brain,2018,1
PH,brain,2019,1
PH,brain,2020,4
PH,brain,2021,7
PH,brain,2022,9
PH,eye,2018,1
PH,eye,2019,1
PH,eye,2021,3
PH,eye,2022,4
PH,fallopian tube,2022,1
PH,heart,2021,4
PH,heart,2022,1
PH,heart,2023,1
PH,kidney,2017,1
PH,kidney,2018,2
PH,kidney,2019,3
PH,kidney,2020,4
PH,kidney,2021,5
PH,kidney,2022,6
PH,kidney,2023,3
PH,knee,2019,1
PH,knee,2020,1
PH,knee,2021,3
PH,knee,2022,1
PH,liver,2016,2
PH,liver,2018,1
PH,liver,2019,4
PH,liver,2020,7
PH,liver,2021,21
PH,liver,2022,27
PH,liver,2023,2
PH,lung,2017,1
PH,lung,2018,4
PH,lung,2019,6
PH,lung,2020,6
PH,lung,2021,8
PH,lung,2022,16
PH,lung,2023,2
PH,lymph node,2016,1
PH,lymph node,2017,1
PH,lymph node,2019,1
PH,lymph node,2020,2
PH,lymph node,2022,3
PH,ovary,2019,2
PH,peripheral nervous system,2021,1
PH,placenta,2018,1
PH,placenta,2021,2
PH,placenta,2022,5
PH,prostate,2022,2
PH,skeletal,2018,1
PH,skeletal,2019,1
PH,skeletal,2021,8
PH,skin,2017,1
PH,skin,2018,3
PH,skin,2019,3
PH,skin,2020,7
PH,skin,2021,5
PH,skin,2022,9
PH,small intestine,2021,1
PH,small intestine,2022,1
PH,spinal cord,2020,1
PH,spinal cord,2022,2
PH,spleen,2021,2
PH,spleen,2022,1
PH,thymus,2018,1
PH,trachea,2021,2
PH,ureter,2019,1
PH,urinary bladder,2021,1
PH,urinary bladder,2022,2
PH,uterus,2022,1
PK,blood vasculature,2023,1
PK,bone marrow,2016,1
PK,bone marrow,2018,4
PK,bone marrow,2019,2
PK,bone marrow,2020,4
PK,bone marrow,2021,7
PK,bone marrow,2022,6
PK,bone marrow,2023,9
PK,brain,2014,2
PK,brain,2015,1
PK,brain,2016,4
PK,brain,2017,5
PK,brain,2018,16
PK,brain,2019,24
PK,brain,2020,34
PK,brain,2021,80
PK,brain,2022,115
PK,brain,2023,17
PK,eye,2017,3
PK,eye,2018,6
PK,eye,2019,2
PK,eye,2020,9
PK,eye,2021,8
PK,eye,2022,23
PK,eye,2023,2
PK,fallopian tube,2018,1
PK,fallopian tube,2021,1
PK,heart,2014,1
PK,heart,2016,3
PK,heart,2017,5
PK,heart,2018,6
PK,heart,2019,17
PK,heart,2020,20
PK,heart,2021,44
PK,heart,2022,84
PK,heart,2023,3
PK,kidney,2014,1
PK,kidney,2015,1
PK,kidney,2016,1
PK,kidney,2017,4
PK,kidney,2018,10
PK,kidney,2019,13
PK,kidney,2020,24
PK,kidney,2021,51
PK,kidney,2022,64
PK,kidney,2023,5
PK,knee,2018,5
PK,knee,2019,2
PK,knee,2020,6
PK,knee,2021,7
PK,knee,2022,17
PK,liver,2014,3
PK,liver,2015,2
PK,liver,2016,5
PK,liver,2017,15
PK,liver,2018,27
PK,liver,2019,48
PK,liver,2020,102
PK,liver,2021,207
PK,liver,2022,328
PK,liver,2023,59
PK,lung,2014,1
PK,lung,2015,1
PK,lung,2017,4
PK,lung,2018,6
PK,lung,2019,6
PK,lung,2020,18
PK,lung,2021,21
PK,lung,2022,48
PK,lung,2023,8
PK,lymph node,2017,1
PK,lymph node,2018,3
PK,lymph node,2019,1
PK,lymph node,2020,1
PK,lymph node,2021,6
PK,lymph node,2022,5
PK,ovary,2018,2
PK,ovary,2019,1
PK,ovary,2020,3
PK,ovary,2021,8
PK,ovary,2022,8
PK,ovary,2023,2
PK,pancreas,2018,1
PK,pancreas,2019,1
PK,pancreas,2020,3
PK,pancreas,2021,2
PK,pancreas,2022,2
PK,pelvis,2021,1
PK,peripheral nervous system,2018,1
PK,peripheral nervous system,2022,1
PK,placenta,2018,1
PK,placenta,2019,1
PK,placenta,2020,3
PK,placenta,2021,3
PK,placenta,2022,7
PK,prostate,2016,2
PK,prostate,2018,4
PK,prostate,2020,4
PK,prostate,2021,5
PK,prostate,2022,9
PK,prostate,2023,3
PK,skeletal,2015,1
PK,skeletal,2017,2
PK,skeletal,2018,3
PK,skeletal,2019,9
PK,skeletal,2020,5
PK,skeletal,2021,9
PK,skeletal,2022,15
PK,skeletal,2023,7
PK,skin,2015,2
PK,skin,2016,2
PK,skin,2017,4
PK,skin,2018,10
PK,skin,2019,8
PK,skin,2020,30
PK,skin,2021,35
PK,skin,2022,79
PK,skin,2023,23
PK,small intestine,2017,1
PK,small intestine,2018,1
PK,small intestine,2019,6
PK,small intestine,2022,2
PK,spinal cord,2019,1
PK,spinal cord,2020,1
PK,spinal cord,2021,3
PK,spinal cord,2022,3
PK,spinal cord,2023,1
PK,spleen,2018,3
PK,spleen,2019,4
PK,spleen,2020,3
PK,spleen,2021,1
PK,spleen,2022,1
PK,thymus,2019,1
PK,thymus,2021,1
PK,thymus,2022,14
PK,trachea,2016,1
PK,trachea,2017,1
PK,trachea,2020,4
PK,trachea,2022,1
PK,ureter,2014,1
PK,ureter,2018,1
PK,ureter,2019,1
PK,ureter,2021,1
PK,urinary bladder,2017,1
PK,urinary bladder,2018,1
PK,urinary bladder,2019,3
PK,urinary bladder,2020,4
PK,urinary bladder,2022,1
PK,urinary bladder,2023,1
PK,uterus,2019,1
PK,uterus,2021,1
PK,uterus,2022,2
PL,blood vasculature,2021,2
PL,bone marrow,2014,2
PL,bone marrow,2015,4
PL,bone marrow,2016,2
PL,bone marrow,2017,5
PL,bone marrow,2018,6
PL,bone marrow,2019,13
PL,bone marrow,2020,39
PL,bone marrow,2021,55
PL,bone marrow,2022,58
PL,bone marrow,2023,6
PL,brain,2014,5
PL,brain,2015,3
PL,brain,2016,8
PL,brain,2017,40
PL,brain,2018,91
PL,brain,2019,179
PL,brain,2020,358
PL,brain,2021,582
PL,brain,2022,456
PL,brain,2023,125
PL,eye,2016,2
PL,eye,2017,10
PL,eye,2018,20
PL,eye,2019,31
PL,eye,2020,72
PL,eye,2021,143
PL,eye,2022,125
PL,eye,2023,37
PL,fallopian tube,2014,1
PL,fallopian tube,2018,6
PL,fallopian tube,2019,7
PL,fallopian tube,2020,4
PL,fallopian tube,2021,5
PL,fallopian tube,2023,1
PL,heart,2014,8
PL,heart,2015,4
PL,heart,2016,6
PL,heart,2017,23
PL,heart,2018,92
PL,heart,2019,150
PL,heart,2020,218
PL,heart,2021,380
PL,heart,2022,515
PL,heart,2023,79
PL,kidney,2014,7
PL,kidney,2015,4
PL,kidney,2016,12
PL,kidney,2017,23
PL,kidney,2018,58
PL,kidney,2019,93
PL,kidney,2020,171
PL,kidney,2021,398
PL,kidney,2022,333
PL,kidney,2023,62
PL,knee,2014,1
PL,knee,2015,4
PL,knee,2017,1
PL,knee,2018,9
PL,knee,2019,35
PL,knee,2020,40
PL,knee,2021,72
PL,knee,2022,83
PL,knee,2023,23
PL,large intestine,2017,2
PL,large intestine,2018,3
PL,large intestine,2019,1
PL,large intestine,2020,5
PL,large intestine,2021,7
PL,large intestine,2022,7
PL,large intestine,2023,3
PL,liver,2014,11
PL,liver,2016,6
PL,liver,2017,49
PL,liver,2018,128
PL,liver,2019,226
PL,liver,2020,372
PL,liver,2021,651
PL,liver,2022,638
PL,liver,2023,180
PL,lung,2014,3
PL,lung,2016,7
PL,lung,2017,18
PL,lung,2018,34
PL,lung,2019,98
PL,lung,2020,162
PL,lung,2021,263
PL,lung,2022,289
PL,lung,2023,93
PL,lymph node,2016,2
PL,lymph node,2017,6
PL,lymph node,2018,5
PL,lymph node,2019,35
PL,lymph node,2020,16
PL,lymph node,2021,36
PL,lymph node,2022,48
PL,lymph node,2023,3
PL,muscular system,2019,1
PL,muscular system,2021,3
PL,muscular system,2022,6
PL,ovary,2014,2
PL,ovary,2016,1
PL,ovary,2017,3
PL,ovary,2018,18
PL,ovary,2019,22
PL,ovary,2020,41
PL,ovary,2021,86
PL,ovary,2022,80
PL,ovary,2023,16
PL,pancreas,2016,1
PL,pancreas,2017,5
PL,pancreas,2018,7
PL,pancreas,2019,10
PL,pancreas,2020,15
PL,pancreas,2021,25
PL,pancreas,2022,42
PL,pancreas,2023,3
PL,pelvis,2014,1
PL,pelvis,2015,1
PL,pelvis,2017,1
PL,pelvis,2019,14
PL,pelvis,2020,5
PL,pelvis,2021,17
PL,pelvis,2022,12
PL,pelvis,2023,6
PL,peripheral nervous system,2018,1
PL,peripheral nervous system,2019,6
PL,peripheral nervous system,2020,9
PL,peripheral nervous system,2021,2
PL,peripheral nervous system,2022,8
PL,placenta,2015,1
PL,placenta,2016,2
PL,placenta,2017,5
PL,placenta,2018,14
PL,placenta,2019,35
PL,placenta,2020,40
PL,placenta,2021,79
PL,placenta,2022,75
PL,placenta,2023,22
PL,prostate,2014,3
PL,prostate,2016,3
PL,prostate,2017,5
PL,prostate,2018,12
PL,prostate,2019,35
PL,prostate,2020,85
PL,prostate,2021,101
PL,prostate,2022,128
PL,prostate,2023,21
PL,skeletal,2014,6
PL,skeletal,2015,4
PL,skeletal,2016,2
PL,skeletal,2017,14
PL,skeletal,2018,56
PL,skeletal,2019,112
PL,skeletal,2020,159
PL,skeletal,2021,169
PL,skeletal,2022,217
PL,skeletal,2023,47
PL,skin,2008,1
PL,skin,2014,9
PL,skin,2015,2
PL,skin,2016,6
PL,skin,2017,17
PL,skin,2018,67
PL,skin,2019,103
PL,skin,2020,247
PL,skin,2021,438
PL,skin,2022,384
PL,skin,2023,98
PL,small intestine,2017,1
PL,small intestine,2018,3
PL,small intestine,2019,5
PL,small intestine,2020,10
PL,small intestine,2021,22
PL,small intestine,2022,38
PL,small intestine,2023,3
PL,spinal cord,2014,1
PL,spinal cord,2015,1
PL,spinal cord,2016,1
PL,spinal cord,2017,4
PL,spinal cord,2018,7
PL,spinal cord,2019,16
PL,spinal cord,2020,28
PL,spinal cord,2021,37
PL,spinal cord,2022,61
PL,spinal cord,2023,5
PL,spleen,2014,1
PL,spleen,2017,7
PL,spleen,2018,4
PL,spleen,2019,19
PL,spleen,2020,6
PL,spleen,2021,35
PL,spleen,2022,6
PL,thymus,2016,1
PL,thymus,2017,2
PL,thymus,2018,4
PL,thymus,2019,8
PL,thymus,2020,18
PL,thymus,2021,37
PL,thymus,2022,8
PL,trachea,2014,1
PL,trachea,2017,1
PL,trachea,2018,2
PL,trachea,2019,3
PL,trachea,2020,5
PL,trachea,2021,13
PL,trachea,2022,5
PL,ureter,2017,3
PL,ureter,2021,30
PL,ureter,2022,21
PL,ureter,2023,4
PL,urinary bladder,2014,1
PL,urinary bladder,2016,2
PL,urinary bladder,2017,9
PL,urinary bladder,2018,14
PL,urinary bladder,2019,17
PL,urinary bladder,2020,31
PL,urinary bladder,2021,50
PL,urinary bladder,2022,49
PL,urinary bladder,2023,33
PL,uterus,2017,3
PL,uterus,2018,8
PL,uterus,2019,8
PL,uterus,2020,12
PL,uterus,2021,38
PL,uterus,2022,23
PL,uterus,2023,7
PS,eye,2021,1
PS,heart,2018,1
PS,heart,2020,1
PS,heart,2021,3
PS,kidney,2020,1
PS,kidney,2021,1
PS,kidney,2022,4
PS,kidney,2023,1
PS,knee,2019,1
PS,knee,2021,1
PS,liver,2018,1
PS,liver,2019,2
PS,liver,2020,3
PS,liver,2021,4
PS,liver,2022,5
PS,liver,2023,3
PS,lung,2018,1
PS,lung,2020,2
PS,lung,2023,3
PS,pancreas,2020,5
PS,prostate,2022,2
PS,prostate,2023,1
PS,skeletal,2021,3
PS,skin,2019,2
PS,skin,2020,1
PS,skin,2021,2
PS,skin,2022,4
PS,thymus,2016,1
PS,thymus,2023,1
PS,ureter,2023,1
PT,blood vasculature,2020,1
PT,bone marrow,2015,1
PT,bone marrow,2017,5
PT,bone marrow,2018,6
PT,bone marrow,2019,13
PT,bone marrow,2020,24
PT,bone marrow,2021,13
PT,bone marrow,2022,24
PT,bone marrow,2023,2
PT,brain,2014,1
PT,brain,2015,7
PT,brain,2016,18
PT,brain,2017,41
PT,brain,2018,66
PT,brain,2019,113
PT,brain,2020,138
PT,brain,2021,209
PT,brain,2022,262
PT,brain,2023,59
PT,eye,2016,4
PT,eye,2017,6
PT,eye,2018,16
PT,eye,2019,14
PT,eye,2020,30
PT,eye,2021,45
PT,eye,2022,39
PT,eye,2023,12
PT,fallopian tube,2019,1
PT,fallopian tube,2021,1
PT,fallopian tube,2022,1
PT,heart,2014,2
PT,heart,2015,3
PT,heart,2016,7
PT,heart,2017,28
PT,heart,2018,44
PT,heart,2019,77
PT,heart,2020,152
PT,heart,2021,167
PT,heart,2022,245
PT,heart,2023,71
PT,kidney,2014,5
PT,kidney,2015,4
PT,kidney,2016,7
PT,kidney,2017,16
PT,kidney,2018,14
PT,kidney,2019,41
PT,kidney,2020,54
PT,kidney,2021,99
PT,kidney,2022,135
PT,kidney,2023,33
PT,knee,2018,15
PT,knee,2019,40
PT,knee,2020,14
PT,knee,2021,24
PT,knee,2022,41
PT,knee,2023,11
PT,liver,2014,4
PT,liver,2015,6
PT,liver,2016,10
PT,liver,2017,55
PT,liver,2018,98
PT,liver,2019,168
PT,liver,2020,287
PT,liver,2021,368
PT,liver,2022,441
PT,liver,2023,103
PT,lung,2015,1
PT,lung,2016,10
PT,lung,2017,17
PT,lung,2018,28
PT,lung,2019,40
PT,lung,2020,94
PT,lung,2021,110
PT,lung,2022,160
PT,lung,2023,30
PT,lymph node,2017,4
PT,lymph node,2018,3
PT,lymph node,2019,13
PT,lymph node,2020,10
PT,lymph node,2021,29
PT,lymph node,2022,7
PT,lymph node,2023,5
PT,lymph vasculature,2020,1
PT,muscular system,2016,1
PT,muscular system,2020,6
PT,ovary,2015,1
PT,ovary,2017,1
PT,ovary,2018,2
PT,ovary,2019,12
PT,ovary,2020,7
PT,ovary,2021,4
PT,ovary,2022,16
PT,ovary,2023,2
PT,pancreas,2014,1
PT,pancreas,2016,1
PT,pancreas,2017,1
PT,pancreas,2018,1
PT,pancreas,2019,5
PT,pancreas,2020,6
PT,pancreas,2021,6
PT,pancreas,2022,10
PT,pancreas,2023,12
PT,pelvis,2017,1
PT,pelvis,2021,2
PT,peripheral nervous system,2021,3
PT,peripheral nervous system,2022,3
PT,peripheral nervous system,2023,3
PT,placenta,2017,7
PT,placenta,2018,2
PT,placenta,2019,6
PT,placenta,2020,12
PT,placenta,2021,13
PT,placenta,2022,9
PT,prostate,2016,3
PT,prostate,2017,4
PT,prostate,2018,23
PT,prostate,2019,30
PT,prostate,2020,38
PT,prostate,2021,72
PT,prostate,2022,59
PT,prostate,2023,37
PT,skeletal,2015,3
PT,skeletal,2016,3
PT,skeletal,2017,13
PT,skeletal,2018,41
PT,skeletal,2019,33
PT,skeletal,2020,66
PT,skeletal,2021,104
PT,skeletal,2022,113
PT,skeletal,2023,36
PT,skin,2012,2
PT,skin,2014,2
PT,skin,2015,3
PT,skin,2016,1
PT,skin,2017,13
PT,skin,2018,45
PT,skin,2019,104
PT,skin,2020,127
PT,skin,2021,253
PT,skin,2022,212
PT,skin,2023,68
PT,small intestine,2016,1
PT,small intestine,2018,6
PT,small intestine,2019,1
PT,small intestine,2021,12
PT,small intestine,2022,20
PT,spinal cord,2015,2
PT,spinal cord,2016,2
PT,spinal cord,2017,7
PT,spinal cord,2018,11
PT,spinal cord,2019,7
PT,spinal cord,2020,11
PT,spinal cord,2021,18
PT,spinal cord,2022,46
PT,spinal cord,2023,17
PT,spleen,2016,6
PT,spleen,2017,3
PT,spleen,2018,2
PT,spleen,2019,4
PT,spleen,2020,11
PT,spleen,2021,7
PT,spleen,2022,7
PT,thymus,2015,2
PT,thymus,2017,4
PT,thymus,2018,4
PT,thymus,2019,8
PT,thymus,2020,13
PT,thymus,2021,18
PT,thymus,2022,31
PT,thymus,2023,9
PT,trachea,2018,3
PT,trachea,2019,3
PT,trachea,2020,3
PT,trachea,2021,4
PT,trachea,2022,5
PT,ureter,2019,3
PT,ureter,2022,7
PT,urinary bladder,2017,6
PT,urinary bladder,2018,8
PT,urinary bladder,2019,10
PT,urinary bladder,2020,17
PT,urinary bladder,2021,16
PT,urinary bladder,2022,22
PT,urinary bladder,2023,3
PT,uterus,2015,1
PT,uterus,2017,1
PT,uterus,2018,8
PT,uterus,2019,7
PT,uterus,2020,2
PT,uterus,2021,1
PT,uterus,2022,6
PT,uterus,2023,1
PY,brain,2018,1
PY,brain,2021,1
PY,brain,2022,1
PY,eye,2017,1
PY,heart,2020,1
PY,heart,2021,1
PY,heart,2023,1
PY,kidney,2020,1
PY,kidney,2022,1
PY,knee,2021,2
PY,liver,2019,1
PY,liver,2021,2
PY,liver,2022,3
PY,liver,2023,1
PY,lung,2019,1
PY,lymph node,2019,1
PY,muscular system,2020,1
PY,muscular system,2021,1
PY,placenta,2016,1
PY,placenta,2018,1
PY,placenta,2022,2
PY,skeletal,2021,3
PY,skin,2020,2
PY,skin,2021,1
PY,skin,2022,1
PY,spleen,2018,1
QA,bone marrow,2018,1
QA,bone marrow,2019,2
QA,bone marrow,2020,6
QA,bone marrow,2021,1
QA,brain,2016,1
QA,brain,2017,5
QA,brain,2018,6
QA,brain,2019,8
QA,brain,2020,13
QA,brain,2021,31
QA,brain,2022,34
QA,brain,2023,6
QA,eye,2019,1
QA,eye,2020,5
QA,eye,2021,5
QA,eye,2022,5
QA,eye,2023,1
QA,heart,2015,1
QA,heart,2016,1
QA,heart,2017,2
QA,heart,2018,5
QA,heart,2019,13
QA,heart,2020,12
QA,heart,2021,13
QA,heart,2022,19
QA,heart,2023,4
QA,kidney,2016,1
QA,kidney,2017,3
QA,kidney,2018,3
QA,kidney,2019,4
QA,kidney,2020,11
QA,kidney,2021,18
QA,kidney,2022,21
QA,kidney,2023,10
QA,knee,2017,1
QA,knee,2018,3
QA,knee,2019,3
QA,knee,2020,5
QA,knee,2021,3
QA,knee,2022,6
QA,knee,2023,4
QA,liver,2015,1
QA,liver,2016,1
QA,liver,2017,6
QA,liver,2018,8
QA,liver,2019,13
QA,liver,2020,23
QA,liver,2021,43
QA,liver,2022,46
QA,liver,2023,19
QA,lung,2018,3
QA,lung,2019,4
QA,lung,2020,13
QA,lung,2021,13
QA,lung,2022,20
QA,lung,2023,4
QA,lymph node,2019,1
QA,ovary,2017,1
QA,ovary,2019,1
QA,ovary,2023,1
QA,pancreas,2017,1
QA,pancreas,2018,2
QA,pancreas,2021,5
QA,pancreas,2022,3
QA,peripheral nervous system,2017,1
QA,peripheral nervous system,2020,1
QA,peripheral nervous system,2021,1
QA,peripheral nervous system,2022,5
QA,placenta,2018,1
QA,placenta,2019,1
QA,placenta,2023,2
QA,prostate,2017,2
QA,prostate,2018,1
QA,prostate,2019,3
QA,prostate,2021,3
QA,prostate,2022,6
QA,prostate,2023,1
QA,skeletal,2017,1
QA,skeletal,2018,4
QA,skeletal,2019,7
QA,skeletal,2020,4
QA,skeletal,2021,6
QA,skeletal,2022,5
QA,skeletal,2023,2
QA,skin,2017,1
QA,skin,2018,1
QA,skin,2019,3
QA,skin,2020,13
QA,skin,2021,15
QA,skin,2022,11
QA,skin,2023,1
QA,small intestine,2020,1
QA,spinal cord,2019,1
QA,spinal cord,2020,1
QA,spinal cord,2021,3
QA,spinal cord,2022,5
QA,spleen,2017,1
QA,spleen,2020,1
QA,thymus,2020,1
QA,thymus,2022,2
QA,thymus,2023,2
QA,trachea,2018,1
QA,trachea,2019,1
QA,trachea,2020,1
QA,trachea,2021,2
QA,trachea,2022,1
QA,ureter,2021,1
QA,urinary bladder,2020,1
QA,urinary bladder,2021,1
QA,urinary bladder,2022,5
RE,brain,2019,3
RE,brain,2020,2
RE,brain,2021,4
RE,brain,2022,2
RE,brain,2023,1
RE,heart,2021,1
RE,heart,2022,2
RE,kidney,2020,1
RE,kidney,2022,1
RE,liver,2022,1
RE,peripheral nervous system,2022,1
RE,small intestine,2018,1
RE,small intestine,2019,1
RO,bone marrow,2020,1
RO,bone marrow,2021,1
RO,bone marrow,2022,7
RO,bone marrow,2023,8
RO,brain,2014,3
RO,brain,2015,1
RO,brain,2016,1
RO,brain,2017,8
RO,brain,2018,12
RO,brain,2019,10
RO,brain,2020,38
RO,brain,2021,60
RO,brain,2022,94
RO,brain,2023,13
RO,eye,2018,1
RO,eye,2019,6
RO,eye,2020,10
RO,eye,2021,13
RO,eye,2022,22
RO,heart,2015,1
RO,heart,2017,2
RO,heart,2018,3
RO,heart,2019,30
RO,heart,2020,39
RO,heart,2021,108
RO,heart,2022,177
RO,heart,2023,35
RO,kidney,2014,1
RO,kidney,2015,3
RO,kidney,2016,3
RO,kidney,2017,4
RO,kidney,2018,10
RO,kidney,2019,19
RO,kidney,2020,37
RO,kidney,2021,50
RO,kidney,2022,65
RO,kidney,2023,20
RO,knee,2020,2
RO,knee,2021,14
RO,knee,2022,27
RO,knee,2023,11
RO,liver,2012,1
RO,liver,2015,1
RO,liver,2016,1
RO,liver,2017,18
RO,liver,2018,16
RO,liver,2019,50
RO,liver,2020,116
RO,liver,2021,252
RO,liver,2022,337
RO,liver,2023,58
RO,lung,2017,1
RO,lung,2018,3
RO,lung,2019,6
RO,lung,2020,26
RO,lung,2021,46
RO,lung,2022,81
RO,lung,2023,26
RO,lymph node,2018,1
RO,lymph node,2019,1
RO,lymph node,2020,11
RO,lymph node,2022,24
RO,lymph node,2023,7
RO,ovary,2019,1
RO,ovary,2020,2
RO,ovary,2021,12
RO,ovary,2022,8
RO,ovary,2023,4
RO,pancreas,2018,1
RO,pancreas,2019,2
RO,pancreas,2021,1
RO,pancreas,2022,4
RO,pelvis,2021,1
RO,pelvis,2022,13
RO,pelvis,2023,1
RO,peripheral nervous system,2019,1
RO,peripheral nervous system,2022,16
RO,placenta,2016,1
RO,placenta,2018,1
RO,placenta,2020,2
RO,placenta,2021,10
RO,placenta,2022,35
RO,placenta,2023,5
RO,prostate,2017,1
RO,prostate,2018,1
RO,prostate,2019,4
RO,prostate,2020,7
RO,prostate,2021,13
RO,prostate,2022,30
RO,prostate,2023,4
RO,skeletal,2018,2
RO,skeletal,2019,4
RO,skeletal,2020,16
RO,skeletal,2021,22
RO,skeletal,2022,33
RO,skeletal,2023,2
RO,skin,2014,1
RO,skin,2016,4
RO,skin,2017,10
RO,skin,2018,15
RO,skin,2019,28
RO,skin,2020,50
RO,skin,2021,110
RO,skin,2022,121
RO,skin,2023,27
RO,small intestine,2018,1
RO,small intestine,2019,2
RO,small intestine,2020,3
RO,small intestine,2021,3
RO,spinal cord,2017,1
RO,spinal cord,2020,1
RO,spinal cord,2021,5
RO,spinal cord,2022,11
RO,spinal cord,2023,1
RO,spleen,2018,1
RO,spleen,2019,1
RO,spleen,2020,2
RO,spleen,2021,10
RO,spleen,2022,2
RO,thymus,2018,2
RO,thymus,2019,1
RO,thymus,2020,5
RO,thymus,2021,14
RO,thymus,2022,10
RO,thymus,2023,3
RO,trachea,2019,2
RO,trachea,2020,2
RO,trachea,2021,1
RO,trachea,2022,4
RO,ureter,2019,1
RO,ureter,2020,1
RO,ureter,2021,1
RO,ureter,2022,15
RO,ureter,2023,1
RO,urinary bladder,2019,2
RO,urinary bladder,2020,2
RO,urinary bladder,2021,5
RO,urinary bladder,2022,12
RO,uterus,2018,1
RO,uterus,2019,1
RO,uterus,2021,2
RO,uterus,2022,7
RS,bone marrow,2020,2
RS,bone marrow,2021,10
RS,bone marrow,2022,2
RS,bone marrow,2023,1
RS,brain,2015,1
RS,brain,2016,2
RS,brain,2017,9
RS,brain,2018,13
RS,brain,2019,11
RS,brain,2020,17
RS,brain,2021,36
RS,brain,2022,45
RS,brain,2023,6
RS,eye,2016,1
RS,eye,2017,3
RS,eye,2018,2
RS,eye,2019,1
RS,eye,2020,1
RS,eye,2021,3
RS,eye,2022,11
RS,fallopian tube,2019,1
RS,heart,2014,1
RS,heart,2016,4
RS,heart,2017,5
RS,heart,2018,26
RS,heart,2019,24
RS,heart,2020,21
RS,heart,2021,32
RS,heart,2022,61
RS,heart,2023,20
RS,kidney,2016,3
RS,kidney,2017,3
RS,kidney,2018,19
RS,kidney,2019,23
RS,kidney,2020,25
RS,kidney,2021,56
RS,kidney,2022,25
RS,kidney,2023,5
RS,knee,2016,2
RS,knee,2019,6
RS,knee,2020,4
RS,knee,2021,10
RS,knee,2022,28
RS,knee,2023,3
RS,liver,2014,2
RS,liver,2015,1
RS,liver,2016,3
RS,liver,2017,4
RS,liver,2018,17
RS,liver,2019,32
RS,liver,2020,34
RS,liver,2021,75
RS,liver,2022,52
RS,liver,2023,19
RS,lung,2017,2
RS,lung,2018,5
RS,lung,2019,7
RS,lung,2020,10
RS,lung,2021,14
RS,lung,2022,9
RS,lung,2023,5
RS,lymph node,2018,1
RS,lymph node,2020,5
RS,lymph node,2021,3
RS,lymph node,2022,4
RS,ovary,2018,7
RS,ovary,2019,1
RS,ovary,2021,8
RS,ovary,2022,19
RS,ovary,2023,4
RS,pancreas,2019,4
RS,pancreas,2020,1
RS,pancreas,2022,4
RS,pelvis,2022,3
RS,peripheral nervous system,2021,1
RS,placenta,2017,1
RS,placenta,2020,2
RS,placenta,2021,3
RS,placenta,2022,12
RS,placenta,2023,3
RS,prostate,2017,1
RS,prostate,2018,1
RS,prostate,2019,3
RS,prostate,2020,7
RS,prostate,2021,9
RS,prostate,2022,30
RS,prostate,2023,8
RS,skeletal,2016,3
RS,skeletal,2018,2
RS,skeletal,2019,6
RS,skeletal,2020,13
RS,skeletal,2021,8
RS,skeletal,2022,10
RS,skeletal,2023,5
RS,skin,2017,2
RS,skin,2018,5
RS,skin,2019,8
RS,skin,2020,8
RS,skin,2021,17
RS,skin,2022,33
RS,skin,2023,5
RS,small intestine,2020,5
RS,spinal cord,2017,1
RS,spinal cord,2018,2
RS,spinal cord,2019,2
RS,spinal cord,2020,2
RS,spinal cord,2021,2
RS,spleen,2018,1
RS,spleen,2020,5
RS,spleen,2021,3
RS,spleen,2022,1
RS,thymus,2016,3
RS,thymus,2019,1
RS,thymus,2020,4
RS,thymus,2021,5
RS,thymus,2022,16
RS,thymus,2023,1
RS,ureter,2016,1
RS,ureter,2019,1
RS,ureter,2021,1
RS,urinary bladder,2017,1
RS,urinary bladder,2019,1
RS,urinary bladder,2020,1
RS,urinary bladder,2023,1
RS,uterus,2021,5
RS,uterus,2022,2
RU,bone marrow,2016,2
RU,bone marrow,2017,2
RU,bone marrow,2018,11
RU,bone marrow,2019,9
RU,bone marrow,2020,13
RU,bone marrow,2021,54
RU,bone marrow,2022,26
RU,bone marrow,2023,17
RU,brain,2012,1
RU,brain,2015,1
RU,brain,2016,8
RU,brain,2017,22
RU,brain,2018,41
RU,brain,2019,97
RU,brain,2020,415
RU,brain,2021,544
RU,brain,2022,726
RU,brain,2023,118
RU,eye,2013,1
RU,eye,2017,17
RU,eye,2018,9
RU,eye,2019,14
RU,eye,2020,85
RU,eye,2021,116
RU,eye,2022,99
RU,eye,2023,3
RU,fallopian tube,2023,2
RU,heart,2014,1
RU,heart,2015,1
RU,heart,2016,3
RU,heart,2017,8
RU,heart,2018,40
RU,heart,2019,53
RU,heart,2020,188
RU,heart,2021,239
RU,heart,2022,374
RU,heart,2023,63
RU,kidney,2016,5
RU,kidney,2017,4
RU,kidney,2018,15
RU,kidney,2019,21
RU,kidney,2020,92
RU,kidney,2021,157
RU,kidney,2022,159
RU,kidney,2023,17
RU,knee,2017,4
RU,knee,2018,2
RU,knee,2019,3
RU,knee,2020,34
RU,knee,2021,19
RU,knee,2022,40
RU,knee,2023,7
RU,large intestine,2019,3
RU,large intestine,2021,1
RU,liver,2016,6
RU,liver,2017,20
RU,liver,2018,60
RU,liver,2019,100
RU,liver,2020,232
RU,liver,2021,362
RU,liver,2022,473
RU,liver,2023,147
RU,lung,2016,7
RU,lung,2017,12
RU,lung,2018,19
RU,lung,2019,51
RU,lung,2020,107
RU,lung,2021,171
RU,lung,2022,243
RU,lung,2023,67
RU,lymph node,2016,1
RU,lymph node,2019,16
RU,lymph node,2020,22
RU,lymph node,2021,30
RU,lymph node,2022,48
RU,lymph node,2023,10
RU,main bronchus,2019,1
RU,ovary,2018,6
RU,ovary,2019,9
RU,ovary,2020,7
RU,ovary,2021,33
RU,ovary,2022,17
RU,pancreas,2016,1
RU,pancreas,2017,2
RU,pancreas,2019,6
RU,pancreas,2020,15
RU,pancreas,2021,51
RU,pancreas,2022,43
RU,pancreas,2023,2
RU,pelvis,2019,2
RU,pelvis,2021,4
RU,pelvis,2022,9
RU,peripheral nervous system,2019,2
RU,peripheral nervous system,2020,3
RU,peripheral nervous system,2021,10
RU,peripheral nervous system,2022,14
RU,placenta,2018,7
RU,placenta,2019,14
RU,placenta,2020,32
RU,placenta,2021,50
RU,placenta,2022,66
RU,placenta,2023,6
RU,prostate,2014,1
RU,prostate,2016,1
RU,prostate,2017,2
RU,prostate,2018,11
RU,prostate,2019,10
RU,prostate,2020,23
RU,prostate,2021,45
RU,prostate,2022,29
RU,prostate,2023,30
RU,skeletal,2016,1
RU,skeletal,2017,13
RU,skeletal,2018,8
RU,skeletal,2019,25
RU,skeletal,2020,58
RU,skeletal,2021,59
RU,skeletal,2022,111
RU,skeletal,2023,11
RU,skin,2016,3
RU,skin,2017,5
RU,skin,2018,19
RU,skin,2019,51
RU,skin,2020,80
RU,skin,2021,119
RU,skin,2022,140
RU,skin,2023,27
RU,small intestine,2018,1
RU,small intestine,2020,12
RU,small intestine,2021,21
RU,small intestine,2022,35
RU,spinal cord,2016,1
RU,spinal cord,2017,5
RU,spinal cord,2018,10
RU,spinal cord,2019,5
RU,spinal cord,2020,48
RU,spinal cord,2021,35
RU,spinal cord,2022,48
RU,spinal cord,2023,10
RU,spleen,2017,3
RU,spleen,2018,4
RU,spleen,2019,11
RU,spleen,2020,3
RU,spleen,2021,10
RU,spleen,2022,9
RU,spleen,2023,6
RU,thymus,2017,1
RU,thymus,2019,10
RU,thymus,2020,3
RU,thymus,2021,9
RU,thymus,2022,10
RU,trachea,2020,13
RU,trachea,2021,25
RU,trachea,2022,46
RU,trachea,2023,23
RU,ureter,2020,4
RU,ureter,2022,7
RU,ureter,2023,1
RU,urinary bladder,2017,5
RU,urinary bladder,2018,2
RU,urinary bladder,2019,3
RU,urinary bladder,2020,7
RU,urinary bladder,2021,6
RU,urinary bladder,2022,22
RU,urinary bladder,2023,1
RU,uterus,2018,1
RU,uterus,2019,1
RU,uterus,2020,12
RU,uterus,2021,19
RU,uterus,2022,17
RW,brain,2021,3
RW,brain,2022,3
RW,brain,2023,1
RW,eye,2022,1
RW,eye,2023,2
RW,heart,2020,1
RW,heart,2021,2
RW,kidney,2020,1
RW,kidney,2022,1
RW,liver,2017,1
RW,liver,2018,2
RW,liver,2019,1
RW,liver,2020,2
RW,liver,2021,8
RW,liver,2022,5
RW,liver,2023,1
RW,ovary,2021,1
RW,pancreas,2020,1
RW,placenta,2016,1
RW,placenta,2021,1
RW,prostate,2019,1
RW,skin,2020,1
RW,skin,2022,1
SA,bone marrow,2016,1
SA,bone marrow,2017,2
SA,bone marrow,2018,7
SA,bone marrow,2019,10
SA,bone marrow,2020,8
SA,bone marrow,2021,17
SA,bone marrow,2022,15
SA,bone marrow,2023,3
SA,brain,2014,5
SA,brain,2015,1
SA,brain,2016,7
SA,brain,2017,11
SA,brain,2018,25
SA,brain,2019,31
SA,brain,2020,45
SA,brain,2021,113
SA,brain,2022,195
SA,brain,2023,44
SA,eye,2016,2
SA,eye,2017,5
SA,eye,2018,5
SA,eye,2019,7
SA,eye,2020,23
SA,eye,2021,41
SA,eye,2022,38
SA,eye,2023,15
SA,fallopian tube,2016,1
SA,fallopian tube,2017,1
SA,heart,2014,1
SA,heart,2016,3
SA,heart,2017,5
SA,heart,2018,16
SA,heart,2019,23
SA,heart,2020,65
SA,heart,2021,87
SA,heart,2022,123
SA,heart,2023,9
SA,kidney,2014,2
SA,kidney,2017,4
SA,kidney,2018,19
SA,kidney,2019,25
SA,kidney,2020,70
SA,kidney,2021,84
SA,kidney,2022,140
SA,kidney,2023,24
SA,knee,2017,1
SA,knee,2018,6
SA,knee,2019,4
SA,knee,2020,8
SA,knee,2021,27
SA,knee,2022,42
SA,knee,2023,16
SA,liver,2014,3
SA,liver,2016,5
SA,liver,2017,20
SA,liver,2018,32
SA,liver,2019,75
SA,liver,2020,177
SA,liver,2021,274
SA,liver,2022,572
SA,liver,2023,135
SA,lung,2015,1
SA,lung,2016,2
SA,lung,2017,8
SA,lung,2018,5
SA,lung,2019,41
SA,lung,2020,44
SA,lung,2021,110
SA,lung,2022,124
SA,lung,2023,27
SA,lymph node,2017,1
SA,lymph node,2018,1
SA,lymph node,2019,2
SA,lymph node,2020,3
SA,lymph node,2021,3
SA,lymph node,2022,7
SA,lymph node,2023,3
SA,main bronchus,2019,1
SA,muscular system,2021,1
SA,muscular system,2023,1
SA,ovary,2014,1
SA,ovary,2017,1
SA,ovary,2018,2
SA,ovary,2019,2
SA,ovary,2020,10
SA,ovary,2021,13
SA,ovary,2022,20
SA,ovary,2023,4
SA,pancreas,2018,2
SA,pancreas,2020,2
SA,pancreas,2021,3
SA,pancreas,2022,1
SA,pancreas,2023,2
SA,pelvis,2018,1
SA,pelvis,2020,1
SA,pelvis,2021,2
SA,pelvis,2022,2
SA,peripheral nervous system,2018,1
SA,peripheral nervous system,2021,1
SA,peripheral nervous system,2023,2
SA,placenta,2017,2
SA,placenta,2018,2
SA,placenta,2019,1
SA,placenta,2020,3
SA,placenta,2021,5
SA,placenta,2022,17
SA,prostate,2017,1
SA,prostate,2018,3
SA,prostate,2019,4
SA,prostate,2020,11
SA,prostate,2021,22
SA,prostate,2022,41
SA,prostate,2023,6
SA,skeletal,2017,3
SA,skeletal,2018,6
SA,skeletal,2019,11
SA,skeletal,2020,32
SA,skeletal,2021,34
SA,skeletal,2022,53
SA,skeletal,2023,14
SA,skin,2015,1
SA,skin,2016,2
SA,skin,2017,5
SA,skin,2018,9
SA,skin,2019,16
SA,skin,2020,53
SA,skin,2021,82
SA,skin,2022,143
SA,skin,2023,44
SA,small intestine,2017,1
SA,small intestine,2018,1
SA,small intestine,2020,1
SA,small intestine,2021,1
SA,small intestine,2022,3
SA,small intestine,2023,6
SA,spinal cord,2017,1
SA,spinal cord,2018,4
SA,spinal cord,2019,3
SA,spinal cord,2020,4
SA,spinal cord,2021,5
SA,spinal cord,2022,10
SA,spleen,2014,1
SA,spleen,2018,3
SA,spleen,2019,1
SA,spleen,2020,7
SA,spleen,2021,4
SA,spleen,2022,3
SA,thymus,2018,3
SA,thymus,2019,4
SA,thymus,2020,8
SA,thymus,2021,7
SA,thymus,2022,27
SA,thymus,2023,1
SA,trachea,2017,2
SA,trachea,2018,2
SA,trachea,2019,1
SA,trachea,2020,2
SA,trachea,2021,8
SA,trachea,2022,5
SA,ureter,2019,1
SA,ureter,2020,2
SA,ureter,2021,5
SA,ureter,2022,5
SA,ureter,2023,1
SA,urinary bladder,2017,1
SA,urinary bladder,2019,3
SA,urinary bladder,2020,3
SA,urinary bladder,2021,14
SA,urinary bladder,2022,6
SA,urinary bladder,2023,2
SA,uterus,2017,1
SA,uterus,2020,1
SA,uterus,2021,1
SB,liver,2020,1
SC,lung,2016,1
SC,prostate,2021,1
SD,brain,2017,1
SD,brain,2019,1
SD,brain,2020,1
SD,brain,2021,1
SD,brain,2022,3
SD,eye,2021,1
SD,eye,2022,1
SD,heart,2017,1
SD,heart,2020,2
SD,heart,2021,1
SD,heart,2022,4
SD,kidney,2017,1
SD,kidney,2020,2
SD,kidney,2021,2
SD,kidney,2022,9
SD,knee,2021,1
SD,knee,2022,1
SD,liver,2019,1
SD,liver,2020,1
SD,liver,2021,1
SD,liver,2022,8
SD,liver,2023,1
SD,lung,2017,1
SD,lung,2021,1
SD,lung,2022,4
SD,lymph node,2021,1
SD,lymph node,2022,2
SD,ovary,2021,1
SD,pancreas,2021,1
SD,placenta,2023,1
SD,prostate,2019,1
SD,prostate,2020,1
SD,skeletal,2020,1
SD,skeletal,2021,1
SD,skeletal,2022,1
SD,skin,2019,1
SD,skin,2020,1
SD,skin,2021,1
SD,skin,2022,2
SD,skin,2023,1
SD,spinal cord,2020,1
SD,thymus,2023,1
SE,bone marrow,2016,3
SE,bone marrow,2017,4
SE,bone marrow,2018,26
SE,bone marrow,2019,25
SE,bone marrow,2020,36
SE,bone marrow,2021,32
SE,bone marrow,2022,16
SE,bone marrow,2023,5
SE,brain,2014,1
SE,brain,2015,11
SE,brain,2016,35
SE,brain,2017,114
SE,brain,2018,216
SE,brain,2019,202
SE,brain,2020,344
SE,brain,2021,436
SE,brain,2022,481
SE,brain,2023,140
SE,eye,2015,1
SE,eye,2016,7
SE,eye,2017,21
SE,eye,2018,41
SE,eye,2019,35
SE,eye,2020,40
SE,eye,2021,31
SE,eye,2022,72
SE,eye,2023,11
SE,fallopian tube,2017,1
SE,fallopian tube,2018,1
SE,fallopian tube,2020,6
SE,heart,2013,2
SE,heart,2014,2
SE,heart,2015,12
SE,heart,2016,27
SE,heart,2017,52
SE,heart,2018,124
SE,heart,2019,173
SE,heart,2020,203
SE,heart,2021,347
SE,heart,2022,375
SE,heart,2023,76
SE,kidney,2014,1
SE,kidney,2016,13
SE,kidney,2017,39
SE,kidney,2018,50
SE,kidney,2019,85
SE,kidney,2020,113
SE,kidney,2021,118
SE,kidney,2022,156
SE,kidney,2023,69
SE,knee,2015,1
SE,knee,2016,6
SE,knee,2017,6
SE,knee,2018,21
SE,knee,2019,43
SE,knee,2020,41
SE,knee,2021,41
SE,knee,2022,67
SE,knee,2023,23
SE,liver,2014,2
SE,liver,2015,8
SE,liver,2016,30
SE,liver,2017,97
SE,liver,2018,163
SE,liver,2019,231
SE,liver,2020,393
SE,liver,2021,463
SE,liver,2022,586
SE,liver,2023,122
SE,lung,2014,4
SE,lung,2015,2
SE,lung,2016,9
SE,lung,2017,41
SE,lung,2018,57
SE,lung,2019,98
SE,lung,2020,133
SE,lung,2021,215
SE,lung,2022,182
SE,lung,2023,62
SE,lymph node,2016,4
SE,lymph node,2017,8
SE,lymph node,2018,25
SE,lymph node,2019,29
SE,lymph node,2020,32
SE,lymph node,2021,60
SE,lymph node,2022,58
SE,lymph node,2023,8
SE,lymph vasculature,2023,2
SE,muscular system,2018,1
SE,muscular system,2019,1
SE,muscular system,2020,1
SE,muscular system,2021,1
SE,muscular system,2022,1
SE,muscular system,2023,1
SE,ovary,2016,3
SE,ovary,2017,6
SE,ovary,2018,3
SE,ovary,2019,22
SE,ovary,2020,22
SE,ovary,2021,18
SE,ovary,2022,18
SE,ovary,2023,7
SE,pancreas,2014,1
SE,pancreas,2017,10
SE,pancreas,2018,10
SE,pancreas,2019,17
SE,pancreas,2020,18
SE,pancreas,2021,17
SE,pancreas,2022,7
SE,pancreas,2023,2
SE,pelvis,2017,5
SE,pelvis,2018,5
SE,pelvis,2019,4
SE,pelvis,2020,2
SE,pelvis,2021,3
SE,pelvis,2022,12
SE,pelvis,2023,1
SE,peripheral nervous system,2017,1
SE,peripheral nervous system,2019,5
SE,peripheral nervous system,2020,2
SE,peripheral nervous system,2021,3
SE,peripheral nervous system,2022,10
SE,placenta,2015,1
SE,placenta,2016,4
SE,placenta,2017,15
SE,placenta,2018,11
SE,placenta,2019,22
SE,placenta,2020,27
SE,placenta,2021,27
SE,placenta,2022,23
SE,placenta,2023,5
SE,prostate,2014,1
SE,prostate,2016,5
SE,prostate,2017,18
SE,prostate,2018,39
SE,prostate,2019,46
SE,prostate,2020,70
SE,prostate,2021,111
SE,prostate,2022,123
SE,prostate,2023,42
SE,skeletal,2015,3
SE,skeletal,2016,9
SE,skeletal,2017,34
SE,skeletal,2018,64
SE,skeletal,2019,107
SE,skeletal,2020,107
SE,skeletal,2021,117
SE,skeletal,2022,104
SE,skeletal,2023,43
SE,skin,2009,1
SE,skin,2016,16
SE,skin,2017,45
SE,skin,2018,73
SE,skin,2019,95
SE,skin,2020,108
SE,skin,2021,129
SE,skin,2022,145
SE,skin,2023,32
SE,small intestine,2016,3
SE,small intestine,2017,7
SE,small intestine,2018,11
SE,small intestine,2019,9
SE,small intestine,2020,6
SE,small intestine,2021,22
SE,small intestine,2022,16
SE,spinal cord,2016,3
SE,spinal cord,2017,8
SE,spinal cord,2018,30
SE,spinal cord,2019,18
SE,spinal cord,2020,40
SE,spinal cord,2021,56
SE,spinal cord,2022,28
SE,spinal cord,2023,19
SE,spleen,2016,5
SE,spleen,2017,1
SE,spleen,2018,4
SE,spleen,2019,10
SE,spleen,2020,8
SE,spleen,2021,8
SE,spleen,2022,6
SE,thymus,2016,2
SE,thymus,2017,2
SE,thymus,2018,4
SE,thymus,2019,4
SE,thymus,2021,5
SE,thymus,2022,2
SE,trachea,2015,2
SE,trachea,2016,2
SE,trachea,2017,2
SE,trachea,2018,2
SE,trachea,2019,6
SE,trachea,2020,6
SE,trachea,2021,16
SE,trachea,2022,3
SE,trachea,2023,2
SE,ureter,2017,3
SE,ureter,2018,5
SE,ureter,2019,5
SE,ureter,2020,1
SE,ureter,2021,5
SE,ureter,2022,3
SE,ureter,2023,3
SE,urinary bladder,2014,3
SE,urinary bladder,2015,2
SE,urinary bladder,2017,5
SE,urinary bladder,2018,15
SE,urinary bladder,2019,19
SE,urinary bladder,2020,34
SE,urinary bladder,2021,28
SE,urinary bladder,2022,39
SE,urinary bladder,2023,13
SE,uterus,2015,1
SE,uterus,2016,4
SE,uterus,2017,1
SE,uterus,2018,4
SE,uterus,2019,5
SE,uterus,2020,6
SE,uterus,2021,10
SE,uterus,2022,10
SG,blood vasculature,2020,2
SG,bone marrow,2018,4
SG,bone marrow,2019,6
SG,bone marrow,2020,4
SG,bone marrow,2021,7
SG,bone marrow,2022,10
SG,bone marrow,2023,2
SG,brain,2014,2
SG,brain,2015,4
SG,brain,2016,8
SG,brain,2017,16
SG,brain,2018,45
SG,brain,2019,55
SG,brain,2020,81
SG,brain,2021,134
SG,brain,2022,111
SG,brain,2023,34
SG,eye,2015,4
SG,eye,2016,4
SG,eye,2017,11
SG,eye,2018,15
SG,eye,2019,19
SG,eye,2020,40
SG,eye,2021,34
SG,eye,2022,55
SG,eye,2023,6
SG,fallopian tube,2018,2
SG,fallopian tube,2019,1
SG,fallopian tube,2020,1
SG,heart,2015,1
SG,heart,2016,7
SG,heart,2017,12
SG,heart,2018,17
SG,heart,2019,46
SG,heart,2020,46
SG,heart,2021,69
SG,heart,2022,93
SG,heart,2023,21
SG,kidney,2014,1
SG,kidney,2015,2
SG,kidney,2017,8
SG,kidney,2018,19
SG,kidney,2019,44
SG,kidney,2020,52
SG,kidney,2021,82
SG,kidney,2022,107
SG,kidney,2023,18
SG,knee,2017,2
SG,knee,2018,4
SG,knee,2019,8
SG,knee,2020,18
SG,knee,2021,32
SG,knee,2022,25
SG,knee,2023,9
SG,liver,2014,1
SG,liver,2015,5
SG,liver,2016,8
SG,liver,2017,36
SG,liver,2018,67
SG,liver,2019,91
SG,liver,2020,146
SG,liver,2021,189
SG,liver,2022,238
SG,liver,2023,101
SG,lung,2015,2
SG,lung,2016,8
SG,lung,2017,8
SG,lung,2018,23
SG,lung,2019,56
SG,lung,2020,62
SG,lung,2021,66
SG,lung,2022,71
SG,lung,2023,13
SG,lymph node,2016,7
SG,lymph node,2017,2
SG,lymph node,2018,4
SG,lymph node,2019,14
SG,lymph node,2020,13
SG,lymph node,2021,7
SG,lymph node,2022,11
SG,ovary,2018,1
SG,ovary,2019,2
SG,ovary,2020,1
SG,ovary,2021,2
SG,ovary,2022,4
SG,ovary,2023,2
SG,pancreas,2019,1
SG,pancreas,2020,5
SG,pancreas,2021,4
SG,pancreas,2022,10
SG,pelvis,2017,1
SG,pelvis,2018,1
SG,pelvis,2019,3
SG,pelvis,2020,1
SG,pelvis,2021,2
SG,pelvis,2022,2
SG,peripheral nervous system,2016,1
SG,peripheral nervous system,2019,3
SG,peripheral nervous system,2020,4
SG,peripheral nervous system,2021,1
SG,peripheral nervous system,2022,1
SG,placenta,2016,1
SG,placenta,2017,6
SG,placenta,2018,2
SG,placenta,2019,2
SG,placenta,2020,8
SG,placenta,2021,6
SG,placenta,2022,11
SG,prostate,2015,1
SG,prostate,2017,3
SG,prostate,2018,7
SG,prostate,2019,6
SG,prostate,2020,12
SG,prostate,2021,13
SG,prostate,2022,32
SG,prostate,2023,8
SG,skeletal,2016,3
SG,skeletal,2017,2
SG,skeletal,2018,5
SG,skeletal,2019,22
SG,skeletal,2020,22
SG,skeletal,2021,24
SG,skeletal,2022,22
SG,skeletal,2023,6
SG,skin,2015,1
SG,skin,2016,3
SG,skin,2017,8
SG,skin,2018,26
SG,skin,2019,42
SG,skin,2020,42
SG,skin,2021,87
SG,skin,2022,69
SG,skin,2023,26
SG,small intestine,2019,2
SG,small intestine,2020,3
SG,small intestine,2021,1
SG,small intestine,2022,3
SG,spinal cord,2017,3
SG,spinal cord,2018,1
SG,spinal cord,2019,2
SG,spinal cord,2020,4
SG,spinal cord,2021,8
SG,spinal cord,2022,17
SG,spinal cord,2023,3
SG,spleen,2018,3
SG,spleen,2019,1
SG,spleen,2020,2
SG,spleen,2021,6
SG,spleen,2022,2
SG,spleen,2023,1
SG,thymus,2017,1
SG,thymus,2020,3
SG,thymus,2022,4
SG,trachea,2018,1
SG,trachea,2019,3
SG,trachea,2020,8
SG,trachea,2021,5
SG,trachea,2022,5
SG,ureter,2016,1
SG,ureter,2018,2
SG,ureter,2019,1
SG,ureter,2021,6
SG,ureter,2022,9
SG,ureter,2023,1
SG,urinary bladder,2016,1
SG,urinary bladder,2017,8
SG,urinary bladder,2018,5
SG,urinary bladder,2019,12
SG,urinary bladder,2020,4
SG,urinary bladder,2021,6
SG,urinary bladder,2022,19
SG,uterus,2017,1
SG,uterus,2019,1
SG,uterus,2020,2
SG,uterus,2021,1
SG,uterus,2022,2
SI,bone marrow,2017,1
SI,bone marrow,2018,2
SI,bone marrow,2020,1
SI,bone marrow,2021,1
SI,bone marrow,2022,6
SI,brain,2015,1
SI,brain,2017,5
SI,brain,2018,3
SI,brain,2019,9
SI,brain,2020,17
SI,brain,2021,23
SI,brain,2022,30
SI,brain,2023,6
SI,eye,2014,2
SI,eye,2017,1
SI,eye,2018,1
SI,eye,2019,4
SI,eye,2020,5
SI,eye,2021,8
SI,eye,2022,10
SI,eye,2023,1
SI,fallopian tube,2018,1
SI,fallopian tube,2021,3
SI,fallopian tube,2022,1
SI,heart,2016,1
SI,heart,2017,2
SI,heart,2018,8
SI,heart,2019,6
SI,heart,2020,20
SI,heart,2021,42
SI,heart,2022,36
SI,heart,2023,6
SI,kidney,2014,1
SI,kidney,2017,4
SI,kidney,2018,8
SI,kidney,2019,8
SI,kidney,2020,13
SI,kidney,2021,22
SI,kidney,2022,21
SI,kidney,2023,2
SI,knee,2019,2
SI,knee,2020,5
SI,knee,2021,7
SI,knee,2022,10
SI,liver,2014,1
SI,liver,2017,6
SI,liver,2018,8
SI,liver,2019,20
SI,liver,2020,14
SI,liver,2021,37
SI,liver,2022,38
SI,liver,2023,14
SI,lung,2016,1
SI,lung,2017,4
SI,lung,2018,7
SI,lung,2019,3
SI,lung,2020,4
SI,lung,2021,10
SI,lung,2022,12
SI,lung,2023,1
SI,lymph node,2019,2
SI,lymph node,2020,2
SI,lymph node,2021,1
SI,lymph node,2022,1
SI,ovary,2018,5
SI,ovary,2019,1
SI,ovary,2020,3
SI,ovary,2021,2
SI,ovary,2022,8
SI,ovary,2023,9
SI,pancreas,2019,1
SI,pancreas,2020,1
SI,pancreas,2021,6
SI,pancreas,2022,4
SI,pelvis,2016,1
SI,pelvis,2022,1
SI,peripheral nervous system,2020,1
SI,peripheral nervous system,2021,2
SI,placenta,2014,2
SI,placenta,2017,1
SI,placenta,2018,1
SI,placenta,2020,2
SI,placenta,2022,3
SI,prostate,2019,1
SI,prostate,2020,2
SI,prostate,2021,3
SI,prostate,2022,3
SI,prostate,2023,3
SI,skeletal,2016,4
SI,skeletal,2017,2
SI,skeletal,2018,7
SI,skeletal,2019,12
SI,skeletal,2020,12
SI,skeletal,2021,23
SI,skeletal,2022,22
SI,skeletal,2023,7
SI,skin,2014,1
SI,skin,2017,3
SI,skin,2018,3
SI,skin,2019,23
SI,skin,2020,18
SI,skin,2021,24
SI,skin,2022,42
SI,skin,2023,7
SI,small intestine,2021,3
SI,spinal cord,2021,1
SI,spleen,2021,1
SI,spleen,2022,5
SI,thymus,2020,1
SI,thymus,2021,1
SI,trachea,2020,2
SI,trachea,2021,1
SI,trachea,2022,1
SI,ureter,2019,1
SI,urinary bladder,2014,1
SI,urinary bladder,2018,1
SI,urinary bladder,2019,1
SI,urinary bladder,2020,1
SI,urinary bladder,2021,12
SI,urinary bladder,2022,6
SI,uterus,2018,1
SI,uterus,2020,3
SI,uterus,2021,5
SI,uterus,2022,2
SI,uterus,2023,1
SK,bone marrow,2017,1
SK,bone marrow,2020,3
SK,bone marrow,2021,3
SK,bone marrow,2022,4
SK,brain,2015,1
SK,brain,2016,1
SK,brain,2017,3
SK,brain,2018,8
SK,brain,2019,5
SK,brain,2020,22
SK,brain,2021,41
SK,brain,2022,33
SK,brain,2023,7
SK,eye,2018,1
SK,eye,2021,5
SK,eye,2022,1
SK,eye,2023,2
SK,heart,2017,1
SK,heart,2018,10
SK,heart,2019,9
SK,heart,2020,22
SK,heart,2021,20
SK,heart,2022,31
SK,heart,2023,9
SK,kidney,2017,1
SK,kidney,2018,4
SK,kidney,2019,13
SK,kidney,2020,11
SK,kidney,2021,6
SK,kidney,2022,29
SK,kidney,2023,3
SK,knee,2019,2
SK,knee,2021,5
SK,knee,2022,4
SK,knee,2023,2
SK,liver,2016,3
SK,liver,2017,2
SK,liver,2018,6
SK,liver,2019,11
SK,liver,2020,17
SK,liver,2021,44
SK,liver,2022,17
SK,liver,2023,7
SK,lung,2017,1
SK,lung,2018,2
SK,lung,2019,6
SK,lung,2020,7
SK,lung,2021,25
SK,lung,2022,14
SK,lung,2023,6
SK,lymph node,2020,1
SK,lymph node,2021,2
SK,lymph node,2022,4
SK,lymph node,2023,1
SK,ovary,2020,1
SK,ovary,2021,5
SK,ovary,2022,1
SK,pancreas,2019,1
SK,pelvis,2022,3
SK,placenta,2018,2
SK,placenta,2019,2
SK,placenta,2020,1
SK,placenta,2021,2
SK,placenta,2022,4
SK,prostate,2019,4
SK,prostate,2020,5
SK,prostate,2021,3
SK,prostate,2022,2
SK,skeletal,2016,1
SK,skeletal,2018,1
SK,skeletal,2020,1
SK,skeletal,2021,5
SK,skeletal,2022,5
SK,skeletal,2023,2
SK,skin,2016,1
SK,skin,2017,1
SK,skin,2018,4
SK,skin,2019,5
SK,skin,2020,5
SK,skin,2021,14
SK,skin,2022,29
SK,small intestine,2017,1
SK,small intestine,2021,2
SK,small intestine,2022,1
SK,spinal cord,2017,2
SK,spinal cord,2018,5
SK,spinal cord,2019,3
SK,spinal cord,2020,4
SK,spinal cord,2021,3
SK,spinal cord,2022,11
SK,spleen,2019,1
SK,spleen,2021,2
SK,thymus,2019,2
SK,thymus,2021,2
SK,thymus,2022,1
SK,thymus,2023,3
SK,trachea,2018,1
SK,trachea,2020,1
SK,trachea,2022,2
SK,ureter,2021,2
SK,urinary bladder,2020,3
SK,urinary bladder,2021,6
SK,urinary bladder,2022,6
SK,uterus,2020,1
SK,uterus,2021,2
SK,uterus,2023,1
SL,liver,2021,5
SL,liver,2022,1
SL,skin,2021,1
SL,skin,2022,1
SN,bone marrow,2019,1
SN,brain,2020,1
SN,brain,2021,2
SN,heart,2021,1
SN,kidney,2022,2
SN,knee,2021,4
SN,liver,2018,1
SN,liver,2020,1
SN,liver,2021,1
SN,liver,2022,6
SN,liver,2023,1
SN,lung,2021,4
SN,skeletal,2022,1
SN,skin,2019,1
SN,skin,2021,1
SO,eye,2022,1
SO,heart,2022,2
SO,kidney,2022,1
SO,kidney,2023,1
SO,liver,2019,1
SO,liver,2020,1
SO,liver,2021,1
SO,liver,2022,2
SO,skeletal,2022,1
SO,uterus,2022,1
SR,brain,2020,1
SR,heart,2020,1
SR,kidney,2022,3
SR,liver,2022,3
SR,prostate,2022,1
SS,eye,2022,1
SS,heart,2019,1
SS,liver,2018,1
SS,liver,2019,1
SS,prostate,2017,1
SS,skeletal,2021,1
SS,skeletal,2022,1
SS,skin,2022,1
ST,eye,2021,1
ST,heart,2020,4
ST,kidney,2021,2
ST,kidney,2022,1
ST,liver,2019,3
ST,liver,2020,2
ST,liver,2021,2
ST,ureter,2015,1
ST,urinary bladder,2015,1
SV,bone marrow,2021,1
SV,heart,2021,1
SV,skeletal,2020,1
SX,bone marrow,2021,1
SX,brain,2019,1
SX,brain,2022,1
SX,lung,2022,1
SY,brain,2018,1
SY,brain,2019,1
SY,brain,2022,2
SY,brain,2023,1
SY,eye,2020,1
SY,eye,2022,1
SY,heart,2019,2
SY,heart,2020,2
SY,heart,2021,2
SY,heart,2022,1
SY,kidney,2020,1
SY,kidney,2021,1
SY,kidney,2022,3
SY,kidney,2023,5
SY,knee,2023,2
SY,liver,2018,1
SY,liver,2019,3
SY,liver,2020,2
SY,liver,2021,4
SY,liver,2022,6
SY,liver,2023,1
SY,lung,2019,1
SY,lung,2021,4
SY,lung,2022,1
SY,lymph node,2020,2
SY,lymph node,2022,1
SY,ovary,2019,2
SY,ovary,2021,1
SY,pancreas,2021,1
SY,pelvis,2021,1
SY,peripheral nervous system,2022,3
SY,placenta,2019,1
SY,prostate,2023,1
SY,skeletal,2021,1
SY,skeletal,2022,4
SY,skin,2021,2
SY,skin,2022,2
SY,ureter,2021,1
SY,ureter,2022,4
SY,urinary bladder,2021,1
SY,uterus,2019,1
SZ,liver,2020,1
SZ,liver,2022,1
TC,prostate,2022,1
TD,liver,2022,1
TG,brain,2019,1
TG,heart,2022,1
TG,liver,2020,2
TG,liver,2021,2
TG,liver,2022,1
TG,lymph node,2021,1
TG,prostate,2021,1
TG,skin,2020,4
TG,skin,2021,1
TG,skin,2023,3
TG,spleen,2020,1
TH,bone marrow,2016,1
TH,bone marrow,2017,3
TH,bone marrow,2018,1
TH,bone marrow,2019,4
TH,bone marrow,2020,5
TH,bone marrow,2021,11
TH,bone marrow,2022,5
TH,bone marrow,2023,1
TH,brain,2015,1
TH,brain,2017,4
TH,brain,2018,19
TH,brain,2019,27
TH,brain,2020,33
TH,brain,2021,56
TH,brain,2022,59
TH,brain,2023,14
TH,eye,2017,3
TH,eye,2018,7
TH,eye,2019,4
TH,eye,2020,23
TH,eye,2021,34
TH,eye,2022,39
TH,eye,2023,9
TH,fallopian tube,2018,1
TH,fallopian tube,2019,1
TH,fallopian tube,2020,4
TH,heart,2014,2
TH,heart,2015,2
TH,heart,2016,4
TH,heart,2017,11
TH,heart,2018,25
TH,heart,2019,34
TH,heart,2020,42
TH,heart,2021,52
TH,heart,2022,73
TH,heart,2023,25
TH,kidney,2014,2
TH,kidney,2016,3
TH,kidney,2017,11
TH,kidney,2018,24
TH,kidney,2019,42
TH,kidney,2020,64
TH,kidney,2021,97
TH,kidney,2022,141
TH,kidney,2023,22
TH,knee,2014,3
TH,knee,2017,5
TH,knee,2018,6
TH,knee,2019,11
TH,knee,2020,13
TH,knee,2021,31
TH,knee,2022,53
TH,knee,2023,11
TH,large intestine,2019,1
TH,liver,2014,2
TH,liver,2015,1
TH,liver,2016,11
TH,liver,2017,19
TH,liver,2018,49
TH,liver,2019,78
TH,liver,2020,125
TH,liver,2021,189
TH,liver,2022,247
TH,liver,2023,67
TH,lung,2014,1
TH,lung,2016,6
TH,lung,2017,8
TH,lung,2018,14
TH,lung,2019,28
TH,lung,2020,36
TH,lung,2021,62
TH,lung,2022,97
TH,lung,2023,35
TH,lymph node,2017,6
TH,lymph node,2019,3
TH,lymph node,2020,3
TH,lymph node,2021,12
TH,lymph node,2022,4
TH,lymph node,2023,1
TH,ovary,2015,1
TH,ovary,2017,3
TH,ovary,2018,1
TH,ovary,2019,4
TH,ovary,2020,4
TH,ovary,2021,10
TH,ovary,2022,6
TH,pancreas,2018,3
TH,pancreas,2019,1
TH,pancreas,2020,1
TH,pancreas,2021,2
TH,pancreas,2022,9
TH,pelvis,2020,3
TH,pelvis,2021,5
TH,pelvis,2023,1
TH,peripheral nervous system,2019,2
TH,peripheral nervous system,2022,2
TH,peripheral nervous system,2023,1
TH,placenta,2018,5
TH,placenta,2019,3
TH,placenta,2020,5
TH,placenta,2021,14
TH,placenta,2022,18
TH,placenta,2023,2
TH,prostate,2017,2
TH,prostate,2019,2
TH,prostate,2020,7
TH,prostate,2021,6
TH,prostate,2022,14
TH,prostate,2023,3
TH,skeletal,2015,1
TH,skeletal,2016,1
TH,skeletal,2017,6
TH,skeletal,2018,7
TH,skeletal,2019,10
TH,skeletal,2020,12
TH,skeletal,2021,35
TH,skeletal,2022,47
TH,skeletal,2023,8
TH,skin,2015,2
TH,skin,2016,1
TH,skin,2017,12
TH,skin,2018,23
TH,skin,2019,28
TH,skin,2020,43
TH,skin,2021,92
TH,skin,2022,121
TH,skin,2023,33
TH,small intestine,2017,2
TH,small intestine,2019,2
TH,small intestine,2021,1
TH,small intestine,2022,3
TH,spinal cord,2017,2
TH,spinal cord,2018,1
TH,spinal cord,2019,2
TH,spinal cord,2020,2
TH,spinal cord,2021,6
TH,spinal cord,2022,24
TH,spinal cord,2023,7
TH,spleen,2016,1
TH,spleen,2018,2
TH,spleen,2020,4
TH,spleen,2021,6
TH,spleen,2022,2
TH,thymus,2022,3
TH,thymus,2023,2
TH,trachea,2017,2
TH,trachea,2018,2
TH,trachea,2020,6
TH,trachea,2021,4
TH,trachea,2022,7
TH,trachea,2023,2
TH,ureter,2016,1
TH,ureter,2019,1
TH,ureter,2020,2
TH,ureter,2021,1
TH,ureter,2022,1
TH,urinary bladder,2016,1
TH,urinary bladder,2018,3
TH,urinary bladder,2021,2
TH,urinary bladder,2022,4
TH,urinary bladder,2023,3
TH,uterus,2017,1
TH,uterus,2018,1
TH,uterus,2020,3
TH,uterus,2021,8
TH,uterus,2022,1
TH,uterus,2023,1
TJ,brain,2018,1
TJ,brain,2020,3
TJ,brain,2021,1
TJ,brain,2022,2
TJ,eye,2017,1
TJ,eye,2020,1
TJ,eye,2021,1
TJ,eye,2022,1
TJ,heart,2021,3
TJ,heart,2022,1
TJ,kidney,2021,1
TJ,kidney,2022,4
TJ,liver,2020,2
TJ,liver,2021,4
TJ,liver,2022,2
TJ,lung,2020,2
TJ,lung,2021,1
TJ,lung,2022,3
TJ,lung,2023,3
TJ,pancreas,2021,1
TJ,skeletal,2021,1
TJ,skeletal,2022,1
TJ,skin,2020,2
TN,bone marrow,2022,2
TN,bone marrow,2023,1
TN,brain,2018,2
TN,brain,2019,11
TN,brain,2020,8
TN,brain,2021,14
TN,brain,2022,12
TN,eye,2019,2
TN,eye,2020,4
TN,eye,2021,5
TN,eye,2022,4
TN,eye,2023,2
TN,fallopian tube,2022,1
TN,heart,2017,3
TN,heart,2018,6
TN,heart,2019,3
TN,heart,2020,13
TN,heart,2021,44
TN,heart,2022,25
TN,heart,2023,4
TN,kidney,2017,4
TN,kidney,2018,3
TN,kidney,2019,3
TN,kidney,2020,12
TN,kidney,2021,7
TN,kidney,2022,10
TN,knee,2020,5
TN,knee,2022,3
TN,liver,2017,3
TN,liver,2018,6
TN,liver,2019,10
TN,liver,2020,13
TN,liver,2021,29
TN,liver,2022,23
TN,liver,2023,6
TN,lung,2018,2
TN,lung,2019,5
TN,lung,2020,7
TN,lung,2021,11
TN,lung,2022,27
TN,lung,2023,5
TN,lymph node,2017,1
TN,lymph node,2019,1
TN,lymph node,2021,6
TN,lymph node,2022,3
TN,lymph node,2023,2
TN,muscular system,2022,2
TN,ovary,2020,1
TN,ovary,2021,2
TN,ovary,2022,1
TN,ovary,2023,1
TN,pancreas,2021,2
TN,pancreas,2022,2
TN,pelvis,2018,1
TN,pelvis,2020,1
TN,pelvis,2022,1
TN,peripheral nervous system,2023,3
TN,placenta,2017,1
TN,placenta,2021,1
TN,placenta,2022,1
TN,prostate,2018,3
TN,prostate,2019,2
TN,prostate,2021,3
TN,prostate,2022,2
TN,prostate,2023,1
TN,skeletal,2014,1
TN,skeletal,2017,1
TN,skeletal,2018,1
TN,skeletal,2019,7
TN,skeletal,2020,6
TN,skeletal,2021,2
TN,skeletal,2022,8
TN,skeletal,2023,5
TN,skin,2014,1
TN,skin,2016,1
TN,skin,2018,3
TN,skin,2019,10
TN,skin,2020,5
TN,skin,2021,10
TN,skin,2022,29
TN,skin,2023,2
TN,small intestine,2022,1
TN,spinal cord,2018,1
TN,spinal cord,2019,1
TN,spinal cord,2020,2
TN,spinal cord,2021,3
TN,spinal cord,2022,3
TN,spleen,2021,1
TN,thymus,2017,1
TN,thymus,2019,2
TN,thymus,2020,1
TN,thymus,2021,2
TN,thymus,2022,14
TN,trachea,2022,2
TN,ureter,2022,1
TN,urinary bladder,2019,6
TN,urinary bladder,2020,7
TN,urinary bladder,2021,1
TN,urinary bladder,2022,9
TN,urinary bladder,2023,1
TN,uterus,2017,1
TN,uterus,2021,2
TO,heart,2021,1
TO,trachea,2022,1
TR,bone marrow,2015,1
TR,bone marrow,2016,2
TR,bone marrow,2017,3
TR,bone marrow,2018,12
TR,bone marrow,2019,49
TR,bone marrow,2020,37
TR,bone marrow,2021,32
TR,bone marrow,2022,62
TR,bone marrow,2023,9
TR,brain,2015,1
TR,brain,2016,13
TR,brain,2017,25
TR,brain,2018,79
TR,brain,2019,161
TR,brain,2020,239
TR,brain,2021,396
TR,brain,2022,399
TR,brain,2023,123
TR,eye,2014,1
TR,eye,2015,1
TR,eye,2016,2
TR,eye,2017,10
TR,eye,2018,49
TR,eye,2019,76
TR,eye,2020,131
TR,eye,2021,165
TR,eye,2022,242
TR,eye,2023,86
TR,fallopian tube,2017,1
TR,fallopian tube,2018,1
TR,fallopian tube,2019,1
TR,fallopian tube,2020,8
TR,fallopian tube,2021,4
TR,fallopian tube,2022,3
TR,fallopian tube,2023,4
TR,heart,2014,2
TR,heart,2016,8
TR,heart,2017,40
TR,heart,2018,104
TR,heart,2019,185
TR,heart,2020,258
TR,heart,2021,432
TR,heart,2022,477
TR,heart,2023,124
TR,kidney,2014,4
TR,kidney,2015,3
TR,kidney,2016,8
TR,kidney,2017,27
TR,kidney,2018,76
TR,kidney,2019,222
TR,kidney,2020,247
TR,kidney,2021,593
TR,kidney,2022,582
TR,kidney,2023,221
TR,knee,2014,1
TR,knee,2016,3
TR,knee,2017,5
TR,knee,2018,34
TR,knee,2019,42
TR,knee,2020,44
TR,knee,2021,81
TR,knee,2022,148
TR,knee,2023,32
TR,large intestine,2018,5
TR,liver,2014,2
TR,liver,2015,2
TR,liver,2016,13
TR,liver,2017,40
TR,liver,2018,91
TR,liver,2019,206
TR,liver,2020,292
TR,liver,2021,543
TR,liver,2022,635
TR,liver,2023,184
TR,lung,2014,3
TR,lung,2015,3
TR,lung,2016,2
TR,lung,2017,7
TR,lung,2018,53
TR,lung,2019,124
TR,lung,2020,310
TR,lung,2021,407
TR,lung,2022,375
TR,lung,2023,116
TR,lymph node,2014,2
TR,lymph node,2016,2
TR,lymph node,2017,32
TR,lymph node,2018,38
TR,lymph node,2019,87
TR,lymph node,2020,89
TR,lymph node,2021,127
TR,lymph node,2022,184
TR,lymph node,2023,44
TR,main bronchus,2021,1
TR,main bronchus,2022,1
TR,muscular system,2018,1
TR,muscular system,2019,3
TR,muscular system,2022,2
TR,ovary,2017,3
TR,ovary,2018,19
TR,ovary,2019,45
TR,ovary,2020,79
TR,ovary,2021,81
TR,ovary,2022,170
TR,ovary,2023,22
TR,pancreas,2017,2
TR,pancreas,2018,10
TR,pancreas,2019,6
TR,pancreas,2020,19
TR,pancreas,2021,31
TR,pancreas,2022,39
TR,pancreas,2023,12
TR,pelvis,2014,1
TR,pelvis,2017,22
TR,pelvis,2018,1
TR,pelvis,2019,23
TR,pelvis,2020,15
TR,pelvis,2021,22
TR,pelvis,2022,48
TR,pelvis,2023,11
TR,peripheral nervous system,2018,1
TR,peripheral nervous system,2019,2
TR,peripheral nervous system,2020,6
TR,peripheral nervous system,2021,4
TR,peripheral nervous system,2022,13
TR,peripheral nervous system,2023,4
TR,placenta,2014,1
TR,placenta,2016,2
TR,placenta,2017,5
TR,placenta,2018,11
TR,placenta,2019,20
TR,placenta,2020,37
TR,placenta,2021,80
TR,placenta,2022,110
TR,placenta,2023,16
TR,prostate,2014,2
TR,prostate,2015,2
TR,prostate,2016,1
TR,prostate,2017,6
TR,prostate,2018,19
TR,prostate,2019,93
TR,prostate,2020,149
TR,prostate,2021,223
TR,prostate,2022,161
TR,prostate,2023,44
TR,skeletal,2016,2
TR,skeletal,2017,6
TR,skeletal,2018,20
TR,skeletal,2019,92
TR,skeletal,2020,84
TR,skeletal,2021,128
TR,skeletal,2022,182
TR,skeletal,2023,85
TR,skin,2014,2
TR,skin,2015,3
TR,skin,2016,4
TR,skin,2017,10
TR,skin,2018,62
TR,skin,2019,90
TR,skin,2020,270
TR,skin,2021,261
TR,skin,2022,365
TR,skin,2023,66
TR,small intestine,2017,1
TR,small intestine,2018,6
TR,small intestine,2019,6
TR,small intestine,2020,11
TR,small intestine,2021,5
TR,spinal cord,2015,2
TR,spinal cord,2017,2
TR,spinal cord,2018,12
TR,spinal cord,2019,17
TR,spinal cord,2020,13
TR,spinal cord,2021,56
TR,spinal cord,2022,70
TR,spinal cord,2023,11
TR,spleen,2017,1
TR,spleen,2018,3
TR,spleen,2019,12
TR,spleen,2020,8
TR,spleen,2021,19
TR,spleen,2022,23
TR,spleen,2023,2
TR,thymus,2017,1
TR,thymus,2018,2
TR,thymus,2019,9
TR,thymus,2020,1
TR,thymus,2021,26
TR,thymus,2022,29
TR,thymus,2023,8
TR,trachea,2016,1
TR,trachea,2017,1
TR,trachea,2018,2
TR,trachea,2019,21
TR,trachea,2020,46
TR,trachea,2021,50
TR,trachea,2022,57
TR,trachea,2023,7
TR,ureter,2014,1
TR,ureter,2015,1
TR,ureter,2016,2
TR,ureter,2017,3
TR,ureter,2018,5
TR,ureter,2019,50
TR,ureter,2020,49
TR,ureter,2021,107
TR,ureter,2022,94
TR,ureter,2023,14
TR,urinary bladder,2015,1
TR,urinary bladder,2016,1
TR,urinary bladder,2017,2
TR,urinary bladder,2018,16
TR,urinary bladder,2019,25
TR,urinary bladder,2020,48
TR,urinary bladder,2021,108
TR,urinary bladder,2022,97
TR,urinary bladder,2023,27
TR,uterus,2015,3
TR,uterus,2016,1
TR,uterus,2017,7
TR,uterus,2018,13
TR,uterus,2019,28
TR,uterus,2020,32
TR,uterus,2021,35
TR,uterus,2022,39
TR,uterus,2023,7
TT,brain,2021,3
TT,eye,2021,1
TT,eye,2022,1
TT,eye,2023,2
TT,heart,2016,1
TT,heart,2019,2
TT,heart,2022,2
TT,kidney,2019,1
TT,knee,2020,1
TT,knee,2022,1
TT,liver,2016,2
TT,liver,2018,1
TT,liver,2019,3
TT,liver,2022,4
TT,lung,2019,2
TT,lung,2020,1
TT,lung,2021,2
TT,lung,2022,4
TT,lung,2023,1
TT,ovary,2021,1
TT,pancreas,2018,1
TT,prostate,2020,1
TT,skin,2020,2
TT,skin,2021,1
TT,skin,2022,5
TT,skin,2023,2
TT,small intestine,2019,1
TW,bone marrow,2014,2
TW,bone marrow,2016,3
TW,bone marrow,2017,7
TW,bone marrow,2018,16
TW,bone marrow,2019,16
TW,bone marrow,2020,34
TW,bone marrow,2021,36
TW,bone marrow,2022,20
TW,bone marrow,2023,11
TW,brain,2014,9
TW,brain,2015,4
TW,brain,2016,15
TW,brain,2017,68
TW,brain,2018,123
TW,brain,2019,165
TW,brain,2020,226
TW,brain,2021,309
TW,brain,2022,322
TW,brain,2023,106
TW,eye,2015,1
TW,eye,2016,6
TW,eye,2017,10
TW,eye,2018,18
TW,eye,2019,34
TW,eye,2020,47
TW,eye,2021,78
TW,eye,2022,95
TW,eye,2023,10
TW,fallopian tube,2019,4
TW,fallopian tube,2020,4
TW,fallopian tube,2022,1
TW,heart,2014,8
TW,heart,2016,10
TW,heart,2017,23
TW,heart,2018,79
TW,heart,2019,109
TW,heart,2020,159
TW,heart,2021,203
TW,heart,2022,246
TW,heart,2023,58
TW,kidney,2014,9
TW,kidney,2015,7
TW,kidney,2016,8
TW,kidney,2017,53
TW,kidney,2018,94
TW,kidney,2019,163
TW,kidney,2020,211
TW,kidney,2021,332
TW,kidney,2022,374
TW,kidney,2023,78
TW,knee,2015,1
TW,knee,2016,4
TW,knee,2017,6
TW,knee,2018,19
TW,knee,2019,19
TW,knee,2020,24
TW,knee,2021,72
TW,knee,2022,91
TW,knee,2023,26
TW,liver,2014,19
TW,liver,2015,2
TW,liver,2016,13
TW,liver,2017,93
TW,liver,2018,201
TW,liver,2019,258
TW,liver,2020,314
TW,liver,2021,518
TW,liver,2022,549
TW,liver,2023,103
TW,lung,2012,1
TW,lung,2014,14
TW,lung,2015,5
TW,lung,2016,9
TW,lung,2017,48
TW,lung,2018,100
TW,lung,2019,169
TW,lung,2020,204
TW,lung,2021,337
TW,lung,2022,376
TW,lung,2023,99
TW,lymph node,2015,2
TW,lymph node,2016,4
TW,lymph node,2017,7
TW,lymph node,2018,15
TW,lymph node,2019,18
TW,lymph node,2020,22
TW,lymph node,2021,61
TW,lymph node,2022,60
TW,lymph node,2023,1
TW,muscular system,2021,3
TW,muscular system,2022,1
TW,muscular system,2023,2
TW,ovary,2017,2
TW,ovary,2018,10
TW,ovary,2019,8
TW,ovary,2020,26
TW,ovary,2021,14
TW,ovary,2022,12
TW,ovary,2023,2
TW,pancreas,2014,1
TW,pancreas,2017,4
TW,pancreas,2018,3
TW,pancreas,2019,6
TW,pancreas,2020,8
TW,pancreas,2021,9
TW,pancreas,2022,5
TW,pancreas,2023,15
TW,pelvis,2018,3
TW,pelvis,2019,2
TW,pelvis,2020,2
TW,pelvis,2021,9
TW,peripheral nervous system,2015,1
TW,peripheral nervous system,2017,2
TW,peripheral nervous system,2018,2
TW,peripheral nervous system,2019,5
TW,peripheral nervous system,2020,4
TW,peripheral nervous system,2021,14
TW,peripheral nervous system,2022,6
TW,placenta,2017,2
TW,placenta,2018,5
TW,placenta,2019,5
TW,placenta,2020,10
TW,placenta,2021,9
TW,placenta,2022,23
TW,placenta,2023,2
TW,prostate,2016,2
TW,prostate,2017,15
TW,prostate,2018,32
TW,prostate,2019,33
TW,prostate,2020,56
TW,prostate,2021,90
TW,prostate,2022,132
TW,prostate,2023,33
TW,skeletal,2015,3
TW,skeletal,2016,1
TW,skeletal,2017,11
TW,skeletal,2018,18
TW,skeletal,2019,39
TW,skeletal,2020,74
TW,skeletal,2021,93
TW,skeletal,2022,100
TW,skeletal,2023,23
TW,skin,2012,1
TW,skin,2014,2
TW,skin,2015,1
TW,skin,2016,6
TW,skin,2017,29
TW,skin,2018,36
TW,skin,2019,89
TW,skin,2020,71
TW,skin,2021,110
TW,skin,2022,149
TW,skin,2023,23
TW,small intestine,2014,2
TW,small intestine,2019,2
TW,small intestine,2020,2
TW,small intestine,2021,1
TW,spinal cord,2015,2
TW,spinal cord,2016,2
TW,spinal cord,2017,11
TW,spinal cord,2018,9
TW,spinal cord,2019,14
TW,spinal cord,2020,23
TW,spinal cord,2021,24
TW,spinal cord,2022,41
TW,spinal cord,2023,18
TW,spleen,2014,1
TW,spleen,2015,1
TW,spleen,2017,5
TW,spleen,2018,8
TW,spleen,2019,5
TW,spleen,2020,10
TW,spleen,2021,9
TW,spleen,2022,7
TW,spleen,2023,3
TW,thymus,2018,1
TW,thymus,2019,1
TW,thymus,2020,2
TW,thymus,2021,2
TW,thymus,2022,1
TW,thymus,2023,1
TW,trachea,2016,1
TW,trachea,2017,1
TW,trachea,2018,3
TW,trachea,2019,3
TW,trachea,2020,9
TW,trachea,2021,14
TW,trachea,2022,32
TW,trachea,2023,1
TW,ureter,2014,1
TW,ureter,2015,3
TW,ureter,2018,4
TW,ureter,2019,7
TW,ureter,2020,10
TW,ureter,2021,19
TW,ureter,2022,38
TW,ureter,2023,3
TW,urinary bladder,2014,2
TW,urinary bladder,2015,1
TW,urinary bladder,2016,2
TW,urinary bladder,2017,10
TW,urinary bladder,2018,24
TW,urinary bladder,2019,49
TW,urinary bladder,2020,36
TW,urinary bladder,2021,62
TW,urinary bladder,2022,74
TW,urinary bladder,2023,27
TW,uterus,2017,1
TW,uterus,2018,1
TW,uterus,2019,4
TW,uterus,2020,4
TW,uterus,2021,8
TW,uterus,2022,5
TW,uterus,2023,2
TZ,bone marrow,2018,1
TZ,bone marrow,2021,1
TZ,bone marrow,2022,2
TZ,brain,2019,2
TZ,brain,2020,2
TZ,brain,2021,3
TZ,brain,2022,7
TZ,eye,2017,1
TZ,eye,2018,1
TZ,heart,2016,1
TZ,heart,2018,3
TZ,heart,2019,4
TZ,heart,2020,5
TZ,heart,2021,3
TZ,heart,2022,4
TZ,kidney,2017,1
TZ,kidney,2018,1
TZ,kidney,2019,3
TZ,kidney,2020,5
TZ,kidney,2021,1
TZ,kidney,2022,2
TZ,kidney,2023,1
TZ,liver,2016,1
TZ,liver,2017,3
TZ,liver,2018,7
TZ,liver,2019,26
TZ,liver,2020,13
TZ,liver,2021,19
TZ,liver,2022,44
TZ,liver,2023,7
TZ,lung,2019,1
TZ,lung,2021,1
TZ,lung,2022,4
TZ,lymph node,2018,1
TZ,lymph node,2020,1
TZ,ovary,2022,2
TZ,pancreas,2018,1
TZ,pancreas,2020,1
TZ,placenta,2017,1
TZ,placenta,2020,1
TZ,placenta,2021,1
TZ,placenta,2022,2
TZ,prostate,2019,2
TZ,prostate,2022,1
TZ,skeletal,2018,1
TZ,skeletal,2021,2
TZ,skeletal,2022,1
TZ,skin,2018,1
TZ,skin,2020,2
TZ,skin,2021,5
TZ,skin,2023,1
TZ,spinal cord,2020,1
TZ,spinal cord,2021,1
TZ,spleen,2019,2
TZ,spleen,2021,2
TZ,ureter,2020,1
TZ,urinary bladder,2020,1
TZ,uterus,2021,2
UA,bone marrow,2019,5
UA,bone marrow,2023,1
UA,brain,2016,3
UA,brain,2018,10
UA,brain,2019,6
UA,brain,2020,18
UA,brain,2021,12
UA,brain,2022,36
UA,brain,2023,10
UA,eye,2018,1
UA,eye,2020,4
UA,eye,2021,4
UA,eye,2023,2
UA,heart,2015,1
UA,heart,2018,9
UA,heart,2019,4
UA,heart,2020,5
UA,heart,2021,12
UA,heart,2022,35
UA,heart,2023,5
UA,kidney,2016,1
UA,kidney,2020,3
UA,kidney,2021,4
UA,kidney,2022,18
UA,kidney,2023,5
UA,knee,2022,1
UA,liver,2016,3
UA,liver,2017,3
UA,liver,2018,8
UA,liver,2019,5
UA,liver,2020,19
UA,liver,2021,22
UA,liver,2022,28
UA,liver,2023,5
UA,lung,2016,1
UA,lung,2017,1
UA,lung,2018,1
UA,lung,2019,3
UA,lung,2020,13
UA,lung,2021,15
UA,lung,2022,10
UA,lung,2023,3
UA,ovary,2017,1
UA,ovary,2020,1
UA,pancreas,2020,1
UA,placenta,2019,8
UA,placenta,2021,6
UA,placenta,2022,3
UA,prostate,2018,1
UA,prostate,2019,2
UA,prostate,2020,3
UA,prostate,2021,1
UA,prostate,2022,3
UA,skeletal,2019,2
UA,skeletal,2020,3
UA,skeletal,2021,7
UA,skeletal,2022,2
UA,skeletal,2023,2
UA,skin,2018,3
UA,skin,2019,7
UA,skin,2020,5
UA,skin,2021,4
UA,skin,2022,6
UA,small intestine,2022,2
UA,spinal cord,2019,1
UA,spinal cord,2021,1
UA,spinal cord,2022,4
UA,spinal cord,2023,4
UA,spleen,2016,1
UA,spleen,2021,1
UA,thymus,2020,1
UA,trachea,2021,1
UA,ureter,2023,1
UA,urinary bladder,2022,3
UG,brain,2019,2
UG,brain,2020,3
UG,brain,2021,2
UG,brain,2022,2
UG,eye,2018,2
UG,eye,2019,1
UG,eye,2021,1
UG,eye,2022,1
UG,eye,2023,1
UG,heart,2017,2
UG,heart,2018,1
UG,heart,2019,2
UG,heart,2020,5
UG,heart,2021,11
UG,heart,2022,5
UG,heart,2023,8
UG,kidney,2016,2
UG,kidney,2018,1
UG,kidney,2019,2
UG,kidney,2020,5
UG,kidney,2021,3
UG,kidney,2022,4
UG,liver,2016,3
UG,liver,2017,18
UG,liver,2018,9
UG,liver,2019,17
UG,liver,2020,30
UG,liver,2021,42
UG,liver,2022,37
UG,liver,2023,6
UG,lung,2018,1
UG,lung,2019,1
UG,lung,2020,3
UG,lung,2021,5
UG,lung,2022,2
UG,lung,2023,1
UG,pelvis,2016,1
UG,placenta,2020,1
UG,placenta,2021,4
UG,placenta,2023,1
UG,prostate,2020,3
UG,prostate,2022,2
UG,skeletal,2019,1
UG,skin,2018,1
UG,skin,2019,3
UG,skin,2020,2
UG,skin,2021,9
UG,skin,2022,2
UG,small intestine,2022,1
UG,spinal cord,2019,1
UG,spleen,2023,1
UG,trachea,2017,2
UG,urinary bladder,2022,1
US,blood vasculature,2017,1
US,blood vasculature,2018,1
US,blood vasculature,2020,6
US,blood vasculature,2021,6
US,bone marrow,2014,12
US,bone marrow,2015,34
US,bone marrow,2016,84
US,bone marrow,2017,221
US,bone marrow,2018,350
US,bone marrow,2019,472
US,bone marrow,2020,547
US,bone marrow,2021,731
US,bone marrow,2022,769
US,bone marrow,2023,269
US,brain,1993,1
US,brain,2004,1
US,brain,2008,2
US,brain,2009,5
US,brain,2010,2
US,brain,2011,2
US,brain,2013,3
US,brain,2014,109
US,brain,2015,310
US,brain,2016,881
US,brain,2017,2023
US,brain,2018,3442
US,brain,2019,4716
US,brain,2020,6428
US,brain,2021,8088
US,brain,2022,9092
US,brain,2023,2952
US,eye,2008,1
US,eye,2010,1
US,eye,2013,1
US,eye,2014,25
US,eye,2015,43
US,eye,2016,89
US,eye,2017,230
US,eye,2018,477
US,eye,2019,573
US,eye,2020,871
US,eye,2021,1078
US,eye,2022,1230
US,eye,2023,332
US,fallopian tube,2016,7
US,fallopian tube,2017,11
US,fallopian tube,2018,10
US,fallopian tube,2019,28
US,fallopian tube,2020,40
US,fallopian tube,2021,48
US,fallopian tube,2022,72
US,fallopian tube,2023,24
US,heart,2004,1
US,heart,2005,1
US,heart,2013,2
US,heart,2014,26
US,heart,2015,67
US,heart,2016,244
US,heart,2017,765
US,heart,2018,1405
US,heart,2019,2101
US,heart,2020,3113
US,heart,2021,4577
US,heart,2022,6273
US,heart,2023,1854
US,kidney,1995,1
US,kidney,2014,14
US,kidney,2015,42
US,kidney,2016,184
US,kidney,2017,594
US,kidney,2018,1101
US,kidney,2019,1749
US,kidney,2020,2488
US,kidney,2021,3183
US,kidney,2022,3764
US,kidney,2023,1069
US,knee,2014,4
US,knee,2015,4
US,knee,2016,26
US,knee,2017,74
US,knee,2018,175
US,knee,2019,313
US,knee,2020,547
US,knee,2021,931
US,knee,2022,1054
US,knee,2023,359
US,large intestine,2016,2
US,large intestine,2018,18
US,large intestine,2019,5
US,large intestine,2020,19
US,large intestine,2021,13
US,large intestine,2022,19
US,large intestine,2023,3
US,liver,2010,1
US,liver,2013,1
US,liver,2014,49
US,liver,2015,159
US,liver,2016,430
US,liver,2017,1377
US,liver,2018,2458
US,liver,2019,3677
US,liver,2020,5646
US,liver,2021,7339
US,liver,2022,9004
US,liver,2023,2733
US,lung,2010,1
US,lung,2012,1
US,lung,2013,2
US,lung,2014,29
US,lung,2015,94
US,lung,2016,319
US,lung,2017,872
US,lung,2018,1469
US,lung,2019,2215
US,lung,2020,3433
US,lung,2021,4595
US,lung,2022,5564
US,lung,2023,1774
US,lymph node,2015,5
US,lymph node,2016,71
US,lymph node,2017,139
US,lymph node,2018,264
US,lymph node,2019,385
US,lymph node,2020,435
US,lymph node,2021,664
US,lymph node,2022,572
US,lymph node,2023,186
US,lymph vasculature,2016,1
US,lymph vasculature,2017,1
US,lymph vasculature,2018,7
US,lymph vasculature,2019,6
US,lymph vasculature,2021,2
US,lymph vasculature,2022,3
US,lymph vasculature,2023,1
US,main bronchus,2020,2
US,muscular system,2016,1
US,muscular system,2017,9
US,muscular system,2018,7
US,muscular system,2019,12
US,muscular system,2020,20
US,muscular system,2021,15
US,muscular system,2022,27
US,muscular system,2023,22
US,ovary,2015,1
US,ovary,2016,9
US,ovary,2017,49
US,ovary,2018,110
US,ovary,2019,185
US,ovary,2020,243
US,ovary,2021,255
US,ovary,2022,267
US,ovary,2023,87
US,pancreas,2014,3
US,pancreas,2015,4
US,pancreas,2016,13
US,pancreas,2017,63
US,pancreas,2018,146
US,pancreas,2019,186
US,pancreas,2020,324
US,pancreas,2021,412
US,pancreas,2022,347
US,pancreas,2023,144
US,pelvis,2014,1
US,pelvis,2015,2
US,pelvis,2016,10
US,pelvis,2017,16
US,pelvis,2018,47
US,pelvis,2019,44
US,pelvis,2020,86
US,pelvis,2021,94
US,pelvis,2022,142
US,pelvis,2023,30
US,peripheral nervous system,2015,2
US,peripheral nervous system,2016,11
US,peripheral nervous system,2017,45
US,peripheral nervous system,2018,54
US,peripheral nervous system,2019,86
US,peripheral nervous system,2020,121
US,peripheral nervous system,2021,202
US,peripheral nervous system,2022,167
US,peripheral nervous system,2023,41
US,placenta,2014,1
US,placenta,2015,3
US,placenta,2016,26
US,placenta,2017,89
US,placenta,2018,154
US,placenta,2019,225
US,placenta,2020,357
US,placenta,2021,472
US,placenta,2022,753
US,placenta,2023,163
US,prostate,2008,1
US,prostate,2014,10
US,prostate,2015,14
US,prostate,2016,50
US,prostate,2017,208
US,prostate,2018,466
US,prostate,2019,707
US,prostate,2020,1046
US,prostate,2021,1470
US,prostate,2022,1937
US,prostate,2023,758
US,skeletal,2014,11
US,skeletal,2015,44
US,skeletal,2016,176
US,skeletal,2017,518
US,skeletal,2018,802
US,skeletal,2019,1109
US,skeletal,2020,1582
US,skeletal,2021,2000
US,skeletal,2022,2295
US,skeletal,2023,700
US,skin,2005,1
US,skin,2009,1
US,skin,2014,14
US,skin,2015,46
US,skin,2016,151
US,skin,2017,498
US,skin,2018,997
US,skin,2019,1550
US,skin,2020,1937
US,skin,2021,2573
US,skin,2022,2871
US,skin,2023,851
US,small intestine,2014,1
US,small intestine,2015,3
US,small intestine,2016,6
US,small intestine,2017,50
US,small intestine,2018,81
US,small intestine,2019,132
US,small intestine,2020,165
US,small intestine,2021,181
US,small intestine,2022,124
US,small intestine,2023,33
US,spinal cord,2009,1
US,spinal cord,2014,10
US,spinal cord,2015,23
US,spinal cord,2016,100
US,spinal cord,2017,190
US,spinal cord,2018,284
US,spinal cord,2019,415
US,spinal cord,2020,551
US,spinal cord,2021,783
US,spinal cord,2022,880
US,spinal cord,2023,292
US,spleen,2014,3
US,spleen,2015,10
US,spleen,2016,34
US,spleen,2017,110
US,spleen,2018,154
US,spleen,2019,150
US,spleen,2020,191
US,spleen,2021,210
US,spleen,2022,206
US,spleen,2023,30
US,thymus,2014,2
US,thymus,2015,9
US,thymus,2016,25
US,thymus,2017,37
US,thymus,2018,86
US,thymus,2019,97
US,thymus,2020,105
US,thymus,2021,139
US,thymus,2022,174
US,thymus,2023,44
US,trachea,2014,2
US,trachea,2015,7
US,trachea,2016,17
US,trachea,2017,50
US,trachea,2018,113
US,trachea,2019,136
US,trachea,2020,244
US,trachea,2021,343
US,trachea,2022,283
US,trachea,2023,74
US,ureter,2014,1
US,ureter,2015,1
US,ureter,2016,7
US,ureter,2017,25
US,ureter,2018,33
US,ureter,2019,65
US,ureter,2020,77
US,ureter,2021,119
US,ureter,2022,102
US,ureter,2023,45
US,urinary bladder,2014,1
US,urinary bladder,2015,5
US,urinary bladder,2016,20
US,urinary bladder,2017,93
US,urinary bladder,2018,172
US,urinary bladder,2019,283
US,urinary bladder,2020,373
US,urinary bladder,2021,478
US,urinary bladder,2022,659
US,urinary bladder,2023,167
US,uterus,2014,1
US,uterus,2015,5
US,uterus,2016,13
US,uterus,2017,21
US,uterus,2018,73
US,uterus,2019,57
US,uterus,2020,128
US,uterus,2021,106
US,uterus,2022,122
US,uterus,2023,37
UY,bone marrow,2017,1
UY,bone marrow,2020,2
UY,brain,2016,2
UY,brain,2017,3
UY,brain,2018,5
UY,brain,2019,3
UY,brain,2020,7
UY,brain,2021,11
UY,brain,2022,10
UY,eye,2020,1
UY,eye,2022,2
UY,heart,2017,1
UY,heart,2018,2
UY,heart,2020,2
UY,heart,2021,2
UY,heart,2022,6
UY,heart,2023,1
UY,kidney,2016,1
UY,kidney,2017,2
UY,kidney,2018,1
UY,kidney,2019,1
UY,kidney,2020,1
UY,kidney,2021,4
UY,kidney,2022,14
UY,kidney,2023,1
UY,liver,2017,2
UY,liver,2018,3
UY,liver,2019,11
UY,liver,2020,8
UY,liver,2021,4
UY,liver,2022,4
UY,liver,2023,4
UY,lung,2016,1
UY,lung,2017,2
UY,lung,2019,2
UY,lung,2020,2
UY,lung,2021,1
UY,lung,2022,6
UY,lung,2023,2
UY,lymph node,2021,3
UY,lymph node,2023,1
UY,ovary,2018,3
UY,ovary,2019,1
UY,ovary,2021,1
UY,ovary,2022,3
UY,pelvis,2018,1
UY,pelvis,2022,1
UY,peripheral nervous system,2020,2
UY,placenta,2019,1
UY,placenta,2021,1
UY,placenta,2023,5
UY,prostate,2018,1
UY,prostate,2020,1
UY,prostate,2022,3
UY,skeletal,2017,2
UY,skeletal,2018,2
UY,skeletal,2019,1
UY,skeletal,2020,6
UY,skeletal,2021,2
UY,skeletal,2022,4
UY,skin,2016,1
UY,skin,2018,1
UY,skin,2019,4
UY,skin,2020,4
UY,skin,2021,4
UY,skin,2022,5
UY,spinal cord,2019,2
UY,spinal cord,2020,1
UY,spinal cord,2021,2
UY,spleen,2021,1
UY,spleen,2022,1
UY,trachea,2019,1
UY,trachea,2022,1
UY,urinary bladder,2019,1
UY,uterus,2022,1
UZ,brain,2020,2
UZ,brain,2021,4
UZ,brain,2022,2
UZ,heart,2020,1
UZ,heart,2021,1
UZ,heart,2022,1
UZ,kidney,2022,1
UZ,liver,2019,1
UZ,liver,2020,1
UZ,liver,2021,5
UZ,liver,2022,1
UZ,liver,2023,3
UZ,lung,2021,2
UZ,lung,2022,1
UZ,ovary,2021,1
UZ,skin,2022,1
VC,heart,2022,1
VE,bone marrow,2023,1
VE,brain,2018,2
VE,brain,2020,1
VE,brain,2023,2
VE,eye,2017,1
VE,eye,2021,1
VE,heart,2019,1
VE,heart,2022,1
VE,kidney,2019,1
VE,kidney,2021,1
VE,kidney,2022,2
VE,kidney,2023,1
VE,knee,2022,1
VE,liver,2017,2
VE,liver,2020,2
VE,liver,2021,3
VE,liver,2022,3
VE,lymph node,2020,1
VE,pelvis,2022,1
VE,placenta,2014,2
VE,prostate,2020,1
VE,prostate,2021,3
VE,skeletal,2021,2
VE,skin,2020,1
VE,skin,2021,4
VE,skin,2022,1
VE,spinal cord,2020,1
VE,spleen,2018,1
VE,spleen,2020,1
VE,spleen,2022,1
VE,urinary bladder,2022,1
VG,skin,2019,1
VG,skin,2020,1
VN,bone marrow,2016,1
VN,bone marrow,2019,4
VN,bone marrow,2020,1
VN,bone marrow,2021,3
VN,bone marrow,2022,2
VN,brain,2016,1
VN,brain,2018,2
VN,brain,2019,6
VN,brain,2020,6
VN,brain,2021,6
VN,brain,2022,24
VN,brain,2023,1
VN,eye,2020,1
VN,eye,2021,9
VN,eye,2022,1
VN,eye,2023,1
VN,heart,2017,2
VN,heart,2018,2
VN,heart,2019,9
VN,heart,2020,9
VN,heart,2021,23
VN,heart,2022,28
VN,heart,2023,3
VN,kidney,2018,1
VN,kidney,2019,4
VN,kidney,2020,10
VN,kidney,2021,12
VN,kidney,2022,11
VN,kidney,2023,1
VN,knee,2020,3
VN,knee,2023,1
VN,liver,2014,1
VN,liver,2016,5
VN,liver,2017,5
VN,liver,2018,11
VN,liver,2019,18
VN,liver,2020,18
VN,liver,2021,33
VN,liver,2022,74
VN,liver,2023,5
VN,lung,2018,2
VN,lung,2019,9
VN,lung,2020,20
VN,lung,2021,23
VN,lung,2022,23
VN,lung,2023,9
VN,lymph node,2020,1
VN,lymph node,2021,3
VN,lymph node,2022,2
VN,muscular system,2019,1
VN,muscular system,2022,1
VN,ovary,2018,3
VN,ovary,2019,3
VN,ovary,2020,1
VN,ovary,2021,7
VN,pancreas,2021,1
VN,pancreas,2022,4
VN,peripheral nervous system,2021,3
VN,placenta,2022,1
VN,prostate,2021,4
VN,prostate,2022,1
VN,skeletal,2018,1
VN,skeletal,2019,2
VN,skeletal,2020,9
VN,skeletal,2021,4
VN,skeletal,2022,10
VN,skin,2017,3
VN,skin,2018,2
VN,skin,2019,2
VN,skin,2020,8
VN,skin,2021,10
VN,skin,2022,16
VN,skin,2023,4
VN,small intestine,2018,1
VN,small intestine,2019,1
VN,small intestine,2020,2
VN,spinal cord,2021,2
VN,spinal cord,2023,1
VN,spleen,2017,2
VN,spleen,2018,1
VN,spleen,2019,1
VN,spleen,2022,1
VN,thymus,2019,1
VN,trachea,2018,2
VN,trachea,2019,2
VN,trachea,2020,3
VN,trachea,2021,6
VN,trachea,2022,2
VN,urinary bladder,2021,1
VN,urinary bladder,2022,1
VN,urinary bladder,2023,1
VN,uterus,2021,1
WS,heart,2021,1
WS,liver,2022,1
WS,skin,2020,1
XK,brain,2017,1
XK,eye,2022,1
XK,heart,2020,1
XK,heart,2022,2
XK,kidney,2019,1
XK,knee,2022,2
XK,liver,2014,1
XK,liver,2021,1
XK,liver,2022,1
XK,liver,2023,2
XK,lung,2022,1
XK,peripheral nervous system,2021,1
XK,placenta,2021,1
XK,skeletal,2023,1
YE,bone marrow,2021,1
YE,brain,2019,1
YE,brain,2021,1
YE,brain,2022,3
YE,heart,2018,1
YE,heart,2019,1
YE,heart,2021,1
YE,heart,2022,3
YE,kidney,2019,1
YE,kidney,2020,1
YE,kidney,2021,2
YE,kidney,2022,2
YE,liver,2020,1
YE,liver,2021,7
YE,liver,2022,9
YE,lung,2018,1
YE,lung,2020,1
YE,lung,2021,4
YE,lymph node,2019,1
YE,lymph node,2022,1
YE,prostate,2021,1
YE,skin,2016,1
YE,skin,2019,1
YE,skin,2020,1
YE,small intestine,2014,1
YE,spinal cord,2022,1
YE,trachea,2021,1
YE,ureter,2023,1
ZA,bone marrow,2016,1
ZA,bone marrow,2018,5
ZA,bone marrow,2019,4
ZA,bone marrow,2020,4
ZA,bone marrow,2021,7
ZA,bone marrow,2022,7
ZA,brain,2015,1
ZA,brain,2016,3
ZA,brain,2017,13
ZA,brain,2018,20
ZA,brain,2019,25
ZA,brain,2020,62
ZA,brain,2021,76
ZA,brain,2022,61
ZA,brain,2023,18
ZA,eye,2017,1
ZA,eye,2018,6
ZA,eye,2019,4
ZA,eye,2020,20
ZA,eye,2021,25
ZA,eye,2022,14
ZA,eye,2023,2
ZA,fallopian tube,2018,1
ZA,heart,2015,3
ZA,heart,2016,3
ZA,heart,2017,2
ZA,heart,2018,16
ZA,heart,2019,19
ZA,heart,2020,30
ZA,heart,2021,45
ZA,heart,2022,58
ZA,heart,2023,14
ZA,kidney,2016,3
ZA,kidney,2017,8
ZA,kidney,2018,16
ZA,kidney,2019,24
ZA,kidney,2020,46
ZA,kidney,2021,19
ZA,kidney,2022,42
ZA,kidney,2023,12
ZA,knee,2017,2
ZA,knee,2018,6
ZA,knee,2019,11
ZA,knee,2020,6
ZA,knee,2021,8
ZA,knee,2022,15
ZA,knee,2023,1
ZA,large intestine,2017,2
ZA,liver,2015,1
ZA,liver,2016,6
ZA,liver,2017,26
ZA,liver,2018,65
ZA,liver,2019,105
ZA,liver,2020,147
ZA,liver,2021,215
ZA,liver,2022,228
ZA,liver,2023,58
ZA,lung,2015,1
ZA,lung,2016,2
ZA,lung,2017,7
ZA,lung,2018,7
ZA,lung,2019,20
ZA,lung,2020,45
ZA,lung,2021,32
ZA,lung,2022,67
ZA,lung,2023,11
ZA,lymph node,2018,5
ZA,lymph node,2020,9
ZA,lymph node,2021,6
ZA,lymph node,2022,8
ZA,lymph node,2023,1
ZA,ovary,2019,5
ZA,ovary,2020,2
ZA,ovary,2021,1
ZA,ovary,2022,2
ZA,ovary,2023,1
ZA,pancreas,2020,6
ZA,pancreas,2022,3
ZA,pancreas,2023,1
ZA,pelvis,2017,1
ZA,pelvis,2019,1
ZA,pelvis,2020,3
ZA,pelvis,2021,1
ZA,pelvis,2022,2
ZA,peripheral nervous system,2018,2
ZA,peripheral nervous system,2019,1
ZA,peripheral nervous system,2020,2
ZA,peripheral nervous system,2022,1
ZA,placenta,2015,1
ZA,placenta,2019,1
ZA,placenta,2020,8
ZA,placenta,2021,7
ZA,placenta,2022,16
ZA,placenta,2023,1
ZA,prostate,2016,3
ZA,prostate,2017,2
ZA,prostate,2018,5
ZA,prostate,2019,6
ZA,prostate,2020,13
ZA,prostate,2021,21
ZA,prostate,2022,32
ZA,prostate,2023,4
ZA,skeletal,2016,1
ZA,skeletal,2017,7
ZA,skeletal,2018,11
ZA,skeletal,2019,27
ZA,skeletal,2020,21
ZA,skeletal,2021,40
ZA,skeletal,2022,41
ZA,skeletal,2023,11
ZA,skin,2016,4
ZA,skin,2017,8
ZA,skin,2018,19
ZA,skin,2019,23
ZA,skin,2020,28
ZA,skin,2021,49
ZA,skin,2022,37
ZA,skin,2023,25
ZA,small intestine,2019,1
ZA,small intestine,2020,1
ZA,small intestine,2021,1
ZA,small intestine,2022,2
ZA,spinal cord,2016,3
ZA,spinal cord,2017,2
ZA,spinal cord,2018,4
ZA,spinal cord,2019,11
ZA,spinal cord,2020,4
ZA,spinal cord,2021,10
ZA,spinal cord,2022,32
ZA,spinal cord,2023,1
ZA,spleen,2018,2
ZA,spleen,2019,4
ZA,spleen,2020,5
ZA,spleen,2021,1
ZA,spleen,2022,2
ZA,thymus,2018,1
ZA,thymus,2019,1
ZA,thymus,2020,1
ZA,thymus,2021,2
ZA,trachea,2017,2
ZA,trachea,2019,2
ZA,trachea,2020,4
ZA,trachea,2021,2
ZA,trachea,2022,2
ZA,trachea,2023,1
ZA,ureter,2021,3
ZA,ureter,2022,2
ZA,urinary bladder,2016,1
ZA,urinary bladder,2019,2
ZA,urinary bladder,2020,1
ZA,urinary bladder,2022,4
ZA,urinary bladder,2023,2
ZA,uterus,2015,3
ZA,uterus,2020,4
ZA,uterus,2022,1
ZM,brain,2018,1
ZM,brain,2019,1
ZM,brain,2020,1
ZM,brain,2021,1
ZM,brain,2022,3
ZM,heart,2020,2
ZM,heart,2021,1
ZM,kidney,2019,1
ZM,kidney,2021,1
ZM,liver,2017,2
ZM,liver,2018,5
ZM,liver,2019,10
ZM,liver,2020,7
ZM,liver,2021,10
ZM,liver,2022,10
ZM,liver,2023,2
ZM,lung,2018,1
ZM,lung,2021,1
ZM,lung,2022,2
ZM,lung,2023,1
ZM,ovary,2015,1
ZM,placenta,2018,1
ZM,placenta,2021,1
ZM,placenta,2022,1
ZM,prostate,2018,1
ZM,prostate,2022,2
ZM,prostate,2023,1
ZM,skin,2020,1
ZM,small intestine,2021,4
ZM,small intestine,2022,4
ZM,spleen,2017,1
ZW,eye,2022,1
ZW,kidney,2019,1
ZW,kidney,2022,1
ZW,liver,2018,1
ZW,liver,2019,4
ZW,liver,2020,7
ZW,liver,2021,9
ZW,liver,2022,5
ZW,lung,2018,1
ZW,lung,2020,1
ZW,lung,2022,1
ZW,placenta,2020,3
ZW,placenta,2021,1
ZW,prostate,2020,1
ZW,skeletal,2018,1
ZW,skeletal,2020,1
ZW,skeletal,2021,1
ZW,skeletal,2022,2
ZW,skeletal,2023,1
ZW,skin,2021,1
ZW,small intestine,2020,1
ZW,spinal cord,2019,1
