country,organ,year,pub_count
AD,knee,2022,1
AD,liver,2022,1
AE,bone marrow,2020,2
AE,bone marrow,2021,4
AE,bone marrow,2023,2
AE,brain,2015,3
AE,brain,2017,3
AE,brain,2018,4
AE,brain,2019,6
AE,brain,2020,16
AE,brain,2021,23
AE,brain,2022,31
AE,brain,2023,6
AE,eye,2014,1
AE,eye,2015,1
AE,eye,2017,1
AE,eye,2018,2
AE,eye,2019,9
AE,eye,2020,6
AE,eye,2021,9
AE,eye,2022,10
AE,eye,2023,1
AE,fallopian tube,2020,1
AE,heart,2017,4
AE,heart,2018,11
AE,heart,2019,8
AE,heart,2020,10
AE,heart,2021,11
AE,heart,2022,24
AE,heart,2023,8
AE,kidney,2016,2
AE,kidney,2017,1
AE,kidney,2018,5
AE,kidney,2019,9
AE,kidney,2020,12
AE,kidney,2021,12
AE,kidney,2022,15
AE,kidney,2023,3
AE,knee,2018,1
AE,knee,2020,2
AE,knee,2021,4
AE,knee,2022,3
AE,knee,2023,6
AE,liver,2014,1
AE,liver,2017,3
AE,liver,2018,14
AE,liver,2019,13
AE,liver,2020,24
AE,liver,2021,51
AE,liver,2022,57
AE,liver,2023,12
AE,lung,2016,1
AE,lung,2017,1
AE,lung,2019,3
AE,lung,2020,7
AE,lung,2021,14
AE,lung,2022,17
AE,lung,2023,3
AE,lymph node,2019,1
AE,lymph node,2020,1
AE,lymph node,2021,1
AE,lymph node,2022,1
AE,ovary,2017,1
AE,ovary,2020,1
AE,ovary,2021,1
AE,ovary,2022,5
AE,ovary,2023,1
AE,pancreas,2021,2
AE,pancreas,2022,3
AE,pelvis,2019,1
AE,pelvis,2020,1
AE,pelvis,2021,1
AE,peripheral nervous system,2018,1
AE,peripheral nervous system,2022,1
AE,placenta,2020,1
AE,placenta,2022,1
AE,prostate,2018,2
AE,prostate,2019,1
AE,prostate,2021,4
AE,prostate,2022,3
AE,skeletal,2014,1
AE,skeletal,2018,3
AE,skeletal,2019,5
AE,skeletal,2020,4
AE,skeletal,2021,10
AE,skeletal,2022,8
AE,skin,2016,1
AE,skin,2018,1
AE,skin,2019,5
AE,skin,2020,8
AE,skin,2021,7
AE,skin,2022,15
AE,skin,2023,7
AE,small intestine,2017,1
AE,small intestine,2021,1
AE,small intestine,2023,1
AE,spinal cord,2021,1
AE,spinal cord,2022,2
AE,spleen,2017,1
AE,spleen,2018,1
AE,thymus,2015,1
AE,trachea,2022,2
AE,ureter,2019,1
AE,urinary bladder,2018,2
AE,urinary bladder,2020,3
AE,urinary bladder,2021,3
AE,urinary bladder,2022,2
AE,uterus,2021,1
AE,uterus,2022,2
AE,uterus,2023,1
AF,eye,2023,1
AF,heart,2018,1
AF,kidney,2018,1
AF,kidney,2021,1
AF,liver,2018,1
AF,liver,2020,1
AF,liver,2021,2
AF,liver,2022,2
AF,lung,2018,1
AF,lung,2023,2
AF,pancreas,2020,1
AF,pancreas,2021,1
AF,prostate,2019,1
AF,skin,2021,2
AF,trachea,2022,1
AF,urinary bladder,2018,2
AF,uterus,2018,1
AG,bone marrow,2018,1
AG,brain,2019,1
AG,brain,2021,2
AG,brain,2022,2
AG,eye,2019,1
AG,eye,2021,2
AG,eye,2022,2
AG,eye,2023,1
AG,heart,2017,1
AG,heart,2018,2
AG,heart,2019,1
AG,heart,2020,2
AG,heart,2021,5
AG,heart,2022,1
AG,kidney,2017,1
AG,kidney,2018,1
AG,kidney,2019,1
AG,kidney,2020,1
AG,kidney,2021,1
AG,kidney,2022,3
AG,kidney,2023,2
AG,knee,2019,1
AG,knee,2020,1
AG,liver,2017,1
AG,liver,2020,1
AG,liver,2021,3
AG,liver,2022,3
AG,lung,2018,1
AG,lung,2019,1
AG,lung,2020,4
AG,lung,2021,2
AG,lung,2022,2
AG,lymph node,2018,1
AG,lymph node,2021,1
AG,ovary,2018,1
AG,ovary,2019,1
AG,ovary,2020,1
AG,ovary,2022,2
AG,placenta,2023,1
AG,skeletal,2019,1
AG,skeletal,2020,1
AG,skeletal,2021,1
AG,skin,2020,1
AG,skin,2021,2
AG,skin,2022,3
AG,small intestine,2018,1
AG,spinal cord,2019,1
AG,trachea,2021,1
AG,urinary bladder,2020,1
AG,urinary bladder,2021,1
AG,uterus,2021,1
AL,brain,2019,1
AL,brain,2020,1
AL,brain,2021,2
AL,heart,2021,1
AL,heart,2022,3
AL,heart,2023,1
AL,kidney,2015,1
AL,kidney,2018,2
AL,kidney,2020,1
AL,kidney,2021,1
AL,kidney,2022,2
AL,kidney,2023,1
AL,knee,2023,1
AL,liver,2018,1
AL,liver,2019,1
AL,liver,2022,2
AL,lung,2022,1
AL,muscular system,2021,1
AL,ovary,2022,1
AL,pelvis,2022,1
AL,prostate,2021,1
AL,skeletal,2021,1
AL,skin,2020,4
AL,skin,2021,2
AM,bone marrow,2021,1
AM,brain,2020,1
AM,brain,2021,4
AM,brain,2022,8
AM,brain,2023,2
AM,eye,2022,1
AM,heart,2020,2
AM,heart,2021,2
AM,heart,2022,4
AM,kidney,2022,1
AM,knee,2021,1
AM,liver,2018,1
AM,liver,2019,1
AM,liver,2020,2
AM,liver,2021,1
AM,liver,2022,1
AM,lung,2020,4
AM,lung,2021,2
AM,prostate,2023,1
AM,skeletal,2021,1
AM,skin,2019,1
AM,skin,2021,2
AM,skin,2023,1
AM,small intestine,2019,1
AM,spinal cord,2022,1
AO,heart,2017,1
AO,heart,2019,2
AO,heart,2020,3
AO,heart,2021,3
AO,heart,2022,5
AO,kidney,2021,1
AO,kidney,2022,2
AR,bone marrow,2014,1
AR,bone marrow,2016,2
AR,bone marrow,2018,3
AR,bone marrow,2019,3
AR,bone marrow,2020,1
AR,bone marrow,2022,1
AR,brain,2014,1
AR,brain,2015,1
AR,brain,2016,5
AR,brain,2017,15
AR,brain,2018,26
AR,brain,2019,27
AR,brain,2020,28
AR,brain,2021,49
AR,brain,2022,49
AR,brain,2023,6
AR,eye,2017,3
AR,eye,2018,2
AR,eye,2019,2
AR,eye,2020,5
AR,eye,2021,9
AR,eye,2022,9
AR,eye,2023,3
AR,fallopian tube,2018,1
AR,fallopian tube,2019,1
AR,fallopian tube,2020,4
AR,heart,2016,3
AR,heart,2017,6
AR,heart,2018,9
AR,heart,2019,13
AR,heart,2020,32
AR,heart,2021,43
AR,heart,2022,47
AR,heart,2023,4
AR,kidney,2016,2
AR,kidney,2017,4
AR,kidney,2018,8
AR,kidney,2019,7
AR,kidney,2020,17
AR,kidney,2021,26
AR,kidney,2022,27
AR,kidney,2023,10
AR,knee,2018,1
AR,knee,2019,2
AR,knee,2020,2
AR,knee,2021,2
AR,knee,2022,3
AR,knee,2023,2
AR,liver,2014,1
AR,liver,2016,2
AR,liver,2017,15
AR,liver,2018,23
AR,liver,2019,30
AR,liver,2020,33
AR,liver,2021,67
AR,liver,2022,64
AR,liver,2023,16
AR,lung,2017,3
AR,lung,2018,6
AR,lung,2019,18
AR,lung,2020,14
AR,lung,2021,22
AR,lung,2022,22
AR,lung,2023,5
AR,lymph node,2017,3
AR,lymph node,2018,3
AR,lymph node,2019,4
AR,lymph node,2020,3
AR,lymph node,2021,3
AR,lymph node,2022,7
AR,lymph node,2023,3
AR,ovary,2016,1
AR,ovary,2017,1
AR,ovary,2018,3
AR,ovary,2019,4
AR,ovary,2020,9
AR,ovary,2021,7
AR,ovary,2022,5
AR,pancreas,2018,1
AR,pancreas,2019,3
AR,pancreas,2020,3
AR,pancreas,2021,2
AR,pancreas,2022,2
AR,pancreas,2023,2
AR,pelvis,2017,1
AR,pelvis,2019,1
AR,pelvis,2020,1
AR,pelvis,2022,1
AR,peripheral nervous system,2019,1
AR,peripheral nervous system,2022,1
AR,peripheral nervous system,2023,1
AR,placenta,2017,2
AR,placenta,2018,5
AR,placenta,2019,2
AR,placenta,2020,6
AR,placenta,2021,8
AR,placenta,2022,13
AR,placenta,2023,2
AR,prostate,2017,2
AR,prostate,2018,2
AR,prostate,2019,4
AR,prostate,2020,5
AR,prostate,2021,7
AR,prostate,2022,7
AR,prostate,2023,2
AR,skeletal,2016,1
AR,skeletal,2017,1
AR,skeletal,2018,7
AR,skeletal,2019,3
AR,skeletal,2020,7
AR,skeletal,2021,13
AR,skeletal,2022,10
AR,skeletal,2023,2
AR,skin,2016,2
AR,skin,2017,3
AR,skin,2018,10
AR,skin,2019,11
AR,skin,2020,11
AR,skin,2021,22
AR,skin,2022,23
AR,skin,2023,4
AR,small intestine,2017,1
AR,small intestine,2019,1
AR,small intestine,2021,3
AR,small intestine,2022,2
AR,spinal cord,2014,1
AR,spinal cord,2016,1
AR,spinal cord,2017,1
AR,spinal cord,2018,1
AR,spinal cord,2019,1
AR,spinal cord,2020,5
AR,spinal cord,2021,11
AR,spinal cord,2022,5
AR,spleen,2018,1
AR,spleen,2019,2
AR,spleen,2020,1
AR,spleen,2022,1
AR,thymus,2018,1
AR,thymus,2019,2
AR,thymus,2020,1
AR,thymus,2021,1
AR,trachea,2016,1
AR,trachea,2017,1
AR,trachea,2021,2
AR,trachea,2022,4
AR,ureter,2017,1
AR,ureter,2019,1
AR,ureter,2021,2
AR,ureter,2022,1
AR,urinary bladder,2017,1
AR,urinary bladder,2018,1
AR,urinary bladder,2019,2
AR,urinary bladder,2020,2
AR,urinary bladder,2021,1
AR,urinary bladder,2022,1
AR,uterus,2016,2
AR,uterus,2017,1
AR,uterus,2020,3
AR,uterus,2021,2
AR,uterus,2022,4
AR,uterus,2023,1
AT,bone marrow,2015,2
AT,bone marrow,2016,1
AT,bone marrow,2017,6
AT,bone marrow,2018,5
AT,bone marrow,2019,10
AT,bone marrow,2020,13
AT,bone marrow,2021,12
AT,bone marrow,2022,10
AT,brain,2004,1
AT,brain,2014,4
AT,brain,2015,4
AT,brain,2016,21
AT,brain,2017,41
AT,brain,2018,82
AT,brain,2019,104
AT,brain,2020,125
AT,brain,2021,149
AT,brain,2022,166
AT,brain,2023,34
AT,eye,2014,1
AT,eye,2016,3
AT,eye,2017,8
AT,eye,2018,11
AT,eye,2019,8
AT,eye,2020,20
AT,eye,2021,31
AT,eye,2022,36
AT,eye,2023,7
AT,fallopian tube,2021,2
AT,fallopian tube,2022,2
AT,heart,2014,5
AT,heart,2015,2
AT,heart,2016,10
AT,heart,2017,20
AT,heart,2018,53
AT,heart,2019,46
AT,heart,2020,90
AT,heart,2021,112
AT,heart,2022,167
AT,heart,2023,24
AT,kidney,2014,1
AT,kidney,2015,1
AT,kidney,2016,9
AT,kidney,2017,20
AT,kidney,2018,35
AT,kidney,2019,39
AT,kidney,2020,61
AT,kidney,2021,70
AT,kidney,2022,64
AT,kidney,2023,12
AT,knee,2013,1
AT,knee,2014,5
AT,knee,2016,1
AT,knee,2017,3
AT,knee,2018,4
AT,knee,2019,11
AT,knee,2020,16
AT,knee,2021,36
AT,knee,2022,39
AT,knee,2023,9
AT,large intestine,2015,1
AT,large intestine,2018,2
AT,liver,2015,3
AT,liver,2016,6
AT,liver,2017,36
AT,liver,2018,75
AT,liver,2019,88
AT,liver,2020,130
AT,liver,2021,156
AT,liver,2022,134
AT,liver,2023,40
AT,lung,2015,1
AT,lung,2016,2
AT,lung,2017,17
AT,lung,2018,29
AT,lung,2019,41
AT,lung,2020,60
AT,lung,2021,89
AT,lung,2022,82
AT,lung,2023,14
AT,lymph node,2017,4
AT,lymph node,2018,10
AT,lymph node,2019,9
AT,lymph node,2020,13
AT,lymph node,2021,7
AT,lymph node,2022,13
AT,lymph node,2023,3
AT,muscular system,2018,2
AT,muscular system,2019,1
AT,ovary,2017,3
AT,ovary,2018,3
AT,ovary,2019,11
AT,ovary,2020,8
AT,ovary,2021,7
AT,ovary,2022,7
AT,ovary,2023,1
AT,pancreas,2017,1
AT,pancreas,2018,5
AT,pancreas,2019,2
AT,pancreas,2020,8
AT,pancreas,2021,8
AT,pancreas,2022,9
AT,pancreas,2023,1
AT,pelvis,2018,1
AT,pelvis,2019,4
AT,pelvis,2020,4
AT,pelvis,2021,7
AT,pelvis,2022,3
AT,pelvis,2023,3
AT,peripheral nervous system,2019,2
AT,peripheral nervous system,2020,1
AT,peripheral nervous system,2021,3
AT,peripheral nervous system,2022,2
AT,placenta,2014,1
AT,placenta,2015,1
AT,placenta,2016,3
AT,placenta,2017,4
AT,placenta,2018,13
AT,placenta,2019,8
AT,placenta,2020,12
AT,placenta,2021,23
AT,placenta,2022,21
AT,placenta,2023,2
AT,prostate,2016,2
AT,prostate,2017,5
AT,prostate,2018,22
AT,prostate,2019,6
AT,prostate,2020,21
AT,prostate,2021,49
AT,prostate,2022,45
AT,prostate,2023,18
AT,skeletal,2015,3
AT,skeletal,2016,6
AT,skeletal,2017,22
AT,skeletal,2018,17
AT,skeletal,2019,32
AT,skeletal,2020,37
AT,skeletal,2021,45
AT,skeletal,2022,51
AT,skeletal,2023,12
AT,skin,2014,1
AT,skin,2015,3
AT,skin,2016,6
AT,skin,2017,15
AT,skin,2018,36
AT,skin,2019,45
AT,skin,2020,69
AT,skin,2021,89
AT,skin,2022,66
AT,skin,2023,24
AT,small intestine,2018,1
AT,small intestine,2020,1
AT,small intestine,2021,3
AT,small intestine,2022,2
AT,spinal cord,2015,2
AT,spinal cord,2016,1
AT,spinal cord,2017,3
AT,spinal cord,2018,6
AT,spinal cord,2019,5
AT,spinal cord,2020,10
AT,spinal cord,2021,14
AT,spinal cord,2022,18
AT,spinal cord,2023,2
AT,spleen,2016,1
AT,spleen,2017,3
AT,spleen,2018,5
AT,spleen,2019,7
AT,spleen,2020,4
AT,spleen,2021,7
AT,spleen,2022,3
AT,thymus,2016,1
AT,thymus,2018,1
AT,thymus,2019,2
AT,thymus,2020,3
AT,thymus,2021,5
AT,thymus,2022,3
AT,trachea,2016,2
AT,trachea,2017,2
AT,trachea,2018,1
AT,trachea,2019,1
AT,trachea,2020,5
AT,trachea,2021,5
AT,trachea,2022,1
AT,trachea,2023,2
AT,ureter,2016,1
AT,ureter,2017,1
AT,ureter,2018,1
AT,ureter,2020,4
AT,ureter,2021,7
AT,ureter,2022,10
AT,ureter,2023,3
AT,urinary bladder,2017,2
AT,urinary bladder,2018,7
AT,urinary bladder,2019,5
AT,urinary bladder,2020,7
AT,urinary bladder,2021,14
AT,urinary bladder,2022,22
AT,urinary bladder,2023,7
AT,uterus,2018,2
AT,uterus,2019,5
AT,uterus,2020,2
AT,uterus,2021,2
AT,uterus,2022,3
AU,blood vasculature,2018,2
AU,blood vasculature,2023,1
AU,bone marrow,2014,1
AU,bone marrow,2015,1
AU,bone marrow,2016,12
AU,bone marrow,2017,15
AU,bone marrow,2018,32
AU,bone marrow,2019,33
AU,bone marrow,2020,32
AU,bone marrow,2021,35
AU,bone marrow,2022,35
AU,bone marrow,2023,3
AU,brain,2004,1
AU,brain,2006,1
AU,brain,2013,3
AU,brain,2014,9
AU,brain,2015,34
AU,brain,2016,68
AU,brain,2017,168
AU,brain,2018,312
AU,brain,2019,420
AU,brain,2020,447
AU,brain,2021,560
AU,brain,2022,690
AU,brain,2023,145
AU,eye,2013,1
AU,eye,2014,2
AU,eye,2015,3
AU,eye,2016,10
AU,eye,2017,44
AU,eye,2018,76
AU,eye,2019,113
AU,eye,2020,133
AU,eye,2021,142
AU,eye,2022,173
AU,eye,2023,40
AU,fallopian tube,2017,2
AU,fallopian tube,2019,1
AU,fallopian tube,2020,5
AU,fallopian tube,2021,7
AU,fallopian tube,2022,6
AU,heart,2014,3
AU,heart,2015,16
AU,heart,2016,36
AU,heart,2017,99
AU,heart,2018,164
AU,heart,2019,252
AU,heart,2020,271
AU,heart,2021,350
AU,heart,2022,414
AU,heart,2023,86
AU,kidney,2014,2
AU,kidney,2015,4
AU,kidney,2016,27
AU,kidney,2017,66
AU,kidney,2018,122
AU,kidney,2019,216
AU,kidney,2020,248
AU,kidney,2021,285
AU,kidney,2022,305
AU,kidney,2023,62
AU,knee,2009,1
AU,knee,2015,5
AU,knee,2016,17
AU,knee,2017,28
AU,knee,2018,50
AU,knee,2019,92
AU,knee,2020,112
AU,knee,2021,121
AU,knee,2022,184
AU,knee,2023,41
AU,large intestine,2018,1
AU,large intestine,2019,2
AU,large intestine,2020,1
AU,large intestine,2021,6
AU,large intestine,2022,2
AU,liver,2013,1
AU,liver,2015,24
AU,liver,2016,64
AU,liver,2017,186
AU,liver,2018,430
AU,liver,2019,525
AU,liver,2020,712
AU,liver,2021,876
AU,liver,2022,994
AU,liver,2023,215
AU,lung,2015,14
AU,lung,2016,43
AU,lung,2017,87
AU,lung,2018,156
AU,lung,2019,261
AU,lung,2020,287
AU,lung,2021,368
AU,lung,2022,322
AU,lung,2023,75
AU,lymph node,2016,6
AU,lymph node,2017,20
AU,lymph node,2018,26
AU,lymph node,2019,33
AU,lymph node,2020,46
AU,lymph node,2021,48
AU,lymph node,2022,60
AU,lymph node,2023,14
AU,lymph vasculature,2018,2
AU,lymph vasculature,2021,1
AU,lymph vasculature,2023,2
AU,muscular system,2017,1
AU,muscular system,2018,3
AU,muscular system,2019,2
AU,muscular system,2020,3
AU,muscular system,2021,3
AU,muscular system,2022,9
AU,ovary,2015,1
AU,ovary,2016,4
AU,ovary,2017,10
AU,ovary,2018,16
AU,ovary,2019,40
AU,ovary,2020,36
AU,ovary,2021,39
AU,ovary,2022,54
AU,ovary,2023,11
AU,pancreas,2016,3
AU,pancreas,2017,4
AU,pancreas,2018,8
AU,pancreas,2019,7
AU,pancreas,2020,20
AU,pancreas,2021,13
AU,pancreas,2022,16
AU,pancreas,2023,6
AU,pelvis,2016,1
AU,pelvis,2017,1
AU,pelvis,2018,7
AU,pelvis,2019,4
AU,pelvis,2020,21
AU,pelvis,2021,7
AU,pelvis,2022,25
AU,pelvis,2023,3
AU,peripheral nervous system,2017,2
AU,peripheral nervous system,2018,9
AU,peripheral nervous system,2019,12
AU,peripheral nervous system,2020,9
AU,peripheral nervous system,2021,22
AU,peripheral nervous system,2022,20
AU,peripheral nervous system,2023,4
AU,placenta,2015,4
AU,placenta,2016,6
AU,placenta,2017,26
AU,placenta,2018,31
AU,placenta,2019,38
AU,placenta,2020,48
AU,placenta,2021,60
AU,placenta,2022,78
AU,placenta,2023,15
AU,prostate,2015,1
AU,prostate,2016,8
AU,prostate,2017,41
AU,prostate,2018,82
AU,prostate,2019,115
AU,prostate,2020,132
AU,prostate,2021,178
AU,prostate,2022,172
AU,prostate,2023,53
AU,skeletal,2014,3
AU,skeletal,2015,14
AU,skeletal,2016,21
AU,skeletal,2017,96
AU,skeletal,2018,169
AU,skeletal,2019,186
AU,skeletal,2020,211
AU,skeletal,2021,253
AU,skeletal,2022,256
AU,skeletal,2023,57
AU,skin,2014,3
AU,skin,2015,11
AU,skin,2016,21
AU,skin,2017,81
AU,skin,2018,172
AU,skin,2019,223
AU,skin,2020,285
AU,skin,2021,300
AU,skin,2022,285
AU,skin,2023,66
AU,small intestine,2016,2
AU,small intestine,2017,6
AU,small intestine,2018,11
AU,small intestine,2019,16
AU,small intestine,2020,23
AU,small intestine,2021,10
AU,small intestine,2022,20
AU,small intestine,2023,3
AU,spinal cord,2011,1
AU,spinal cord,2014,1
AU,spinal cord,2015,7
AU,spinal cord,2016,7
AU,spinal cord,2017,21
AU,spinal cord,2018,35
AU,spinal cord,2019,54
AU,spinal cord,2020,49
AU,spinal cord,2021,72
AU,spinal cord,2022,89
AU,spinal cord,2023,15
AU,spleen,2014,1
AU,spleen,2015,1
AU,spleen,2016,1
AU,spleen,2017,11
AU,spleen,2018,13
AU,spleen,2019,14
AU,spleen,2020,21
AU,spleen,2021,23
AU,spleen,2022,9
AU,spleen,2023,1
AU,thymus,2016,4
AU,thymus,2017,3
AU,thymus,2018,6
AU,thymus,2019,5
AU,thymus,2020,7
AU,thymus,2021,4
AU,thymus,2022,5
AU,thymus,2023,1
AU,trachea,2015,1
AU,trachea,2016,3
AU,trachea,2017,10
AU,trachea,2018,15
AU,trachea,2019,22
AU,trachea,2020,30
AU,trachea,2021,31
AU,trachea,2022,30
AU,trachea,2023,9
AU,ureter,2016,1
AU,ureter,2017,5
AU,ureter,2018,5
AU,ureter,2019,10
AU,ureter,2020,8
AU,ureter,2021,13
AU,ureter,2022,16
AU,ureter,2023,6
AU,urinary bladder,2015,1
AU,urinary bladder,2016,1
AU,urinary bladder,2017,6
AU,urinary bladder,2018,23
AU,urinary bladder,2019,21
AU,urinary bladder,2020,18
AU,urinary bladder,2021,39
AU,urinary bladder,2022,47
AU,urinary bladder,2023,11
AU,uterus,2016,1
AU,uterus,2017,4
AU,uterus,2018,3
AU,uterus,2019,8
AU,uterus,2020,14
AU,uterus,2021,16
AU,uterus,2022,12
AU,uterus,2023,1
AZ,brain,2017,3
AZ,brain,2018,1
AZ,brain,2019,2
AZ,brain,2020,4
AZ,brain,2021,2
AZ,brain,2022,9
AZ,brain,2023,2
AZ,eye,2015,1
AZ,eye,2018,1
AZ,eye,2019,4
AZ,eye,2021,1
AZ,eye,2022,1
AZ,heart,2019,3
AZ,heart,2022,1
AZ,kidney,2019,1
AZ,kidney,2021,6
AZ,knee,2022,1
AZ,liver,2019,1
AZ,liver,2020,2
AZ,liver,2021,2
AZ,liver,2022,4
AZ,liver,2023,1
AZ,lung,2022,1
AZ,lymph node,2019,1
AZ,pancreas,2019,1
AZ,pancreas,2020,2
AZ,placenta,2020,1
AZ,placenta,2021,2
AZ,placenta,2022,1
AZ,prostate,2019,1
AZ,skeletal,2018,1
AZ,skeletal,2020,1
AZ,skeletal,2021,3
AZ,skeletal,2022,1
AZ,skin,2018,1
AZ,skin,2019,2
AZ,skin,2022,1
AZ,spinal cord,2018,1
AZ,spinal cord,2019,1
AZ,spinal cord,2020,3
AZ,spinal cord,2021,5
AZ,spinal cord,2022,2
AZ,spleen,2021,1
AZ,thymus,2022,1
AZ,trachea,2021,1
AZ,urinary bladder,2018,2
AZ,urinary bladder,2019,2
AZ,urinary bladder,2020,4
AZ,urinary bladder,2021,6
AZ,urinary bladder,2022,6
AZ,urinary bladder,2023,1
BA,bone marrow,2021,1
BA,brain,2017,2
BA,brain,2019,1
BA,brain,2021,1
BA,brain,2022,1
BA,brain,2023,1
BA,eye,2022,1
BA,heart,2020,1
BA,heart,2022,2
BA,heart,2023,1
BA,kidney,2018,1
BA,kidney,2019,2
BA,kidney,2020,1
BA,kidney,2021,3
BA,kidney,2022,3
BA,kidney,2023,1
BA,knee,2022,1
BA,liver,2016,1
BA,liver,2018,2
BA,liver,2019,1
BA,liver,2020,4
BA,liver,2021,7
BA,liver,2022,9
BA,liver,2023,1
BA,lung,2018,1
BA,lung,2021,2
BA,lung,2022,2
BA,ovary,2021,2
BA,pancreas,2022,1
BA,placenta,2022,1
BA,placenta,2023,1
BA,skeletal,2020,2
BA,skeletal,2022,4
BA,skeletal,2023,1
BA,skin,2020,1
BA,skin,2021,1
BA,skin,2022,1
BA,spleen,2020,1
BA,urinary bladder,2020,1
BA,uterus,2020,1
BA,uterus,2023,1
BB,heart,2016,1
BB,heart,2019,1
BB,heart,2022,1
BB,kidney,2020,1
BB,liver,2019,1
BB,liver,2022,3
BB,pancreas,2020,1
BB,prostate,2022,1
BB,skin,2017,1
BB,skin,2020,1
BB,skin,2022,1
BD,bone marrow,2018,1
BD,bone marrow,2019,1
BD,bone marrow,2020,2
BD,bone marrow,2021,2
BD,brain,2017,6
BD,brain,2018,3
BD,brain,2019,4
BD,brain,2020,15
BD,brain,2021,17
BD,brain,2022,34
BD,brain,2023,5
BD,eye,2018,3
BD,eye,2019,5
BD,eye,2020,3
BD,eye,2021,1
BD,eye,2022,6
BD,eye,2023,3
BD,heart,2018,5
BD,heart,2019,7
BD,heart,2020,4
BD,heart,2021,16
BD,heart,2022,13
BD,heart,2023,3
BD,kidney,2017,1
BD,kidney,2018,3
BD,kidney,2019,3
BD,kidney,2020,5
BD,kidney,2021,15
BD,kidney,2022,11
BD,kidney,2023,1
BD,knee,2019,2
BD,knee,2021,2
BD,knee,2022,6
BD,knee,2023,1
BD,liver,2017,8
BD,liver,2018,17
BD,liver,2019,19
BD,liver,2020,34
BD,liver,2021,43
BD,liver,2022,63
BD,liver,2023,7
BD,lung,2017,1
BD,lung,2018,4
BD,lung,2019,4
BD,lung,2020,11
BD,lung,2021,7
BD,lung,2022,18
BD,lung,2023,6
BD,lymph node,2020,1
BD,main bronchus,2019,1
BD,ovary,2019,2
BD,ovary,2020,1
BD,ovary,2022,1
BD,pancreas,2019,1
BD,pancreas,2021,2
BD,pancreas,2022,1
BD,pelvis,2020,1
BD,peripheral nervous system,2016,1
BD,peripheral nervous system,2018,1
BD,peripheral nervous system,2021,1
BD,placenta,2022,2
BD,prostate,2018,1
BD,prostate,2019,1
BD,prostate,2022,3
BD,prostate,2023,1
BD,skeletal,2017,1
BD,skeletal,2018,1
BD,skeletal,2020,5
BD,skeletal,2021,3
BD,skeletal,2022,6
BD,skeletal,2023,1
BD,skin,2018,1
BD,skin,2019,2
BD,skin,2020,4
BD,skin,2021,9
BD,skin,2022,14
BD,skin,2023,2
BD,small intestine,2017,1
BD,small intestine,2019,1
BD,small intestine,2023,1
BD,spinal cord,2018,2
BD,spinal cord,2020,3
BD,spinal cord,2021,3
BD,spinal cord,2022,6
BD,spinal cord,2023,2
BD,spleen,2017,1
BD,spleen,2018,2
BD,spleen,2019,1
BD,spleen,2020,1
BD,spleen,2021,1
BD,spleen,2022,2
BD,ureter,2020,1
BD,urinary bladder,2020,1
BD,urinary bladder,2022,1
BE,bone marrow,2016,1
BE,bone marrow,2017,5
BE,bone marrow,2018,7
BE,bone marrow,2019,9
BE,bone marrow,2020,20
BE,bone marrow,2021,13
BE,bone marrow,2022,4
BE,bone marrow,2023,1
BE,brain,2003,1
BE,brain,2014,3
BE,brain,2015,9
BE,brain,2016,25
BE,brain,2017,53
BE,brain,2018,112
BE,brain,2019,126
BE,brain,2020,157
BE,brain,2021,188
BE,brain,2022,219
BE,brain,2023,48
BE,eye,2015,2
BE,eye,2016,5
BE,eye,2017,12
BE,eye,2018,10
BE,eye,2019,16
BE,eye,2020,14
BE,eye,2021,33
BE,eye,2022,41
BE,eye,2023,18
BE,fallopian tube,2020,2
BE,fallopian tube,2021,2
BE,fallopian tube,2022,1
BE,heart,2015,3
BE,heart,2016,12
BE,heart,2017,32
BE,heart,2018,46
BE,heart,2019,83
BE,heart,2020,106
BE,heart,2021,164
BE,heart,2022,186
BE,heart,2023,40
BE,kidney,2014,2
BE,kidney,2015,3
BE,kidney,2016,8
BE,kidney,2017,25
BE,kidney,2018,42
BE,kidney,2019,41
BE,kidney,2020,84
BE,kidney,2021,102
BE,kidney,2022,112
BE,kidney,2023,21
BE,knee,2016,3
BE,knee,2017,7
BE,knee,2018,7
BE,knee,2019,16
BE,knee,2020,24
BE,knee,2021,28
BE,knee,2022,40
BE,knee,2023,7
BE,large intestine,2016,1
BE,large intestine,2019,2
BE,liver,2014,2
BE,liver,2015,3
BE,liver,2016,13
BE,liver,2017,41
BE,liver,2018,79
BE,liver,2019,106
BE,liver,2020,162
BE,liver,2021,193
BE,liver,2022,187
BE,liver,2023,52
BE,lung,2014,1
BE,lung,2016,10
BE,lung,2017,37
BE,lung,2018,30
BE,lung,2019,62
BE,lung,2020,90
BE,lung,2021,133
BE,lung,2022,148
BE,lung,2023,22
BE,lymph node,2014,1
BE,lymph node,2015,1
BE,lymph node,2016,3
BE,lymph node,2017,5
BE,lymph node,2018,12
BE,lymph node,2019,9
BE,lymph node,2020,17
BE,lymph node,2021,23
BE,lymph node,2022,17
BE,lymph node,2023,4
BE,muscular system,2019,1
BE,muscular system,2022,1
BE,ovary,2015,1
BE,ovary,2017,1
BE,ovary,2018,1
BE,ovary,2019,8
BE,ovary,2020,8
BE,ovary,2021,13
BE,ovary,2022,7
BE,pancreas,2017,1
BE,pancreas,2018,1
BE,pancreas,2019,4
BE,pancreas,2020,9
BE,pancreas,2021,12
BE,pancreas,2022,7
BE,pancreas,2023,1
BE,pelvis,2017,1
BE,pelvis,2019,3
BE,pelvis,2020,4
BE,pelvis,2022,3
BE,pelvis,2023,1
BE,peripheral nervous system,2019,2
BE,peripheral nervous system,2020,2
BE,peripheral nervous system,2021,5
BE,peripheral nervous system,2022,1
BE,placenta,2017,3
BE,placenta,2018,9
BE,placenta,2019,9
BE,placenta,2020,12
BE,placenta,2021,20
BE,placenta,2022,14
BE,placenta,2023,7
BE,prostate,2014,2
BE,prostate,2016,2
BE,prostate,2017,3
BE,prostate,2018,14
BE,prostate,2019,21
BE,prostate,2020,29
BE,prostate,2021,46
BE,prostate,2022,45
BE,prostate,2023,12
BE,skeletal,2014,1
BE,skeletal,2015,2
BE,skeletal,2016,8
BE,skeletal,2017,11
BE,skeletal,2018,27
BE,skeletal,2019,40
BE,skeletal,2020,54
BE,skeletal,2021,71
BE,skeletal,2022,82
BE,skeletal,2023,23
BE,skin,2014,1
BE,skin,2015,5
BE,skin,2016,4
BE,skin,2017,20
BE,skin,2018,33
BE,skin,2019,48
BE,skin,2020,70
BE,skin,2021,96
BE,skin,2022,84
BE,skin,2023,25
BE,small intestine,2016,2
BE,small intestine,2017,4
BE,small intestine,2018,3
BE,small intestine,2019,6
BE,small intestine,2020,6
BE,small intestine,2021,1
BE,small intestine,2022,6
BE,small intestine,2023,2
BE,spinal cord,2015,1
BE,spinal cord,2017,5
BE,spinal cord,2018,9
BE,spinal cord,2019,6
BE,spinal cord,2020,14
BE,spinal cord,2021,24
BE,spinal cord,2022,25
BE,spinal cord,2023,5
BE,spleen,2016,3
BE,spleen,2018,2
BE,spleen,2019,5
BE,spleen,2020,4
BE,spleen,2021,5
BE,spleen,2022,2
BE,thymus,2014,1
BE,thymus,2017,3
BE,thymus,2019,3
BE,thymus,2020,3
BE,thymus,2021,5
BE,thymus,2022,5
BE,thymus,2023,3
BE,trachea,2016,3
BE,trachea,2017,4
BE,trachea,2018,5
BE,trachea,2019,3
BE,trachea,2020,4
BE,trachea,2021,9
BE,trachea,2022,11
BE,trachea,2023,1
BE,ureter,2018,2
BE,ureter,2019,1
BE,ureter,2020,2
BE,ureter,2021,5
BE,ureter,2022,3
BE,urinary bladder,2015,2
BE,urinary bladder,2016,1
BE,urinary bladder,2017,2
BE,urinary bladder,2018,5
BE,urinary bladder,2019,9
BE,urinary bladder,2020,11
BE,urinary bladder,2021,15
BE,urinary bladder,2022,16
BE,urinary bladder,2023,2
BE,uterus,2018,3
BE,uterus,2019,2
BE,uterus,2020,3
BE,uterus,2021,4
BE,uterus,2022,3
BF,brain,2017,1
BF,heart,2021,2
BF,heart,2022,2
BF,kidney,2019,1
BF,liver,2017,3
BF,liver,2018,6
BF,liver,2019,1
BF,liver,2020,4
BF,liver,2021,5
BF,liver,2022,7
BF,liver,2023,2
BF,ovary,2018,1
BF,placenta,2018,1
BF,placenta,2021,1
BF,placenta,2022,1
BF,prostate,2017,1
BF,prostate,2018,2
BF,prostate,2020,3
BF,prostate,2021,1
BF,prostate,2022,2
BF,prostate,2023,1
BF,skin,2022,1
BF,small intestine,2022,1
BF,trachea,2021,1
BF,ureter,2021,1
BG,bone marrow,2020,1
BG,brain,2017,4
BG,brain,2018,5
BG,brain,2019,7
BG,brain,2020,11
BG,brain,2021,18
BG,brain,2022,12
BG,brain,2023,4
BG,eye,2014,1
BG,eye,2015,1
BG,eye,2017,3
BG,eye,2019,2
BG,eye,2020,1
BG,eye,2021,5
BG,eye,2022,3
BG,heart,2018,4
BG,heart,2019,1
BG,heart,2020,2
BG,heart,2021,7
BG,heart,2022,7
BG,heart,2023,2
BG,kidney,2018,1
BG,kidney,2019,2
BG,kidney,2020,6
BG,kidney,2021,5
BG,kidney,2022,6
BG,kidney,2023,1
BG,knee,2018,1
BG,knee,2019,3
BG,knee,2020,1
BG,knee,2021,1
BG,knee,2022,2
BG,large intestine,2017,1
BG,liver,2014,2
BG,liver,2018,5
BG,liver,2019,3
BG,liver,2020,10
BG,liver,2021,20
BG,liver,2022,20
BG,liver,2023,6
BG,lung,2019,1
BG,lung,2020,4
BG,lung,2021,3
BG,lung,2022,11
BG,lung,2023,1
BG,lymph node,2020,3
BG,lymph node,2022,2
BG,lymph node,2023,1
BG,ovary,2020,2
BG,ovary,2021,3
BG,ovary,2022,2
BG,pancreas,2020,1
BG,pancreas,2021,4
BG,pelvis,2021,1
BG,peripheral nervous system,2019,1
BG,placenta,2018,1
BG,placenta,2021,2
BG,placenta,2022,3
BG,placenta,2023,1
BG,prostate,2017,1
BG,prostate,2019,1
BG,prostate,2020,1
BG,prostate,2021,6
BG,prostate,2022,1
BG,prostate,2023,1
BG,skeletal,2018,1
BG,skeletal,2020,7
BG,skeletal,2021,2
BG,skeletal,2022,4
BG,skin,2016,2
BG,skin,2017,2
BG,skin,2018,2
BG,skin,2019,5
BG,skin,2020,8
BG,skin,2021,14
BG,skin,2022,8
BG,skin,2023,1
BG,small intestine,2019,1
BG,small intestine,2020,1
BG,small intestine,2022,1
BG,spinal cord,2021,1
BG,spinal cord,2022,1
BG,spleen,2019,1
BG,spleen,2020,1
BG,spleen,2021,1
BG,thymus,2022,1
BG,trachea,2020,1
BG,trachea,2022,1
BG,ureter,2019,1
BG,uterus,2018,1
BG,uterus,2020,2
BG,uterus,2022,1
BH,brain,2017,2
BH,brain,2018,4
BH,brain,2021,2
BH,brain,2022,1
BH,eye,2020,1
BH,eye,2023,1
BH,heart,2015,1
BH,heart,2016,1
BH,heart,2017,1
BH,heart,2018,1
BH,heart,2021,1
BH,heart,2023,1
BH,kidney,2016,1
BH,kidney,2017,3
BH,kidney,2018,1
BH,kidney,2019,4
BH,kidney,2021,2
BH,kidney,2022,2
BH,knee,2016,1
BH,liver,2016,1
BH,liver,2018,4
BH,liver,2019,2
BH,liver,2020,2
BH,liver,2021,4
BH,liver,2022,5
BH,liver,2023,1
BH,lung,2020,2
BH,lung,2021,2
BH,lung,2022,3
BH,ovary,2016,1
BH,ovary,2017,3
BH,ovary,2018,3
BH,ovary,2019,5
BH,ovary,2020,1
BH,ovary,2021,2
BH,ovary,2022,3
BH,ovary,2023,2
BH,pancreas,2021,1
BH,prostate,2014,1
BH,prostate,2018,1
BH,prostate,2021,1
BH,prostate,2022,1
BH,skeletal,2016,1
BH,skeletal,2019,1
BH,skeletal,2021,1
BH,skin,2019,2
BH,skin,2020,1
BH,skin,2022,2
BH,skin,2023,1
BH,spinal cord,2023,1
BH,ureter,2018,1
BH,urinary bladder,2014,1
BH,uterus,2019,1
BI,brain,2017,1
BI,brain,2019,1
BI,brain,2020,1
BI,brain,2021,1
BI,heart,2019,1
BI,liver,2022,2
BI,lung,2021,1
BI,skin,2019,1
BI,thymus,2023,1
BJ,brain,2021,1
BJ,brain,2022,2
BJ,heart,2021,2
BJ,kidney,2022,1
BJ,liver,2017,1
BJ,liver,2018,2
BJ,liver,2019,4
BJ,liver,2020,1
BJ,liver,2021,5
BJ,liver,2022,3
BJ,liver,2023,1
BJ,lung,2018,1
BJ,pelvis,2021,1
BJ,skin,2018,1
BJ,skin,2020,2
BJ,skin,2022,1
BM,brain,2019,1
BN,brain,2021,1
BN,brain,2022,1
BN,heart,2018,2
BN,heart,2023,1
BN,kidney,2017,2
BN,kidney,2018,2
BN,kidney,2019,1
BN,kidney,2020,1
BN,kidney,2021,1
BN,kidney,2022,3
BN,liver,2018,1
BN,liver,2019,1
BN,liver,2020,2
BN,liver,2022,5
BN,lung,2022,2
BN,ovary,2022,1
BN,prostate,2021,1
BN,prostate,2022,1
BN,skin,2019,1
BN,skin,2021,2
BN,skin,2022,5
BO,eye,2022,1
BO,fallopian tube,2016,1
BO,kidney,2019,1
BO,kidney,2021,5
BO,kidney,2022,4
BO,knee,2023,1
BO,liver,2017,1
BO,liver,2018,1
BO,liver,2019,1
BO,liver,2020,1
BO,liver,2021,2
BO,liver,2022,2
BO,liver,2023,1
BO,lung,2018,1
BO,lung,2019,1
BO,placenta,2022,3
BR,bone marrow,2014,1
BR,bone marrow,2016,3
BR,bone marrow,2017,11
BR,bone marrow,2018,28
BR,bone marrow,2019,40
BR,bone marrow,2020,34
BR,bone marrow,2021,41
BR,bone marrow,2022,33
BR,bone marrow,2023,5
BR,brain,2013,1
BR,brain,2014,1
BR,brain,2015,2
BR,brain,2016,24
BR,brain,2017,63
BR,brain,2018,138
BR,brain,2019,239
BR,brain,2020,249
BR,brain,2021,328
BR,brain,2022,266
BR,brain,2023,70
BR,eye,2014,1
BR,eye,2015,1
BR,eye,2016,6
BR,eye,2017,10
BR,eye,2018,20
BR,eye,2019,36
BR,eye,2020,63
BR,eye,2021,67
BR,eye,2022,90
BR,eye,2023,12
BR,fallopian tube,2018,1
BR,fallopian tube,2019,3
BR,fallopian tube,2020,1
BR,fallopian tube,2021,1
BR,fallopian tube,2022,4
BR,heart,2014,7
BR,heart,2015,2
BR,heart,2016,17
BR,heart,2017,68
BR,heart,2018,111
BR,heart,2019,252
BR,heart,2020,298
BR,heart,2021,388
BR,heart,2022,359
BR,heart,2023,55
BR,kidney,2014,4
BR,kidney,2015,2
BR,kidney,2016,10
BR,kidney,2017,35
BR,kidney,2018,96
BR,kidney,2019,176
BR,kidney,2020,218
BR,kidney,2021,219
BR,kidney,2022,220
BR,kidney,2023,38
BR,knee,2015,1
BR,knee,2016,2
BR,knee,2017,6
BR,knee,2018,16
BR,knee,2019,39
BR,knee,2020,50
BR,knee,2021,53
BR,knee,2022,80
BR,knee,2023,9
BR,large intestine,2021,1
BR,large intestine,2022,1
BR,liver,2014,4
BR,liver,2015,6
BR,liver,2016,24
BR,liver,2017,78
BR,liver,2018,182
BR,liver,2019,320
BR,liver,2020,419
BR,liver,2021,493
BR,liver,2022,483
BR,liver,2023,98
BR,lung,2014,2
BR,lung,2015,3
BR,lung,2016,12
BR,lung,2017,46
BR,lung,2018,61
BR,lung,2019,145
BR,lung,2020,181
BR,lung,2021,206
BR,lung,2022,214
BR,lung,2023,40
BR,lymph node,2016,1
BR,lymph node,2017,6
BR,lymph node,2018,11
BR,lymph node,2019,18
BR,lymph node,2020,44
BR,lymph node,2021,54
BR,lymph node,2022,27
BR,lymph node,2023,1
BR,muscular system,2016,1
BR,muscular system,2018,1
BR,muscular system,2019,5
BR,muscular system,2020,2
BR,muscular system,2021,7
BR,muscular system,2022,10
BR,ovary,2015,4
BR,ovary,2016,2
BR,ovary,2017,11
BR,ovary,2018,20
BR,ovary,2019,34
BR,ovary,2020,30
BR,ovary,2021,34
BR,ovary,2022,41
BR,ovary,2023,6
BR,pancreas,2016,1
BR,pancreas,2017,3
BR,pancreas,2018,10
BR,pancreas,2019,12
BR,pancreas,2020,14
BR,pancreas,2021,14
BR,pancreas,2022,11
BR,pancreas,2023,1
BR,pelvis,2017,2
BR,pelvis,2018,3
BR,pelvis,2019,3
BR,pelvis,2020,6
BR,pelvis,2021,4
BR,pelvis,2022,8
BR,pelvis,2023,2
BR,peripheral nervous system,2016,2
BR,peripheral nervous system,2017,4
BR,peripheral nervous system,2018,3
BR,peripheral nervous system,2019,5
BR,peripheral nervous system,2020,5
BR,peripheral nervous system,2021,11
BR,peripheral nervous system,2022,9
BR,peripheral nervous system,2023,1
BR,placenta,2015,2
BR,placenta,2017,8
BR,placenta,2018,12
BR,placenta,2019,18
BR,placenta,2020,31
BR,placenta,2021,33
BR,placenta,2022,49
BR,placenta,2023,7
BR,prostate,2015,1
BR,prostate,2016,2
BR,prostate,2017,8
BR,prostate,2018,30
BR,prostate,2019,35
BR,prostate,2020,51
BR,prostate,2021,73
BR,prostate,2022,65
BR,prostate,2023,16
BR,skeletal,2014,1
BR,skeletal,2015,2
BR,skeletal,2016,14
BR,skeletal,2017,45
BR,skeletal,2018,98
BR,skeletal,2019,139
BR,skeletal,2020,172
BR,skeletal,2021,222
BR,skeletal,2022,187
BR,skeletal,2023,53
BR,skin,2014,4
BR,skin,2015,5
BR,skin,2016,9
BR,skin,2017,49
BR,skin,2018,96
BR,skin,2019,161
BR,skin,2020,197
BR,skin,2021,233
BR,skin,2022,250
BR,skin,2023,52
BR,small intestine,2017,1
BR,small intestine,2018,1
BR,small intestine,2019,7
BR,small intestine,2020,5
BR,small intestine,2021,7
BR,small intestine,2022,3
BR,small intestine,2023,1
BR,spinal cord,2015,1
BR,spinal cord,2016,3
BR,spinal cord,2017,5
BR,spinal cord,2018,18
BR,spinal cord,2019,30
BR,spinal cord,2020,39
BR,spinal cord,2021,41
BR,spinal cord,2022,44
BR,spinal cord,2023,11
BR,spleen,2014,2
BR,spleen,2016,2
BR,spleen,2017,4
BR,spleen,2018,13
BR,spleen,2019,18
BR,spleen,2020,20
BR,spleen,2021,19
BR,spleen,2022,13
BR,spleen,2023,2
BR,thymus,2016,1
BR,thymus,2017,3
BR,thymus,2018,6
BR,thymus,2019,6
BR,thymus,2020,13
BR,thymus,2021,7
BR,thymus,2022,6
BR,thymus,2023,2
BR,trachea,2017,4
BR,trachea,2018,8
BR,trachea,2019,11
BR,trachea,2020,16
BR,trachea,2021,15
BR,trachea,2022,19
BR,trachea,2023,2
BR,ureter,2017,1
BR,ureter,2019,4
BR,ureter,2020,7
BR,ureter,2021,6
BR,ureter,2022,7
BR,ureter,2023,1
BR,urinary bladder,2014,1
BR,urinary bladder,2016,1
BR,urinary bladder,2017,2
BR,urinary bladder,2018,18
BR,urinary bladder,2019,18
BR,urinary bladder,2020,22
BR,urinary bladder,2021,23
BR,urinary bladder,2022,27
BR,urinary bladder,2023,6
BR,uterus,2016,1
BR,uterus,2017,2
BR,uterus,2018,7
BR,uterus,2019,10
BR,uterus,2020,16
BR,uterus,2021,17
BR,uterus,2022,10
BR,uterus,2023,1
BS,liver,2021,1
BS,prostate,2017,1
BS,prostate,2022,1
BT,liver,2019,1
BT,liver,2021,3
BT,liver,2023,1
BT,ovary,2022,1
BT,uterus,2022,1
BW,brain,2020,2
BW,brain,2022,2
BW,eye,2020,1
BW,heart,2022,3
BW,liver,2017,1
BW,liver,2019,1
BW,liver,2020,2
BW,liver,2021,6
BW,liver,2022,1
BW,liver,2023,1
BW,lung,2019,1
BW,lung,2021,1
BW,lung,2022,1
BW,placenta,2023,1
BW,prostate,2020,1
BW,skin,2017,1
BW,skin,2021,1
BW,spinal cord,2019,1
BW,spleen,2020,1
BY,brain,2014,1
BY,brain,2017,1
BY,brain,2018,3
BY,brain,2019,1
BY,brain,2020,4
BY,brain,2021,7
BY,brain,2022,6
BY,brain,2023,2
BY,heart,2019,1
BY,heart,2020,1
BY,heart,2022,1
BY,kidney,2020,1
BY,kidney,2021,1
BY,liver,2017,1
BY,liver,2018,1
BY,liver,2019,3
BY,liver,2020,1
BY,liver,2021,7
BY,liver,2022,4
BY,liver,2023,3
BY,lung,2019,3
BY,lung,2020,2
BY,lung,2021,2
BY,lung,2022,4
BY,lung,2023,1
BY,lymph node,2020,2
BY,pancreas,2020,1
BY,pelvis,2020,1
BY,pelvis,2021,1
BY,prostate,2022,2
BY,skeletal,2020,1
BY,skin,2018,2
BY,skin,2020,1
BY,skin,2022,4
BY,spleen,2020,1
BY,spleen,2021,1
BY,thymus,2021,2
BY,trachea,2019,1
CA,blood vasculature,2016,1
CA,blood vasculature,2018,1
CA,blood vasculature,2020,1
CA,blood vasculature,2021,3
CA,bone marrow,2014,2
CA,bone marrow,2015,1
CA,bone marrow,2016,6
CA,bone marrow,2017,14
CA,bone marrow,2018,25
CA,bone marrow,2019,25
CA,bone marrow,2020,32
CA,bone marrow,2021,46
CA,bone marrow,2022,36
CA,bone marrow,2023,10
CA,brain,1984,1
CA,brain,1990,1
CA,brain,2011,1
CA,brain,2013,1
CA,brain,2014,12
CA,brain,2015,23
CA,brain,2016,96
CA,brain,2017,246
CA,brain,2018,389
CA,brain,2019,526
CA,brain,2020,630
CA,brain,2021,870
CA,brain,2022,895
CA,brain,2023,197
CA,eye,2014,3
CA,eye,2015,5
CA,eye,2016,10
CA,eye,2017,33
CA,eye,2018,49
CA,eye,2019,57
CA,eye,2020,86
CA,eye,2021,89
CA,eye,2022,106
CA,eye,2023,27
CA,fallopian tube,2016,1
CA,fallopian tube,2018,1
CA,fallopian tube,2019,3
CA,fallopian tube,2020,1
CA,fallopian tube,2021,5
CA,fallopian tube,2022,4
CA,heart,2014,1
CA,heart,2015,15
CA,heart,2016,30
CA,heart,2017,95
CA,heart,2018,182
CA,heart,2019,253
CA,heart,2020,314
CA,heart,2021,445
CA,heart,2022,540
CA,heart,2023,121
CA,kidney,2014,2
CA,kidney,2015,3
CA,kidney,2016,23
CA,kidney,2017,58
CA,kidney,2018,142
CA,kidney,2019,204
CA,kidney,2020,228
CA,kidney,2021,315
CA,kidney,2022,333
CA,kidney,2023,63
CA,knee,2014,3
CA,knee,2015,3
CA,knee,2016,8
CA,knee,2017,22
CA,knee,2018,44
CA,knee,2019,53
CA,knee,2020,71
CA,knee,2021,107
CA,knee,2022,137
CA,knee,2023,28
CA,large intestine,2020,1
CA,large intestine,2021,2
CA,large intestine,2022,2
CA,liver,2014,5
CA,liver,2015,17
CA,liver,2016,45
CA,liver,2017,164
CA,liver,2018,326
CA,liver,2019,417
CA,liver,2020,554
CA,liver,2021,742
CA,liver,2022,859
CA,liver,2023,200
CA,lung,2014,2
CA,lung,2015,9
CA,lung,2016,22
CA,lung,2017,82
CA,lung,2018,133
CA,lung,2019,214
CA,lung,2020,283
CA,lung,2021,405
CA,lung,2022,385
CA,lung,2023,97
CA,lymph node,2016,2
CA,lymph node,2017,7
CA,lymph node,2018,23
CA,lymph node,2019,19
CA,lymph node,2020,29
CA,lymph node,2021,31
CA,lymph node,2022,40
CA,lymph node,2023,7
CA,main bronchus,2021,1
CA,muscular system,2018,2
CA,muscular system,2019,1
CA,muscular system,2020,3
CA,muscular system,2021,6
CA,muscular system,2022,6
CA,ovary,2014,1
CA,ovary,2015,1
CA,ovary,2016,1
CA,ovary,2017,8
CA,ovary,2018,12
CA,ovary,2019,20
CA,ovary,2020,17
CA,ovary,2021,31
CA,ovary,2022,17
CA,ovary,2023,4
CA,pancreas,2016,2
CA,pancreas,2017,5
CA,pancreas,2018,10
CA,pancreas,2019,16
CA,pancreas,2020,15
CA,pancreas,2021,30
CA,pancreas,2022,19
CA,pancreas,2023,4
CA,pelvis,2016,1
CA,pelvis,2017,3
CA,pelvis,2018,10
CA,pelvis,2019,4
CA,pelvis,2020,9
CA,pelvis,2021,15
CA,pelvis,2022,19
CA,pelvis,2023,2
CA,peripheral nervous system,2017,2
CA,peripheral nervous system,2018,4
CA,peripheral nervous system,2019,6
CA,peripheral nervous system,2020,9
CA,peripheral nervous system,2021,2
CA,peripheral nervous system,2022,8
CA,peripheral nervous system,2023,2
CA,placenta,2014,1
CA,placenta,2016,3
CA,placenta,2017,20
CA,placenta,2018,23
CA,placenta,2019,26
CA,placenta,2020,36
CA,placenta,2021,51
CA,placenta,2022,69
CA,placenta,2023,16
CA,prostate,2015,2
CA,prostate,2016,9
CA,prostate,2017,20
CA,prostate,2018,49
CA,prostate,2019,84
CA,prostate,2020,111
CA,prostate,2021,180
CA,prostate,2022,190
CA,prostate,2023,43
CA,skeletal,2014,2
CA,skeletal,2015,7
CA,skeletal,2016,24
CA,skeletal,2017,102
CA,skeletal,2018,130
CA,skeletal,2019,193
CA,skeletal,2020,231
CA,skeletal,2021,270
CA,skeletal,2022,299
CA,skeletal,2023,77
CA,skin,1990,1
CA,skin,2006,1
CA,skin,2014,2
CA,skin,2015,3
CA,skin,2016,7
CA,skin,2017,53
CA,skin,2018,82
CA,skin,2019,104
CA,skin,2020,147
CA,skin,2021,212
CA,skin,2022,183
CA,skin,2023,51
CA,small intestine,2016,3
CA,small intestine,2017,2
CA,small intestine,2018,6
CA,small intestine,2019,6
CA,small intestine,2020,11
CA,small intestine,2021,12
CA,small intestine,2022,6
CA,small intestine,2023,4
CA,spinal cord,2013,1
CA,spinal cord,2014,4
CA,spinal cord,2015,12
CA,spinal cord,2016,15
CA,spinal cord,2017,41
CA,spinal cord,2018,68
CA,spinal cord,2019,105
CA,spinal cord,2020,100
CA,spinal cord,2021,160
CA,spinal cord,2022,116
CA,spinal cord,2023,36
CA,spleen,2016,1
CA,spleen,2017,8
CA,spleen,2018,10
CA,spleen,2019,13
CA,spleen,2020,12
CA,spleen,2021,8
CA,spleen,2022,6
CA,thymus,2015,1
CA,thymus,2016,1
CA,thymus,2017,3
CA,thymus,2018,3
CA,thymus,2019,11
CA,thymus,2020,9
CA,thymus,2021,12
CA,thymus,2022,8
CA,thymus,2023,1
CA,trachea,2015,1
CA,trachea,2016,4
CA,trachea,2017,9
CA,trachea,2018,12
CA,trachea,2019,14
CA,trachea,2020,28
CA,trachea,2021,38
CA,trachea,2022,36
CA,trachea,2023,11
CA,ureter,2016,2
CA,ureter,2017,4
CA,ureter,2018,4
CA,ureter,2019,6
CA,ureter,2020,12
CA,ureter,2021,17
CA,ureter,2022,22
CA,ureter,2023,5
CA,urinary bladder,2015,1
CA,urinary bladder,2016,2
CA,urinary bladder,2017,7
CA,urinary bladder,2018,26
CA,urinary bladder,2019,28
CA,urinary bladder,2020,35
CA,urinary bladder,2021,39
CA,urinary bladder,2022,53
CA,urinary bladder,2023,7
CA,uterus,2016,1
CA,uterus,2017,3
CA,uterus,2018,4
CA,uterus,2019,4
CA,uterus,2020,11
CA,uterus,2021,3
CA,uterus,2022,8
CD,brain,2017,1
CD,brain,2018,1
CD,brain,2022,1
CD,eye,2021,1
CD,eye,2022,1
CD,heart,2022,2
CD,kidney,2017,1
CD,kidney,2020,1
CD,kidney,2022,2
CD,knee,2018,1
CD,liver,2019,1
CD,liver,2020,5
CD,liver,2021,9
CD,liver,2022,3
CD,liver,2023,3
CD,lung,2017,1
CD,placenta,2021,1
CD,prostate,2019,1
CD,prostate,2020,1
CD,skeletal,2020,1
CD,skeletal,2022,1
CD,skin,2020,1
CD,skin,2021,2
CD,skin,2023,1
CD,spinal cord,2022,1
CD,spleen,2019,1
CF,liver,2021,1
CG,heart,2019,1
CG,liver,2016,1
CG,liver,2018,1
CG,liver,2021,5
CG,liver,2022,3
CG,lymph node,2021,1
CG,skin,2021,1
CG,skin,2022,1
CH,blood vasculature,2023,1
CH,bone marrow,2015,1
CH,bone marrow,2016,4
CH,bone marrow,2017,9
CH,bone marrow,2018,21
CH,bone marrow,2019,21
CH,bone marrow,2020,23
CH,bone marrow,2021,24
CH,bone marrow,2022,16
CH,bone marrow,2023,1
CH,brain,2013,1
CH,brain,2014,7
CH,brain,2015,15
CH,brain,2016,42
CH,brain,2017,108
CH,brain,2018,189
CH,brain,2019,232
CH,brain,2020,294
CH,brain,2021,351
CH,brain,2022,397
CH,brain,2023,93
CH,eye,2014,1
CH,eye,2015,1
CH,eye,2016,8
CH,eye,2017,7
CH,eye,2018,26
CH,eye,2019,38
CH,eye,2020,40
CH,eye,2021,59
CH,eye,2022,43
CH,eye,2023,13
CH,fallopian tube,2019,1
CH,fallopian tube,2020,1
CH,fallopian tube,2021,1
CH,heart,2014,1
CH,heart,2016,14
CH,heart,2017,30
CH,heart,2018,59
CH,heart,2019,124
CH,heart,2020,136
CH,heart,2021,213
CH,heart,2022,248
CH,heart,2023,50
CH,kidney,2015,2
CH,kidney,2016,20
CH,kidney,2017,33
CH,kidney,2018,65
CH,kidney,2019,68
CH,kidney,2020,88
CH,kidney,2021,105
CH,kidney,2022,110
CH,kidney,2023,18
CH,knee,2014,1
CH,knee,2016,4
CH,knee,2017,9
CH,knee,2018,22
CH,knee,2019,30
CH,knee,2020,44
CH,knee,2021,43
CH,knee,2022,80
CH,knee,2023,22
CH,large intestine,2019,1
CH,large intestine,2021,1
CH,liver,2014,2
CH,liver,2015,6
CH,liver,2016,27
CH,liver,2017,83
CH,liver,2018,127
CH,liver,2019,197
CH,liver,2020,231
CH,liver,2021,300
CH,liver,2022,313
CH,liver,2023,71
CH,lung,2014,1
CH,lung,2015,3
CH,lung,2016,15
CH,lung,2017,41
CH,lung,2018,85
CH,lung,2019,79
CH,lung,2020,143
CH,lung,2021,189
CH,lung,2022,182
CH,lung,2023,35
CH,lymph node,2014,2
CH,lymph node,2016,1
CH,lymph node,2017,17
CH,lymph node,2018,25
CH,lymph node,2019,21
CH,lymph node,2020,27
CH,lymph node,2021,45
CH,lymph node,2022,32
CH,lymph node,2023,8
CH,lymph vasculature,2018,1
CH,lymph vasculature,2023,1
CH,muscular system,2018,2
CH,muscular system,2022,7
CH,muscular system,2023,1
CH,ovary,2017,5
CH,ovary,2018,2
CH,ovary,2019,3
CH,ovary,2020,8
CH,ovary,2021,5
CH,ovary,2022,8
CH,ovary,2023,2
CH,pancreas,2015,1
CH,pancreas,2016,2
CH,pancreas,2017,5
CH,pancreas,2018,8
CH,pancreas,2019,7
CH,pancreas,2020,7
CH,pancreas,2021,15
CH,pancreas,2022,14
CH,pancreas,2023,3
CH,pelvis,2016,1
CH,pelvis,2017,1
CH,pelvis,2018,2
CH,pelvis,2019,7
CH,pelvis,2020,3
CH,pelvis,2021,13
CH,pelvis,2022,9
CH,pelvis,2023,1
CH,peripheral nervous system,2015,1
CH,peripheral nervous system,2017,1
CH,peripheral nervous system,2018,3
CH,peripheral nervous system,2019,5
CH,peripheral nervous system,2020,7
CH,peripheral nervous system,2021,4
CH,peripheral nervous system,2022,3
CH,peripheral nervous system,2023,2
CH,placenta,2014,1
CH,placenta,2016,1
CH,placenta,2017,2
CH,placenta,2018,8
CH,placenta,2019,10
CH,placenta,2020,14
CH,placenta,2021,21
CH,placenta,2022,27
CH,placenta,2023,5
CH,prostate,2015,1
CH,prostate,2016,2
CH,prostate,2017,12
CH,prostate,2018,24
CH,prostate,2019,41
CH,prostate,2020,48
CH,prostate,2021,82
CH,prostate,2022,77
CH,prostate,2023,18
CH,skeletal,2014,1
CH,skeletal,2015,5
CH,skeletal,2016,17
CH,skeletal,2017,28
CH,skeletal,2018,66
CH,skeletal,2019,57
CH,skeletal,2020,74
CH,skeletal,2021,70
CH,skeletal,2022,80
CH,skeletal,2023,25
CH,skin,1990,1
CH,skin,2014,2
CH,skin,2015,2
CH,skin,2016,12
CH,skin,2017,38
CH,skin,2018,60
CH,skin,2019,91
CH,skin,2020,115
CH,skin,2021,126
CH,skin,2022,134
CH,skin,2023,31
CH,small intestine,2017,1
CH,small intestine,2018,3
CH,small intestine,2019,2
CH,small intestine,2020,6
CH,small intestine,2021,6
CH,small intestine,2022,5
CH,spinal cord,2014,1
CH,spinal cord,2015,1
CH,spinal cord,2016,5
CH,spinal cord,2017,17
CH,spinal cord,2018,41
CH,spinal cord,2019,35
CH,spinal cord,2020,53
CH,spinal cord,2021,81
CH,spinal cord,2022,79
CH,spinal cord,2023,21
CH,spleen,2016,1
CH,spleen,2017,7
CH,spleen,2018,8
CH,spleen,2019,4
CH,spleen,2020,10
CH,spleen,2021,11
CH,spleen,2022,10
CH,thymus,2016,2
CH,thymus,2018,7
CH,thymus,2019,2
CH,thymus,2020,4
CH,thymus,2021,7
CH,thymus,2022,3
CH,trachea,2017,6
CH,trachea,2018,7
CH,trachea,2019,10
CH,trachea,2020,13
CH,trachea,2021,7
CH,trachea,2022,5
CH,trachea,2023,5
CH,ureter,2017,4
CH,ureter,2018,2
CH,ureter,2019,3
CH,ureter,2020,6
CH,ureter,2021,3
CH,ureter,2022,7
CH,ureter,2023,2
CH,urinary bladder,2016,4
CH,urinary bladder,2017,7
CH,urinary bladder,2018,23
CH,urinary bladder,2019,18
CH,urinary bladder,2020,17
CH,urinary bladder,2021,13
CH,urinary bladder,2022,25
CH,urinary bladder,2023,6
CH,uterus,2017,3
CH,uterus,2018,1
CH,uterus,2019,5
CH,uterus,2020,6
CH,uterus,2021,6
CH,uterus,2022,2
CH,uterus,2023,1
CI,heart,2019,1
CI,heart,2023,1
CI,liver,2020,2
CI,liver,2021,1
CI,liver,2022,2
CI,skin,2022,1
CL,bone marrow,2015,2
CL,bone marrow,2017,1
CL,bone marrow,2018,3
CL,bone marrow,2019,6
CL,bone marrow,2021,6
CL,bone marrow,2022,1
CL,brain,2016,8
CL,brain,2017,12
CL,brain,2018,26
CL,brain,2019,32
CL,brain,2020,34
CL,brain,2021,49
CL,brain,2022,39
CL,brain,2023,18
CL,eye,2016,1
CL,eye,2017,4
CL,eye,2018,3
CL,eye,2019,9
CL,eye,2020,5
CL,eye,2021,9
CL,eye,2022,7
CL,eye,2023,2
CL,fallopian tube,2018,1
CL,fallopian tube,2020,1
CL,heart,2015,3
CL,heart,2016,1
CL,heart,2017,11
CL,heart,2018,14
CL,heart,2019,16
CL,heart,2020,18
CL,heart,2021,26
CL,heart,2022,32
CL,heart,2023,10
CL,kidney,2016,2
CL,kidney,2017,2
CL,kidney,2018,8
CL,kidney,2019,11
CL,kidney,2020,13
CL,kidney,2021,14
CL,kidney,2022,8
CL,kidney,2023,4
CL,knee,2019,4
CL,knee,2020,5
CL,knee,2021,12
CL,knee,2022,8
CL,knee,2023,3
CL,liver,2016,2
CL,liver,2017,6
CL,liver,2018,18
CL,liver,2019,31
CL,liver,2020,57
CL,liver,2021,57
CL,liver,2022,65
CL,liver,2023,15
CL,lung,2017,2
CL,lung,2018,4
CL,lung,2019,8
CL,lung,2020,18
CL,lung,2021,16
CL,lung,2022,22
CL,lung,2023,1
CL,lymph node,2017,2
CL,lymph node,2018,1
CL,lymph node,2019,2
CL,lymph node,2020,2
CL,lymph node,2021,2
CL,lymph node,2022,2
CL,lymph vasculature,2022,1
CL,muscular system,2019,2
CL,muscular system,2020,3
CL,muscular system,2021,4
CL,muscular system,2022,1
CL,muscular system,2023,1
CL,ovary,2017,1
CL,ovary,2018,2
CL,ovary,2019,1
CL,ovary,2020,4
CL,ovary,2021,5
CL,ovary,2022,8
CL,ovary,2023,1
CL,pancreas,2020,1
CL,pancreas,2021,1
CL,pancreas,2022,1
CL,pelvis,2015,1
CL,pelvis,2018,1
CL,pelvis,2020,1
CL,placenta,2017,3
CL,placenta,2018,2
CL,placenta,2019,4
CL,placenta,2020,4
CL,placenta,2021,3
CL,placenta,2022,8
CL,prostate,2018,1
CL,prostate,2019,3
CL,prostate,2020,3
CL,prostate,2021,2
CL,prostate,2022,3
CL,skeletal,2015,1
CL,skeletal,2016,7
CL,skeletal,2017,6
CL,skeletal,2018,8
CL,skeletal,2019,16
CL,skeletal,2020,37
CL,skeletal,2021,43
CL,skeletal,2022,24
CL,skeletal,2023,12
CL,skin,2012,1
CL,skin,2016,1
CL,skin,2017,5
CL,skin,2018,10
CL,skin,2019,25
CL,skin,2020,29
CL,skin,2021,33
CL,skin,2022,26
CL,skin,2023,3
CL,small intestine,2021,1
CL,small intestine,2023,1
CL,spinal cord,2015,1
CL,spinal cord,2017,1
CL,spinal cord,2018,1
CL,spinal cord,2019,4
CL,spinal cord,2020,6
CL,spinal cord,2021,2
CL,spinal cord,2022,6
CL,spinal cord,2023,1
CL,spleen,2016,1
CL,spleen,2018,1
CL,spleen,2019,1
CL,spleen,2020,1
CL,spleen,2021,2
CL,spleen,2022,1
CL,thymus,2018,2
CL,thymus,2020,1
CL,trachea,2017,1
CL,trachea,2019,1
CL,trachea,2023,2
CL,urinary bladder,2018,1
CL,urinary bladder,2020,1
CL,urinary bladder,2021,2
CL,urinary bladder,2022,5
CL,uterus,2021,1
CL,uterus,2022,1
CM,bone marrow,2016,1
CM,bone marrow,2022,1
CM,brain,2017,1
CM,brain,2018,1
CM,brain,2020,1
CM,brain,2021,1
CM,brain,2022,1
CM,eye,2021,1
CM,heart,2017,1
CM,heart,2018,3
CM,heart,2019,2
CM,heart,2021,4
CM,heart,2022,2
CM,kidney,2018,2
CM,kidney,2019,1
CM,kidney,2020,6
CM,kidney,2021,4
CM,kidney,2022,1
CM,knee,2019,1
CM,knee,2020,2
CM,knee,2021,3
CM,liver,2016,1
CM,liver,2017,5
CM,liver,2018,6
CM,liver,2019,5
CM,liver,2020,10
CM,liver,2021,6
CM,liver,2022,9
CM,liver,2023,1
CM,lung,2019,1
CM,ovary,2021,1
CM,ovary,2022,2
CM,placenta,2019,1
CM,placenta,2022,1
CM,placenta,2023,3
CM,prostate,2019,1
CM,prostate,2020,1
CM,prostate,2022,1
CM,skeletal,2020,1
CM,skeletal,2021,3
CM,skeletal,2022,1
CM,skin,2018,1
CM,skin,2020,2
CM,skin,2021,2
CM,skin,2022,2
CM,spinal cord,2017,1
CM,spleen,2020,1
CM,thymus,2022,1
CM,urinary bladder,2019,1
CM,uterus,2017,1
CM,uterus,2018,1
CM,uterus,2019,1
CM,uterus,2020,2
CM,uterus,2021,2
CN,blood vasculature,2018,1
CN,blood vasculature,2022,2
CN,bone marrow,2014,3
CN,bone marrow,2015,3
CN,bone marrow,2016,18
CN,bone marrow,2017,68
CN,bone marrow,2018,132
CN,bone marrow,2019,199
CN,bone marrow,2020,202
CN,bone marrow,2021,227
CN,bone marrow,2022,304
CN,bone marrow,2023,74
CN,brain,2012,1
CN,brain,2014,40
CN,brain,2015,35
CN,brain,2016,134
CN,brain,2017,497
CN,brain,2018,875
CN,brain,2019,1238
CN,brain,2020,1702
CN,brain,2021,2176
CN,brain,2022,3183
CN,brain,2023,854
CN,eye,2014,7
CN,eye,2015,3
CN,eye,2016,27
CN,eye,2017,69
CN,eye,2018,132
CN,eye,2019,185
CN,eye,2020,292
CN,eye,2021,336
CN,eye,2022,535
CN,eye,2023,124
CN,fallopian tube,2014,1
CN,fallopian tube,2016,1
CN,fallopian tube,2017,3
CN,fallopian tube,2018,1
CN,fallopian tube,2019,7
CN,fallopian tube,2020,5
CN,fallopian tube,2021,8
CN,fallopian tube,2022,14
CN,fallopian tube,2023,2
CN,heart,2014,7
CN,heart,2015,6
CN,heart,2016,42
CN,heart,2017,153
CN,heart,2018,294
CN,heart,2019,514
CN,heart,2020,718
CN,heart,2021,978
CN,heart,2022,1574
CN,heart,2023,337
CN,kidney,2014,9
CN,kidney,2015,6
CN,kidney,2016,37
CN,kidney,2017,177
CN,kidney,2018,359
CN,kidney,2019,606
CN,kidney,2020,927
CN,kidney,2021,1135
CN,kidney,2022,1683
CN,kidney,2023,365
CN,knee,2014,2
CN,knee,2016,8
CN,knee,2017,29
CN,knee,2018,61
CN,knee,2019,119
CN,knee,2020,196
CN,knee,2021,264
CN,knee,2022,443
CN,knee,2023,107
CN,large intestine,2018,1
CN,large intestine,2019,3
CN,large intestine,2020,3
CN,large intestine,2021,2
CN,large intestine,2022,1
CN,large intestine,2023,1
CN,liver,2011,1
CN,liver,2012,1
CN,liver,2014,30
CN,liver,2015,20
CN,liver,2016,116
CN,liver,2017,817
CN,liver,2018,1567
CN,liver,2019,2315
CN,liver,2020,2978
CN,liver,2021,3723
CN,liver,2022,5215
CN,liver,2023,1211
CN,lung,2012,1
CN,lung,2014,9
CN,lung,2015,8
CN,lung,2016,58
CN,lung,2017,273
CN,lung,2018,650
CN,lung,2019,1046
CN,lung,2020,1651
CN,lung,2021,1984
CN,lung,2022,3234
CN,lung,2023,725
CN,lymph node,2016,9
CN,lymph node,2017,28
CN,lymph node,2018,95
CN,lymph node,2019,194
CN,lymph node,2020,256
CN,lymph node,2021,278
CN,lymph node,2022,382
CN,lymph node,2023,109
CN,lymph vasculature,2020,1
CN,main bronchus,2019,1
CN,main bronchus,2021,1
CN,main bronchus,2023,1
CN,muscular system,2017,2
CN,muscular system,2018,1
CN,muscular system,2019,2
CN,muscular system,2020,2
CN,muscular system,2021,2
CN,muscular system,2022,12
CN,muscular system,2023,4
CN,ovary,2016,2
CN,ovary,2017,30
CN,ovary,2018,64
CN,ovary,2019,107
CN,ovary,2020,116
CN,ovary,2021,167
CN,ovary,2022,193
CN,ovary,2023,53
CN,pancreas,2014,1
CN,pancreas,2015,1
CN,pancreas,2016,3
CN,pancreas,2017,22
CN,pancreas,2018,33
CN,pancreas,2019,72
CN,pancreas,2020,76
CN,pancreas,2021,98
CN,pancreas,2022,107
CN,pancreas,2023,30
CN,pelvis,2014,1
CN,pelvis,2016,2
CN,pelvis,2017,4
CN,pelvis,2018,10
CN,pelvis,2019,17
CN,pelvis,2020,25
CN,pelvis,2021,27
CN,pelvis,2022,40
CN,pelvis,2023,14
CN,peripheral nervous system,2017,4
CN,peripheral nervous system,2018,9
CN,peripheral nervous system,2019,17
CN,peripheral nervous system,2020,26
CN,peripheral nervous system,2021,20
CN,peripheral nervous system,2022,27
CN,peripheral nervous system,2023,9
CN,placenta,2014,1
CN,placenta,2015,1
CN,placenta,2016,7
CN,placenta,2017,16
CN,placenta,2018,54
CN,placenta,2019,80
CN,placenta,2020,84
CN,placenta,2021,136
CN,placenta,2022,254
CN,placenta,2023,51
CN,prostate,2006,1
CN,prostate,2014,3
CN,prostate,2015,2
CN,prostate,2016,11
CN,prostate,2017,61
CN,prostate,2018,122
CN,prostate,2019,192
CN,prostate,2020,295
CN,prostate,2021,382
CN,prostate,2022,621
CN,prostate,2023,182
CN,skeletal,2014,7
CN,skeletal,2015,6
CN,skeletal,2016,24
CN,skeletal,2017,105
CN,skeletal,2018,199
CN,skeletal,2019,246
CN,skeletal,2020,341
CN,skeletal,2021,423
CN,skeletal,2022,636
CN,skeletal,2023,150
CN,skin,2011,1
CN,skin,2012,1
CN,skin,2014,5
CN,skin,2015,7
CN,skin,2016,16
CN,skin,2017,99
CN,skin,2018,295
CN,skin,2019,457
CN,skin,2020,607
CN,skin,2021,737
CN,skin,2022,1122
CN,skin,2023,260
CN,small intestine,2016,1
CN,small intestine,2017,12
CN,small intestine,2018,29
CN,small intestine,2019,42
CN,small intestine,2020,47
CN,small intestine,2021,46
CN,small intestine,2022,34
CN,small intestine,2023,17
CN,spinal cord,2014,2
CN,spinal cord,2015,7
CN,spinal cord,2016,17
CN,spinal cord,2017,47
CN,spinal cord,2018,84
CN,spinal cord,2019,106
CN,spinal cord,2020,150
CN,spinal cord,2021,239
CN,spinal cord,2022,320
CN,spinal cord,2023,91
CN,spleen,2014,4
CN,spleen,2015,1
CN,spleen,2016,11
CN,spleen,2017,32
CN,spleen,2018,59
CN,spleen,2019,87
CN,spleen,2020,89
CN,spleen,2021,97
CN,spleen,2022,87
CN,spleen,2023,15
CN,thymus,2014,2
CN,thymus,2015,1
CN,thymus,2016,6
CN,thymus,2017,11
CN,thymus,2018,22
CN,thymus,2019,27
CN,thymus,2020,34
CN,thymus,2021,61
CN,thymus,2022,62
CN,thymus,2023,8
CN,trachea,2014,2
CN,trachea,2016,3
CN,trachea,2017,6
CN,trachea,2018,28
CN,trachea,2019,43
CN,trachea,2020,53
CN,trachea,2021,68
CN,trachea,2022,79
CN,trachea,2023,24
CN,ureter,2014,1
CN,ureter,2016,3
CN,ureter,2017,2
CN,ureter,2018,14
CN,ureter,2019,31
CN,ureter,2020,43
CN,ureter,2021,67
CN,ureter,2022,105
CN,ureter,2023,25
CN,urinary bladder,2014,1
CN,urinary bladder,2015,1
CN,urinary bladder,2016,7
CN,urinary bladder,2017,16
CN,urinary bladder,2018,53
CN,urinary bladder,2019,121
CN,urinary bladder,2020,150
CN,urinary bladder,2021,184
CN,urinary bladder,2022,354
CN,urinary bladder,2023,59
CN,uterus,2016,1
CN,uterus,2017,16
CN,uterus,2018,13
CN,uterus,2019,27
CN,uterus,2020,44
CN,uterus,2021,48
CN,uterus,2022,60
CN,uterus,2023,15
CO,bone marrow,2017,3
CO,bone marrow,2020,3
CO,bone marrow,2021,2
CO,bone marrow,2022,5
CO,brain,2014,1
CO,brain,2016,2
CO,brain,2017,7
CO,brain,2018,11
CO,brain,2019,15
CO,brain,2020,30
CO,brain,2021,27
CO,brain,2022,30
CO,brain,2023,8
CO,eye,2016,1
CO,eye,2017,1
CO,eye,2018,3
CO,eye,2019,3
CO,eye,2020,3
CO,eye,2021,8
CO,eye,2022,7
CO,eye,2023,1
CO,fallopian tube,2021,1
CO,heart,2014,1
CO,heart,2016,3
CO,heart,2017,5
CO,heart,2018,15
CO,heart,2019,17
CO,heart,2020,32
CO,heart,2021,33
CO,heart,2022,37
CO,heart,2023,11
CO,kidney,2016,3
CO,kidney,2017,3
CO,kidney,2018,9
CO,kidney,2019,10
CO,kidney,2020,14
CO,kidney,2021,22
CO,kidney,2022,21
CO,kidney,2023,9
CO,knee,2016,1
CO,knee,2018,2
CO,knee,2019,3
CO,knee,2020,5
CO,knee,2021,5
CO,knee,2022,5
CO,knee,2023,1
CO,large intestine,2021,1
CO,liver,2017,6
CO,liver,2018,7
CO,liver,2019,14
CO,liver,2020,52
CO,liver,2021,28
CO,liver,2022,41
CO,liver,2023,7
CO,lung,2016,2
CO,lung,2017,3
CO,lung,2018,5
CO,lung,2019,15
CO,lung,2020,14
CO,lung,2021,22
CO,lung,2022,15
CO,lung,2023,8
CO,lymph node,2016,1
CO,lymph node,2018,1
CO,lymph node,2019,3
CO,lymph node,2020,1
CO,lymph node,2021,7
CO,lymph node,2022,5
CO,main bronchus,2019,1
CO,ovary,2019,1
CO,ovary,2020,1
CO,ovary,2022,2
CO,pancreas,2020,3
CO,pancreas,2022,3
CO,pelvis,2020,1
CO,pelvis,2021,1
CO,pelvis,2023,1
CO,peripheral nervous system,2020,1
CO,peripheral nervous system,2021,1
CO,placenta,2017,1
CO,placenta,2018,2
CO,placenta,2019,2
CO,placenta,2020,1
CO,placenta,2021,12
CO,placenta,2022,33
CO,placenta,2023,1
CO,prostate,2017,1
CO,prostate,2018,2
CO,prostate,2019,1
CO,prostate,2020,4
CO,prostate,2021,4
CO,prostate,2022,4
CO,prostate,2023,2
CO,skeletal,2017,2
CO,skeletal,2018,11
CO,skeletal,2019,4
CO,skeletal,2020,9
CO,skeletal,2021,18
CO,skeletal,2022,17
CO,skeletal,2023,7
CO,skin,2016,1
CO,skin,2017,3
CO,skin,2018,6
CO,skin,2019,14
CO,skin,2020,23
CO,skin,2021,19
CO,skin,2022,21
CO,skin,2023,2
CO,small intestine,2021,1
CO,spinal cord,2018,1
CO,spinal cord,2019,1
CO,spinal cord,2020,1
CO,spinal cord,2022,4
CO,spinal cord,2023,1
CO,spleen,2021,3
CO,spleen,2022,1
CO,thymus,2018,2
CO,thymus,2019,1
CO,thymus,2020,1
CO,thymus,2021,1
CO,thymus,2022,1
CO,trachea,2018,1
CO,trachea,2019,1
CO,trachea,2020,2
CO,trachea,2021,1
CO,trachea,2022,5
CO,trachea,2023,1
CO,ureter,2021,3
CO,ureter,2022,2
CO,ureter,2023,1
CO,urinary bladder,2019,2
CO,urinary bladder,2021,3
CO,urinary bladder,2022,6
CO,urinary bladder,2023,2
CO,uterus,2020,1
CO,uterus,2021,3
CO,uterus,2022,2
CR,bone marrow,2018,1
CR,brain,2017,2
CR,brain,2019,2
CR,brain,2020,3
CR,brain,2021,2
CR,brain,2022,2
CR,eye,2021,1
CR,heart,2018,2
CR,heart,2019,3
CR,heart,2020,2
CR,heart,2022,2
CR,heart,2023,1
CR,kidney,2016,1
CR,kidney,2019,3
CR,kidney,2020,5
CR,kidney,2021,2
CR,kidney,2022,3
CR,kidney,2023,2
CR,liver,2018,4
CR,liver,2019,2
CR,liver,2020,4
CR,liver,2021,5
CR,liver,2022,2
CR,lung,2019,1
CR,lung,2020,2
CR,lung,2021,3
CR,lung,2022,2
CR,lymph node,2021,2
CR,placenta,2022,1
CR,skeletal,2016,1
CR,skeletal,2018,1
CR,skeletal,2020,1
CR,skeletal,2021,2
CR,skeletal,2022,2
CR,skeletal,2023,1
CR,skin,2019,1
CR,skin,2020,1
CR,skin,2021,3
CR,small intestine,2020,1
CR,spinal cord,2020,1
CR,spleen,2018,1
CR,spleen,2020,1
CU,bone marrow,2018,1
CU,brain,2017,1
CU,brain,2018,1
CU,brain,2020,2
CU,brain,2021,8
CU,brain,2022,8
CU,brain,2023,4
CU,eye,2021,1
CU,heart,2019,2
CU,heart,2021,3
CU,heart,2022,1
CU,heart,2023,1
CU,kidney,2018,1
CU,kidney,2019,1
CU,kidney,2022,2
CU,kidney,2023,1
CU,liver,2017,2
CU,liver,2018,1
CU,liver,2019,1
CU,liver,2020,1
CU,liver,2021,6
CU,liver,2022,3
CU,liver,2023,1
CU,lung,2018,1
CU,lung,2020,6
CU,lung,2021,2
CU,lung,2022,4
CU,lung,2023,2
CU,skeletal,2021,1
CU,spinal cord,2021,1
CU,spleen,2019,1
CV,liver,2018,1
CV,liver,2022,1
CW,bone marrow,2021,1
CW,bone marrow,2022,1
CW,heart,2021,1
CW,liver,2021,2
CW,liver,2022,1
CW,lung,2021,1
CW,spleen,2021,1
CY,bone marrow,2017,1
CY,bone marrow,2019,1
CY,bone marrow,2022,4
CY,brain,2017,3
CY,brain,2018,6
CY,brain,2019,7
CY,brain,2020,8
CY,brain,2021,3
CY,brain,2022,7
CY,brain,2023,1
CY,eye,2019,1
CY,eye,2020,1
CY,eye,2021,2
CY,eye,2022,1
CY,heart,2017,6
CY,heart,2018,7
CY,heart,2019,7
CY,heart,2020,8
CY,heart,2021,10
CY,heart,2022,18
CY,heart,2023,5
CY,kidney,2016,1
CY,kidney,2018,1
CY,kidney,2021,3
CY,kidney,2022,3
CY,knee,2019,1
CY,knee,2020,1
CY,knee,2021,1
CY,knee,2022,3
CY,knee,2023,1
CY,liver,2018,4
CY,liver,2019,3
CY,liver,2020,9
CY,liver,2021,17
CY,liver,2022,16
CY,liver,2023,7
CY,lung,2018,2
CY,lung,2019,3
CY,lung,2020,7
CY,lung,2021,6
CY,lung,2022,9
CY,lymph node,2018,1
CY,lymph node,2020,3
CY,lymph node,2022,2
CY,lymph node,2023,1
CY,muscular system,2023,1
CY,ovary,2019,2
CY,ovary,2020,1
CY,ovary,2021,2
CY,ovary,2022,7
CY,ovary,2023,1
CY,pancreas,2020,1
CY,pancreas,2022,1
CY,pelvis,2020,1
CY,peripheral nervous system,2017,1
CY,peripheral nervous system,2018,3
CY,peripheral nervous system,2019,3
CY,peripheral nervous system,2020,3
CY,peripheral nervous system,2021,2
CY,peripheral nervous system,2022,1
CY,peripheral nervous system,2023,1
CY,placenta,2021,1
CY,placenta,2022,2
CY,prostate,2016,1
CY,prostate,2018,3
CY,prostate,2019,2
CY,prostate,2020,1
CY,prostate,2021,3
CY,prostate,2022,3
CY,prostate,2023,3
CY,skeletal,2018,3
CY,skeletal,2019,4
CY,skeletal,2020,3
CY,skeletal,2021,3
CY,skeletal,2022,9
CY,skeletal,2023,1
CY,skin,2017,1
CY,skin,2018,2
CY,skin,2019,6
CY,skin,2020,4
CY,skin,2021,7
CY,skin,2022,6
CY,skin,2023,2
CY,spinal cord,2021,1
CY,spinal cord,2022,1
CY,spleen,2018,1
CY,spleen,2021,1
CY,trachea,2019,1
CY,trachea,2021,1
CY,urinary bladder,2022,1
CZ,blood vasculature,2020,1
CZ,bone marrow,2016,1
CZ,bone marrow,2017,1
CZ,bone marrow,2019,4
CZ,bone marrow,2020,4
CZ,bone marrow,2021,5
CZ,bone marrow,2022,6
CZ,bone marrow,2023,1
CZ,brain,2012,1
CZ,brain,2014,2
CZ,brain,2015,4
CZ,brain,2016,6
CZ,brain,2017,13
CZ,brain,2018,39
CZ,brain,2019,50
CZ,brain,2020,59
CZ,brain,2021,89
CZ,brain,2022,69
CZ,brain,2023,16
CZ,eye,2016,1
CZ,eye,2017,2
CZ,eye,2018,4
CZ,eye,2019,5
CZ,eye,2020,15
CZ,eye,2021,18
CZ,eye,2022,15
CZ,eye,2023,2
CZ,fallopian tube,2018,1
CZ,fallopian tube,2019,1
CZ,fallopian tube,2020,1
CZ,heart,2014,3
CZ,heart,2015,1
CZ,heart,2016,5
CZ,heart,2017,15
CZ,heart,2018,27
CZ,heart,2019,27
CZ,heart,2020,43
CZ,heart,2021,60
CZ,heart,2022,66
CZ,heart,2023,6
CZ,kidney,2015,1
CZ,kidney,2016,5
CZ,kidney,2017,9
CZ,kidney,2018,20
CZ,kidney,2019,26
CZ,kidney,2020,24
CZ,kidney,2021,30
CZ,kidney,2022,40
CZ,kidney,2023,4
CZ,knee,2018,3
CZ,knee,2019,2
CZ,knee,2020,3
CZ,knee,2021,6
CZ,knee,2022,9
CZ,knee,2023,2
CZ,large intestine,2019,2
CZ,large intestine,2022,1
CZ,liver,2014,2
CZ,liver,2015,1
CZ,liver,2016,6
CZ,liver,2017,15
CZ,liver,2018,31
CZ,liver,2019,36
CZ,liver,2020,70
CZ,liver,2021,85
CZ,liver,2022,77
CZ,liver,2023,17
CZ,lung,2014,2
CZ,lung,2015,1
CZ,lung,2016,1
CZ,lung,2017,7
CZ,lung,2018,9
CZ,lung,2019,15
CZ,lung,2020,33
CZ,lung,2021,26
CZ,lung,2022,29
CZ,lung,2023,5
CZ,lymph node,2015,1
CZ,lymph node,2017,1
CZ,lymph node,2018,3
CZ,lymph node,2019,7
CZ,lymph node,2020,8
CZ,lymph node,2021,6
CZ,lymph node,2022,7
CZ,lymph node,2023,1
CZ,ovary,2017,3
CZ,ovary,2018,1
CZ,ovary,2019,3
CZ,ovary,2020,6
CZ,ovary,2021,4
CZ,ovary,2022,1
CZ,pancreas,2016,2
CZ,pancreas,2018,2
CZ,pancreas,2019,2
CZ,pancreas,2020,8
CZ,pancreas,2021,6
CZ,pancreas,2022,5
CZ,pelvis,2020,3
CZ,pelvis,2021,2
CZ,pelvis,2022,3
CZ,peripheral nervous system,2017,1
CZ,peripheral nervous system,2018,1
CZ,peripheral nervous system,2020,1
CZ,peripheral nervous system,2021,1
CZ,peripheral nervous system,2022,2
CZ,placenta,2016,1
CZ,placenta,2017,1
CZ,placenta,2018,4
CZ,placenta,2020,4
CZ,placenta,2021,9
CZ,placenta,2022,2
CZ,placenta,2023,3
CZ,prostate,2016,1
CZ,prostate,2017,5
CZ,prostate,2018,5
CZ,prostate,2019,10
CZ,prostate,2020,10
CZ,prostate,2021,15
CZ,prostate,2022,9
CZ,prostate,2023,2
CZ,skeletal,2015,1
CZ,skeletal,2016,2
CZ,skeletal,2017,7
CZ,skeletal,2018,8
CZ,skeletal,2019,10
CZ,skeletal,2020,19
CZ,skeletal,2021,28
CZ,skeletal,2022,21
CZ,skeletal,2023,5
CZ,skin,2014,2
CZ,skin,2016,3
CZ,skin,2017,11
CZ,skin,2018,12
CZ,skin,2019,25
CZ,skin,2020,25
CZ,skin,2021,33
CZ,skin,2022,35
CZ,skin,2023,8
CZ,small intestine,2016,1
CZ,small intestine,2019,5
CZ,small intestine,2020,3
CZ,small intestine,2021,2
CZ,spinal cord,2017,2
CZ,spinal cord,2018,9
CZ,spinal cord,2019,5
CZ,spinal cord,2020,6
CZ,spinal cord,2021,15
CZ,spinal cord,2022,15
CZ,spinal cord,2023,1
CZ,spleen,2017,2
CZ,spleen,2019,2
CZ,spleen,2020,3
CZ,spleen,2021,2
CZ,spleen,2022,2
CZ,thymus,2018,1
CZ,thymus,2019,2
CZ,thymus,2020,3
CZ,thymus,2021,2
CZ,thymus,2022,4
CZ,trachea,2014,1
CZ,trachea,2017,2
CZ,trachea,2018,1
CZ,trachea,2020,1
CZ,trachea,2021,3
CZ,trachea,2022,1
CZ,ureter,2016,1
CZ,ureter,2019,1
CZ,ureter,2021,1
CZ,urinary bladder,2014,1
CZ,urinary bladder,2017,1
CZ,urinary bladder,2018,7
CZ,urinary bladder,2019,4
CZ,urinary bladder,2020,3
CZ,urinary bladder,2021,6
CZ,urinary bladder,2022,3
CZ,urinary bladder,2023,1
CZ,uterus,2019,1
CZ,uterus,2020,8
CZ,uterus,2021,4
CZ,uterus,2022,4
DE,blood vasculature,2021,2
DE,blood vasculature,2023,1
DE,bone marrow,2014,1
DE,bone marrow,2015,4
DE,bone marrow,2016,8
DE,bone marrow,2017,42
DE,bone marrow,2018,53
DE,bone marrow,2019,75
DE,bone marrow,2020,102
DE,bone marrow,2021,114
DE,bone marrow,2022,87
DE,bone marrow,2023,14
DE,brain,2005,1
DE,brain,2013,1
DE,brain,2014,17
DE,brain,2015,38
DE,brain,2016,161
DE,brain,2017,390
DE,brain,2018,576
DE,brain,2019,820
DE,brain,2020,958
DE,brain,2021,1241
DE,brain,2022,1289
DE,brain,2023,302
DE,eye,2011,1
DE,eye,2013,1
DE,eye,2014,6
DE,eye,2015,6
DE,eye,2016,36
DE,eye,2017,68
DE,eye,2018,96
DE,eye,2019,128
DE,eye,2020,145
DE,eye,2021,201
DE,eye,2022,228
DE,eye,2023,64
DE,fallopian tube,2015,1
DE,fallopian tube,2016,2
DE,fallopian tube,2017,2
DE,fallopian tube,2019,5
DE,fallopian tube,2020,3
DE,fallopian tube,2021,3
DE,fallopian tube,2022,1
DE,fallopian tube,2023,1
DE,heart,2009,1
DE,heart,2014,2
DE,heart,2015,8
DE,heart,2016,48
DE,heart,2017,136
DE,heart,2018,255
DE,heart,2019,367
DE,heart,2020,501
DE,heart,2021,791
DE,heart,2022,908
DE,heart,2023,227
DE,kidney,2014,2
DE,kidney,2015,5
DE,kidney,2016,24
DE,kidney,2017,114
DE,kidney,2018,199
DE,kidney,2019,242
DE,kidney,2020,331
DE,kidney,2021,455
DE,kidney,2022,485
DE,kidney,2023,110
DE,knee,2013,1
DE,knee,2014,2
DE,knee,2015,5
DE,knee,2016,10
DE,knee,2017,35
DE,knee,2018,54
DE,knee,2019,80
DE,knee,2020,110
DE,knee,2021,140
DE,knee,2022,199
DE,knee,2023,38
DE,large intestine,2018,2
DE,large intestine,2019,2
DE,large intestine,2021,5
DE,large intestine,2022,2
DE,liver,2013,1
DE,liver,2014,6
DE,liver,2015,14
DE,liver,2016,45
DE,liver,2017,216
DE,liver,2018,431
DE,liver,2019,570
DE,liver,2020,755
DE,liver,2021,995
DE,liver,2022,977
DE,liver,2023,221
DE,lung,2014,3
DE,lung,2015,4
DE,lung,2016,23
DE,lung,2017,127
DE,lung,2018,214
DE,lung,2019,262
DE,lung,2020,366
DE,lung,2021,508
DE,lung,2022,547
DE,lung,2023,116
DE,lymph node,2014,1
DE,lymph node,2016,7
DE,lymph node,2017,23
DE,lymph node,2018,52
DE,lymph node,2019,47
DE,lymph node,2020,61
DE,lymph node,2021,95
DE,lymph node,2022,87
DE,lymph node,2023,23
DE,muscular system,2018,3
DE,muscular system,2019,4
DE,muscular system,2020,1
DE,muscular system,2022,4
DE,ovary,2002,1
DE,ovary,2015,2
DE,ovary,2016,2
DE,ovary,2017,8
DE,ovary,2018,7
DE,ovary,2019,11
DE,ovary,2020,22
DE,ovary,2021,30
DE,ovary,2022,34
DE,ovary,2023,3
DE,pancreas,2016,3
DE,pancreas,2017,8
DE,pancreas,2018,20
DE,pancreas,2019,23
DE,pancreas,2020,45
DE,pancreas,2021,49
DE,pancreas,2022,54
DE,pancreas,2023,7
DE,pelvis,2016,6
DE,pelvis,2017,3
DE,pelvis,2018,6
DE,pelvis,2019,14
DE,pelvis,2020,14
DE,pelvis,2021,19
DE,pelvis,2022,24
DE,pelvis,2023,2
DE,peripheral nervous system,2017,5
DE,peripheral nervous system,2018,8
DE,peripheral nervous system,2019,18
DE,peripheral nervous system,2020,17
DE,peripheral nervous system,2021,23
DE,peripheral nervous system,2022,16
DE,peripheral nervous system,2023,5
DE,placenta,2014,1
DE,placenta,2016,4
DE,placenta,2017,11
DE,placenta,2018,27
DE,placenta,2019,23
DE,placenta,2020,35
DE,placenta,2021,40
DE,placenta,2022,45
DE,placenta,2023,9
DE,prostate,2014,4
DE,prostate,2015,2
DE,prostate,2016,12
DE,prostate,2017,40
DE,prostate,2018,79
DE,prostate,2019,94
DE,prostate,2020,168
DE,prostate,2021,229
DE,prostate,2022,244
DE,prostate,2023,65
DE,skeletal,2014,2
DE,skeletal,2015,9
DE,skeletal,2016,28
DE,skeletal,2017,92
DE,skeletal,2018,152
DE,skeletal,2019,178
DE,skeletal,2020,207
DE,skeletal,2021,253
DE,skeletal,2022,278
DE,skeletal,2023,66
DE,skin,2005,1
DE,skin,2014,4
DE,skin,2015,4
DE,skin,2016,27
DE,skin,2017,87
DE,skin,2018,205
DE,skin,2019,301
DE,skin,2020,383
DE,skin,2021,458
DE,skin,2022,425
DE,skin,2023,100
DE,small intestine,2017,8
DE,small intestine,2018,9
DE,small intestine,2019,13
DE,small intestine,2020,13
DE,small intestine,2021,19
DE,small intestine,2022,13
DE,small intestine,2023,1
DE,spinal cord,2015,5
DE,spinal cord,2016,16
DE,spinal cord,2017,20
DE,spinal cord,2018,40
DE,spinal cord,2019,50
DE,spinal cord,2020,73
DE,spinal cord,2021,101
DE,spinal cord,2022,72
DE,spinal cord,2023,24
DE,spleen,2016,5
DE,spleen,2017,19
DE,spleen,2018,19
DE,spleen,2019,23
DE,spleen,2020,25
DE,spleen,2021,32
DE,spleen,2022,21
DE,spleen,2023,1
DE,thymus,2014,1
DE,thymus,2015,3
DE,thymus,2016,3
DE,thymus,2017,7
DE,thymus,2018,12
DE,thymus,2019,9
DE,thymus,2020,14
DE,thymus,2021,20
DE,thymus,2022,22
DE,thymus,2023,4
DE,trachea,2014,1
DE,trachea,2015,1
DE,trachea,2016,1
DE,trachea,2017,12
DE,trachea,2018,13
DE,trachea,2019,17
DE,trachea,2020,25
DE,trachea,2021,23
DE,trachea,2022,39
DE,trachea,2023,9
DE,ureter,2015,1
DE,ureter,2016,1
DE,ureter,2017,5
DE,ureter,2018,12
DE,ureter,2019,9
DE,ureter,2020,10
DE,ureter,2021,14
DE,ureter,2022,21
DE,ureter,2023,3
DE,urinary bladder,2014,1
DE,urinary bladder,2015,1
DE,urinary bladder,2016,3
DE,urinary bladder,2017,15
DE,urinary bladder,2018,41
DE,urinary bladder,2019,41
DE,urinary bladder,2020,53
DE,urinary bladder,2021,64
DE,urinary bladder,2022,84
DE,urinary bladder,2023,10
DE,uterus,2014,1
DE,uterus,2017,3
DE,uterus,2018,14
DE,uterus,2019,7
DE,uterus,2020,8
DE,uterus,2021,9
DE,uterus,2022,9
DE,uterus,2023,5
DK,bone marrow,2016,3
DK,bone marrow,2017,4
DK,bone marrow,2018,6
DK,bone marrow,2019,15
DK,bone marrow,2020,11
DK,bone marrow,2021,18
DK,bone marrow,2022,5
DK,bone marrow,2023,1
DK,brain,2015,4
DK,brain,2016,25
DK,brain,2017,80
DK,brain,2018,96
DK,brain,2019,143
DK,brain,2020,143
DK,brain,2021,178
DK,brain,2022,199
DK,brain,2023,61
DK,eye,2015,1
DK,eye,2016,6
DK,eye,2017,11
DK,eye,2018,19
DK,eye,2019,15
DK,eye,2020,17
DK,eye,2021,35
DK,eye,2022,24
DK,eye,2023,11
DK,fallopian tube,2016,1
DK,fallopian tube,2017,2
DK,fallopian tube,2019,1
DK,fallopian tube,2020,1
DK,heart,2014,2
DK,heart,2015,3
DK,heart,2016,16
DK,heart,2017,47
DK,heart,2018,80
DK,heart,2019,103
DK,heart,2020,132
DK,heart,2021,180
DK,heart,2022,226
DK,heart,2023,63
DK,kidney,2012,1
DK,kidney,2014,1
DK,kidney,2015,1
DK,kidney,2016,12
DK,kidney,2017,25
DK,kidney,2018,51
DK,kidney,2019,87
DK,kidney,2020,90
DK,kidney,2021,109
DK,kidney,2022,120
DK,kidney,2023,39
DK,knee,2014,1
DK,knee,2015,3
DK,knee,2016,6
DK,knee,2017,11
DK,knee,2018,20
DK,knee,2019,32
DK,knee,2020,40
DK,knee,2021,55
DK,knee,2022,50
DK,knee,2023,19
DK,large intestine,2019,1
DK,large intestine,2021,1
DK,liver,2015,3
DK,liver,2016,16
DK,liver,2017,58
DK,liver,2018,104
DK,liver,2019,134
DK,liver,2020,199
DK,liver,2021,227
DK,liver,2022,221
DK,liver,2023,65
DK,lung,2011,1
DK,lung,2015,5
DK,lung,2016,9
DK,lung,2017,27
DK,lung,2018,38
DK,lung,2019,58
DK,lung,2020,84
DK,lung,2021,114
DK,lung,2022,119
DK,lung,2023,23
DK,lymph node,2015,1
DK,lymph node,2016,4
DK,lymph node,2017,4
DK,lymph node,2018,8
DK,lymph node,2019,9
DK,lymph node,2020,10
DK,lymph node,2021,18
DK,lymph node,2022,15
DK,lymph node,2023,5
DK,lymph vasculature,2019,1
DK,muscular system,2016,1
DK,muscular system,2018,2
DK,muscular system,2019,5
DK,ovary,2016,3
DK,ovary,2017,4
DK,ovary,2018,4
DK,ovary,2019,6
DK,ovary,2020,11
DK,ovary,2021,9
DK,ovary,2022,12
DK,ovary,2023,4
DK,pancreas,2016,1
DK,pancreas,2017,1
DK,pancreas,2018,10
DK,pancreas,2019,7
DK,pancreas,2020,10
DK,pancreas,2021,5
DK,pancreas,2022,3
DK,pancreas,2023,4
DK,pelvis,2016,1
DK,pelvis,2019,2
DK,pelvis,2020,2
DK,pelvis,2021,4
DK,pelvis,2022,1
DK,pelvis,2023,1
DK,peripheral nervous system,2017,2
DK,peripheral nervous system,2018,2
DK,peripheral nervous system,2019,3
DK,peripheral nervous system,2020,4
DK,peripheral nervous system,2021,8
DK,peripheral nervous system,2022,5
DK,peripheral nervous system,2023,1
DK,placenta,2015,1
DK,placenta,2016,3
DK,placenta,2017,5
DK,placenta,2018,7
DK,placenta,2019,7
DK,placenta,2020,12
DK,placenta,2021,16
DK,placenta,2022,15
DK,placenta,2023,6
DK,prostate,2016,4
DK,prostate,2017,6
DK,prostate,2018,17
DK,prostate,2019,29
DK,prostate,2020,36
DK,prostate,2021,47
DK,prostate,2022,45
DK,prostate,2023,8
DK,skeletal,2014,6
DK,skeletal,2015,6
DK,skeletal,2016,20
DK,skeletal,2017,50
DK,skeletal,2018,73
DK,skeletal,2019,109
DK,skeletal,2020,112
DK,skeletal,2021,108
DK,skeletal,2022,112
DK,skeletal,2023,29
DK,skin,2015,2
DK,skin,2016,6
DK,skin,2017,25
DK,skin,2018,55
DK,skin,2019,77
DK,skin,2020,67
DK,skin,2021,83
DK,skin,2022,91
DK,skin,2023,23
DK,small intestine,2016,1
DK,small intestine,2018,4
DK,small intestine,2019,5
DK,small intestine,2020,12
DK,small intestine,2021,10
DK,small intestine,2022,6
DK,small intestine,2023,2
DK,spinal cord,2014,1
DK,spinal cord,2016,2
DK,spinal cord,2017,6
DK,spinal cord,2018,10
DK,spinal cord,2019,14
DK,spinal cord,2020,21
DK,spinal cord,2021,20
DK,spinal cord,2022,33
DK,spinal cord,2023,8
DK,spleen,2016,2
DK,spleen,2017,4
DK,spleen,2018,6
DK,spleen,2019,1
DK,spleen,2020,4
DK,spleen,2021,3
DK,spleen,2022,1
DK,thymus,2016,1
DK,thymus,2017,1
DK,thymus,2018,1
DK,thymus,2019,1
DK,thymus,2020,4
DK,trachea,2016,1
DK,trachea,2017,3
DK,trachea,2018,2
DK,trachea,2019,5
DK,trachea,2020,7
DK,trachea,2021,3
DK,trachea,2022,7
DK,ureter,2016,1
DK,ureter,2017,1
DK,ureter,2018,3
DK,ureter,2019,3
DK,ureter,2020,1
DK,ureter,2021,3
DK,ureter,2022,2
DK,ureter,2023,4
DK,urinary bladder,2016,1
DK,urinary bladder,2017,2
DK,urinary bladder,2018,6
DK,urinary bladder,2019,5
DK,urinary bladder,2020,14
DK,urinary bladder,2021,17
DK,urinary bladder,2022,18
DK,urinary bladder,2023,4
DK,uterus,2016,1
DK,uterus,2017,3
DK,uterus,2018,2
DK,uterus,2019,3
DK,uterus,2020,4
DK,uterus,2021,1
DK,uterus,2022,3
DO,bone marrow,2018,1
DO,brain,2018,1
DO,brain,2019,1
DO,brain,2020,1
DO,brain,2021,3
DO,brain,2022,2
DO,liver,2018,1
DO,liver,2022,1
DO,peripheral nervous system,2023,1
DO,placenta,2021,1
DO,skeletal,2018,1
DO,skeletal,2021,1
DO,skin,2018,1
DZ,bone marrow,2017,1
DZ,brain,2018,1
DZ,brain,2019,2
DZ,brain,2020,2
DZ,brain,2021,3
DZ,brain,2022,4
DZ,eye,2022,1
DZ,heart,2018,1
DZ,heart,2019,1
DZ,heart,2020,4
DZ,heart,2021,1
DZ,heart,2022,1
DZ,kidney,2018,1
DZ,kidney,2020,2
DZ,kidney,2021,1
DZ,kidney,2022,4
DZ,liver,2018,1
DZ,liver,2019,3
DZ,liver,2020,4
DZ,liver,2021,2
DZ,liver,2022,5
DZ,liver,2023,1
DZ,lung,2018,4
DZ,lung,2019,1
DZ,lung,2020,2
DZ,lung,2021,1
DZ,lung,2022,3
DZ,lung,2023,1
DZ,lymph node,2019,1
DZ,pancreas,2019,1
DZ,placenta,2021,1
DZ,placenta,2022,1
DZ,prostate,2016,1
DZ,prostate,2017,1
DZ,prostate,2019,1
DZ,skeletal,2018,1
DZ,skeletal,2019,2
DZ,skeletal,2020,1
DZ,skeletal,2021,1
DZ,skeletal,2022,1
DZ,skeletal,2023,1
DZ,skin,2019,3
DZ,skin,2022,2
DZ,spinal cord,2018,1
DZ,spinal cord,2019,1
DZ,spleen,2023,1
DZ,thymus,2019,2
DZ,thymus,2021,3
DZ,thymus,2022,1
DZ,thymus,2023,1
DZ,trachea,2022,2
DZ,urinary bladder,2017,1
DZ,uterus,2020,1
EC,brain,2017,2
EC,brain,2018,4
EC,brain,2019,3
EC,brain,2020,5
EC,brain,2021,2
EC,brain,2022,6
EC,brain,2023,2
EC,eye,2021,3
EC,eye,2022,1
EC,eye,2023,1
EC,heart,2016,1
EC,heart,2018,4
EC,heart,2019,3
EC,heart,2020,3
EC,heart,2021,2
EC,heart,2022,7
EC,heart,2023,2
EC,kidney,2018,1
EC,kidney,2019,2
EC,kidney,2020,1
EC,kidney,2022,5
EC,kidney,2023,1
EC,knee,2017,1
EC,knee,2020,2
EC,knee,2021,1
EC,knee,2022,2
EC,large intestine,2021,1
EC,liver,2018,4
EC,liver,2019,9
EC,liver,2020,10
EC,liver,2021,15
EC,liver,2022,12
EC,liver,2023,1
EC,lung,2016,1
EC,lung,2017,1
EC,lung,2019,2
EC,lung,2020,2
EC,lung,2021,2
EC,lung,2022,5
EC,lung,2023,1
EC,muscular system,2022,1
EC,ovary,2020,2
EC,ovary,2022,2
EC,pancreas,2019,1
EC,placenta,2021,1
EC,placenta,2022,1
EC,prostate,2017,1
EC,prostate,2021,2
EC,prostate,2022,1
EC,prostate,2023,1
EC,skeletal,2018,1
EC,skeletal,2020,2
EC,skeletal,2021,1
EC,skeletal,2022,4
EC,skin,2017,1
EC,skin,2018,1
EC,skin,2019,1
EC,skin,2020,5
EC,skin,2021,5
EC,skin,2022,4
EC,small intestine,2021,1
EC,spinal cord,2021,3
EC,spleen,2022,1
EC,trachea,2020,1
EE,bone marrow,2021,1
EE,brain,2016,1
EE,brain,2017,2
EE,brain,2018,3
EE,brain,2019,3
EE,brain,2020,2
EE,brain,2021,7
EE,brain,2022,5
EE,brain,2023,1
EE,eye,2019,1
EE,eye,2020,2
EE,eye,2022,2
EE,fallopian tube,2020,1
EE,heart,2017,2
EE,heart,2019,1
EE,heart,2020,3
EE,heart,2021,2
EE,heart,2022,4
EE,kidney,2018,1
EE,kidney,2019,4
EE,kidney,2020,2
EE,kidney,2021,4
EE,kidney,2022,6
EE,knee,2017,1
EE,knee,2018,1
EE,knee,2021,2
EE,knee,2022,3
EE,knee,2023,1
EE,liver,2014,1
EE,liver,2016,2
EE,liver,2017,5
EE,liver,2018,2
EE,liver,2019,6
EE,liver,2020,5
EE,liver,2021,9
EE,liver,2022,5
EE,liver,2023,2
EE,lung,2017,4
EE,lung,2019,3
EE,lung,2021,5
EE,lung,2023,2
EE,ovary,2017,1
EE,ovary,2018,1
EE,ovary,2019,1
EE,ovary,2020,2
EE,ovary,2022,3
EE,placenta,2019,2
EE,placenta,2020,1
EE,placenta,2022,2
EE,prostate,2017,2
EE,prostate,2020,1
EE,skeletal,2016,1
EE,skeletal,2018,1
EE,skeletal,2019,2
EE,skeletal,2021,3
EE,skeletal,2022,3
EE,skeletal,2023,2
EE,skin,2017,1
EE,skin,2019,2
EE,skin,2021,3
EE,skin,2022,2
EE,small intestine,2017,1
EE,spinal cord,2019,1
EE,spinal cord,2021,1
EE,spinal cord,2023,1
EE,thymus,2017,1
EE,thymus,2018,1
EE,thymus,2022,1
EE,urinary bladder,2022,1
EG,bone marrow,2017,3
EG,bone marrow,2018,8
EG,bone marrow,2019,6
EG,bone marrow,2020,11
EG,bone marrow,2021,18
EG,bone marrow,2022,13
EG,bone marrow,2023,1
EG,brain,2015,2
EG,brain,2016,4
EG,brain,2017,11
EG,brain,2018,22
EG,brain,2019,37
EG,brain,2020,69
EG,brain,2021,104
EG,brain,2022,100
EG,brain,2023,26
EG,eye,2016,1
EG,eye,2017,2
EG,eye,2018,12
EG,eye,2019,13
EG,eye,2020,22
EG,eye,2021,26
EG,eye,2022,49
EG,eye,2023,7
EG,fallopian tube,2016,1
EG,fallopian tube,2018,1
EG,fallopian tube,2020,2
EG,fallopian tube,2021,1
EG,fallopian tube,2022,1
EG,heart,2016,4
EG,heart,2017,15
EG,heart,2018,23
EG,heart,2019,32
EG,heart,2020,53
EG,heart,2021,53
EG,heart,2022,75
EG,heart,2023,16
EG,kidney,2012,1
EG,kidney,2015,1
EG,kidney,2016,2
EG,kidney,2017,23
EG,kidney,2018,36
EG,kidney,2019,59
EG,kidney,2020,105
EG,kidney,2021,126
EG,kidney,2022,114
EG,kidney,2023,30
EG,knee,2018,2
EG,knee,2019,3
EG,knee,2020,6
EG,knee,2021,15
EG,knee,2022,22
EG,knee,2023,4
EG,liver,2015,2
EG,liver,2016,7
EG,liver,2017,32
EG,liver,2018,89
EG,liver,2019,171
EG,liver,2020,259
EG,liver,2021,320
EG,liver,2022,351
EG,liver,2023,78
EG,lung,2014,1
EG,lung,2016,3
EG,lung,2017,3
EG,lung,2018,17
EG,lung,2019,24
EG,lung,2020,34
EG,lung,2021,70
EG,lung,2022,99
EG,lung,2023,30
EG,lymph node,2016,1
EG,lymph node,2018,4
EG,lymph node,2019,11
EG,lymph node,2020,9
EG,lymph node,2021,5
EG,lymph node,2022,8
EG,lymph node,2023,1
EG,muscular system,2019,1
EG,muscular system,2022,2
EG,ovary,2014,1
EG,ovary,2016,1
EG,ovary,2018,3
EG,ovary,2019,5
EG,ovary,2020,14
EG,ovary,2021,9
EG,ovary,2022,9
EG,ovary,2023,3
EG,pancreas,2018,1
EG,pancreas,2019,4
EG,pancreas,2020,6
EG,pancreas,2021,8
EG,pancreas,2022,5
EG,pancreas,2023,1
EG,pelvis,2018,1
EG,pelvis,2020,2
EG,pelvis,2021,5
EG,pelvis,2022,3
EG,pelvis,2023,1
EG,peripheral nervous system,2018,2
EG,peripheral nervous system,2020,3
EG,peripheral nervous system,2021,6
EG,peripheral nervous system,2022,5
EG,peripheral nervous system,2023,1
EG,placenta,2018,4
EG,placenta,2019,5
EG,placenta,2020,5
EG,placenta,2021,15
EG,placenta,2022,16
EG,placenta,2023,4
EG,prostate,2017,1
EG,prostate,2018,6
EG,prostate,2019,6
EG,prostate,2020,11
EG,prostate,2021,18
EG,prostate,2022,25
EG,prostate,2023,6
EG,skeletal,2017,3
EG,skeletal,2018,4
EG,skeletal,2019,6
EG,skeletal,2020,14
EG,skeletal,2021,18
EG,skeletal,2022,13
EG,skeletal,2023,6
EG,skin,2016,1
EG,skin,2017,7
EG,skin,2018,26
EG,skin,2019,52
EG,skin,2020,67
EG,skin,2021,60
EG,skin,2022,106
EG,skin,2023,14
EG,small intestine,2019,1
EG,small intestine,2020,3
EG,small intestine,2021,3
EG,small intestine,2022,1
EG,small intestine,2023,2
EG,spinal cord,2018,2
EG,spinal cord,2019,1
EG,spinal cord,2020,5
EG,spinal cord,2021,2
EG,spinal cord,2022,8
EG,spinal cord,2023,2
EG,spleen,2017,3
EG,spleen,2018,2
EG,spleen,2019,5
EG,spleen,2020,11
EG,spleen,2021,9
EG,spleen,2022,7
EG,spleen,2023,1
EG,thymus,2017,2
EG,thymus,2018,1
EG,thymus,2019,3
EG,thymus,2020,4
EG,thymus,2021,7
EG,thymus,2022,10
EG,trachea,2019,1
EG,trachea,2020,8
EG,trachea,2021,5
EG,trachea,2023,3
EG,ureter,2018,1
EG,ureter,2019,3
EG,ureter,2020,9
EG,ureter,2021,9
EG,ureter,2022,12
EG,ureter,2023,3
EG,urinary bladder,2016,1
EG,urinary bladder,2017,2
EG,urinary bladder,2018,3
EG,urinary bladder,2019,11
EG,urinary bladder,2020,13
EG,urinary bladder,2021,15
EG,urinary bladder,2022,17
EG,urinary bladder,2023,7
EG,uterus,2014,1
EG,uterus,2016,1
EG,uterus,2017,1
EG,uterus,2018,1
EG,uterus,2019,3
EG,uterus,2020,8
EG,uterus,2021,6
EG,uterus,2022,1
EG,uterus,2023,1
ER,kidney,2021,2
ER,liver,2019,1
ER,liver,2021,1
ER,prostate,2020,1
ES,bone marrow,2014,2
ES,bone marrow,2015,3
ES,bone marrow,2016,4
ES,bone marrow,2017,13
ES,bone marrow,2018,30
ES,bone marrow,2019,33
ES,bone marrow,2020,40
ES,bone marrow,2021,50
ES,bone marrow,2022,33
ES,bone marrow,2023,5
ES,brain,2005,1
ES,brain,2014,5
ES,brain,2015,17
ES,brain,2016,53
ES,brain,2017,143
ES,brain,2018,248
ES,brain,2019,345
ES,brain,2020,365
ES,brain,2021,546
ES,brain,2022,516
ES,brain,2023,137
ES,eye,2007,1
ES,eye,2014,3
ES,eye,2015,2
ES,eye,2016,6
ES,eye,2017,40
ES,eye,2018,44
ES,eye,2019,89
ES,eye,2020,89
ES,eye,2021,121
ES,eye,2022,133
ES,eye,2023,29
ES,fallopian tube,2018,5
ES,fallopian tube,2019,1
ES,fallopian tube,2020,2
ES,fallopian tube,2021,4
ES,fallopian tube,2022,1
ES,fallopian tube,2023,1
ES,heart,2014,4
ES,heart,2015,3
ES,heart,2016,15
ES,heart,2017,68
ES,heart,2018,124
ES,heart,2019,178
ES,heart,2020,264
ES,heart,2021,406
ES,heart,2022,453
ES,heart,2023,116
ES,kidney,2014,4
ES,kidney,2015,2
ES,kidney,2016,17
ES,kidney,2017,45
ES,kidney,2018,95
ES,kidney,2019,119
ES,kidney,2020,190
ES,kidney,2021,286
ES,kidney,2022,255
ES,kidney,2023,67
ES,knee,2015,1
ES,knee,2016,3
ES,knee,2017,15
ES,knee,2018,20
ES,knee,2019,31
ES,knee,2020,59
ES,knee,2021,88
ES,knee,2022,88
ES,knee,2023,22
ES,large intestine,2018,1
ES,large intestine,2019,1
ES,large intestine,2020,1
ES,large intestine,2021,3
ES,liver,2012,3
ES,liver,2014,4
ES,liver,2015,2
ES,liver,2016,45
ES,liver,2017,150
ES,liver,2018,260
ES,liver,2019,344
ES,liver,2020,512
ES,liver,2021,744
ES,liver,2022,676
ES,liver,2023,125
ES,lung,2014,1
ES,lung,2015,2
ES,lung,2016,17
ES,lung,2017,50
ES,lung,2018,106
ES,lung,2019,161
ES,lung,2020,231
ES,lung,2021,295
ES,lung,2022,313
ES,lung,2023,100
ES,lymph node,2016,7
ES,lymph node,2017,10
ES,lymph node,2018,26
ES,lymph node,2019,44
ES,lymph node,2020,32
ES,lymph node,2021,63
ES,lymph node,2022,38
ES,lymph node,2023,15
ES,lymph vasculature,2021,1
ES,muscular system,2017,1
ES,muscular system,2019,3
ES,muscular system,2020,8
ES,muscular system,2021,6
ES,muscular system,2022,3
ES,muscular system,2023,4
ES,ovary,2016,4
ES,ovary,2017,6
ES,ovary,2018,8
ES,ovary,2019,19
ES,ovary,2020,22
ES,ovary,2021,20
ES,ovary,2022,14
ES,ovary,2023,4
ES,pancreas,2015,1
ES,pancreas,2016,2
ES,pancreas,2017,3
ES,pancreas,2018,16
ES,pancreas,2019,16
ES,pancreas,2020,20
ES,pancreas,2021,21
ES,pancreas,2022,21
ES,pancreas,2023,4
ES,pelvis,2018,2
ES,pelvis,2019,5
ES,pelvis,2020,10
ES,pelvis,2021,5
ES,pelvis,2022,11
ES,pelvis,2023,3
ES,peripheral nervous system,2016,2
ES,peripheral nervous system,2017,1
ES,peripheral nervous system,2018,7
ES,peripheral nervous system,2019,4
ES,peripheral nervous system,2020,10
ES,peripheral nervous system,2021,12
ES,peripheral nervous system,2022,11
ES,peripheral nervous system,2023,5
ES,placenta,2016,3
ES,placenta,2017,6
ES,placenta,2018,14
ES,placenta,2019,17
ES,placenta,2020,29
ES,placenta,2021,37
ES,placenta,2022,44
ES,placenta,2023,10
ES,prostate,2016,2
ES,prostate,2017,12
ES,prostate,2018,39
ES,prostate,2019,46
ES,prostate,2020,56
ES,prostate,2021,91
ES,prostate,2022,106
ES,prostate,2023,28
ES,skeletal,2014,1
ES,skeletal,2015,1
ES,skeletal,2016,15
ES,skeletal,2017,48
ES,skeletal,2018,86
ES,skeletal,2019,127
ES,skeletal,2020,183
ES,skeletal,2021,257
ES,skeletal,2022,200
ES,skeletal,2023,44
ES,skin,2014,1
ES,skin,2015,3
ES,skin,2016,18
ES,skin,2017,79
ES,skin,2018,150
ES,skin,2019,192
ES,skin,2020,281
ES,skin,2021,341
ES,skin,2022,285
ES,skin,2023,72
ES,small intestine,2017,5
ES,small intestine,2018,4
ES,small intestine,2019,10
ES,small intestine,2020,6
ES,small intestine,2021,13
ES,small intestine,2022,9
ES,small intestine,2023,1
ES,spinal cord,2015,2
ES,spinal cord,2016,5
ES,spinal cord,2017,10
ES,spinal cord,2018,31
ES,spinal cord,2019,29
ES,spinal cord,2020,36
ES,spinal cord,2021,56
ES,spinal cord,2022,52
ES,spinal cord,2023,17
ES,spleen,2015,2
ES,spleen,2016,2
ES,spleen,2017,5
ES,spleen,2018,11
ES,spleen,2019,13
ES,spleen,2020,16
ES,spleen,2021,13
ES,spleen,2022,11
ES,thymus,2016,2
ES,thymus,2017,5
ES,thymus,2018,11
ES,thymus,2019,6
ES,thymus,2020,8
ES,thymus,2021,12
ES,thymus,2022,18
ES,thymus,2023,2
ES,trachea,2016,2
ES,trachea,2017,3
ES,trachea,2018,4
ES,trachea,2019,4
ES,trachea,2020,15
ES,trachea,2021,12
ES,trachea,2022,13
ES,trachea,2023,5
ES,ureter,2017,2
ES,ureter,2018,4
ES,ureter,2019,3
ES,ureter,2020,5
ES,ureter,2021,9
ES,ureter,2022,11
ES,urinary bladder,2016,1
ES,urinary bladder,2017,1
ES,urinary bladder,2018,15
ES,urinary bladder,2019,24
ES,urinary bladder,2020,18
ES,urinary bladder,2021,26
ES,urinary bladder,2022,34
ES,urinary bladder,2023,9
ES,uterus,2014,1
ES,uterus,2016,2
ES,uterus,2017,1
ES,uterus,2018,7
ES,uterus,2019,4
ES,uterus,2020,8
ES,uterus,2021,15
ES,uterus,2022,15
ES,uterus,2023,3
ET,bone marrow,2022,1
ET,brain,2014,2
ET,brain,2017,2
ET,brain,2019,2
ET,brain,2020,4
ET,brain,2021,7
ET,brain,2022,20
ET,brain,2023,1
ET,eye,2018,2
ET,eye,2019,2
ET,eye,2020,6
ET,eye,2021,10
ET,eye,2022,12
ET,eye,2023,2
ET,heart,2016,1
ET,heart,2018,3
ET,heart,2019,5
ET,heart,2020,17
ET,heart,2021,20
ET,heart,2022,22
ET,heart,2023,5
ET,kidney,2016,2
ET,kidney,2018,5
ET,kidney,2019,17
ET,kidney,2020,26
ET,kidney,2021,22
ET,kidney,2022,17
ET,kidney,2023,5
ET,knee,2020,2
ET,knee,2021,1
ET,knee,2022,1
ET,liver,2016,1
ET,liver,2017,11
ET,liver,2018,26
ET,liver,2019,38
ET,liver,2020,76
ET,liver,2021,82
ET,liver,2022,115
ET,liver,2023,16
ET,lung,2018,4
ET,lung,2019,4
ET,lung,2020,1
ET,lung,2021,4
ET,lung,2022,12
ET,lung,2023,1
ET,lymph node,2018,1
ET,lymph node,2019,2
ET,lymph node,2020,1
ET,lymph node,2021,2
ET,lymph node,2022,6
ET,muscular system,2020,1
ET,pancreas,2022,1
ET,pelvis,2021,1
ET,peripheral nervous system,2019,1
ET,peripheral nervous system,2020,1
ET,peripheral nervous system,2021,1
ET,placenta,2020,1
ET,placenta,2021,6
ET,placenta,2022,3
ET,prostate,2018,2
ET,prostate,2020,5
ET,prostate,2021,2
ET,prostate,2022,3
ET,prostate,2023,2
ET,skeletal,2018,1
ET,skeletal,2019,4
ET,skeletal,2020,3
ET,skeletal,2021,3
ET,skeletal,2022,5
ET,skin,2017,2
ET,skin,2018,6
ET,skin,2019,6
ET,skin,2020,3
ET,skin,2021,10
ET,skin,2022,11
ET,skin,2023,1
ET,small intestine,2022,1
ET,spinal cord,2019,1
ET,spinal cord,2020,1
ET,spleen,2021,1
ET,thymus,2020,1
ET,thymus,2021,1
ET,thymus,2022,1
ET,thymus,2023,1
ET,trachea,2018,2
ET,trachea,2020,1
ET,trachea,2021,3
ET,ureter,2017,1
ET,ureter,2019,1
ET,ureter,2020,1
ET,ureter,2021,2
ET,ureter,2022,3
ET,urinary bladder,2018,2
ET,urinary bladder,2019,1
ET,urinary bladder,2020,1
ET,urinary bladder,2022,1
ET,uterus,2019,2
ET,uterus,2022,3
FI,blood vasculature,2023,1
FI,bone marrow,2016,2
FI,bone marrow,2017,3
FI,bone marrow,2018,7
FI,bone marrow,2019,6
FI,bone marrow,2020,6
FI,bone marrow,2021,5
FI,bone marrow,2022,3
FI,bone marrow,2023,1
FI,brain,2015,3
FI,brain,2016,15
FI,brain,2017,40
FI,brain,2018,61
FI,brain,2019,76
FI,brain,2020,103
FI,brain,2021,112
FI,brain,2022,143
FI,brain,2023,29
FI,eye,2016,3
FI,eye,2017,7
FI,eye,2018,8
FI,eye,2019,27
FI,eye,2020,17
FI,eye,2021,20
FI,eye,2022,26
FI,eye,2023,2
FI,fallopian tube,2020,1
FI,fallopian tube,2021,1
FI,heart,2014,1
FI,heart,2015,1
FI,heart,2016,6
FI,heart,2017,18
FI,heart,2018,23
FI,heart,2019,40
FI,heart,2020,62
FI,heart,2021,67
FI,heart,2022,101
FI,heart,2023,16
FI,kidney,2015,1
FI,kidney,2016,2
FI,kidney,2017,9
FI,kidney,2018,23
FI,kidney,2019,33
FI,kidney,2020,25
FI,kidney,2021,46
FI,kidney,2022,46
FI,kidney,2023,8
FI,knee,2014,1
FI,knee,2016,2
FI,knee,2017,6
FI,knee,2018,19
FI,knee,2019,18
FI,knee,2020,20
FI,knee,2021,15
FI,knee,2022,25
FI,knee,2023,3
FI,large intestine,2019,1
FI,large intestine,2022,1
FI,liver,2014,3
FI,liver,2016,8
FI,liver,2017,24
FI,liver,2018,42
FI,liver,2019,78
FI,liver,2020,91
FI,liver,2021,117
FI,liver,2022,132
FI,liver,2023,27
FI,lung,2014,2
FI,lung,2016,2
FI,lung,2017,5
FI,lung,2018,20
FI,lung,2019,25
FI,lung,2020,28
FI,lung,2021,41
FI,lung,2022,36
FI,lung,2023,7
FI,lymph node,2017,3
FI,lymph node,2018,3
FI,lymph node,2019,2
FI,lymph node,2020,9
FI,lymph node,2021,7
FI,lymph node,2022,7
FI,lymph node,2023,5
FI,lymph vasculature,2023,1
FI,muscular system,2019,1
FI,muscular system,2020,1
FI,muscular system,2021,1
FI,ovary,2015,1
FI,ovary,2017,2
FI,ovary,2018,3
FI,ovary,2019,10
FI,ovary,2020,5
FI,ovary,2021,8
FI,ovary,2022,8
FI,ovary,2023,2
FI,pancreas,2014,1
FI,pancreas,2018,1
FI,pancreas,2019,3
FI,pancreas,2020,1
FI,pancreas,2021,5
FI,pancreas,2022,3
FI,pancreas,2023,1
FI,pelvis,2017,1
FI,pelvis,2019,1
FI,pelvis,2020,1
FI,pelvis,2021,4
FI,pelvis,2022,3
FI,pelvis,2023,1
FI,peripheral nervous system,2019,1
FI,peripheral nervous system,2020,2
FI,peripheral nervous system,2021,1
FI,peripheral nervous system,2022,1
FI,peripheral nervous system,2023,1
FI,placenta,2015,1
FI,placenta,2016,1
FI,placenta,2017,4
FI,placenta,2018,4
FI,placenta,2019,3
FI,placenta,2020,7
FI,placenta,2021,8
FI,placenta,2022,11
FI,placenta,2023,2
FI,prostate,2014,1
FI,prostate,2016,1
FI,prostate,2017,10
FI,prostate,2018,17
FI,prostate,2019,23
FI,prostate,2020,32
FI,prostate,2021,37
FI,prostate,2022,51
FI,prostate,2023,12
FI,skeletal,2015,1
FI,skeletal,2016,3
FI,skeletal,2017,14
FI,skeletal,2018,37
FI,skeletal,2019,24
FI,skeletal,2020,39
FI,skeletal,2021,36
FI,skeletal,2022,38
FI,skeletal,2023,14
FI,skin,2016,2
FI,skin,2017,11
FI,skin,2018,14
FI,skin,2019,27
FI,skin,2020,33
FI,skin,2021,33
FI,skin,2022,32
FI,skin,2023,7
FI,small intestine,2017,1
FI,small intestine,2018,4
FI,small intestine,2020,2
FI,small intestine,2021,3
FI,small intestine,2022,3
FI,spinal cord,2017,6
FI,spinal cord,2018,5
FI,spinal cord,2019,4
FI,spinal cord,2020,2
FI,spinal cord,2021,8
FI,spinal cord,2022,11
FI,spleen,2017,1
FI,spleen,2018,1
FI,spleen,2019,4
FI,spleen,2020,1
FI,spleen,2021,1
FI,thymus,2017,1
FI,thymus,2018,2
FI,thymus,2020,1
FI,thymus,2021,2
FI,thymus,2022,3
FI,trachea,2017,2
FI,trachea,2019,1
FI,trachea,2021,2
FI,trachea,2022,3
FI,ureter,2019,1
FI,ureter,2020,1
FI,ureter,2021,1
FI,urinary bladder,2017,2
FI,urinary bladder,2018,1
FI,urinary bladder,2019,4
FI,urinary bladder,2020,2
FI,urinary bladder,2021,3
FI,urinary bladder,2022,4
FI,urinary bladder,2023,3
FI,uterus,2018,1
FI,uterus,2019,1
FI,uterus,2020,1
FI,uterus,2022,1
FJ,brain,2020,1
FJ,brain,2021,1
FJ,heart,2020,1
FJ,heart,2021,1
FJ,heart,2022,1
FJ,liver,2019,1
FJ,liver,2020,1
FJ,liver,2021,1
FJ,liver,2022,1
FJ,skeletal,2019,1
FJ,skin,2020,1
FK,skin,2019,1
FO,heart,2019,3
FO,kidney,2022,1
FO,placenta,2022,1
FO,skeletal,2019,1
FO,skeletal,2022,3
FO,skeletal,2023,1
FO,skin,2020,1
FR,blood vasculature,2020,1
FR,blood vasculature,2021,1
FR,bone marrow,2014,1
FR,bone marrow,2015,1
FR,bone marrow,2016,11
FR,bone marrow,2017,17
FR,bone marrow,2018,36
FR,bone marrow,2019,37
FR,bone marrow,2020,50
FR,bone marrow,2021,69
FR,bone marrow,2022,43
FR,bone marrow,2023,7
FR,brain,2008,1
FR,brain,2014,12
FR,brain,2015,18
FR,brain,2016,69
FR,brain,2017,207
FR,brain,2018,302
FR,brain,2019,423
FR,brain,2020,471
FR,brain,2021,626
FR,brain,2022,629
FR,brain,2023,132
FR,eye,2015,6
FR,eye,2016,4
FR,eye,2017,28
FR,eye,2018,53
FR,eye,2019,58
FR,eye,2020,78
FR,eye,2021,92
FR,eye,2022,106
FR,eye,2023,17
FR,fallopian tube,2018,1
FR,fallopian tube,2019,2
FR,fallopian tube,2020,2
FR,fallopian tube,2022,1
FR,heart,2014,2
FR,heart,2015,12
FR,heart,2016,19
FR,heart,2017,63
FR,heart,2018,120
FR,heart,2019,165
FR,heart,2020,208
FR,heart,2021,362
FR,heart,2022,388
FR,heart,2023,88
FR,kidney,2014,3
FR,kidney,2015,1
FR,kidney,2016,24
FR,kidney,2017,68
FR,kidney,2018,139
FR,kidney,2019,191
FR,kidney,2020,224
FR,kidney,2021,340
FR,kidney,2022,337
FR,kidney,2023,66
FR,knee,2015,1
FR,knee,2016,7
FR,knee,2017,10
FR,knee,2018,30
FR,knee,2019,44
FR,knee,2020,45
FR,knee,2021,68
FR,knee,2022,89
FR,knee,2023,26
FR,large intestine,2021,1
FR,liver,2014,7
FR,liver,2015,13
FR,liver,2016,32
FR,liver,2017,143
FR,liver,2018,259
FR,liver,2019,342
FR,liver,2020,421
FR,liver,2021,551
FR,liver,2022,544
FR,liver,2023,144
FR,lung,2015,5
FR,lung,2016,22
FR,lung,2017,88
FR,lung,2018,158
FR,lung,2019,207
FR,lung,2020,289
FR,lung,2021,388
FR,lung,2022,398
FR,lung,2023,99
FR,lymph node,2016,3
FR,lymph node,2017,10
FR,lymph node,2018,21
FR,lymph node,2019,28
FR,lymph node,2020,36
FR,lymph node,2021,61
FR,lymph node,2022,38
FR,lymph node,2023,13
FR,muscular system,2016,1
FR,muscular system,2020,1
FR,muscular system,2021,3
FR,muscular system,2022,2
FR,muscular system,2023,2
FR,ovary,2015,1
FR,ovary,2016,3
FR,ovary,2017,5
FR,ovary,2018,10
FR,ovary,2019,14
FR,ovary,2020,25
FR,ovary,2021,19
FR,ovary,2022,20
FR,ovary,2023,4
FR,pancreas,2015,2
FR,pancreas,2016,3
FR,pancreas,2017,6
FR,pancreas,2018,13
FR,pancreas,2019,11
FR,pancreas,2020,21
FR,pancreas,2021,28
FR,pancreas,2022,7
FR,pancreas,2023,5
FR,pelvis,2016,2
FR,pelvis,2017,3
FR,pelvis,2018,6
FR,pelvis,2019,6
FR,pelvis,2020,10
FR,pelvis,2021,16
FR,pelvis,2022,10
FR,pelvis,2023,3
FR,peripheral nervous system,2017,2
FR,peripheral nervous system,2018,7
FR,peripheral nervous system,2019,13
FR,peripheral nervous system,2020,17
FR,peripheral nervous system,2021,11
FR,peripheral nervous system,2022,19
FR,peripheral nervous system,2023,6
FR,placenta,2014,2
FR,placenta,2015,1
FR,placenta,2016,4
FR,placenta,2017,6
FR,placenta,2018,15
FR,placenta,2019,18
FR,placenta,2020,27
FR,placenta,2021,46
FR,placenta,2022,46
FR,placenta,2023,7
FR,prostate,2016,3
FR,prostate,2017,13
FR,prostate,2018,27
FR,prostate,2019,39
FR,prostate,2020,62
FR,prostate,2021,91
FR,prostate,2022,107
FR,prostate,2023,23
FR,skeletal,2015,3
FR,skeletal,2016,25
FR,skeletal,2017,73
FR,skeletal,2018,137
FR,skeletal,2019,139
FR,skeletal,2020,170
FR,skeletal,2021,187
FR,skeletal,2022,192
FR,skeletal,2023,43
FR,skin,2014,1
FR,skin,2015,2
FR,skin,2016,13
FR,skin,2017,81
FR,skin,2018,162
FR,skin,2019,228
FR,skin,2020,277
FR,skin,2021,313
FR,skin,2022,277
FR,skin,2023,90
FR,small intestine,2016,2
FR,small intestine,2017,2
FR,small intestine,2018,9
FR,small intestine,2019,8
FR,small intestine,2020,10
FR,small intestine,2021,11
FR,small intestine,2022,9
FR,small intestine,2023,2
FR,spinal cord,2014,1
FR,spinal cord,2016,7
FR,spinal cord,2017,14
FR,spinal cord,2018,37
FR,spinal cord,2019,36
FR,spinal cord,2020,35
FR,spinal cord,2021,53
FR,spinal cord,2022,45
FR,spinal cord,2023,11
FR,spleen,2015,1
FR,spleen,2016,1
FR,spleen,2017,9
FR,spleen,2018,12
FR,spleen,2019,14
FR,spleen,2020,14
FR,spleen,2021,16
FR,spleen,2022,11
FR,spleen,2023,1
FR,thymus,2015,1
FR,thymus,2016,4
FR,thymus,2017,2
FR,thymus,2018,11
FR,thymus,2019,12
FR,thymus,2020,7
FR,thymus,2021,22
FR,thymus,2022,16
FR,thymus,2023,1
FR,trachea,2015,2
FR,trachea,2017,7
FR,trachea,2018,7
FR,trachea,2019,16
FR,trachea,2020,22
FR,trachea,2021,20
FR,trachea,2022,19
FR,trachea,2023,10
FR,ureter,2016,1
FR,ureter,2017,3
FR,ureter,2018,5
FR,ureter,2019,6
FR,ureter,2020,11
FR,ureter,2021,17
FR,ureter,2022,22
FR,ureter,2023,3
FR,urinary bladder,2016,2
FR,urinary bladder,2017,6
FR,urinary bladder,2018,19
FR,urinary bladder,2019,37
FR,urinary bladder,2020,27
FR,urinary bladder,2021,33
FR,urinary bladder,2022,51
FR,urinary bladder,2023,15
FR,uterus,2016,1
FR,uterus,2017,2
FR,uterus,2018,4
FR,uterus,2019,6
FR,uterus,2020,5
FR,uterus,2021,7
FR,uterus,2022,5
GA,liver,2018,1
GA,lymph node,2022,1
GA,placenta,2022,1
GA,skin,2018,3
GB,blood vasculature,2021,1
GB,blood vasculature,2023,1
GB,bone marrow,2014,1
GB,bone marrow,2015,5
GB,bone marrow,2016,13
GB,bone marrow,2017,28
GB,bone marrow,2018,51
GB,bone marrow,2019,58
GB,bone marrow,2020,58
GB,bone marrow,2021,81
GB,bone marrow,2022,62
GB,bone marrow,2023,17
GB,brain,2004,1
GB,brain,2005,1
GB,brain,2006,3
GB,brain,2007,1
GB,brain,2008,1
GB,brain,2011,1
GB,brain,2013,1
GB,brain,2014,18
GB,brain,2015,58
GB,brain,2016,164
GB,brain,2017,395
GB,brain,2018,585
GB,brain,2019,825
GB,brain,2020,901
GB,brain,2021,1181
GB,brain,2022,1272
GB,brain,2023,287
GB,eye,2013,2
GB,eye,2014,3
GB,eye,2015,11
GB,eye,2016,36
GB,eye,2017,70
GB,eye,2018,131
GB,eye,2019,218
GB,eye,2020,254
GB,eye,2021,322
GB,eye,2022,316
GB,eye,2023,78
GB,fallopian tube,2016,1
GB,fallopian tube,2017,4
GB,fallopian tube,2018,3
GB,fallopian tube,2019,2
GB,fallopian tube,2020,6
GB,fallopian tube,2021,7
GB,fallopian tube,2022,8
GB,heart,2014,10
GB,heart,2015,14
GB,heart,2016,76
GB,heart,2017,197
GB,heart,2018,341
GB,heart,2019,461
GB,heart,2020,596
GB,heart,2021,821
GB,heart,2022,1039
GB,heart,2023,228
GB,kidney,2014,5
GB,kidney,2015,11
GB,kidney,2016,51
GB,kidney,2017,106
GB,kidney,2018,208
GB,kidney,2019,292
GB,kidney,2020,375
GB,kidney,2021,518
GB,kidney,2022,497
GB,kidney,2023,104
GB,knee,2009,1
GB,knee,2014,1
GB,knee,2015,5
GB,knee,2016,13
GB,knee,2017,35
GB,knee,2018,71
GB,knee,2019,116
GB,knee,2020,143
GB,knee,2021,170
GB,knee,2022,207
GB,knee,2023,40
GB,large intestine,2015,1
GB,large intestine,2016,1
GB,large intestine,2019,1
GB,large intestine,2020,1
GB,large intestine,2021,3
GB,liver,2014,9
GB,liver,2015,23
GB,liver,2016,118
GB,liver,2017,346
GB,liver,2018,639
GB,liver,2019,880
GB,liver,2020,1173
GB,liver,2021,1461
GB,liver,2022,1560
GB,liver,2023,367
GB,lung,2011,1
GB,lung,2014,4
GB,lung,2015,22
GB,lung,2016,60
GB,lung,2017,147
GB,lung,2018,232
GB,lung,2019,364
GB,lung,2020,453
GB,lung,2021,547
GB,lung,2022,546
GB,lung,2023,141
GB,lymph node,2015,2
GB,lymph node,2016,10
GB,lymph node,2017,21
GB,lymph node,2018,40
GB,lymph node,2019,45
GB,lymph node,2020,67
GB,lymph node,2021,90
GB,lymph node,2022,69
GB,lymph node,2023,19
GB,lymph vasculature,2019,3
GB,lymph vasculature,2021,1
GB,main bronchus,2019,1
GB,muscular system,2016,1
GB,muscular system,2017,1
GB,muscular system,2018,2
GB,muscular system,2019,2
GB,muscular system,2020,5
GB,muscular system,2021,8
GB,muscular system,2022,12
GB,muscular system,2023,4
GB,ovary,2015,1
GB,ovary,2016,3
GB,ovary,2017,8
GB,ovary,2018,20
GB,ovary,2019,39
GB,ovary,2020,33
GB,ovary,2021,44
GB,ovary,2022,48
GB,ovary,2023,14
GB,pancreas,2015,3
GB,pancreas,2016,4
GB,pancreas,2017,11
GB,pancreas,2018,21
GB,pancreas,2019,27
GB,pancreas,2020,39
GB,pancreas,2021,44
GB,pancreas,2022,43
GB,pancreas,2023,5
GB,pelvis,2015,1
GB,pelvis,2016,5
GB,pelvis,2017,4
GB,pelvis,2018,11
GB,pelvis,2019,20
GB,pelvis,2020,25
GB,pelvis,2021,20
GB,pelvis,2022,25
GB,pelvis,2023,7
GB,peripheral nervous system,2016,3
GB,peripheral nervous system,2017,3
GB,peripheral nervous system,2018,10
GB,peripheral nervous system,2019,13
GB,peripheral nervous system,2020,18
GB,peripheral nervous system,2021,20
GB,peripheral nervous system,2022,24
GB,peripheral nervous system,2023,6
GB,placenta,2015,1
GB,placenta,2016,10
GB,placenta,2017,27
GB,placenta,2018,49
GB,placenta,2019,56
GB,placenta,2020,75
GB,placenta,2021,89
GB,placenta,2022,114
GB,placenta,2023,28
GB,prostate,2014,2
GB,prostate,2015,6
GB,prostate,2016,22
GB,prostate,2017,63
GB,prostate,2018,97
GB,prostate,2019,135
GB,prostate,2020,202
GB,prostate,2021,239
GB,prostate,2022,263
GB,prostate,2023,72
GB,skeletal,2014,3
GB,skeletal,2015,15
GB,skeletal,2016,49
GB,skeletal,2017,114
GB,skeletal,2018,217
GB,skeletal,2019,265
GB,skeletal,2020,311
GB,skeletal,2021,436
GB,skeletal,2022,406
GB,skeletal,2023,98
GB,skin,2004,1
GB,skin,2006,1
GB,skin,2014,3
GB,skin,2015,16
GB,skin,2016,44
GB,skin,2017,142
GB,skin,2018,286
GB,skin,2019,308
GB,skin,2020,383
GB,skin,2021,489
GB,skin,2022,444
GB,skin,2023,112
GB,small intestine,2015,3
GB,small intestine,2016,2
GB,small intestine,2017,11
GB,small intestine,2018,17
GB,small intestine,2019,25
GB,small intestine,2020,24
GB,small intestine,2021,22
GB,small intestine,2022,19
GB,small intestine,2023,4
GB,spinal cord,2014,2
GB,spinal cord,2015,11
GB,spinal cord,2016,11
GB,spinal cord,2017,46
GB,spinal cord,2018,73
GB,spinal cord,2019,78
GB,spinal cord,2020,83
GB,spinal cord,2021,117
GB,spinal cord,2022,118
GB,spinal cord,2023,27
GB,spleen,2014,1
GB,spleen,2015,3
GB,spleen,2016,5
GB,spleen,2017,12
GB,spleen,2018,14
GB,spleen,2019,24
GB,spleen,2020,27
GB,spleen,2021,21
GB,spleen,2022,16
GB,spleen,2023,2
GB,thymus,2015,1
GB,thymus,2016,4
GB,thymus,2017,5
GB,thymus,2018,14
GB,thymus,2019,5
GB,thymus,2020,19
GB,thymus,2021,19
GB,thymus,2022,17
GB,thymus,2023,2
GB,trachea,2015,2
GB,trachea,2016,2
GB,trachea,2017,5
GB,trachea,2018,12
GB,trachea,2019,23
GB,trachea,2020,22
GB,trachea,2021,58
GB,trachea,2022,44
GB,trachea,2023,10
GB,ureter,2015,2
GB,ureter,2016,2
GB,ureter,2017,6
GB,ureter,2018,8
GB,ureter,2019,15
GB,ureter,2020,22
GB,ureter,2021,39
GB,ureter,2022,40
GB,ureter,2023,9
GB,urinary bladder,2015,4
GB,urinary bladder,2016,5
GB,urinary bladder,2017,14
GB,urinary bladder,2018,43
GB,urinary bladder,2019,76
GB,urinary bladder,2020,68
GB,urinary bladder,2021,71
GB,urinary bladder,2022,79
GB,urinary bladder,2023,17
GB,uterus,2016,1
GB,uterus,2017,8
GB,uterus,2018,13
GB,uterus,2019,20
GB,uterus,2020,20
GB,uterus,2021,21
GB,uterus,2022,24
GB,uterus,2023,4
GD,brain,2018,1
GD,brain,2021,1
GD,brain,2022,2
GD,brain,2023,1
GD,heart,2020,1
GD,heart,2021,1
GD,kidney,2019,2
GD,kidney,2020,2
GD,kidney,2021,1
GD,kidney,2022,1
GD,kidney,2023,1
GD,knee,2017,1
GD,knee,2020,1
GD,liver,2017,1
GD,liver,2020,3
GD,liver,2021,2
GD,liver,2023,1
GD,lung,2016,1
GD,lung,2018,1
GD,lung,2020,2
GD,lung,2021,2
GD,lung,2022,1
GD,pancreas,2017,1
GD,pelvis,2018,1
GD,skeletal,2019,1
GD,skeletal,2021,1
GD,skin,2018,5
GD,skin,2019,1
GD,skin,2021,1
GD,small intestine,2019,1
GD,small intestine,2021,1
GD,spinal cord,2020,1
GD,spleen,2020,1
GD,uterus,2019,1
GD,uterus,2020,1
GE,bone marrow,2018,1
GE,bone marrow,2019,2
GE,brain,2017,1
GE,brain,2018,1
GE,brain,2019,2
GE,brain,2020,7
GE,brain,2021,4
GE,brain,2022,5
GE,brain,2023,2
GE,eye,2017,1
GE,eye,2018,1
GE,eye,2020,1
GE,eye,2021,1
GE,eye,2022,1
GE,eye,2023,1
GE,heart,2019,3
GE,heart,2020,2
GE,heart,2021,4
GE,kidney,2018,4
GE,kidney,2019,1
GE,kidney,2021,1
GE,kidney,2022,4
GE,large intestine,2020,1
GE,liver,2018,2
GE,liver,2019,5
GE,liver,2020,5
GE,liver,2021,7
GE,liver,2022,7
GE,liver,2023,2
GE,lung,2018,2
GE,lung,2020,3
GE,lung,2021,9
GE,lung,2022,6
GE,lung,2023,2
GE,lymph node,2020,1
GE,pelvis,2018,1
GE,pelvis,2020,1
GE,pelvis,2022,1
GE,placenta,2022,3
GE,prostate,2019,1
GE,prostate,2021,3
GE,prostate,2022,2
GE,skeletal,2018,1
GE,skeletal,2019,1
GE,skeletal,2020,2
GE,skeletal,2022,2
GE,skeletal,2023,1
GE,skin,2018,1
GE,skin,2019,1
GE,skin,2020,2
GE,skin,2021,1
GE,skin,2023,1
GE,small intestine,2019,1
GE,spinal cord,2022,1
GE,spleen,2020,1
GF,eye,2020,1
GF,heart,2020,1
GF,heart,2023,1
GF,liver,2020,1
GF,lung,2021,1
GF,skeletal,2018,1
GF,skin,2018,1
GF,skin,2019,1
GF,skin,2020,5
GF,skin,2022,1
GH,brain,2019,1
GH,brain,2021,5
GH,brain,2022,6
GH,brain,2023,1
GH,eye,2016,1
GH,eye,2020,5
GH,eye,2021,4
GH,eye,2022,2
GH,heart,2017,1
GH,heart,2019,3
GH,heart,2020,2
GH,heart,2021,6
GH,heart,2022,5
GH,heart,2023,1
GH,kidney,2017,4
GH,kidney,2018,2
GH,kidney,2019,9
GH,kidney,2020,4
GH,kidney,2021,3
GH,kidney,2022,6
GH,kidney,2023,1
GH,knee,2022,1
GH,knee,2023,1
GH,liver,2016,3
GH,liver,2017,7
GH,liver,2018,11
GH,liver,2019,26
GH,liver,2020,40
GH,liver,2021,37
GH,liver,2022,44
GH,liver,2023,6
GH,lung,2017,2
GH,lung,2018,1
GH,lung,2019,4
GH,lung,2020,3
GH,lung,2021,7
GH,lung,2022,8
GH,lymph node,2021,1
GH,ovary,2019,2
GH,peripheral nervous system,2019,1
GH,placenta,2017,1
GH,placenta,2019,1
GH,placenta,2020,1
GH,placenta,2021,2
GH,placenta,2022,1
GH,placenta,2023,1
GH,prostate,2018,1
GH,prostate,2019,2
GH,prostate,2020,1
GH,prostate,2021,4
GH,prostate,2022,6
GH,prostate,2023,1
GH,skeletal,2018,1
GH,skeletal,2021,3
GH,skin,2017,2
GH,skin,2018,1
GH,skin,2020,2
GH,skin,2021,5
GH,skin,2022,4
GH,skin,2023,1
GH,spinal cord,2019,1
GH,trachea,2021,1
GH,ureter,2019,1
GH,urinary bladder,2019,1
GH,uterus,2021,1
GH,uterus,2023,1
GI,brain,2019,1
GI,liver,2022,1
GI,spleen,2021,1
GL,heart,2017,1
GL,heart,2019,1
GL,heart,2021,1
GL,liver,2022,1
GL,lung,2021,1
GL,skin,2022,1
GM,brain,2020,2
GM,brain,2021,1
GM,eye,2017,1
GM,eye,2021,2
GM,eye,2023,1
GM,heart,2019,1
GM,heart,2020,1
GM,heart,2023,1
GM,kidney,2019,1
GM,kidney,2021,1
GM,kidney,2022,1
GM,liver,2018,1
GM,liver,2020,1
GM,liver,2021,3
GM,liver,2022,2
GM,lung,2018,1
GM,lung,2019,2
GM,lung,2020,1
GM,lung,2023,1
GM,skin,2017,1
GM,skin,2019,1
GM,skin,2022,1
GM,skin,2023,1
GM,small intestine,2018,1
GM,trachea,2017,1
GN,kidney,2021,1
GN,liver,2016,1
GN,liver,2019,1
GN,liver,2020,1
GN,liver,2021,2
GN,liver,2022,2
GN,skin,2017,1
GN,skin,2019,1
GP,heart,2022,3
GP,liver,2019,1
GP,lung,2017,1
GP,lung,2020,1
GP,lung,2022,3
GP,prostate,2017,1
GP,prostate,2020,2
GP,prostate,2022,3
GP,skin,2018,1
GR,bone marrow,2017,3
GR,bone marrow,2018,3
GR,bone marrow,2019,8
GR,bone marrow,2020,9
GR,bone marrow,2021,14
GR,bone marrow,2022,14
GR,bone marrow,2023,2
GR,brain,2005,1
GR,brain,2015,2
GR,brain,2016,7
GR,brain,2017,16
GR,brain,2018,33
GR,brain,2019,47
GR,brain,2020,60
GR,brain,2021,75
GR,brain,2022,88
GR,brain,2023,17
GR,eye,2015,2
GR,eye,2017,2
GR,eye,2018,6
GR,eye,2019,9
GR,eye,2020,15
GR,eye,2021,18
GR,eye,2022,16
GR,eye,2023,4
GR,fallopian tube,2020,1
GR,fallopian tube,2021,4
GR,fallopian tube,2022,3
GR,heart,2014,3
GR,heart,2015,1
GR,heart,2016,3
GR,heart,2017,13
GR,heart,2018,24
GR,heart,2019,45
GR,heart,2020,70
GR,heart,2021,118
GR,heart,2022,139
GR,heart,2023,43
GR,kidney,2014,3
GR,kidney,2015,1
GR,kidney,2016,6
GR,kidney,2017,11
GR,kidney,2018,28
GR,kidney,2019,35
GR,kidney,2020,58
GR,kidney,2021,81
GR,kidney,2022,98
GR,kidney,2023,16
GR,knee,2017,2
GR,knee,2018,4
GR,knee,2019,9
GR,knee,2020,8
GR,knee,2021,20
GR,knee,2022,23
GR,knee,2023,2
GR,liver,2014,2
GR,liver,2015,1
GR,liver,2016,12
GR,liver,2017,20
GR,liver,2018,35
GR,liver,2019,48
GR,liver,2020,67
GR,liver,2021,135
GR,liver,2022,146
GR,liver,2023,30
GR,lung,2012,1
GR,lung,2014,4
GR,lung,2016,6
GR,lung,2017,14
GR,lung,2018,20
GR,lung,2019,35
GR,lung,2020,58
GR,lung,2021,80
GR,lung,2022,82
GR,lung,2023,16
GR,lymph node,2016,1
GR,lymph node,2018,3
GR,lymph node,2019,6
GR,lymph node,2020,12
GR,lymph node,2021,13
GR,lymph node,2022,16
GR,lymph node,2023,4
GR,muscular system,2022,2
GR,muscular system,2023,1
GR,ovary,2016,1
GR,ovary,2017,2
GR,ovary,2018,3
GR,ovary,2019,2
GR,ovary,2020,5
GR,ovary,2021,8
GR,ovary,2022,12
GR,ovary,2023,2
GR,pancreas,2014,1
GR,pancreas,2016,2
GR,pancreas,2017,1
GR,pancreas,2019,2
GR,pancreas,2020,6
GR,pancreas,2021,3
GR,pancreas,2022,5
GR,pancreas,2023,1
GR,pelvis,2019,2
GR,pelvis,2020,3
GR,pelvis,2021,4
GR,pelvis,2022,2
GR,peripheral nervous system,2017,1
GR,peripheral nervous system,2019,3
GR,peripheral nervous system,2020,4
GR,peripheral nervous system,2021,5
GR,peripheral nervous system,2022,5
GR,peripheral nervous system,2023,1
GR,placenta,2017,1
GR,placenta,2018,1
GR,placenta,2019,2
GR,placenta,2020,3
GR,placenta,2021,5
GR,placenta,2022,16
GR,placenta,2023,4
GR,prostate,2014,2
GR,prostate,2017,1
GR,prostate,2018,3
GR,prostate,2019,10
GR,prostate,2020,14
GR,prostate,2021,23
GR,prostate,2022,31
GR,prostate,2023,4
GR,skeletal,2015,2
GR,skeletal,2016,3
GR,skeletal,2017,5
GR,skeletal,2018,10
GR,skeletal,2019,26
GR,skeletal,2020,19
GR,skeletal,2021,34
GR,skeletal,2022,30
GR,skeletal,2023,11
GR,skin,2014,2
GR,skin,2016,2
GR,skin,2017,5
GR,skin,2018,26
GR,skin,2019,41
GR,skin,2020,63
GR,skin,2021,75
GR,skin,2022,64
GR,skin,2023,15
GR,small intestine,2017,1
GR,small intestine,2019,5
GR,small intestine,2020,3
GR,small intestine,2021,4
GR,small intestine,2022,2
GR,spinal cord,2017,1
GR,spinal cord,2018,2
GR,spinal cord,2019,6
GR,spinal cord,2020,4
GR,spinal cord,2021,5
GR,spinal cord,2022,10
GR,spinal cord,2023,1
GR,spleen,2014,1
GR,spleen,2017,3
GR,spleen,2018,3
GR,spleen,2019,2
GR,spleen,2020,1
GR,spleen,2021,3
GR,spleen,2022,1
GR,spleen,2023,2
GR,thymus,2016,1
GR,thymus,2018,1
GR,thymus,2019,1
GR,thymus,2020,2
GR,thymus,2021,4
GR,thymus,2022,8
GR,thymus,2023,2
GR,trachea,2017,1
GR,trachea,2018,1
GR,trachea,2019,3
GR,trachea,2020,3
GR,trachea,2021,6
GR,trachea,2022,3
GR,ureter,2018,1
GR,ureter,2019,3
GR,ureter,2020,4
GR,ureter,2021,2
GR,ureter,2022,9
GR,urinary bladder,2015,1
GR,urinary bladder,2017,3
GR,urinary bladder,2018,8
GR,urinary bladder,2019,10
GR,urinary bladder,2020,12
GR,urinary bladder,2021,9
GR,urinary bladder,2022,16
GR,urinary bladder,2023,2
GR,uterus,2019,1
GR,uterus,2021,5
GR,uterus,2022,5
GT,brain,2022,1
GT,heart,2020,3
GT,heart,2021,3
GT,heart,2022,1
GT,kidney,2017,1
GT,kidney,2021,1
GT,kidney,2022,1
GT,knee,2020,1
GT,liver,2020,2
GT,liver,2021,2
GT,liver,2022,3
GT,placenta,2018,1
GT,skin,2022,1
GT,skin,2023,1
GW,heart,2022,1
GW,liver,2020,1
GW,liver,2021,1
GW,liver,2022,2
GW,lung,2017,1
GW,skin,2020,1
GY,heart,2015,1
HN,brain,2020,1
HN,heart,2021,1
HN,liver,2022,2
HN,liver,2023,1
HN,skeletal,2021,1
HN,skin,2021,1
HN,skin,2022,1
HN,skin,2023,1
HR,bone marrow,2016,1
HR,bone marrow,2018,1
HR,bone marrow,2020,1
HR,bone marrow,2022,4
HR,brain,2015,1
HR,brain,2016,2
HR,brain,2017,4
HR,brain,2018,7
HR,brain,2019,11
HR,brain,2020,11
HR,brain,2021,27
HR,brain,2022,29
HR,brain,2023,9
HR,eye,2018,1
HR,eye,2019,1
HR,eye,2020,5
HR,eye,2021,4
HR,eye,2022,6
HR,eye,2023,3
HR,fallopian tube,2022,1
HR,heart,2016,2
HR,heart,2017,1
HR,heart,2018,9
HR,heart,2019,6
HR,heart,2020,10
HR,heart,2021,14
HR,heart,2022,25
HR,heart,2023,2
HR,kidney,2016,1
HR,kidney,2017,4
HR,kidney,2018,13
HR,kidney,2019,9
HR,kidney,2020,15
HR,kidney,2021,26
HR,kidney,2022,36
HR,kidney,2023,15
HR,knee,2016,1
HR,knee,2017,1
HR,knee,2018,1
HR,knee,2019,3
HR,knee,2020,4
HR,knee,2021,5
HR,knee,2022,2
HR,liver,2016,2
HR,liver,2017,2
HR,liver,2018,6
HR,liver,2019,9
HR,liver,2020,15
HR,liver,2021,30
HR,liver,2022,44
HR,liver,2023,2
HR,lung,2016,1
HR,lung,2017,1
HR,lung,2018,3
HR,lung,2019,3
HR,lung,2020,13
HR,lung,2021,19
HR,lung,2022,14
HR,lung,2023,3
HR,lymph node,2017,2
HR,lymph node,2019,2
HR,lymph node,2020,2
HR,lymph node,2021,4
HR,lymph node,2022,3
HR,lymph node,2023,1
HR,muscular system,2023,1
HR,ovary,2016,1
HR,ovary,2018,1
HR,ovary,2020,1
HR,ovary,2021,1
HR,ovary,2022,3
HR,ovary,2023,1
HR,pancreas,2021,2
HR,peripheral nervous system,2021,1
HR,placenta,2017,1
HR,placenta,2018,1
HR,placenta,2021,1
HR,placenta,2022,7
HR,prostate,2019,2
HR,prostate,2020,2
HR,prostate,2021,8
HR,prostate,2022,10
HR,prostate,2023,2
HR,skeletal,2017,2
HR,skeletal,2018,1
HR,skeletal,2019,3
HR,skeletal,2020,3
HR,skeletal,2021,3
HR,skeletal,2022,4
HR,skeletal,2023,3
HR,skin,2017,1
HR,skin,2018,5
HR,skin,2019,9
HR,skin,2020,10
HR,skin,2021,14
HR,skin,2022,20
HR,skin,2023,7
HR,small intestine,2018,1
HR,small intestine,2019,2
HR,small intestine,2021,1
HR,small intestine,2023,1
HR,spinal cord,2019,2
HR,spinal cord,2020,1
HR,spinal cord,2021,3
HR,spinal cord,2022,4
HR,spleen,2017,1
HR,spleen,2018,1
HR,spleen,2020,1
HR,spleen,2023,1
HR,thymus,2016,1
HR,thymus,2018,1
HR,thymus,2020,2
HR,thymus,2021,1
HR,thymus,2022,1
HR,trachea,2020,1
HR,trachea,2023,1
HR,ureter,2019,1
HR,ureter,2021,3
HR,ureter,2022,2
HR,ureter,2023,2
HR,urinary bladder,2020,3
HR,urinary bladder,2021,5
HR,uterus,2019,1
HR,uterus,2021,1
HR,uterus,2022,1
HR,uterus,2023,2
HT,liver,2021,2
HT,liver,2023,1
HU,bone marrow,2016,2
HU,bone marrow,2018,1
HU,bone marrow,2019,4
HU,bone marrow,2020,3
HU,bone marrow,2021,3
HU,bone marrow,2022,3
HU,brain,2014,1
HU,brain,2015,2
HU,brain,2016,5
HU,brain,2017,17
HU,brain,2018,21
HU,brain,2019,38
HU,brain,2020,46
HU,brain,2021,72
HU,brain,2022,56
HU,brain,2023,13
HU,eye,2017,3
HU,eye,2018,5
HU,eye,2019,8
HU,eye,2020,3
HU,eye,2021,21
HU,eye,2022,16
HU,fallopian tube,2022,2
HU,heart,2015,4
HU,heart,2016,2
HU,heart,2017,11
HU,heart,2018,21
HU,heart,2019,24
HU,heart,2020,22
HU,heart,2021,55
HU,heart,2022,58
HU,heart,2023,9
HU,kidney,2014,1
HU,kidney,2016,3
HU,kidney,2017,5
HU,kidney,2018,10
HU,kidney,2019,15
HU,kidney,2020,11
HU,kidney,2021,16
HU,kidney,2022,14
HU,kidney,2023,5
HU,knee,2018,2
HU,knee,2019,7
HU,knee,2020,6
HU,knee,2021,7
HU,knee,2022,4
HU,large intestine,2019,1
HU,liver,2014,1
HU,liver,2015,1
HU,liver,2016,1
HU,liver,2017,6
HU,liver,2018,17
HU,liver,2019,27
HU,liver,2020,39
HU,liver,2021,54
HU,liver,2022,49
HU,liver,2023,8
HU,lung,2014,2
HU,lung,2015,1
HU,lung,2016,4
HU,lung,2017,4
HU,lung,2018,11
HU,lung,2019,8
HU,lung,2020,24
HU,lung,2021,25
HU,lung,2022,31
HU,lung,2023,3
HU,lymph node,2018,2
HU,lymph node,2019,1
HU,lymph node,2020,2
HU,lymph node,2021,2
HU,lymph node,2022,3
HU,ovary,2017,1
HU,ovary,2018,1
HU,ovary,2019,1
HU,ovary,2020,1
HU,ovary,2021,5
HU,ovary,2022,5
HU,pancreas,2018,4
HU,pancreas,2020,4
HU,pancreas,2021,1
HU,pancreas,2022,2
HU,pelvis,2018,1
HU,pelvis,2019,1
HU,pelvis,2022,1
HU,peripheral nervous system,2020,1
HU,peripheral nervous system,2021,3
HU,peripheral nervous system,2022,1
HU,placenta,2017,2
HU,placenta,2018,1
HU,placenta,2019,3
HU,placenta,2020,2
HU,placenta,2021,3
HU,placenta,2022,3
HU,placenta,2023,1
HU,prostate,2017,1
HU,prostate,2018,2
HU,prostate,2019,2
HU,prostate,2020,4
HU,prostate,2021,6
HU,prostate,2022,20
HU,prostate,2023,3
HU,skeletal,2017,7
HU,skeletal,2018,8
HU,skeletal,2019,7
HU,skeletal,2020,11
HU,skeletal,2021,19
HU,skeletal,2022,31
HU,skeletal,2023,1
HU,skin,2014,1
HU,skin,2016,3
HU,skin,2017,3
HU,skin,2018,9
HU,skin,2019,17
HU,skin,2020,31
HU,skin,2021,33
HU,skin,2022,35
HU,skin,2023,6
HU,small intestine,2019,1
HU,small intestine,2020,2
HU,small intestine,2021,1
HU,small intestine,2022,2
HU,small intestine,2023,1
HU,spinal cord,2016,2
HU,spinal cord,2018,7
HU,spinal cord,2019,1
HU,spinal cord,2020,6
HU,spinal cord,2021,8
HU,spinal cord,2022,7
HU,spinal cord,2023,1
HU,spleen,2019,3
HU,spleen,2020,3
HU,spleen,2021,3
HU,thymus,2017,1
HU,thymus,2020,1
HU,thymus,2022,2
HU,trachea,2016,1
HU,trachea,2017,1
HU,trachea,2019,1
HU,trachea,2020,3
HU,trachea,2021,2
HU,trachea,2022,1
HU,trachea,2023,1
HU,ureter,2020,1
HU,urinary bladder,2017,1
HU,urinary bladder,2018,1
HU,urinary bladder,2019,1
HU,urinary bladder,2020,2
HU,urinary bladder,2021,4
HU,urinary bladder,2022,6
HU,urinary bladder,2023,1
HU,uterus,2020,1
HU,uterus,2021,2
HU,uterus,2022,3
HU,uterus,2023,1
ID,bone marrow,2017,1
ID,bone marrow,2018,1
ID,bone marrow,2019,1
ID,bone marrow,2020,5
ID,bone marrow,2021,2
ID,bone marrow,2022,2
ID,bone marrow,2023,1
ID,brain,2016,1
ID,brain,2018,4
ID,brain,2019,9
ID,brain,2020,15
ID,brain,2021,15
ID,brain,2022,18
ID,brain,2023,3
ID,eye,2018,1
ID,eye,2020,6
ID,eye,2021,6
ID,eye,2022,7
ID,eye,2023,2
ID,fallopian tube,2020,1
ID,fallopian tube,2022,1
ID,heart,2015,1
ID,heart,2016,2
ID,heart,2017,3
ID,heart,2018,5
ID,heart,2019,15
ID,heart,2020,13
ID,heart,2021,34
ID,heart,2022,36
ID,heart,2023,2
ID,kidney,2017,1
ID,kidney,2018,2
ID,kidney,2019,10
ID,kidney,2020,24
ID,kidney,2021,25
ID,kidney,2022,28
ID,kidney,2023,9
ID,knee,2018,3
ID,knee,2020,1
ID,knee,2021,5
ID,knee,2022,6
ID,knee,2023,1
ID,liver,2014,2
ID,liver,2015,1
ID,liver,2016,2
ID,liver,2017,6
ID,liver,2018,16
ID,liver,2019,25
ID,liver,2020,43
ID,liver,2021,54
ID,liver,2022,55
ID,liver,2023,15
ID,lung,2015,1
ID,lung,2018,1
ID,lung,2019,9
ID,lung,2020,8
ID,lung,2021,19
ID,lung,2022,16
ID,lung,2023,2
ID,lymph node,2019,1
ID,lymph node,2020,2
ID,lymph node,2021,3
ID,lymph node,2023,1
ID,ovary,2019,2
ID,ovary,2020,3
ID,ovary,2021,2
ID,ovary,2022,5
ID,pancreas,2017,1
ID,pancreas,2018,2
ID,pancreas,2019,1
ID,pancreas,2020,1
ID,pancreas,2021,2
ID,pancreas,2022,2
ID,pelvis,2021,2
ID,pelvis,2022,1
ID,peripheral nervous system,2023,1
ID,placenta,2018,1
ID,placenta,2019,1
ID,placenta,2021,5
ID,placenta,2022,4
ID,placenta,2023,2
ID,prostate,2015,1
ID,prostate,2017,1
ID,prostate,2018,2
ID,prostate,2019,1
ID,prostate,2020,4
ID,prostate,2021,2
ID,prostate,2023,1
ID,skeletal,2017,1
ID,skeletal,2018,3
ID,skeletal,2019,1
ID,skeletal,2020,4
ID,skeletal,2021,6
ID,skeletal,2022,5
ID,skeletal,2023,4
ID,skin,2017,4
ID,skin,2018,5
ID,skin,2019,12
ID,skin,2020,14
ID,skin,2021,24
ID,skin,2022,28
ID,skin,2023,11
ID,small intestine,2019,1
ID,small intestine,2020,1
ID,spinal cord,2017,2
ID,spinal cord,2018,1
ID,spinal cord,2019,1
ID,spinal cord,2020,1
ID,spinal cord,2021,2
ID,spinal cord,2022,2
ID,spinal cord,2023,2
ID,spleen,2019,2
ID,spleen,2020,3
ID,spleen,2021,2
ID,thymus,2022,1
ID,trachea,2021,1
ID,trachea,2022,7
ID,ureter,2020,2
ID,ureter,2021,4
ID,ureter,2022,2
ID,ureter,2023,1
ID,urinary bladder,2018,1
ID,urinary bladder,2019,2
ID,urinary bladder,2020,3
ID,urinary bladder,2022,3
ID,uterus,2019,1
ID,uterus,2020,2
ID,uterus,2021,1
ID,uterus,2022,1
IE,bone marrow,2016,1
IE,bone marrow,2018,3
IE,bone marrow,2019,4
IE,bone marrow,2020,11
IE,bone marrow,2021,1
IE,bone marrow,2022,4
IE,brain,2014,1
IE,brain,2015,4
IE,brain,2016,13
IE,brain,2017,27
IE,brain,2018,37
IE,brain,2019,59
IE,brain,2020,74
IE,brain,2021,94
IE,brain,2022,82
IE,brain,2023,21
IE,eye,2016,1
IE,eye,2017,6
IE,eye,2018,5
IE,eye,2019,11
IE,eye,2020,10
IE,eye,2021,14
IE,eye,2022,21
IE,eye,2023,1
IE,fallopian tube,2019,1
IE,fallopian tube,2020,1
IE,fallopian tube,2022,1
IE,heart,2015,2
IE,heart,2016,4
IE,heart,2017,6
IE,heart,2018,17
IE,heart,2019,23
IE,heart,2020,37
IE,heart,2021,51
IE,heart,2022,54
IE,heart,2023,12
IE,kidney,2015,1
IE,kidney,2017,7
IE,kidney,2018,10
IE,kidney,2019,21
IE,kidney,2020,25
IE,kidney,2021,40
IE,kidney,2022,42
IE,kidney,2023,14
IE,knee,2016,2
IE,knee,2017,2
IE,knee,2018,4
IE,knee,2019,6
IE,knee,2020,6
IE,knee,2021,9
IE,knee,2022,17
IE,knee,2023,2
IE,large intestine,2020,1
IE,large intestine,2021,1
IE,large intestine,2022,1
IE,large intestine,2023,1
IE,liver,2015,2
IE,liver,2016,10
IE,liver,2017,15
IE,liver,2018,50
IE,liver,2019,81
IE,liver,2020,126
IE,liver,2021,140
IE,liver,2022,156
IE,liver,2023,36
IE,lung,2015,1
IE,lung,2016,4
IE,lung,2017,18
IE,lung,2018,16
IE,lung,2019,23
IE,lung,2020,38
IE,lung,2021,58
IE,lung,2022,56
IE,lung,2023,9
IE,lymph node,2015,1
IE,lymph node,2017,2
IE,lymph node,2018,2
IE,lymph node,2019,3
IE,lymph node,2020,1
IE,lymph node,2021,6
IE,lymph node,2022,2
IE,lymph node,2023,3
IE,muscular system,2018,1
IE,muscular system,2021,1
IE,ovary,2016,1
IE,ovary,2018,3
IE,ovary,2019,4
IE,ovary,2020,4
IE,ovary,2021,8
IE,ovary,2022,3
IE,ovary,2023,3
IE,pancreas,2017,1
IE,pancreas,2019,2
IE,pancreas,2020,1
IE,pancreas,2021,2
IE,pelvis,2015,1
IE,pelvis,2019,1
IE,pelvis,2020,2
IE,pelvis,2021,2
IE,pelvis,2022,1
IE,peripheral nervous system,2017,1
IE,peripheral nervous system,2020,1
IE,peripheral nervous system,2021,2
IE,peripheral nervous system,2022,2
IE,placenta,2015,1
IE,placenta,2016,1
IE,placenta,2017,1
IE,placenta,2018,4
IE,placenta,2019,3
IE,placenta,2020,4
IE,placenta,2021,12
IE,placenta,2022,7
IE,placenta,2023,5
IE,prostate,2015,1
IE,prostate,2017,5
IE,prostate,2018,12
IE,prostate,2019,16
IE,prostate,2020,11
IE,prostate,2021,16
IE,prostate,2022,20
IE,prostate,2023,4
IE,skeletal,2014,1
IE,skeletal,2016,2
IE,skeletal,2017,14
IE,skeletal,2018,30
IE,skeletal,2019,21
IE,skeletal,2020,22
IE,skeletal,2021,37
IE,skeletal,2022,32
IE,skeletal,2023,17
IE,skin,2015,2
IE,skin,2016,3
IE,skin,2017,7
IE,skin,2018,14
IE,skin,2019,29
IE,skin,2020,29
IE,skin,2021,48
IE,skin,2022,47
IE,skin,2023,16
IE,small intestine,2016,1
IE,small intestine,2017,1
IE,small intestine,2018,1
IE,small intestine,2019,3
IE,small intestine,2020,5
IE,small intestine,2021,2
IE,small intestine,2022,2
IE,spinal cord,2015,1
IE,spinal cord,2016,2
IE,spinal cord,2018,5
IE,spinal cord,2019,5
IE,spinal cord,2020,6
IE,spinal cord,2021,10
IE,spinal cord,2022,10
IE,spinal cord,2023,4
IE,spleen,2018,2
IE,spleen,2020,1
IE,spleen,2021,4
IE,thymus,2018,1
IE,thymus,2020,1
IE,thymus,2021,1
IE,trachea,2016,2
IE,trachea,2017,1
IE,trachea,2019,2
IE,trachea,2020,3
IE,trachea,2021,3
IE,trachea,2022,5
IE,trachea,2023,2
IE,ureter,2019,3
IE,ureter,2020,3
IE,ureter,2021,4
IE,ureter,2022,4
IE,ureter,2023,1
IE,urinary bladder,2017,2
IE,urinary bladder,2018,4
IE,urinary bladder,2019,4
IE,urinary bladder,2020,1
IE,urinary bladder,2021,1
IE,urinary bladder,2022,5
IE,uterus,2017,1
IE,uterus,2018,1
IE,uterus,2019,4
IE,uterus,2020,1
IE,uterus,2021,2
IE,uterus,2023,1
IL,bone marrow,2015,1
IL,bone marrow,2016,1
IL,bone marrow,2017,2
IL,bone marrow,2018,8
IL,bone marrow,2019,12
IL,bone marrow,2020,8
IL,bone marrow,2021,14
IL,bone marrow,2022,14
IL,bone marrow,2023,1
IL,brain,2008,1
IL,brain,2015,9
IL,brain,2016,18
IL,brain,2017,37
IL,brain,2018,77
IL,brain,2019,92
IL,brain,2020,138
IL,brain,2021,159
IL,brain,2022,150
IL,brain,2023,48
IL,eye,2014,1
IL,eye,2017,7
IL,eye,2018,18
IL,eye,2019,18
IL,eye,2020,24
IL,eye,2021,52
IL,eye,2022,47
IL,eye,2023,15
IL,fallopian tube,2018,2
IL,fallopian tube,2019,1
IL,fallopian tube,2021,2
IL,fallopian tube,2022,2
IL,heart,2014,2
IL,heart,2015,3
IL,heart,2016,3
IL,heart,2017,14
IL,heart,2018,40
IL,heart,2019,46
IL,heart,2020,59
IL,heart,2021,78
IL,heart,2022,113
IL,heart,2023,15
IL,kidney,2015,1
IL,kidney,2016,2
IL,kidney,2017,6
IL,kidney,2018,26
IL,kidney,2019,31
IL,kidney,2020,27
IL,kidney,2021,48
IL,kidney,2022,72
IL,kidney,2023,21
IL,knee,2018,1
IL,knee,2019,2
IL,knee,2020,7
IL,knee,2021,20
IL,knee,2022,21
IL,knee,2023,5
IL,large intestine,2018,1
IL,liver,2014,2
IL,liver,2015,2
IL,liver,2016,3
IL,liver,2017,30
IL,liver,2018,52
IL,liver,2019,72
IL,liver,2020,112
IL,liver,2021,131
IL,liver,2022,176
IL,liver,2023,32
IL,lung,2015,1
IL,lung,2016,2
IL,lung,2017,5
IL,lung,2018,22
IL,lung,2019,42
IL,lung,2020,61
IL,lung,2021,67
IL,lung,2022,62
IL,lung,2023,11
IL,lymph node,2016,1
IL,lymph node,2017,1
IL,lymph node,2018,2
IL,lymph node,2019,7
IL,lymph node,2020,3
IL,lymph node,2021,15
IL,lymph node,2022,13
IL,lymph node,2023,3
IL,muscular system,2022,1
IL,ovary,2015,1
IL,ovary,2016,1
IL,ovary,2018,2
IL,ovary,2019,3
IL,ovary,2020,5
IL,ovary,2021,2
IL,ovary,2022,4
IL,pancreas,2017,1
IL,pancreas,2018,4
IL,pancreas,2019,5
IL,pancreas,2020,6
IL,pancreas,2021,7
IL,pancreas,2022,4
IL,pelvis,2017,2
IL,pelvis,2018,1
IL,pelvis,2019,6
IL,pelvis,2020,1
IL,pelvis,2021,1
IL,pelvis,2022,2
IL,peripheral nervous system,2017,1
IL,peripheral nervous system,2019,2
IL,peripheral nervous system,2020,2
IL,peripheral nervous system,2021,2
IL,peripheral nervous system,2022,2
IL,placenta,2016,1
IL,placenta,2017,2
IL,placenta,2018,8
IL,placenta,2019,13
IL,placenta,2020,17
IL,placenta,2021,24
IL,placenta,2022,31
IL,placenta,2023,6
IL,prostate,2016,1
IL,prostate,2018,7
IL,prostate,2019,11
IL,prostate,2020,14
IL,prostate,2021,18
IL,prostate,2022,15
IL,prostate,2023,5
IL,skeletal,2015,1
IL,skeletal,2016,2
IL,skeletal,2017,5
IL,skeletal,2018,15
IL,skeletal,2019,14
IL,skeletal,2020,23
IL,skeletal,2021,28
IL,skeletal,2022,27
IL,skeletal,2023,13
IL,skin,2015,2
IL,skin,2016,2
IL,skin,2017,10
IL,skin,2018,35
IL,skin,2019,34
IL,skin,2020,47
IL,skin,2021,66
IL,skin,2022,69
IL,skin,2023,13
IL,small intestine,2017,1
IL,small intestine,2018,2
IL,small intestine,2020,3
IL,small intestine,2021,4
IL,small intestine,2022,5
IL,spinal cord,2016,2
IL,spinal cord,2017,5
IL,spinal cord,2018,5
IL,spinal cord,2019,8
IL,spinal cord,2020,7
IL,spinal cord,2021,11
IL,spinal cord,2022,14
IL,spleen,2016,1
IL,spleen,2017,3
IL,spleen,2018,4
IL,spleen,2019,2
IL,spleen,2020,2
IL,spleen,2021,4
IL,spleen,2022,1
IL,thymus,2016,1
IL,thymus,2017,1
IL,thymus,2019,1
IL,thymus,2020,3
IL,thymus,2021,1
IL,thymus,2022,6
IL,thymus,2023,1
IL,trachea,2017,1
IL,trachea,2018,2
IL,trachea,2019,4
IL,trachea,2020,3
IL,trachea,2021,8
IL,trachea,2022,3
IL,ureter,2018,1
IL,ureter,2019,4
IL,ureter,2020,3
IL,ureter,2021,3
IL,ureter,2022,7
IL,ureter,2023,2
IL,urinary bladder,2015,1
IL,urinary bladder,2016,1
IL,urinary bladder,2017,2
IL,urinary bladder,2018,6
IL,urinary bladder,2019,4
IL,urinary bladder,2020,6
IL,urinary bladder,2021,6
IL,urinary bladder,2022,11
IL,urinary bladder,2023,3
IL,uterus,2018,1
IL,uterus,2019,6
IL,uterus,2021,3
IL,uterus,2022,5
IL,uterus,2023,2
IN,bone marrow,2015,2
IN,bone marrow,2016,5
IN,bone marrow,2017,8
IN,bone marrow,2018,14
IN,bone marrow,2019,25
IN,bone marrow,2020,35
IN,bone marrow,2021,41
IN,bone marrow,2022,38
IN,bone marrow,2023,3
IN,brain,2014,3
IN,brain,2015,5
IN,brain,2016,17
IN,brain,2017,73
IN,brain,2018,139
IN,brain,2019,207
IN,brain,2020,255
IN,brain,2021,371
IN,brain,2022,446
IN,brain,2023,84
IN,eye,2014,4
IN,eye,2015,2
IN,eye,2016,12
IN,eye,2017,33
IN,eye,2018,58
IN,eye,2019,50
IN,eye,2020,105
IN,eye,2021,155
IN,eye,2022,158
IN,eye,2023,50
IN,fallopian tube,2018,2
IN,fallopian tube,2019,2
IN,fallopian tube,2020,2
IN,fallopian tube,2021,4
IN,fallopian tube,2022,1
IN,fallopian tube,2023,2
IN,heart,2014,3
IN,heart,2015,1
IN,heart,2016,8
IN,heart,2017,28
IN,heart,2018,66
IN,heart,2019,121
IN,heart,2020,146
IN,heart,2021,252
IN,heart,2022,322
IN,heart,2023,43
IN,kidney,2014,2
IN,kidney,2016,3
IN,kidney,2017,21
IN,kidney,2018,73
IN,kidney,2019,106
IN,kidney,2020,134
IN,kidney,2021,217
IN,kidney,2022,251
IN,kidney,2023,53
IN,knee,2015,1
IN,knee,2016,2
IN,knee,2017,6
IN,knee,2018,6
IN,knee,2019,13
IN,knee,2020,34
IN,knee,2021,72
IN,knee,2022,84
IN,knee,2023,19
IN,liver,2014,24
IN,liver,2015,3
IN,liver,2016,24
IN,liver,2017,121
IN,liver,2018,247
IN,liver,2019,367
IN,liver,2020,505
IN,liver,2021,720
IN,liver,2022,918
IN,liver,2023,197
IN,lung,2014,2
IN,lung,2016,13
IN,lung,2017,42
IN,lung,2018,67
IN,lung,2019,111
IN,lung,2020,138
IN,lung,2021,257
IN,lung,2022,309
IN,lung,2023,89
IN,lymph node,2014,1
IN,lymph node,2016,4
IN,lymph node,2017,8
IN,lymph node,2018,15
IN,lymph node,2019,36
IN,lymph node,2020,34
IN,lymph node,2021,74
IN,lymph node,2022,71
IN,lymph node,2023,22
IN,muscular system,2020,1
IN,muscular system,2021,1
IN,ovary,2015,1
IN,ovary,2016,1
IN,ovary,2017,5
IN,ovary,2018,10
IN,ovary,2019,17
IN,ovary,2020,22
IN,ovary,2021,35
IN,ovary,2022,57
IN,ovary,2023,11
IN,pancreas,2014,2
IN,pancreas,2015,1
IN,pancreas,2016,2
IN,pancreas,2017,1
IN,pancreas,2018,5
IN,pancreas,2019,11
IN,pancreas,2020,25
IN,pancreas,2021,30
IN,pancreas,2022,27
IN,pancreas,2023,3
IN,pelvis,2017,1
IN,pelvis,2018,3
IN,pelvis,2019,2
IN,pelvis,2020,5
IN,pelvis,2021,17
IN,pelvis,2022,11
IN,pelvis,2023,4
IN,peripheral nervous system,2019,4
IN,peripheral nervous system,2020,6
IN,peripheral nervous system,2021,11
IN,peripheral nervous system,2022,8
IN,peripheral nervous system,2023,4
IN,placenta,2016,2
IN,placenta,2017,7
IN,placenta,2018,11
IN,placenta,2019,15
IN,placenta,2020,21
IN,placenta,2021,36
IN,placenta,2022,40
IN,placenta,2023,9
IN,prostate,2014,1
IN,prostate,2016,2
IN,prostate,2017,5
IN,prostate,2018,16
IN,prostate,2019,31
IN,prostate,2020,33
IN,prostate,2021,47
IN,prostate,2022,79
IN,prostate,2023,21
IN,skeletal,2015,1
IN,skeletal,2016,6
IN,skeletal,2017,12
IN,skeletal,2018,34
IN,skeletal,2019,37
IN,skeletal,2020,47
IN,skeletal,2021,118
IN,skeletal,2022,93
IN,skeletal,2023,24
IN,skin,2014,4
IN,skin,2015,4
IN,skin,2016,10
IN,skin,2017,42
IN,skin,2018,87
IN,skin,2019,140
IN,skin,2020,209
IN,skin,2021,250
IN,skin,2022,255
IN,skin,2023,47
IN,small intestine,2015,1
IN,small intestine,2016,1
IN,small intestine,2017,2
IN,small intestine,2018,4
IN,small intestine,2019,3
IN,small intestine,2020,5
IN,small intestine,2021,13
IN,small intestine,2022,5
IN,spinal cord,2015,1
IN,spinal cord,2016,3
IN,spinal cord,2017,4
IN,spinal cord,2018,9
IN,spinal cord,2019,26
IN,spinal cord,2020,29
IN,spinal cord,2021,37
IN,spinal cord,2022,38
IN,spinal cord,2023,9
IN,spleen,2014,1
IN,spleen,2017,4
IN,spleen,2018,10
IN,spleen,2019,8
IN,spleen,2020,13
IN,spleen,2021,15
IN,spleen,2022,7
IN,spleen,2023,1
IN,thymus,2016,2
IN,thymus,2017,1
IN,thymus,2018,6
IN,thymus,2019,9
IN,thymus,2020,3
IN,thymus,2021,9
IN,thymus,2022,8
IN,trachea,2014,3
IN,trachea,2016,1
IN,trachea,2017,6
IN,trachea,2018,17
IN,trachea,2019,13
IN,trachea,2020,26
IN,trachea,2021,24
IN,trachea,2022,32
IN,trachea,2023,11
IN,ureter,2014,1
IN,ureter,2015,1
IN,ureter,2016,1
IN,ureter,2017,1
IN,ureter,2018,9
IN,ureter,2019,12
IN,ureter,2020,15
IN,ureter,2021,15
IN,ureter,2022,23
IN,ureter,2023,3
IN,urinary bladder,2016,1
IN,urinary bladder,2017,3
IN,urinary bladder,2018,11
IN,urinary bladder,2019,13
IN,urinary bladder,2020,27
IN,urinary bladder,2021,30
IN,urinary bladder,2022,28
IN,urinary bladder,2023,9
IN,uterus,2017,2
IN,uterus,2018,6
IN,uterus,2019,8
IN,uterus,2020,8
IN,uterus,2021,12
IN,uterus,2022,14
IN,uterus,2023,8
IQ,bone marrow,2017,1
IQ,bone marrow,2020,1
IQ,brain,2019,4
IQ,brain,2020,4
IQ,brain,2021,9
IQ,brain,2022,5
IQ,brain,2023,3
IQ,eye,2020,1
IQ,heart,2017,1
IQ,heart,2018,2
IQ,heart,2019,6
IQ,heart,2020,3
IQ,heart,2021,6
IQ,heart,2022,9
IQ,heart,2023,1
IQ,kidney,2018,2
IQ,kidney,2019,1
IQ,kidney,2020,5
IQ,kidney,2021,5
IQ,kidney,2022,5
IQ,knee,2013,1
IQ,knee,2021,6
IQ,knee,2022,3
IQ,knee,2023,2
IQ,liver,2017,2
IQ,liver,2018,8
IQ,liver,2019,6
IQ,liver,2020,12
IQ,liver,2021,16
IQ,liver,2022,31
IQ,liver,2023,3
IQ,lung,2019,2
IQ,lung,2020,5
IQ,lung,2021,3
IQ,lung,2022,10
IQ,lung,2023,1
IQ,lymph node,2017,1
IQ,lymph node,2022,1
IQ,ovary,2019,1
IQ,ovary,2020,2
IQ,ovary,2022,2
IQ,pancreas,2020,2
IQ,peripheral nervous system,2022,2
IQ,placenta,2020,1
IQ,placenta,2022,1
IQ,prostate,2018,1
IQ,prostate,2019,2
IQ,prostate,2021,2
IQ,prostate,2022,4
IQ,skeletal,2018,1
IQ,skeletal,2022,5
IQ,skeletal,2023,1
IQ,skin,2019,4
IQ,skin,2020,1
IQ,skin,2021,7
IQ,skin,2022,9
IQ,skin,2023,1
IQ,small intestine,2019,1
IQ,small intestine,2021,1
IQ,spinal cord,2020,2
IQ,spinal cord,2022,1
IQ,thymus,2019,1
IQ,thymus,2020,1
IQ,trachea,2022,1
IQ,urinary bladder,2022,1
IR,bone marrow,2016,2
IR,bone marrow,2017,3
IR,bone marrow,2018,13
IR,bone marrow,2019,14
IR,bone marrow,2020,23
IR,bone marrow,2021,33
IR,bone marrow,2022,16
IR,bone marrow,2023,2
IR,brain,2014,4
IR,brain,2016,6
IR,brain,2017,16
IR,brain,2018,51
IR,brain,2019,97
IR,brain,2020,139
IR,brain,2021,153
IR,brain,2022,205
IR,brain,2023,59
IR,eye,2015,1
IR,eye,2016,2
IR,eye,2017,1
IR,eye,2018,14
IR,eye,2019,19
IR,eye,2020,29
IR,eye,2021,40
IR,eye,2022,46
IR,eye,2023,11
IR,fallopian tube,2019,1
IR,fallopian tube,2020,1
IR,fallopian tube,2021,1
IR,fallopian tube,2022,1
IR,fallopian tube,2023,1
IR,heart,2014,2
IR,heart,2015,2
IR,heart,2016,1
IR,heart,2017,13
IR,heart,2018,37
IR,heart,2019,76
IR,heart,2020,106
IR,heart,2021,114
IR,heart,2022,137
IR,heart,2023,28
IR,kidney,2014,1
IR,kidney,2016,2
IR,kidney,2017,13
IR,kidney,2018,36
IR,kidney,2019,72
IR,kidney,2020,75
IR,kidney,2021,101
IR,kidney,2022,110
IR,kidney,2023,19
IR,knee,2013,1
IR,knee,2016,2
IR,knee,2018,5
IR,knee,2019,8
IR,knee,2020,18
IR,knee,2021,32
IR,knee,2022,42
IR,knee,2023,7
IR,large intestine,2021,1
IR,liver,2014,6
IR,liver,2015,2
IR,liver,2016,6
IR,liver,2017,28
IR,liver,2018,102
IR,liver,2019,178
IR,liver,2020,281
IR,liver,2021,403
IR,liver,2022,398
IR,liver,2023,83
IR,lung,2016,1
IR,lung,2017,5
IR,lung,2018,19
IR,lung,2019,47
IR,lung,2020,57
IR,lung,2021,96
IR,lung,2022,90
IR,lung,2023,20
IR,lymph node,2015,1
IR,lymph node,2016,2
IR,lymph node,2017,2
IR,lymph node,2018,4
IR,lymph node,2019,12
IR,lymph node,2020,12
IR,lymph node,2021,10
IR,lymph node,2022,13
IR,lymph node,2023,1
IR,muscular system,2021,1
IR,muscular system,2022,1
IR,ovary,2016,2
IR,ovary,2017,9
IR,ovary,2018,23
IR,ovary,2019,24
IR,ovary,2020,33
IR,ovary,2021,43
IR,ovary,2022,56
IR,ovary,2023,17
IR,pancreas,2016,1
IR,pancreas,2018,3
IR,pancreas,2019,8
IR,pancreas,2020,5
IR,pancreas,2021,7
IR,pancreas,2022,5
IR,pancreas,2023,3
IR,pelvis,2016,2
IR,pelvis,2018,3
IR,pelvis,2020,3
IR,pelvis,2021,1
IR,pelvis,2022,3
IR,peripheral nervous system,2018,1
IR,peripheral nervous system,2019,5
IR,peripheral nervous system,2021,3
IR,peripheral nervous system,2022,4
IR,peripheral nervous system,2023,1
IR,placenta,2017,2
IR,placenta,2018,5
IR,placenta,2019,6
IR,placenta,2020,11
IR,placenta,2021,16
IR,placenta,2022,22
IR,placenta,2023,4
IR,prostate,2017,3
IR,prostate,2018,4
IR,prostate,2019,28
IR,prostate,2020,24
IR,prostate,2021,25
IR,prostate,2022,47
IR,prostate,2023,9
IR,skeletal,2014,1
IR,skeletal,2016,1
IR,skeletal,2017,6
IR,skeletal,2018,15
IR,skeletal,2019,27
IR,skeletal,2020,30
IR,skeletal,2021,27
IR,skeletal,2022,63
IR,skeletal,2023,12
IR,skin,2014,1
IR,skin,2016,6
IR,skin,2017,13
IR,skin,2018,24
IR,skin,2019,56
IR,skin,2020,100
IR,skin,2021,103
IR,skin,2022,117
IR,skin,2023,20
IR,small intestine,2018,2
IR,small intestine,2019,2
IR,small intestine,2020,3
IR,small intestine,2021,1
IR,small intestine,2022,4
IR,small intestine,2023,1
IR,spinal cord,2017,2
IR,spinal cord,2018,9
IR,spinal cord,2019,16
IR,spinal cord,2020,22
IR,spinal cord,2021,34
IR,spinal cord,2022,39
IR,spinal cord,2023,2
IR,spleen,2017,5
IR,spleen,2018,4
IR,spleen,2019,11
IR,spleen,2020,3
IR,spleen,2021,4
IR,spleen,2022,1
IR,spleen,2023,1
IR,thymus,2018,3
IR,thymus,2019,8
IR,thymus,2020,2
IR,thymus,2021,8
IR,thymus,2022,15
IR,thymus,2023,2
IR,trachea,2016,2
IR,trachea,2018,1
IR,trachea,2019,1
IR,trachea,2020,6
IR,trachea,2021,8
IR,trachea,2022,14
IR,ureter,2017,1
IR,ureter,2018,3
IR,ureter,2019,3
IR,ureter,2020,4
IR,ureter,2021,6
IR,ureter,2022,4
IR,ureter,2023,4
IR,urinary bladder,2017,1
IR,urinary bladder,2018,3
IR,urinary bladder,2019,10
IR,urinary bladder,2020,12
IR,urinary bladder,2021,16
IR,urinary bladder,2022,24
IR,urinary bladder,2023,4
IR,uterus,2018,2
IR,uterus,2019,5
IR,uterus,2020,11
IR,uterus,2021,5
IR,uterus,2022,5
IR,uterus,2023,1
IS,brain,2017,2
IS,brain,2018,5
IS,brain,2019,5
IS,brain,2020,6
IS,brain,2021,1
IS,brain,2022,5
IS,brain,2023,3
IS,eye,2017,1
IS,eye,2018,1
IS,eye,2019,3
IS,eye,2020,2
IS,eye,2021,4
IS,eye,2022,4
IS,eye,2023,2
IS,heart,2016,1
IS,heart,2017,1
IS,heart,2018,1
IS,heart,2019,4
IS,heart,2020,7
IS,heart,2021,7
IS,heart,2022,6
IS,kidney,2017,1
IS,kidney,2018,1
IS,kidney,2019,5
IS,kidney,2020,2
IS,kidney,2021,3
IS,kidney,2022,6
IS,knee,2018,4
IS,knee,2019,4
IS,knee,2021,2
IS,knee,2022,3
IS,knee,2023,2
IS,liver,2017,1
IS,liver,2018,1
IS,liver,2019,6
IS,liver,2020,5
IS,liver,2021,8
IS,liver,2022,15
IS,liver,2023,2
IS,lung,2016,1
IS,lung,2017,3
IS,lung,2018,1
IS,lung,2019,1
IS,lung,2020,2
IS,lung,2021,1
IS,lung,2022,5
IS,lymph node,2021,2
IS,ovary,2015,1
IS,ovary,2018,1
IS,ovary,2019,1
IS,pancreas,2022,2
IS,pelvis,2022,1
IS,peripheral nervous system,2021,1
IS,placenta,2017,1
IS,prostate,2017,1
IS,prostate,2018,3
IS,prostate,2021,2
IS,prostate,2022,3
IS,skeletal,2016,1
IS,skeletal,2018,1
IS,skeletal,2019,1
IS,skeletal,2020,1
IS,skeletal,2022,1
IS,skin,2017,1
IS,skin,2020,2
IS,skin,2021,2
IS,skin,2022,2
IS,spinal cord,2016,1
IS,spinal cord,2019,1
IS,spinal cord,2020,2
IS,spinal cord,2021,1
IT,blood vasculature,2020,1
IT,bone marrow,2014,2
IT,bone marrow,2015,4
IT,bone marrow,2016,11
IT,bone marrow,2017,24
IT,bone marrow,2018,53
IT,bone marrow,2019,78
IT,bone marrow,2020,75
IT,bone marrow,2021,103
IT,bone marrow,2022,77
IT,bone marrow,2023,27
IT,brain,2013,1
IT,brain,2014,23
IT,brain,2015,32
IT,brain,2016,95
IT,brain,2017,321
IT,brain,2018,466
IT,brain,2019,585
IT,brain,2020,761
IT,brain,2021,929
IT,brain,2022,999
IT,brain,2023,232
IT,eye,2014,6
IT,eye,2015,3
IT,eye,2016,17
IT,eye,2017,49
IT,eye,2018,79
IT,eye,2019,83
IT,eye,2020,129
IT,eye,2021,187
IT,eye,2022,203
IT,eye,2023,49
IT,fallopian tube,2017,1
IT,fallopian tube,2018,2
IT,fallopian tube,2020,3
IT,fallopian tube,2021,3
IT,fallopian tube,2022,7
IT,heart,2014,15
IT,heart,2015,9
IT,heart,2016,42
IT,heart,2017,161
IT,heart,2018,284
IT,heart,2019,351
IT,heart,2020,473
IT,heart,2021,809
IT,heart,2022,955
IT,heart,2023,210
IT,kidney,2014,15
IT,kidney,2015,8
IT,kidney,2016,33
IT,kidney,2017,98
IT,kidney,2018,175
IT,kidney,2019,240
IT,kidney,2020,321
IT,kidney,2021,441
IT,kidney,2022,510
IT,kidney,2023,96
IT,knee,2015,1
IT,knee,2016,12
IT,knee,2017,16
IT,knee,2018,34
IT,knee,2019,72
IT,knee,2020,73
IT,knee,2021,157
IT,knee,2022,134
IT,knee,2023,49
IT,large intestine,2016,1
IT,large intestine,2017,2
IT,large intestine,2018,1
IT,large intestine,2019,3
IT,large intestine,2020,3
IT,large intestine,2021,1
IT,large intestine,2022,1
IT,liver,2012,2
IT,liver,2014,23
IT,liver,2015,19
IT,liver,2016,64
IT,liver,2017,242
IT,liver,2018,481
IT,liver,2019,626
IT,liver,2020,826
IT,liver,2021,1030
IT,liver,2022,1054
IT,liver,2023,240
IT,lung,2014,8
IT,lung,2015,10
IT,lung,2016,25
IT,lung,2017,111
IT,lung,2018,221
IT,lung,2019,335
IT,lung,2020,470
IT,lung,2021,662
IT,lung,2022,693
IT,lung,2023,151
IT,lymph node,2014,3
IT,lymph node,2015,3
IT,lymph node,2016,9
IT,lymph node,2017,25
IT,lymph node,2018,53
IT,lymph node,2019,76
IT,lymph node,2020,97
IT,lymph node,2021,135
IT,lymph node,2022,133
IT,lymph node,2023,30
IT,lymph vasculature,2022,1
IT,main bronchus,2018,1
IT,muscular system,2017,1
IT,muscular system,2020,1
IT,muscular system,2021,4
IT,muscular system,2022,7
IT,muscular system,2023,2
IT,ovary,2014,1
IT,ovary,2015,2
IT,ovary,2016,4
IT,ovary,2017,11
IT,ovary,2018,21
IT,ovary,2019,29
IT,ovary,2020,35
IT,ovary,2021,43
IT,ovary,2022,46
IT,ovary,2023,6
IT,pancreas,2014,1
IT,pancreas,2015,1
IT,pancreas,2016,2
IT,pancreas,2017,15
IT,pancreas,2018,16
IT,pancreas,2019,36
IT,pancreas,2020,41
IT,pancreas,2021,52
IT,pancreas,2022,36
IT,pancreas,2023,15
IT,pelvis,2016,1
IT,pelvis,2017,9
IT,pelvis,2018,10
IT,pelvis,2019,10
IT,pelvis,2020,13
IT,pelvis,2021,23
IT,pelvis,2022,23
IT,pelvis,2023,6
IT,peripheral nervous system,2013,1
IT,peripheral nervous system,2016,2
IT,peripheral nervous system,2017,10
IT,peripheral nervous system,2018,9
IT,peripheral nervous system,2019,19
IT,peripheral nervous system,2020,25
IT,peripheral nervous system,2021,32
IT,peripheral nervous system,2022,27
IT,peripheral nervous system,2023,9
IT,placenta,2014,4
IT,placenta,2016,4
IT,placenta,2017,12
IT,placenta,2018,30
IT,placenta,2019,34
IT,placenta,2020,46
IT,placenta,2021,57
IT,placenta,2022,82
IT,placenta,2023,22
IT,prostate,2014,9
IT,prostate,2015,4
IT,prostate,2016,11
IT,prostate,2017,38
IT,prostate,2018,89
IT,prostate,2019,120
IT,prostate,2020,162
IT,prostate,2021,266
IT,prostate,2022,327
IT,prostate,2023,89
IT,skeletal,2014,10
IT,skeletal,2015,13
IT,skeletal,2016,32
IT,skeletal,2017,102
IT,skeletal,2018,163
IT,skeletal,2019,188
IT,skeletal,2020,305
IT,skeletal,2021,309
IT,skeletal,2022,334
IT,skeletal,2023,79
IT,skin,2012,1
IT,skin,2014,9
IT,skin,2015,10
IT,skin,2016,26
IT,skin,2017,115
IT,skin,2018,203
IT,skin,2019,321
IT,skin,2020,550
IT,skin,2021,564
IT,skin,2022,508
IT,skin,2023,122
IT,small intestine,2016,2
IT,small intestine,2017,8
IT,small intestine,2018,12
IT,small intestine,2019,17
IT,small intestine,2020,13
IT,small intestine,2021,23
IT,small intestine,2022,16
IT,small intestine,2023,2
IT,spinal cord,2014,3
IT,spinal cord,2015,1
IT,spinal cord,2016,8
IT,spinal cord,2017,36
IT,spinal cord,2018,42
IT,spinal cord,2019,54
IT,spinal cord,2020,76
IT,spinal cord,2021,86
IT,spinal cord,2022,93
IT,spinal cord,2023,16
IT,spleen,2015,1
IT,spleen,2016,2
IT,spleen,2017,9
IT,spleen,2018,13
IT,spleen,2019,26
IT,spleen,2020,24
IT,spleen,2021,25
IT,spleen,2022,18
IT,spleen,2023,3
IT,thymus,2016,2
IT,thymus,2017,6
IT,thymus,2018,14
IT,thymus,2019,17
IT,thymus,2020,23
IT,thymus,2021,27
IT,thymus,2022,22
IT,thymus,2023,3
IT,trachea,2015,3
IT,trachea,2016,2
IT,trachea,2017,10
IT,trachea,2018,19
IT,trachea,2019,20
IT,trachea,2020,20
IT,trachea,2021,41
IT,trachea,2022,32
IT,trachea,2023,7
IT,ureter,2014,1
IT,ureter,2016,2
IT,ureter,2017,2
IT,ureter,2018,8
IT,ureter,2019,17
IT,ureter,2020,19
IT,ureter,2021,39
IT,ureter,2022,35
IT,ureter,2023,10
IT,urinary bladder,2014,1
IT,urinary bladder,2015,2
IT,urinary bladder,2016,1
IT,urinary bladder,2017,9
IT,urinary bladder,2018,32
IT,urinary bladder,2019,46
IT,urinary bladder,2020,53
IT,urinary bladder,2021,59
IT,urinary bladder,2022,95
IT,urinary bladder,2023,18
IT,uterus,2014,2
IT,uterus,2015,1
IT,uterus,2017,4
IT,uterus,2018,10
IT,uterus,2019,11
IT,uterus,2020,14
IT,uterus,2021,23
IT,uterus,2022,14
IT,uterus,2023,8
JE,brain,2022,2
JE,lung,2022,1
JE,skin,2017,1
JE,skin,2022,1
JM,brain,2017,1
JM,brain,2020,1
JM,brain,2022,2
JM,eye,2019,1
JM,heart,2020,1
JM,heart,2022,1
JM,heart,2023,1
JM,kidney,2021,1
JM,liver,2019,2
JM,liver,2020,1
JM,liver,2021,3
JM,liver,2022,1
JM,lung,2022,2
JM,lung,2023,1
JM,prostate,2020,3
JM,prostate,2022,1
JM,skin,2018,1
JM,skin,2019,2
JM,skin,2020,2
JM,skin,2022,4
JM,skin,2023,3
JM,spinal cord,2020,1
JO,bone marrow,2017,1
JO,bone marrow,2018,2
JO,bone marrow,2019,1
JO,bone marrow,2021,2
JO,bone marrow,2022,1
JO,brain,2017,1
JO,brain,2018,1
JO,brain,2019,2
JO,brain,2020,7
JO,brain,2021,10
JO,brain,2022,16
JO,brain,2023,4
JO,eye,2019,1
JO,eye,2020,2
JO,eye,2021,4
JO,eye,2022,10
JO,heart,2017,4
JO,heart,2018,2
JO,heart,2019,6
JO,heart,2020,17
JO,heart,2021,9
JO,heart,2022,17
JO,heart,2023,3
JO,kidney,2017,2
JO,kidney,2018,4
JO,kidney,2019,9
JO,kidney,2020,9
JO,kidney,2021,8
JO,kidney,2022,5
JO,kidney,2023,2
JO,knee,2018,1
JO,knee,2019,1
JO,knee,2020,4
JO,knee,2021,4
JO,knee,2022,6
JO,knee,2023,3
JO,liver,2016,1
JO,liver,2017,5
JO,liver,2018,5
JO,liver,2019,16
JO,liver,2020,20
JO,liver,2021,42
JO,liver,2022,42
JO,liver,2023,4
JO,lung,2017,3
JO,lung,2018,1
JO,lung,2019,1
JO,lung,2020,15
JO,lung,2021,11
JO,lung,2022,15
JO,lung,2023,4
JO,lymph node,2019,1
JO,lymph node,2020,1
JO,lymph node,2021,2
JO,lymph node,2022,2
JO,ovary,2020,2
JO,ovary,2022,1
JO,pancreas,2018,1
JO,pancreas,2020,1
JO,pancreas,2021,1
JO,placenta,2016,1
JO,placenta,2021,2
JO,placenta,2022,2
JO,prostate,2017,1
JO,prostate,2018,1
JO,prostate,2019,5
JO,prostate,2020,5
JO,prostate,2021,4
JO,prostate,2022,6
JO,prostate,2023,1
JO,skeletal,2018,4
JO,skeletal,2019,1
JO,skeletal,2020,1
JO,skeletal,2021,7
JO,skeletal,2022,8
JO,skeletal,2023,1
JO,skin,2018,5
JO,skin,2019,4
JO,skin,2020,10
JO,skin,2021,6
JO,skin,2022,11
JO,skin,2023,7
JO,spinal cord,2017,1
JO,spinal cord,2021,2
JO,spinal cord,2022,2
JO,spleen,2020,3
JO,thymus,2019,1
JO,trachea,2017,1
JO,trachea,2020,2
JO,trachea,2021,1
JO,ureter,2019,1
JO,ureter,2020,2
JO,urinary bladder,2019,2
JO,urinary bladder,2020,2
JO,urinary bladder,2021,2
JO,urinary bladder,2022,5
JO,urinary bladder,2023,1
JP,blood vasculature,2020,3
JP,bone marrow,2014,1
JP,bone marrow,2015,2
JP,bone marrow,2016,14
JP,bone marrow,2017,23
JP,bone marrow,2018,78
JP,bone marrow,2019,79
JP,bone marrow,2020,76
JP,bone marrow,2021,114
JP,bone marrow,2022,73
JP,bone marrow,2023,25
JP,brain,2014,14
JP,brain,2015,29
JP,brain,2016,65
JP,brain,2017,269
JP,brain,2018,409
JP,brain,2019,469
JP,brain,2020,559
JP,brain,2021,666
JP,brain,2022,722
JP,brain,2023,143
JP,eye,2014,4
JP,eye,2015,4
JP,eye,2016,13
JP,eye,2017,55
JP,eye,2018,97
JP,eye,2019,105
JP,eye,2020,136
JP,eye,2021,153
JP,eye,2022,172
JP,eye,2023,40
JP,fallopian tube,2014,1
JP,fallopian tube,2017,1
JP,fallopian tube,2018,6
JP,fallopian tube,2019,9
JP,fallopian tube,2020,12
JP,fallopian tube,2021,10
JP,fallopian tube,2022,10
JP,fallopian tube,2023,1
JP,heart,2014,3
JP,heart,2015,6
JP,heart,2016,29
JP,heart,2017,134
JP,heart,2018,240
JP,heart,2019,364
JP,heart,2020,515
JP,heart,2021,726
JP,heart,2022,809
JP,heart,2023,180
JP,kidney,2012,1
JP,kidney,2014,9
JP,kidney,2015,3
JP,kidney,2016,22
JP,kidney,2017,143
JP,kidney,2018,294
JP,kidney,2019,375
JP,kidney,2020,458
JP,kidney,2021,560
JP,kidney,2022,675
JP,kidney,2023,148
JP,knee,2014,6
JP,knee,2015,2
JP,knee,2016,3
JP,knee,2017,25
JP,knee,2018,52
JP,knee,2019,80
JP,knee,2020,107
JP,knee,2021,148
JP,knee,2022,205
JP,knee,2023,47
JP,large intestine,2018,1
JP,large intestine,2019,3
JP,large intestine,2020,1
JP,large intestine,2021,2
JP,large intestine,2022,2
JP,liver,2013,1
JP,liver,2014,13
JP,liver,2015,11
JP,liver,2016,41
JP,liver,2017,224
JP,liver,2018,425
JP,liver,2019,597
JP,liver,2020,836
JP,liver,2021,1042
JP,liver,2022,1057
JP,liver,2023,271
JP,lung,2013,1
JP,lung,2014,9
JP,lung,2015,17
JP,lung,2016,36
JP,lung,2017,179
JP,lung,2018,354
JP,lung,2019,526
JP,lung,2020,687
JP,lung,2021,896
JP,lung,2022,986
JP,lung,2023,249
JP,lymph node,2014,2
JP,lymph node,2015,3
JP,lymph node,2016,13
JP,lymph node,2017,50
JP,lymph node,2018,111
JP,lymph node,2019,139
JP,lymph node,2020,195
JP,lymph node,2021,222
JP,lymph node,2022,250
JP,lymph node,2023,72
JP,main bronchus,2017,1
JP,main bronchus,2018,1
JP,main bronchus,2020,1
JP,main bronchus,2022,1
JP,main bronchus,2023,1
JP,muscular system,2018,4
JP,muscular system,2019,2
JP,muscular system,2020,2
JP,muscular system,2022,6
JP,ovary,2014,1
JP,ovary,2015,1
JP,ovary,2016,3
JP,ovary,2017,13
JP,ovary,2018,22
JP,ovary,2019,35
JP,ovary,2020,38
JP,ovary,2021,38
JP,ovary,2022,24
JP,ovary,2023,2
JP,pancreas,2014,2
JP,pancreas,2015,3
JP,pancreas,2016,5
JP,pancreas,2017,13
JP,pancreas,2018,32
JP,pancreas,2019,58
JP,pancreas,2020,91
JP,pancreas,2021,99
JP,pancreas,2022,96
JP,pancreas,2023,27
JP,pelvis,2016,2
JP,pelvis,2017,8
JP,pelvis,2018,12
JP,pelvis,2019,10
JP,pelvis,2020,29
JP,pelvis,2021,22
JP,pelvis,2022,40
JP,pelvis,2023,9
JP,peripheral nervous system,2014,1
JP,peripheral nervous system,2015,1
JP,peripheral nervous system,2017,5
JP,peripheral nervous system,2018,8
JP,peripheral nervous system,2019,11
JP,peripheral nervous system,2020,20
JP,peripheral nervous system,2021,24
JP,peripheral nervous system,2022,19
JP,peripheral nervous system,2023,3
JP,placenta,2014,1
JP,placenta,2015,1
JP,placenta,2016,6
JP,placenta,2017,24
JP,placenta,2018,27
JP,placenta,2019,50
JP,placenta,2020,43
JP,placenta,2021,69
JP,placenta,2022,103
JP,placenta,2023,22
JP,prostate,2014,2
JP,prostate,2015,2
JP,prostate,2016,7
JP,prostate,2017,43
JP,prostate,2018,85
JP,prostate,2019,109
JP,prostate,2020,147
JP,prostate,2021,196
JP,prostate,2022,281
JP,prostate,2023,77
JP,skeletal,2014,4
JP,skeletal,2015,7
JP,skeletal,2016,25
JP,skeletal,2017,90
JP,skeletal,2018,189
JP,skeletal,2019,246
JP,skeletal,2020,285
JP,skeletal,2021,378
JP,skeletal,2022,415
JP,skeletal,2023,93
JP,skin,2014,5
JP,skin,2015,6
JP,skin,2016,19
JP,skin,2017,117
JP,skin,2018,375
JP,skin,2019,442
JP,skin,2020,430
JP,skin,2021,481
JP,skin,2022,454
JP,skin,2023,113
JP,small intestine,2014,2
JP,small intestine,2015,1
JP,small intestine,2016,2
JP,small intestine,2017,15
JP,small intestine,2018,18
JP,small intestine,2019,27
JP,small intestine,2020,36
JP,small intestine,2021,33
JP,small intestine,2022,28
JP,small intestine,2023,9
JP,spinal cord,2014,3
JP,spinal cord,2015,6
JP,spinal cord,2016,9
JP,spinal cord,2017,41
JP,spinal cord,2018,67
JP,spinal cord,2019,73
JP,spinal cord,2020,76
JP,spinal cord,2021,104
JP,spinal cord,2022,107
JP,spinal cord,2023,28
JP,spleen,2014,3
JP,spleen,2015,1
JP,spleen,2016,2
JP,spleen,2017,22
JP,spleen,2018,24
JP,spleen,2019,26
JP,spleen,2020,28
JP,spleen,2021,34
JP,spleen,2022,37
JP,spleen,2023,8
JP,thymus,2015,2
JP,thymus,2016,4
JP,thymus,2017,6
JP,thymus,2018,23
JP,thymus,2019,29
JP,thymus,2020,22
JP,thymus,2021,27
JP,thymus,2022,48
JP,thymus,2023,9
JP,trachea,2016,7
JP,trachea,2017,16
JP,trachea,2018,21
JP,trachea,2019,33
JP,trachea,2020,44
JP,trachea,2021,49
JP,trachea,2022,61
JP,trachea,2023,4
JP,ureter,2014,1
JP,ureter,2016,4
JP,ureter,2017,8
JP,ureter,2018,19
JP,ureter,2019,35
JP,ureter,2020,42
JP,ureter,2021,40
JP,ureter,2022,71
JP,ureter,2023,24
JP,urinary bladder,2015,1
JP,urinary bladder,2016,6
JP,urinary bladder,2017,30
JP,urinary bladder,2018,63
JP,urinary bladder,2019,74
JP,urinary bladder,2020,87
JP,urinary bladder,2021,111
JP,urinary bladder,2022,169
JP,urinary bladder,2023,38
JP,uterus,2016,4
JP,uterus,2017,5
JP,uterus,2018,11
JP,uterus,2019,28
JP,uterus,2020,28
JP,uterus,2021,29
JP,uterus,2022,19
JP,uterus,2023,11
KE,brain,2018,1
KE,brain,2019,2
KE,brain,2020,2
KE,brain,2021,5
KE,brain,2022,2
KE,brain,2023,1
KE,eye,2014,1
KE,eye,2016,1
KE,eye,2017,2
KE,eye,2020,1
KE,eye,2023,2
KE,fallopian tube,2021,1
KE,heart,2017,1
KE,heart,2019,2
KE,heart,2020,2
KE,heart,2021,4
KE,heart,2022,3
KE,kidney,2018,1
KE,kidney,2019,1
KE,kidney,2020,3
KE,kidney,2021,3
KE,kidney,2022,4
KE,kidney,2023,1
KE,liver,2016,1
KE,liver,2017,6
KE,liver,2018,8
KE,liver,2019,19
KE,liver,2020,25
KE,liver,2021,23
KE,liver,2022,19
KE,liver,2023,3
KE,lung,2018,1
KE,lung,2019,1
KE,lung,2020,1
KE,lung,2021,3
KE,lung,2022,2
KE,lung,2023,1
KE,pancreas,2021,1
KE,placenta,2017,1
KE,placenta,2021,1
KE,placenta,2022,1
KE,prostate,2020,1
KE,prostate,2022,3
KE,skeletal,2016,1
KE,skeletal,2020,1
KE,skeletal,2021,1
KE,skeletal,2022,2
KE,skin,2018,2
KE,skin,2020,2
KE,skin,2021,2
KE,small intestine,2019,2
KE,spleen,2020,1
KE,trachea,2019,1
KE,uterus,2017,1
KG,brain,2021,2
KG,brain,2022,1
KG,brain,2023,1
KG,fallopian tube,2019,1
KG,heart,2022,2
KG,kidney,2020,1
KG,kidney,2022,1
KG,liver,2020,1
KG,liver,2023,2
KG,lung,2021,1
KG,lung,2022,3
KG,ovary,2020,2
KG,ovary,2022,1
KG,skin,2018,1
KG,skin,2022,1
KH,bone marrow,2019,1
KH,bone marrow,2021,2
KH,bone marrow,2022,1
KH,brain,2016,1
KH,brain,2017,1
KH,brain,2019,1
KH,brain,2020,2
KH,brain,2021,6
KH,brain,2022,1
KH,eye,2018,2
KH,eye,2019,1
KH,eye,2020,1
KH,eye,2021,3
KH,eye,2022,3
KH,eye,2023,1
KH,heart,2018,2
KH,heart,2019,3
KH,heart,2020,4
KH,heart,2021,7
KH,heart,2022,8
KH,heart,2023,2
KH,kidney,2016,1
KH,kidney,2017,2
KH,kidney,2018,6
KH,kidney,2019,5
KH,kidney,2020,4
KH,kidney,2021,9
KH,kidney,2022,14
KH,kidney,2023,2
KH,knee,2020,1
KH,knee,2022,2
KH,liver,2015,1
KH,liver,2019,3
KH,liver,2020,1
KH,liver,2021,4
KH,liver,2022,10
KH,liver,2023,1
KH,lung,2017,1
KH,lung,2019,2
KH,lung,2020,1
KH,lung,2021,3
KH,lung,2022,4
KH,lymph node,2019,1
KH,lymph node,2020,1
KH,lymph node,2021,3
KH,lymph node,2022,1
KH,lymph node,2023,1
KH,ovary,2020,1
KH,ovary,2022,1
KH,pancreas,2020,1
KH,pelvis,2022,1
KH,prostate,2019,1
KH,prostate,2020,1
KH,prostate,2021,2
KH,prostate,2022,1
KH,skeletal,2016,1
KH,skeletal,2020,1
KH,skin,2019,1
KH,skin,2020,1
KH,skin,2021,4
KH,skin,2022,1
KH,spinal cord,2022,1
KH,trachea,2021,1
KH,trachea,2022,2
KH,ureter,2021,1
KH,ureter,2022,1
KH,urinary bladder,2018,1
KH,urinary bladder,2019,1
KN,bone marrow,2017,1
KN,bone marrow,2020,1
KN,bone marrow,2021,1
KN,brain,2018,1
KN,brain,2021,2
KN,brain,2022,1
KN,heart,2022,1
KN,kidney,2018,2
KN,liver,2018,1
KN,liver,2021,3
KN,liver,2022,3
KN,liver,2023,1
KN,lung,2023,1
KN,lymph node,2020,1
KN,ovary,2022,1
KN,pancreas,2021,1
KN,skeletal,2019,2
KN,skeletal,2020,1
KN,skeletal,2022,2
KN,skeletal,2023,1
KN,skin,2018,2
KN,skin,2020,1
KN,uterus,2022,1
KR,bone marrow,2014,4
KR,bone marrow,2015,3
KR,bone marrow,2016,6
KR,bone marrow,2017,18
KR,bone marrow,2018,21
KR,bone marrow,2019,37
KR,bone marrow,2020,49
KR,bone marrow,2021,60
KR,bone marrow,2022,39
KR,bone marrow,2023,6
KR,brain,2012,1
KR,brain,2014,17
KR,brain,2015,21
KR,brain,2016,66
KR,brain,2017,203
KR,brain,2018,286
KR,brain,2019,367
KR,brain,2020,491
KR,brain,2021,607
KR,brain,2022,518
KR,brain,2023,121
KR,eye,2008,1
KR,eye,2014,1
KR,eye,2015,1
KR,eye,2016,13
KR,eye,2017,34
KR,eye,2018,64
KR,eye,2019,77
KR,eye,2020,93
KR,eye,2021,124
KR,eye,2022,131
KR,eye,2023,23
KR,fallopian tube,2016,2
KR,fallopian tube,2017,4
KR,fallopian tube,2018,4
KR,fallopian tube,2020,6
KR,fallopian tube,2021,1
KR,fallopian tube,2022,2
KR,fallopian tube,2023,1
KR,heart,2014,15
KR,heart,2015,13
KR,heart,2016,30
KR,heart,2017,88
KR,heart,2018,150
KR,heart,2019,206
KR,heart,2020,263
KR,heart,2021,311
KR,heart,2022,275
KR,heart,2023,62
KR,kidney,2014,22
KR,kidney,2015,9
KR,kidney,2016,46
KR,kidney,2017,112
KR,kidney,2018,180
KR,kidney,2019,287
KR,kidney,2020,310
KR,kidney,2021,359
KR,kidney,2022,298
KR,kidney,2023,62
KR,knee,2014,3
KR,knee,2015,2
KR,knee,2016,9
KR,knee,2017,22
KR,knee,2018,49
KR,knee,2019,66
KR,knee,2020,101
KR,knee,2021,130
KR,knee,2022,147
KR,knee,2023,37
KR,large intestine,2017,1
KR,large intestine,2018,1
KR,large intestine,2021,2
KR,large intestine,2022,2
KR,liver,2012,1
KR,liver,2014,28
KR,liver,2015,16
KR,liver,2016,65
KR,liver,2017,239
KR,liver,2018,445
KR,liver,2019,553
KR,liver,2020,752
KR,liver,2021,983
KR,liver,2022,872
KR,liver,2023,205
KR,lung,2014,14
KR,lung,2015,12
KR,lung,2016,40
KR,lung,2017,102
KR,lung,2018,216
KR,lung,2019,339
KR,lung,2020,405
KR,lung,2021,455
KR,lung,2022,481
KR,lung,2023,100
KR,lymph node,2014,6
KR,lymph node,2015,6
KR,lymph node,2016,15
KR,lymph node,2017,49
KR,lymph node,2018,75
KR,lymph node,2019,93
KR,lymph node,2020,94
KR,lymph node,2021,117
KR,lymph node,2022,87
KR,lymph node,2023,14
KR,main bronchus,2017,1
KR,muscular system,2014,1
KR,muscular system,2018,1
KR,muscular system,2019,2
KR,muscular system,2021,3
KR,muscular system,2022,2
KR,ovary,2015,1
KR,ovary,2016,7
KR,ovary,2017,8
KR,ovary,2018,17
KR,ovary,2019,18
KR,ovary,2020,21
KR,ovary,2021,32
KR,ovary,2022,18
KR,ovary,2023,5
KR,pancreas,2014,1
KR,pancreas,2016,3
KR,pancreas,2017,7
KR,pancreas,2018,17
KR,pancreas,2019,25
KR,pancreas,2020,34
KR,pancreas,2021,43
KR,pancreas,2022,34
KR,pancreas,2023,4
KR,pelvis,2015,1
KR,pelvis,2016,1
KR,pelvis,2017,6
KR,pelvis,2018,8
KR,pelvis,2019,10
KR,pelvis,2020,14
KR,pelvis,2021,17
KR,pelvis,2022,17
KR,pelvis,2023,2
KR,peripheral nervous system,2016,2
KR,peripheral nervous system,2017,3
KR,peripheral nervous system,2018,2
KR,peripheral nervous system,2019,7
KR,peripheral nervous system,2020,12
KR,peripheral nervous system,2021,11
KR,peripheral nervous system,2022,8
KR,peripheral nervous system,2023,4
KR,placenta,2015,1
KR,placenta,2016,2
KR,placenta,2017,11
KR,placenta,2018,16
KR,placenta,2019,18
KR,placenta,2020,25
KR,placenta,2021,30
KR,placenta,2022,29
KR,placenta,2023,3
KR,prostate,2014,5
KR,prostate,2015,6
KR,prostate,2016,18
KR,prostate,2017,35
KR,prostate,2018,77
KR,prostate,2019,83
KR,prostate,2020,111
KR,prostate,2021,127
KR,prostate,2022,117
KR,prostate,2023,31
KR,skeletal,2014,3
KR,skeletal,2015,6
KR,skeletal,2016,14
KR,skeletal,2017,41
KR,skeletal,2018,85
KR,skeletal,2019,126
KR,skeletal,2020,148
KR,skeletal,2021,203
KR,skeletal,2022,217
KR,skeletal,2023,29
KR,skin,2014,11
KR,skin,2015,3
KR,skin,2016,24
KR,skin,2017,84
KR,skin,2018,208
KR,skin,2019,281
KR,skin,2020,325
KR,skin,2021,365
KR,skin,2022,358
KR,skin,2023,68
KR,small intestine,2014,1
KR,small intestine,2016,1
KR,small intestine,2017,4
KR,small intestine,2018,6
KR,small intestine,2019,7
KR,small intestine,2020,11
KR,small intestine,2021,13
KR,small intestine,2022,10
KR,small intestine,2023,3
KR,spinal cord,2014,4
KR,spinal cord,2015,3
KR,spinal cord,2016,17
KR,spinal cord,2017,30
KR,spinal cord,2018,24
KR,spinal cord,2019,24
KR,spinal cord,2020,34
KR,spinal cord,2021,54
KR,spinal cord,2022,64
KR,spinal cord,2023,10
KR,spleen,2016,3
KR,spleen,2017,9
KR,spleen,2018,14
KR,spleen,2019,21
KR,spleen,2020,19
KR,spleen,2021,25
KR,spleen,2022,14
KR,spleen,2023,5
KR,thymus,2017,2
KR,thymus,2018,2
KR,thymus,2019,7
KR,thymus,2020,7
KR,thymus,2021,9
KR,thymus,2022,8
KR,thymus,2023,5
KR,trachea,2015,2
KR,trachea,2016,4
KR,trachea,2017,18
KR,trachea,2018,24
KR,trachea,2019,34
KR,trachea,2020,37
KR,trachea,2021,39
KR,trachea,2022,35
KR,trachea,2023,6
KR,ureter,2014,1
KR,ureter,2016,4
KR,ureter,2017,10
KR,ureter,2018,23
KR,ureter,2019,16
KR,ureter,2020,21
KR,ureter,2021,16
KR,ureter,2022,28
KR,ureter,2023,7
KR,urinary bladder,2014,4
KR,urinary bladder,2015,8
KR,urinary bladder,2016,7
KR,urinary bladder,2017,25
KR,urinary bladder,2018,25
KR,urinary bladder,2019,44
KR,urinary bladder,2020,58
KR,urinary bladder,2021,48
KR,urinary bladder,2022,58
KR,urinary bladder,2023,10
KR,uterus,2015,1
KR,uterus,2016,3
KR,uterus,2017,1
KR,uterus,2018,7
KR,uterus,2019,9
KR,uterus,2020,10
KR,uterus,2021,18
KR,uterus,2022,14
KR,uterus,2023,2
KW,brain,2017,2
KW,brain,2018,2
KW,brain,2019,1
KW,brain,2020,3
KW,brain,2021,4
KW,brain,2022,4
KW,brain,2023,2
KW,eye,2018,1
KW,eye,2021,1
KW,eye,2022,2
KW,eye,2023,1
KW,heart,2018,3
KW,heart,2019,1
KW,heart,2020,5
KW,heart,2021,3
KW,heart,2022,5
KW,heart,2023,1
KW,kidney,2016,1
KW,kidney,2017,2
KW,kidney,2018,4
KW,kidney,2019,2
KW,kidney,2020,2
KW,kidney,2021,7
KW,kidney,2022,3
KW,kidney,2023,3
KW,knee,2021,2
KW,liver,2018,3
KW,liver,2019,4
KW,liver,2020,9
KW,liver,2021,8
KW,liver,2022,16
KW,lung,2017,3
KW,lung,2019,1
KW,lung,2020,3
KW,lung,2021,4
KW,lung,2022,2
KW,lymph node,2020,1
KW,lymph node,2022,1
KW,ovary,2021,1
KW,pancreas,2020,2
KW,pancreas,2022,3
KW,peripheral nervous system,2022,1
KW,placenta,2022,1
KW,prostate,2021,3
KW,prostate,2022,1
KW,skeletal,2018,1
KW,skeletal,2019,1
KW,skeletal,2020,2
KW,skeletal,2021,1
KW,skeletal,2022,2
KW,skeletal,2023,1
KW,skin,2018,2
KW,skin,2019,4
KW,skin,2020,5
KW,skin,2021,3
KW,skin,2022,2
KW,skin,2023,1
KW,small intestine,2018,1
KW,small intestine,2019,1
KW,small intestine,2020,1
KW,spinal cord,2017,1
KW,spinal cord,2019,1
KW,ureter,2017,1
KW,urinary bladder,2018,1
KY,heart,2020,1
KY,kidney,2023,1
KZ,bone marrow,2019,1
KZ,bone marrow,2020,1
KZ,brain,2019,1
KZ,brain,2020,1
KZ,brain,2021,4
KZ,brain,2022,8
KZ,brain,2023,2
KZ,eye,2019,1
KZ,eye,2020,1
KZ,heart,2017,1
KZ,heart,2019,3
KZ,heart,2020,3
KZ,heart,2021,3
KZ,heart,2022,6
KZ,heart,2023,1
KZ,kidney,2019,2
KZ,kidney,2020,3
KZ,kidney,2021,3
KZ,kidney,2022,3
KZ,knee,2019,1
KZ,knee,2022,3
KZ,knee,2023,1
KZ,liver,2017,2
KZ,liver,2018,3
KZ,liver,2019,4
KZ,liver,2020,5
KZ,liver,2021,12
KZ,liver,2022,10
KZ,liver,2023,3
KZ,lung,2018,2
KZ,lung,2020,3
KZ,lung,2021,2
KZ,lung,2022,8
KZ,lung,2023,3
KZ,lymph node,2017,1
KZ,lymph node,2020,1
KZ,lymph node,2022,1
KZ,ovary,2021,1
KZ,ovary,2022,1
KZ,placenta,2022,1
KZ,prostate,2020,3
KZ,prostate,2021,1
KZ,prostate,2022,3
KZ,skeletal,2021,1
KZ,skeletal,2022,1
KZ,skin,2017,3
KZ,skin,2018,3
KZ,skin,2020,3
KZ,skin,2021,1
KZ,skin,2022,4
KZ,thymus,2021,1
KZ,thymus,2022,1
KZ,trachea,2022,1
KZ,ureter,2022,1
KZ,uterus,2023,1
LA,heart,2020,1
LA,heart,2021,1
LA,kidney,2020,1
LA,liver,2020,1
LA,lung,2021,1
LB,bone marrow,2019,1
LB,bone marrow,2020,4
LB,bone marrow,2021,2
LB,bone marrow,2022,2
LB,brain,2017,2
LB,brain,2018,5
LB,brain,2019,4
LB,brain,2020,6
LB,brain,2021,16
LB,brain,2022,18
LB,brain,2023,1
LB,eye,2018,2
LB,eye,2019,4
LB,eye,2020,1
LB,eye,2021,3
LB,eye,2022,3
LB,heart,2017,2
LB,heart,2018,2
LB,heart,2019,6
LB,heart,2020,16
LB,heart,2021,17
LB,heart,2022,21
LB,heart,2023,1
LB,kidney,2016,2
LB,kidney,2017,4
LB,kidney,2018,3
LB,kidney,2019,5
LB,kidney,2020,3
LB,kidney,2021,10
LB,kidney,2022,8
LB,kidney,2023,2
LB,knee,2017,1
LB,knee,2018,1
LB,knee,2019,1
LB,knee,2020,1
LB,knee,2021,2
LB,knee,2022,2
LB,liver,2017,4
LB,liver,2018,6
LB,liver,2019,12
LB,liver,2020,17
LB,liver,2021,16
LB,liver,2022,27
LB,liver,2023,6
LB,lung,2016,1
LB,lung,2017,3
LB,lung,2018,3
LB,lung,2019,7
LB,lung,2020,6
LB,lung,2021,16
LB,lung,2022,10
LB,lung,2023,1
LB,lymph node,2015,1
LB,lymph node,2019,2
LB,lymph node,2020,3
LB,lymph node,2021,1
LB,lymph node,2022,1
LB,ovary,2022,1
LB,ovary,2023,1
LB,pancreas,2016,1
LB,pancreas,2017,1
LB,pelvis,2018,1
LB,pelvis,2021,1
LB,pelvis,2022,1
LB,peripheral nervous system,2020,1
LB,peripheral nervous system,2022,2
LB,placenta,2020,2
LB,placenta,2022,2
LB,prostate,2017,1
LB,prostate,2018,1
LB,prostate,2019,2
LB,prostate,2020,12
LB,prostate,2021,4
LB,prostate,2022,8
LB,prostate,2023,1
LB,skeletal,2017,3
LB,skeletal,2018,1
LB,skeletal,2019,5
LB,skeletal,2020,3
LB,skeletal,2021,3
LB,skeletal,2022,4
LB,skeletal,2023,1
LB,skin,2016,1
LB,skin,2017,3
LB,skin,2018,2
LB,skin,2019,3
LB,skin,2020,10
LB,skin,2021,8
LB,skin,2022,6
LB,skin,2023,2
LB,spinal cord,2020,1
LB,spinal cord,2022,1
LB,spleen,2019,2
LB,spleen,2022,1
LB,thymus,2022,3
LB,trachea,2016,1
LB,trachea,2018,1
LB,trachea,2019,1
LB,trachea,2021,1
LB,ureter,2019,1
LB,ureter,2020,1
LB,ureter,2022,1
LB,urinary bladder,2019,1
LB,urinary bladder,2020,3
LB,urinary bladder,2021,9
LB,urinary bladder,2022,4
LB,urinary bladder,2023,1
LC,heart,2018,1
LC,kidney,2022,1
LC,liver,2022,2
LC,skeletal,2021,1
LI,kidney,2022,1
LI,small intestine,2022,1
LK,bone marrow,2017,1
LK,bone marrow,2019,1
LK,bone marrow,2021,2
LK,bone marrow,2022,1
LK,brain,2018,3
LK,brain,2019,3
LK,brain,2020,2
LK,brain,2021,4
LK,brain,2022,2
LK,eye,2017,1
LK,eye,2020,1
LK,eye,2021,1
LK,eye,2022,1
LK,eye,2023,1
LK,heart,2018,2
LK,heart,2019,1
LK,heart,2020,5
LK,heart,2021,8
LK,heart,2022,8
LK,heart,2023,7
LK,kidney,2016,4
LK,kidney,2017,3
LK,kidney,2018,6
LK,kidney,2019,3
LK,kidney,2020,10
LK,kidney,2021,14
LK,kidney,2022,11
LK,kidney,2023,2
LK,knee,2016,1
LK,knee,2018,1
LK,knee,2021,3
LK,knee,2022,4
LK,knee,2023,1
LK,liver,2016,1
LK,liver,2017,1
LK,liver,2018,5
LK,liver,2019,6
LK,liver,2020,9
LK,liver,2021,11
LK,liver,2022,17
LK,liver,2023,5
LK,lung,2017,2
LK,lung,2019,2
LK,lung,2020,6
LK,lung,2021,3
LK,lung,2022,5
LK,lymph node,2017,1
LK,lymph node,2020,1
LK,lymph node,2022,2
LK,lymph node,2023,1
LK,muscular system,2022,1
LK,ovary,2018,1
LK,ovary,2019,1
LK,ovary,2020,1
LK,pancreas,2022,1
LK,pelvis,2018,1
LK,pelvis,2023,1
LK,placenta,2020,1
LK,placenta,2022,1
LK,prostate,2018,1
LK,prostate,2019,1
LK,prostate,2020,1
LK,prostate,2021,1
LK,skeletal,2017,1
LK,skeletal,2019,1
LK,skeletal,2021,1
LK,skeletal,2022,2
LK,skin,2017,1
LK,skin,2018,3
LK,skin,2019,6
LK,skin,2020,7
LK,skin,2021,4
LK,skin,2022,4
LK,skin,2023,2
LK,small intestine,2019,1
LK,spinal cord,2020,1
LK,spinal cord,2021,1
LK,spleen,2021,1
LK,thymus,2021,1
LK,ureter,2018,2
LK,ureter,2023,1
LK,urinary bladder,2017,1
LS,liver,2022,1
LT,bone marrow,2021,2
LT,bone marrow,2023,2
LT,brain,2016,4
LT,brain,2017,2
LT,brain,2018,6
LT,brain,2019,5
LT,brain,2020,13
LT,brain,2021,12
LT,brain,2022,22
LT,brain,2023,2
LT,eye,2016,1
LT,eye,2017,1
LT,eye,2019,1
LT,eye,2021,1
LT,heart,2015,1
LT,heart,2017,2
LT,heart,2018,7
LT,heart,2019,11
LT,heart,2020,11
LT,heart,2021,10
LT,heart,2022,24
LT,heart,2023,4
LT,kidney,2017,1
LT,kidney,2020,5
LT,kidney,2021,9
LT,kidney,2022,6
LT,kidney,2023,2
LT,knee,2019,2
LT,knee,2020,1
LT,knee,2021,1
LT,knee,2022,2
LT,knee,2023,2
LT,liver,2016,1
LT,liver,2018,6
LT,liver,2019,5
LT,liver,2020,7
LT,liver,2021,15
LT,liver,2022,13
LT,liver,2023,2
LT,lung,2016,1
LT,lung,2018,2
LT,lung,2020,4
LT,lung,2021,9
LT,lung,2022,7
LT,lung,2023,1
LT,lymph node,2021,1
LT,lymph node,2023,1
LT,ovary,2019,1
LT,ovary,2020,1
LT,ovary,2022,3
LT,pancreas,2023,1
LT,pelvis,2021,1
LT,placenta,2020,1
LT,placenta,2021,1
LT,prostate,2017,1
LT,prostate,2019,5
LT,prostate,2020,5
LT,prostate,2021,7
LT,prostate,2022,4
LT,skeletal,2016,1
LT,skeletal,2017,1
LT,skeletal,2018,4
LT,skeletal,2019,4
LT,skeletal,2020,4
LT,skeletal,2021,4
LT,skeletal,2022,7
LT,skeletal,2023,1
LT,skin,2018,3
LT,skin,2019,1
LT,skin,2020,4
LT,skin,2021,5
LT,skin,2022,7
LT,skin,2023,3
LT,small intestine,2020,1
LT,spinal cord,2020,1
LT,spinal cord,2022,1
LT,thymus,2019,1
LT,thymus,2021,1
LT,thymus,2022,2
LT,trachea,2021,1
LT,trachea,2022,1
LT,ureter,2019,1
LT,ureter,2021,1
LT,urinary bladder,2020,1
LT,uterus,2021,1
LT,uterus,2022,2
LU,bone marrow,2019,1
LU,bone marrow,2020,1
LU,bone marrow,2022,1
LU,brain,2016,1
LU,brain,2017,4
LU,brain,2018,2
LU,brain,2019,10
LU,brain,2020,19
LU,brain,2021,13
LU,brain,2022,16
LU,brain,2023,6
LU,eye,2016,1
LU,eye,2017,1
LU,eye,2019,1
LU,eye,2020,3
LU,eye,2021,2
LU,eye,2022,1
LU,heart,2016,1
LU,heart,2018,2
LU,heart,2019,1
LU,heart,2020,3
LU,heart,2022,6
LU,heart,2023,2
LU,kidney,2016,1
LU,kidney,2019,2
LU,kidney,2020,2
LU,kidney,2021,2
LU,kidney,2022,1
LU,knee,2015,1
LU,knee,2020,2
LU,knee,2021,1
LU,knee,2022,4
LU,knee,2023,2
LU,large intestine,2019,1
LU,liver,2018,1
LU,liver,2019,2
LU,liver,2020,5
LU,liver,2021,5
LU,liver,2022,4
LU,lung,2019,1
LU,lung,2020,1
LU,lung,2021,3
LU,lung,2022,3
LU,pancreas,2021,1
LU,placenta,2022,1
LU,prostate,2020,2
LU,prostate,2021,3
LU,skeletal,2016,1
LU,skeletal,2017,2
LU,skeletal,2018,1
LU,skeletal,2020,3
LU,skeletal,2021,1
LU,skeletal,2022,7
LU,skeletal,2023,1
LU,skin,2016,3
LU,skin,2017,1
LU,skin,2018,1
LU,skin,2021,1
LU,skin,2022,3
LU,small intestine,2019,1
LU,small intestine,2022,1
LU,spleen,2023,1
LU,thymus,2018,1
LU,thymus,2021,1
LU,urinary bladder,2017,1
LV,bone marrow,2019,1
LV,bone marrow,2023,1
LV,brain,2018,3
LV,brain,2019,3
LV,brain,2020,3
LV,brain,2021,7
LV,brain,2022,3
LV,brain,2023,1
LV,eye,2021,2
LV,eye,2022,4
LV,heart,2018,2
LV,heart,2020,4
LV,heart,2021,5
LV,kidney,2018,2
LV,kidney,2020,7
LV,kidney,2021,1
LV,kidney,2022,1
LV,liver,2017,1
LV,liver,2018,3
LV,liver,2019,2
LV,liver,2020,3
LV,liver,2021,11
LV,liver,2022,3
LV,liver,2023,1
LV,lung,2017,1
LV,lung,2019,1
LV,lung,2020,2
LV,lung,2021,4
LV,lung,2022,6
LV,ovary,2021,2
LV,ovary,2022,1
LV,placenta,2020,1
LV,placenta,2021,1
LV,placenta,2022,1
LV,placenta,2023,1
LV,prostate,2017,1
LV,prostate,2018,1
LV,prostate,2019,2
LV,prostate,2022,4
LV,skeletal,2017,2
LV,skeletal,2020,1
LV,skeletal,2022,2
LV,skin,2018,2
LV,skin,2019,5
LV,skin,2020,5
LV,skin,2021,6
LV,skin,2022,5
LV,skin,2023,1
LV,spleen,2022,1
LV,thymus,2020,1
LV,thymus,2021,1
LV,trachea,2022,1
LV,ureter,2020,1
LV,urinary bladder,2019,1
LY,bone marrow,2017,1
LY,brain,2022,1
LY,eye,2017,1
LY,eye,2020,1
LY,liver,2019,1
LY,liver,2020,1
LY,liver,2021,2
LY,prostate,2020,1
LY,skeletal,2021,1
LY,skin,2018,1
LY,skin,2020,2
LY,skin,2021,1
LY,skin,2023,1
LY,spleen,2023,1
LY,urinary bladder,2020,1
MA,bone marrow,2022,1
MA,brain,2015,1
MA,brain,2017,3
MA,brain,2018,3
MA,brain,2019,2
MA,brain,2020,9
MA,brain,2021,11
MA,brain,2022,11
MA,brain,2023,2
MA,eye,2016,1
MA,eye,2021,2
MA,eye,2022,1
MA,eye,2023,1
MA,heart,2016,1
MA,heart,2018,2
MA,heart,2019,2
MA,heart,2020,4
MA,heart,2021,1
MA,heart,2022,1
MA,kidney,2016,1
MA,kidney,2017,2
MA,kidney,2018,1
MA,kidney,2019,1
MA,kidney,2020,4
MA,kidney,2021,11
MA,kidney,2022,6
MA,kidney,2023,1
MA,knee,2020,1
MA,knee,2022,2
MA,knee,2023,1
MA,liver,2018,8
MA,liver,2019,7
MA,liver,2020,8
MA,liver,2021,18
MA,liver,2022,18
MA,liver,2023,2
MA,lung,2018,1
MA,lung,2019,2
MA,lung,2020,3
MA,lung,2021,9
MA,lung,2022,3
MA,lung,2023,1
MA,lymph node,2018,1
MA,lymph node,2019,1
MA,lymph node,2020,1
MA,lymph node,2021,2
MA,ovary,2020,2
MA,pancreas,2021,1
MA,pancreas,2023,1
MA,placenta,2022,1
MA,placenta,2023,1
MA,prostate,2016,1
MA,prostate,2022,2
MA,prostate,2023,2
MA,skeletal,2017,2
MA,skeletal,2018,1
MA,skeletal,2021,1
MA,skeletal,2022,2
MA,skeletal,2023,1
MA,skin,2017,2
MA,skin,2018,1
MA,skin,2019,1
MA,skin,2020,3
MA,skin,2021,10
MA,skin,2022,8
MA,skin,2023,5
MA,spinal cord,2021,1
MA,spinal cord,2022,1
MA,spleen,2020,1
MA,thymus,2019,1
MA,thymus,2020,5
MA,thymus,2021,4
MA,thymus,2022,4
MA,thymus,2023,1
MA,trachea,2019,1
MA,trachea,2021,1
MA,ureter,2020,1
MA,urinary bladder,2018,1
MA,urinary bladder,2020,2
MC,bone marrow,2021,1
MC,heart,2019,1
MC,heart,2021,2
MC,heart,2022,3
MC,kidney,2021,3
MC,knee,2021,1
MC,liver,2019,1
MC,liver,2020,1
MC,liver,2021,1
MC,skeletal,2020,2
MC,skeletal,2021,1
MC,skeletal,2022,1
MC,skin,2019,1
MC,skin,2021,1
MC,skin,2022,1
MC,skin,2023,2
MD,brain,2021,1
MD,brain,2022,2
MD,brain,2023,1
MD,eye,2022,1
MD,heart,2020,1
MD,heart,2023,1
MD,pancreas,2022,1
MD,spinal cord,2020,1
MD,spinal cord,2022,1
ME,heart,2022,1
ME,liver,2020,1
ME,liver,2021,1
ME,lymph node,2022,1
ME,ovary,2022,1
ME,prostate,2022,1
MG,brain,2020,1
MG,brain,2022,1
MG,liver,2020,1
MG,liver,2021,2
MG,lung,2021,1
MG,skeletal,2023,1
MG,skin,2015,1
MG,skin,2017,1
MG,skin,2019,1
MG,skin,2021,2
MG,small intestine,2022,2
MK,brain,2021,4
MK,brain,2022,1
MK,heart,2017,1
MK,heart,2021,1
MK,heart,2022,2
MK,kidney,2016,1
MK,kidney,2018,2
MK,kidney,2021,1
MK,knee,2020,1
MK,knee,2021,1
MK,liver,2018,4
MK,liver,2019,1
MK,liver,2020,2
MK,liver,2021,5
MK,liver,2022,1
MK,lung,2019,1
MK,lung,2020,1
MK,lung,2022,1
MK,lung,2023,1
MK,lymph node,2021,1
MK,lymph node,2022,1
MK,placenta,2021,1
MK,prostate,2020,1
MK,prostate,2022,1
MK,skeletal,2020,2
MK,skin,2020,2
MK,skin,2021,1
MK,skin,2022,2
MK,small intestine,2022,1
MK,spleen,2020,1
MK,trachea,2020,1
ML,heart,2019,1
ML,heart,2020,1
ML,heart,2021,1
ML,liver,2016,1
ML,liver,2018,1
ML,liver,2022,1
ML,ovary,2021,1
ML,skin,2020,1
MM,brain,2019,1
MM,brain,2020,1
MM,brain,2021,1
MM,eye,2017,1
MM,eye,2021,1
MM,heart,2022,1
MM,heart,2023,1
MM,kidney,2022,1
MM,knee,2021,1
MM,knee,2022,1
MM,knee,2023,1
MM,liver,2020,5
MM,liver,2021,4
MM,liver,2022,1
MM,liver,2023,1
MM,lung,2019,1
MM,lung,2021,1
MM,placenta,2022,1
MM,skeletal,2020,1
MM,ureter,2020,1
MM,urinary bladder,2019,1
MN,heart,2018,1
MN,heart,2019,1
MN,heart,2020,1
MN,heart,2023,1
MN,kidney,2016,1
MN,kidney,2018,1
MN,knee,2019,2
MN,knee,2021,1
MN,liver,2017,1
MN,liver,2019,1
MN,liver,2020,2
MN,liver,2021,2
MN,liver,2022,5
MN,lung,2020,1
MN,lymph node,2020,1
MN,placenta,2022,1
MN,prostate,2019,1
MN,prostate,2023,1
MN,skeletal,2018,1
MN,skeletal,2021,2
MN,skeletal,2022,1
MN,skin,2020,2
MN,skin,2022,1
MN,spinal cord,2021,1
MN,spinal cord,2022,1
MN,ureter,2022,1
MN,urinary bladder,2019,2
MN,urinary bladder,2021,1
MN,urinary bladder,2022,2
MQ,brain,2019,1
MQ,brain,2020,1
MQ,heart,2017,1
MQ,heart,2021,2
MQ,heart,2022,2
MQ,kidney,2022,1
MQ,liver,2018,1
MQ,liver,2020,1
MQ,lung,2022,1
MQ,prostate,2018,2
MQ,prostate,2020,1
MQ,skin,2022,1
MR,kidney,2020,1
MR,liver,2019,1
MR,ovary,2021,1
MT,bone marrow,2021,2
MT,bone marrow,2022,1
MT,brain,2017,1
MT,brain,2018,1
MT,brain,2020,2
MT,brain,2021,1
MT,brain,2022,6
MT,eye,2014,1
MT,eye,2017,1
MT,eye,2019,1
MT,heart,2017,3
MT,heart,2018,1
MT,heart,2019,1
MT,heart,2021,4
MT,heart,2022,4
MT,kidney,2021,1
MT,kidney,2022,3
MT,knee,2022,1
MT,liver,2017,1
MT,liver,2019,2
MT,liver,2020,2
MT,liver,2021,3
MT,liver,2022,5
MT,lung,2021,2
MT,lymph node,2022,1
MT,pancreas,2022,1
MT,placenta,2018,1
MT,prostate,2022,1
MT,skeletal,2021,1
MT,skeletal,2022,1
MT,skin,2020,2
MT,skin,2021,3
MT,skin,2022,3
MT,skin,2023,1
MT,small intestine,2017,1
MT,small intestine,2019,1
MU,heart,2022,2
MU,kidney,2021,1
MU,liver,2021,1
MU,prostate,2020,1
MU,prostate,2022,1
MU,skeletal,2019,1
MU,skin,2020,2
MU,skin,2022,1
MV,heart,2022,1
MV,liver,2021,1
MV,liver,2022,1
MV,lymph node,2017,1
MV,skin,2017,1
MV,skin,2020,3
MW,brain,2018,1
MW,brain,2021,1
MW,eye,2018,1
MW,eye,2021,2
MW,eye,2022,1
MW,heart,2020,1
MW,heart,2021,2
MW,heart,2022,1
MW,kidney,2018,1
MW,kidney,2019,2
MW,kidney,2020,2
MW,kidney,2021,2
MW,kidney,2022,3
MW,liver,2016,1
MW,liver,2018,4
MW,liver,2019,3
MW,liver,2020,7
MW,liver,2021,5
MW,liver,2022,10
MW,liver,2023,1
MW,lung,2019,1
MW,lung,2020,1
MW,lung,2021,1
MW,placenta,2018,1
MW,placenta,2019,1
MW,skeletal,2018,1
MW,skeletal,2022,1
MW,skin,2022,1
MW,small intestine,2022,1
MX,bone marrow,2015,1
MX,bone marrow,2016,2
MX,bone marrow,2017,1
MX,bone marrow,2018,1
MX,bone marrow,2019,3
MX,bone marrow,2020,5
MX,bone marrow,2021,4
MX,bone marrow,2022,4
MX,brain,2014,1
MX,brain,2015,2
MX,brain,2016,9
MX,brain,2017,27
MX,brain,2018,37
MX,brain,2019,53
MX,brain,2020,69
MX,brain,2021,92
MX,brain,2022,81
MX,brain,2023,16
MX,eye,2016,2
MX,eye,2017,5
MX,eye,2018,9
MX,eye,2019,17
MX,eye,2020,23
MX,eye,2021,31
MX,eye,2022,24
MX,eye,2023,4
MX,heart,2015,2
MX,heart,2016,7
MX,heart,2017,9
MX,heart,2018,21
MX,heart,2019,25
MX,heart,2020,40
MX,heart,2021,60
MX,heart,2022,61
MX,heart,2023,14
MX,kidney,2015,1
MX,kidney,2016,8
MX,kidney,2017,11
MX,kidney,2018,26
MX,kidney,2019,42
MX,kidney,2020,42
MX,kidney,2021,60
MX,kidney,2022,71
MX,kidney,2023,13
MX,knee,2016,1
MX,knee,2018,6
MX,knee,2019,7
MX,knee,2020,7
MX,knee,2021,14
MX,knee,2022,8
MX,knee,2023,2
MX,large intestine,2017,1
MX,large intestine,2021,1
MX,liver,2014,3
MX,liver,2015,1
MX,liver,2016,5
MX,liver,2017,18
MX,liver,2018,37
MX,liver,2019,58
MX,liver,2020,78
MX,liver,2021,93
MX,liver,2022,115
MX,liver,2023,28
MX,lung,2015,1
MX,lung,2016,1
MX,lung,2017,4
MX,lung,2018,18
MX,lung,2019,24
MX,lung,2020,43
MX,lung,2021,56
MX,lung,2022,64
MX,lung,2023,6
MX,lymph node,2017,1
MX,lymph node,2018,5
MX,lymph node,2019,3
MX,lymph node,2020,10
MX,lymph node,2021,7
MX,lymph node,2022,5
MX,ovary,2016,1
MX,ovary,2017,4
MX,ovary,2018,2
MX,ovary,2019,6
MX,ovary,2020,5
MX,ovary,2021,4
MX,ovary,2022,8
MX,ovary,2023,2
MX,pancreas,2015,1
MX,pancreas,2016,1
MX,pancreas,2017,2
MX,pancreas,2019,1
MX,pancreas,2020,7
MX,pancreas,2021,4
MX,pancreas,2022,6
MX,pancreas,2023,1
MX,pelvis,2023,2
MX,peripheral nervous system,2016,1
MX,peripheral nervous system,2017,1
MX,peripheral nervous system,2019,1
MX,peripheral nervous system,2020,1
MX,peripheral nervous system,2021,3
MX,peripheral nervous system,2022,1
MX,placenta,2014,1
MX,placenta,2017,3
MX,placenta,2018,5
MX,placenta,2019,8
MX,placenta,2020,8
MX,placenta,2021,16
MX,placenta,2022,16
MX,placenta,2023,4
MX,prostate,2017,1
MX,prostate,2018,3
MX,prostate,2019,2
MX,prostate,2020,7
MX,prostate,2021,5
MX,prostate,2022,15
MX,prostate,2023,1
MX,skeletal,2014,1
MX,skeletal,2015,1
MX,skeletal,2016,1
MX,skeletal,2017,3
MX,skeletal,2018,14
MX,skeletal,2019,15
MX,skeletal,2020,23
MX,skeletal,2021,13
MX,skeletal,2022,27
MX,skeletal,2023,5
MX,skin,2015,1
MX,skin,2016,3
MX,skin,2017,14
MX,skin,2018,23
MX,skin,2019,40
MX,skin,2020,30
MX,skin,2021,51
MX,skin,2022,49
MX,skin,2023,11
MX,small intestine,2019,2
MX,small intestine,2020,6
MX,small intestine,2021,4
MX,spinal cord,2015,1
MX,spinal cord,2016,2
MX,spinal cord,2017,6
MX,spinal cord,2018,4
MX,spinal cord,2019,4
MX,spinal cord,2020,9
MX,spinal cord,2021,9
MX,spinal cord,2022,8
MX,spinal cord,2023,3
MX,spleen,2017,2
MX,spleen,2018,3
MX,spleen,2019,5
MX,spleen,2020,4
MX,spleen,2021,2
MX,spleen,2022,3
MX,thymus,2019,1
MX,thymus,2021,1
MX,thymus,2022,1
MX,trachea,2016,1
MX,trachea,2017,1
MX,trachea,2019,1
MX,trachea,2020,7
MX,trachea,2021,5
MX,trachea,2022,5
MX,trachea,2023,3
MX,ureter,2019,1
MX,ureter,2020,1
MX,ureter,2021,1
MX,ureter,2022,3
MX,urinary bladder,2018,3
MX,urinary bladder,2019,3
MX,urinary bladder,2020,4
MX,urinary bladder,2021,4
MX,urinary bladder,2022,2
MX,urinary bladder,2023,2
MX,uterus,2019,1
MX,uterus,2020,2
MX,uterus,2021,1
MY,bone marrow,2014,1
MY,bone marrow,2017,2
MY,bone marrow,2018,1
MY,bone marrow,2019,4
MY,bone marrow,2020,4
MY,bone marrow,2021,5
MY,bone marrow,2023,1
MY,brain,2014,3
MY,brain,2015,1
MY,brain,2016,6
MY,brain,2017,10
MY,brain,2018,17
MY,brain,2019,25
MY,brain,2020,32
MY,brain,2021,52
MY,brain,2022,46
MY,brain,2023,7
MY,eye,2014,1
MY,eye,2016,1
MY,eye,2017,1
MY,eye,2018,4
MY,eye,2019,4
MY,eye,2020,13
MY,eye,2021,12
MY,eye,2022,16
MY,eye,2023,2
MY,fallopian tube,2021,1
MY,heart,2016,1
MY,heart,2017,4
MY,heart,2018,15
MY,heart,2019,8
MY,heart,2020,24
MY,heart,2021,37
MY,heart,2022,37
MY,heart,2023,6
MY,kidney,2014,1
MY,kidney,2015,1
MY,kidney,2017,3
MY,kidney,2018,11
MY,kidney,2019,11
MY,kidney,2020,25
MY,kidney,2021,29
MY,kidney,2022,33
MY,kidney,2023,6
MY,knee,2013,1
MY,knee,2014,3
MY,knee,2015,1
MY,knee,2016,1
MY,knee,2017,2
MY,knee,2018,5
MY,knee,2019,3
MY,knee,2020,7
MY,knee,2021,9
MY,knee,2022,9
MY,knee,2023,2
MY,liver,2014,7
MY,liver,2015,2
MY,liver,2016,3
MY,liver,2017,12
MY,liver,2018,42
MY,liver,2019,43
MY,liver,2020,81
MY,liver,2021,118
MY,liver,2022,121
MY,liver,2023,30
MY,lung,2014,1
MY,lung,2015,2
MY,lung,2016,2
MY,lung,2017,3
MY,lung,2018,12
MY,lung,2019,11
MY,lung,2020,20
MY,lung,2021,41
MY,lung,2022,40
MY,lung,2023,4
MY,lymph node,2015,1
MY,lymph node,2018,3
MY,lymph node,2019,2
MY,lymph node,2020,2
MY,lymph node,2021,2
MY,lymph node,2022,15
MY,lymph node,2023,2
MY,muscular system,2022,1
MY,ovary,2017,1
MY,ovary,2018,1
MY,ovary,2019,2
MY,ovary,2020,1
MY,ovary,2021,3
MY,ovary,2022,8
MY,ovary,2023,1
MY,pancreas,2016,1
MY,pancreas,2017,2
MY,pancreas,2019,1
MY,pancreas,2020,2
MY,pancreas,2021,1
MY,pancreas,2022,1
MY,pelvis,2018,2
MY,pelvis,2019,3
MY,pelvis,2021,1
MY,peripheral nervous system,2018,2
MY,placenta,2017,1
MY,placenta,2019,3
MY,placenta,2020,1
MY,placenta,2021,2
MY,placenta,2022,6
MY,placenta,2023,1
MY,prostate,2018,4
MY,prostate,2019,4
MY,prostate,2020,8
MY,prostate,2021,12
MY,prostate,2022,4
MY,skeletal,2014,2
MY,skeletal,2017,3
MY,skeletal,2018,6
MY,skeletal,2019,7
MY,skeletal,2020,10
MY,skeletal,2021,15
MY,skeletal,2022,22
MY,skeletal,2023,7
MY,skin,2014,1
MY,skin,2015,1
MY,skin,2016,2
MY,skin,2017,8
MY,skin,2018,8
MY,skin,2019,23
MY,skin,2020,26
MY,skin,2021,38
MY,skin,2022,51
MY,skin,2023,9
MY,small intestine,2019,1
MY,small intestine,2021,1
MY,small intestine,2022,5
MY,spinal cord,2014,1
MY,spinal cord,2016,1
MY,spinal cord,2019,3
MY,spinal cord,2020,6
MY,spinal cord,2021,6
MY,spinal cord,2022,5
MY,spleen,2014,1
MY,spleen,2018,1
MY,spleen,2021,4
MY,thymus,2017,1
MY,thymus,2018,1
MY,thymus,2019,2
MY,thymus,2020,1
MY,trachea,2017,1
MY,trachea,2018,1
MY,trachea,2019,1
MY,trachea,2020,4
MY,trachea,2021,8
MY,trachea,2022,6
MY,trachea,2023,1
MY,ureter,2018,1
MY,ureter,2019,2
MY,ureter,2022,2
MY,urinary bladder,2018,1
MY,urinary bladder,2019,4
MY,urinary bladder,2020,4
MY,urinary bladder,2021,3
MY,urinary bladder,2022,5
MY,urinary bladder,2023,2
MY,uterus,2014,2
MY,uterus,2017,1
MY,uterus,2020,1
MY,uterus,2021,5
MY,uterus,2022,2
MZ,brain,2020,2
MZ,eye,2022,1
MZ,heart,2023,1
MZ,kidney,2018,1
MZ,liver,2018,4
MZ,liver,2019,2
MZ,liver,2020,1
MZ,liver,2021,1
MZ,liver,2022,2
MZ,liver,2023,1
MZ,lung,2020,2
MZ,placenta,2020,1
MZ,placenta,2022,1
MZ,skin,2018,1
MZ,skin,2020,2
MZ,skin,2021,1
MZ,thymus,2020,1
NC,kidney,2021,1
NC,kidney,2023,1
NC,liver,2021,1
NC,lung,2019,1
NC,skin,2019,1
NC,skin,2021,1
NC,skin,2022,1
NE,brain,2022,1
NE,fallopian tube,2018,1
NE,kidney,2019,1
NE,liver,2018,1
NE,liver,2020,1
NE,lung,2019,1
NE,lung,2020,2
NE,lung,2022,1
NE,lymph node,2022,1
NE,trachea,2018,1
NE,ureter,2019,1
NE,urinary bladder,2022,1
NG,brain,2014,1
NG,brain,2017,3
NG,brain,2018,8
NG,brain,2019,9
NG,brain,2020,14
NG,brain,2021,21
NG,brain,2022,20
NG,brain,2023,3
NG,eye,2017,1
NG,eye,2020,5
NG,eye,2021,8
NG,eye,2022,2
NG,eye,2023,3
NG,fallopian tube,2018,1
NG,heart,2017,1
NG,heart,2018,7
NG,heart,2019,7
NG,heart,2020,13
NG,heart,2021,9
NG,heart,2022,6
NG,heart,2023,4
NG,kidney,2014,1
NG,kidney,2017,2
NG,kidney,2018,7
NG,kidney,2019,15
NG,kidney,2020,21
NG,kidney,2021,28
NG,kidney,2022,21
NG,kidney,2023,5
NG,knee,2019,1
NG,knee,2020,1
NG,knee,2021,4
NG,knee,2022,2
NG,liver,2016,1
NG,liver,2017,8
NG,liver,2018,22
NG,liver,2019,24
NG,liver,2020,46
NG,liver,2021,69
NG,liver,2022,60
NG,liver,2023,15
NG,lung,2017,1
NG,lung,2018,2
NG,lung,2019,4
NG,lung,2020,3
NG,lung,2021,7
NG,lung,2022,5
NG,lung,2023,5
NG,lymph node,2018,1
NG,lymph node,2021,1
NG,lymph node,2022,1
NG,lymph node,2023,1
NG,ovary,2020,2
NG,ovary,2021,2
NG,ovary,2022,4
NG,ovary,2023,2
NG,pancreas,2016,1
NG,pancreas,2019,1
NG,pancreas,2020,3
NG,pancreas,2021,2
NG,pelvis,2022,1
NG,placenta,2018,1
NG,placenta,2020,1
NG,placenta,2021,3
NG,placenta,2022,2
NG,placenta,2023,1
NG,prostate,2015,1
NG,prostate,2016,1
NG,prostate,2017,2
NG,prostate,2018,5
NG,prostate,2020,6
NG,prostate,2021,11
NG,prostate,2022,6
NG,prostate,2023,2
NG,skeletal,2018,1
NG,skeletal,2019,2
NG,skeletal,2020,3
NG,skeletal,2021,5
NG,skeletal,2022,8
NG,skin,2016,1
NG,skin,2017,2
NG,skin,2018,4
NG,skin,2019,4
NG,skin,2020,8
NG,skin,2021,9
NG,skin,2022,8
NG,skin,2023,2
NG,small intestine,2016,1
NG,small intestine,2018,1
NG,small intestine,2021,1
NG,small intestine,2023,1
NG,spinal cord,2021,3
NG,spinal cord,2022,4
NG,spleen,2021,3
NG,spleen,2022,1
NG,thymus,2019,1
NG,trachea,2022,3
NG,ureter,2019,1
NG,ureter,2021,2
NG,urinary bladder,2017,1
NG,urinary bladder,2018,1
NG,urinary bladder,2019,2
NG,urinary bladder,2021,1
NG,uterus,2020,1
NG,uterus,2021,3
NI,bone marrow,2016,1
NI,bone marrow,2022,1
NI,brain,2019,1
NI,brain,2020,1
NI,brain,2021,2
NI,heart,2021,1
NI,kidney,2023,1
NI,knee,2017,1
NI,knee,2018,1
NI,knee,2021,1
NI,liver,2019,1
NI,liver,2022,1
NI,spinal cord,2018,1
NL,bone marrow,2015,1
NL,bone marrow,2016,9
NL,bone marrow,2017,10
NL,bone marrow,2018,18
NL,bone marrow,2019,21
NL,bone marrow,2020,26
NL,bone marrow,2021,41
NL,bone marrow,2022,26
NL,bone marrow,2023,7
NL,brain,2014,2
NL,brain,2015,18
NL,brain,2016,67
NL,brain,2017,168
NL,brain,2018,280
NL,brain,2019,342
NL,brain,2020,372
NL,brain,2021,528
NL,brain,2022,586
NL,brain,2023,168
NL,eye,2015,3
NL,eye,2016,9
NL,eye,2017,23
NL,eye,2018,42
NL,eye,2019,47
NL,eye,2020,44
NL,eye,2021,59
NL,eye,2022,74
NL,eye,2023,23
NL,fallopian tube,2018,3
NL,fallopian tube,2019,1
NL,fallopian tube,2020,2
NL,fallopian tube,2021,1
NL,fallopian tube,2022,4
NL,heart,2014,2
NL,heart,2015,7
NL,heart,2016,18
NL,heart,2017,64
NL,heart,2018,121
NL,heart,2019,176
NL,heart,2020,209
NL,heart,2021,382
NL,heart,2022,475
NL,heart,2023,118
NL,kidney,2014,1
NL,kidney,2015,5
NL,kidney,2016,16
NL,kidney,2017,52
NL,kidney,2018,110
NL,kidney,2019,153
NL,kidney,2020,191
NL,kidney,2021,234
NL,kidney,2022,272
NL,kidney,2023,66
NL,knee,2016,2
NL,knee,2017,19
NL,knee,2018,32
NL,knee,2019,44
NL,knee,2020,50
NL,knee,2021,75
NL,knee,2022,88
NL,knee,2023,26
NL,large intestine,2018,1
NL,large intestine,2019,1
NL,large intestine,2020,2
NL,liver,2014,1
NL,liver,2015,6
NL,liver,2016,37
NL,liver,2017,97
NL,liver,2018,172
NL,liver,2019,254
NL,liver,2020,329
NL,liver,2021,479
NL,liver,2022,438
NL,liver,2023,102
NL,lung,2015,3
NL,lung,2016,19
NL,lung,2017,44
NL,lung,2018,90
NL,lung,2019,144
NL,lung,2020,191
NL,lung,2021,234
NL,lung,2022,217
NL,lung,2023,52
NL,lymph node,2015,1
NL,lymph node,2016,4
NL,lymph node,2017,8
NL,lymph node,2018,20
NL,lymph node,2019,35
NL,lymph node,2020,31
NL,lymph node,2021,60
NL,lymph node,2022,64
NL,lymph node,2023,18
NL,muscular system,2016,1
NL,muscular system,2018,3
NL,muscular system,2019,1
NL,muscular system,2020,2
NL,muscular system,2021,7
NL,muscular system,2022,3
NL,muscular system,2023,2
NL,ovary,2016,1
NL,ovary,2017,3
NL,ovary,2018,8
NL,ovary,2019,11
NL,ovary,2020,11
NL,ovary,2021,5
NL,ovary,2022,10
NL,ovary,2023,1
NL,pancreas,2016,2
NL,pancreas,2017,2
NL,pancreas,2018,5
NL,pancreas,2019,11
NL,pancreas,2020,14
NL,pancreas,2021,21
NL,pancreas,2022,6
NL,pancreas,2023,5
NL,pelvis,2016,2
NL,pelvis,2018,4
NL,pelvis,2019,6
NL,pelvis,2020,7
NL,pelvis,2021,4
NL,pelvis,2022,15
NL,peripheral nervous system,2017,1
NL,peripheral nervous system,2018,3
NL,peripheral nervous system,2019,5
NL,peripheral nervous system,2020,8
NL,peripheral nervous system,2021,7
NL,peripheral nervous system,2022,12
NL,peripheral nervous system,2023,4
NL,placenta,2016,3
NL,placenta,2017,2
NL,placenta,2018,10
NL,placenta,2019,16
NL,placenta,2020,29
NL,placenta,2021,36
NL,placenta,2022,23
NL,placenta,2023,5
NL,prostate,2014,1
NL,prostate,2015,1
NL,prostate,2016,5
NL,prostate,2017,16
NL,prostate,2018,41
NL,prostate,2019,61
NL,prostate,2020,75
NL,prostate,2021,108
NL,prostate,2022,133
NL,prostate,2023,27
NL,skeletal,2015,3
NL,skeletal,2016,22
NL,skeletal,2017,43
NL,skeletal,2018,68
NL,skeletal,2019,96
NL,skeletal,2020,115
NL,skeletal,2021,124
NL,skeletal,2022,136
NL,skeletal,2023,35
NL,skin,2014,1
NL,skin,2015,1
NL,skin,2016,7
NL,skin,2017,34
NL,skin,2018,76
NL,skin,2019,101
NL,skin,2020,103
NL,skin,2021,143
NL,skin,2022,146
NL,skin,2023,32
NL,small intestine,2016,2
NL,small intestine,2017,4
NL,small intestine,2018,4
NL,small intestine,2019,12
NL,small intestine,2020,7
NL,small intestine,2021,13
NL,small intestine,2022,7
NL,small intestine,2023,1
NL,spinal cord,2015,2
NL,spinal cord,2016,1
NL,spinal cord,2017,9
NL,spinal cord,2018,10
NL,spinal cord,2019,15
NL,spinal cord,2020,31
NL,spinal cord,2021,52
NL,spinal cord,2022,55
NL,spinal cord,2023,9
NL,spleen,2015,1
NL,spleen,2016,4
NL,spleen,2017,6
NL,spleen,2018,3
NL,spleen,2019,14
NL,spleen,2020,9
NL,spleen,2021,5
NL,spleen,2022,5
NL,thymus,2016,1
NL,thymus,2018,2
NL,thymus,2019,6
NL,thymus,2020,7
NL,thymus,2021,2
NL,thymus,2022,5
NL,thymus,2023,2
NL,trachea,2017,5
NL,trachea,2018,4
NL,trachea,2019,5
NL,trachea,2020,10
NL,trachea,2021,15
NL,trachea,2022,6
NL,trachea,2023,4
NL,ureter,2017,1
NL,ureter,2018,3
NL,ureter,2019,3
NL,ureter,2020,3
NL,ureter,2021,12
NL,ureter,2022,13
NL,ureter,2023,4
NL,urinary bladder,2015,1
NL,urinary bladder,2016,2
NL,urinary bladder,2017,3
NL,urinary bladder,2018,18
NL,urinary bladder,2019,20
NL,urinary bladder,2020,32
NL,urinary bladder,2021,33
NL,urinary bladder,2022,44
NL,urinary bladder,2023,10
NL,uterus,2017,1
NL,uterus,2018,2
NL,uterus,2019,5
NL,uterus,2020,6
NL,uterus,2021,7
NL,uterus,2022,5
NL,uterus,2023,1
NO,bone marrow,2017,1
NO,bone marrow,2018,4
NO,bone marrow,2019,11
NO,bone marrow,2020,10
NO,bone marrow,2021,10
NO,bone marrow,2022,5
NO,bone marrow,2023,1
NO,brain,2014,1
NO,brain,2015,7
NO,brain,2016,11
NO,brain,2017,35
NO,brain,2018,66
NO,brain,2019,75
NO,brain,2020,110
NO,brain,2021,120
NO,brain,2022,170
NO,brain,2023,30
NO,eye,2014,2
NO,eye,2016,1
NO,eye,2017,4
NO,eye,2018,12
NO,eye,2019,16
NO,eye,2020,17
NO,eye,2021,18
NO,eye,2022,30
NO,eye,2023,5
NO,fallopian tube,2017,1
NO,fallopian tube,2018,2
NO,fallopian tube,2020,1
NO,heart,2014,1
NO,heart,2015,4
NO,heart,2016,9
NO,heart,2017,19
NO,heart,2018,33
NO,heart,2019,50
NO,heart,2020,78
NO,heart,2021,102
NO,heart,2022,123
NO,heart,2023,25
NO,kidney,2015,2
NO,kidney,2016,1
NO,kidney,2017,16
NO,kidney,2018,22
NO,kidney,2019,22
NO,kidney,2020,29
NO,kidney,2021,36
NO,kidney,2022,30
NO,kidney,2023,9
NO,knee,2014,1
NO,knee,2015,1
NO,knee,2016,1
NO,knee,2017,7
NO,knee,2018,8
NO,knee,2019,13
NO,knee,2020,15
NO,knee,2021,29
NO,knee,2022,28
NO,knee,2023,5
NO,large intestine,2017,1
NO,large intestine,2020,1
NO,large intestine,2021,1
NO,liver,2014,1
NO,liver,2015,2
NO,liver,2016,15
NO,liver,2017,29
NO,liver,2018,66
NO,liver,2019,82
NO,liver,2020,106
NO,liver,2021,138
NO,liver,2022,151
NO,liver,2023,25
NO,lung,2016,3
NO,lung,2017,12
NO,lung,2018,25
NO,lung,2019,22
NO,lung,2020,32
NO,lung,2021,59
NO,lung,2022,47
NO,lung,2023,13
NO,lymph node,2016,1
NO,lymph node,2017,3
NO,lymph node,2018,4
NO,lymph node,2019,3
NO,lymph node,2020,4
NO,lymph node,2021,4
NO,lymph node,2022,11
NO,lymph node,2023,1
NO,lymph vasculature,2020,1
NO,muscular system,2016,1
NO,muscular system,2020,1
NO,ovary,2018,2
NO,ovary,2020,3
NO,ovary,2021,4
NO,ovary,2022,6
NO,pancreas,2016,2
NO,pancreas,2018,8
NO,pancreas,2019,5
NO,pancreas,2020,3
NO,pancreas,2021,7
NO,pancreas,2022,6
NO,pelvis,2020,4
NO,pelvis,2021,1
NO,pelvis,2022,3
NO,peripheral nervous system,2019,1
NO,peripheral nervous system,2020,1
NO,peripheral nervous system,2021,4
NO,peripheral nervous system,2022,1
NO,peripheral nervous system,2023,1
NO,placenta,2016,3
NO,placenta,2017,4
NO,placenta,2018,5
NO,placenta,2020,9
NO,placenta,2021,17
NO,placenta,2022,14
NO,placenta,2023,3
NO,prostate,2017,7
NO,prostate,2018,6
NO,prostate,2019,11
NO,prostate,2020,23
NO,prostate,2021,33
NO,prostate,2022,34
NO,prostate,2023,5
NO,skeletal,2016,4
NO,skeletal,2017,20
NO,skeletal,2018,27
NO,skeletal,2019,41
NO,skeletal,2020,55
NO,skeletal,2021,51
NO,skeletal,2022,51
NO,skeletal,2023,13
NO,skin,2015,2
NO,skin,2016,2
NO,skin,2017,11
NO,skin,2018,19
NO,skin,2019,26
NO,skin,2020,22
NO,skin,2021,33
NO,skin,2022,27
NO,skin,2023,10
NO,small intestine,2018,1
NO,small intestine,2019,4
NO,small intestine,2020,1
NO,small intestine,2021,5
NO,small intestine,2022,3
NO,spinal cord,2016,2
NO,spinal cord,2018,4
NO,spinal cord,2019,7
NO,spinal cord,2020,6
NO,spinal cord,2021,8
NO,spinal cord,2022,10
NO,spinal cord,2023,2
NO,spleen,2016,1
NO,spleen,2017,1
NO,spleen,2020,2
NO,spleen,2021,2
NO,spleen,2022,2
NO,spleen,2023,1
NO,thymus,2019,2
NO,thymus,2020,2
NO,thymus,2021,3
NO,trachea,2017,1
NO,trachea,2018,1
NO,trachea,2019,1
NO,trachea,2020,2
NO,trachea,2021,1
NO,trachea,2022,2
NO,ureter,2018,1
NO,ureter,2019,1
NO,ureter,2020,2
NO,ureter,2021,4
NO,ureter,2022,1
NO,urinary bladder,2014,2
NO,urinary bladder,2017,3
NO,urinary bladder,2018,3
NO,urinary bladder,2019,1
NO,urinary bladder,2020,6
NO,urinary bladder,2021,3
NO,urinary bladder,2022,4
NO,uterus,2017,1
NO,uterus,2018,1
NO,uterus,2020,1
NO,uterus,2021,1
NO,uterus,2022,4
NO,uterus,2023,3
NP,brain,2017,1
NP,brain,2019,3
NP,brain,2020,2
NP,brain,2021,2
NP,brain,2022,7
NP,eye,2017,2
NP,eye,2019,1
NP,eye,2020,9
NP,eye,2021,9
NP,eye,2022,4
NP,eye,2023,1
NP,fallopian tube,2022,1
NP,heart,2019,2
NP,heart,2020,4
NP,heart,2021,13
NP,heart,2022,6
NP,heart,2023,2
NP,kidney,2018,10
NP,kidney,2020,3
NP,kidney,2021,4
NP,kidney,2022,11
NP,kidney,2023,4
NP,knee,2019,1
NP,knee,2021,1
NP,liver,2017,3
NP,liver,2018,5
NP,liver,2019,8
NP,liver,2020,15
NP,liver,2021,13
NP,liver,2022,11
NP,liver,2023,4
NP,lung,2017,2
NP,lung,2019,1
NP,lung,2021,7
NP,lung,2022,5
NP,lung,2023,2
NP,lymph node,2018,2
NP,lymph node,2020,1
NP,lymph node,2021,1
NP,lymph node,2022,3
NP,lymph node,2023,2
NP,ovary,2022,1
NP,pancreas,2017,1
NP,pancreas,2020,2
NP,pelvis,2018,1
NP,pelvis,2020,1
NP,placenta,2020,2
NP,placenta,2022,1
NP,prostate,2018,1
NP,prostate,2019,1
NP,prostate,2020,1
NP,prostate,2021,1
NP,prostate,2022,1
NP,skeletal,2018,1
NP,skeletal,2019,1
NP,skeletal,2020,2
NP,skeletal,2021,4
NP,skeletal,2022,5
NP,skeletal,2023,1
NP,skin,2016,1
NP,skin,2017,1
NP,skin,2018,2
NP,skin,2019,5
NP,skin,2020,7
NP,skin,2021,1
NP,skin,2022,3
NP,skin,2023,1
NP,spinal cord,2019,1
NP,spinal cord,2021,1
NP,spinal cord,2022,3
NP,spleen,2017,1
NP,trachea,2017,1
NP,trachea,2019,1
NP,trachea,2020,1
NP,trachea,2021,2
NP,trachea,2023,1
NP,ureter,2018,4
NP,ureter,2020,1
NP,ureter,2022,1
NP,ureter,2023,1
NP,urinary bladder,2018,10
NP,urinary bladder,2021,1
NP,urinary bladder,2022,1
NZ,bone marrow,2017,1
NZ,bone marrow,2018,1
NZ,bone marrow,2019,1
NZ,bone marrow,2020,1
NZ,bone marrow,2021,2
NZ,bone marrow,2022,4
NZ,brain,2011,1
NZ,brain,2015,3
NZ,brain,2016,5
NZ,brain,2017,20
NZ,brain,2018,37
NZ,brain,2019,49
NZ,brain,2020,65
NZ,brain,2021,75
NZ,brain,2022,79
NZ,brain,2023,20
NZ,eye,2011,1
NZ,eye,2017,4
NZ,eye,2018,9
NZ,eye,2019,21
NZ,eye,2020,16
NZ,eye,2021,23
NZ,eye,2022,14
NZ,eye,2023,9
NZ,fallopian tube,2020,4
NZ,heart,2015,4
NZ,heart,2016,9
NZ,heart,2017,21
NZ,heart,2018,29
NZ,heart,2019,29
NZ,heart,2020,38
NZ,heart,2021,80
NZ,heart,2022,60
NZ,heart,2023,18
NZ,kidney,2015,1
NZ,kidney,2016,3
NZ,kidney,2017,6
NZ,kidney,2018,13
NZ,kidney,2019,21
NZ,kidney,2020,14
NZ,kidney,2021,29
NZ,kidney,2022,30
NZ,kidney,2023,6
NZ,knee,2016,2
NZ,knee,2017,3
NZ,knee,2018,3
NZ,knee,2019,7
NZ,knee,2020,9
NZ,knee,2021,12
NZ,knee,2022,21
NZ,knee,2023,8
NZ,large intestine,2022,1
NZ,liver,2015,3
NZ,liver,2016,5
NZ,liver,2017,17
NZ,liver,2018,49
NZ,liver,2019,43
NZ,liver,2020,67
NZ,liver,2021,92
NZ,liver,2022,101
NZ,liver,2023,28
NZ,lung,2015,1
NZ,lung,2016,1
NZ,lung,2017,4
NZ,lung,2018,11
NZ,lung,2019,17
NZ,lung,2020,19
NZ,lung,2021,26
NZ,lung,2022,17
NZ,lung,2023,6
NZ,lymph node,2018,2
NZ,lymph node,2019,4
NZ,lymph node,2020,4
NZ,lymph node,2021,7
NZ,lymph node,2022,3
NZ,lymph node,2023,1
NZ,muscular system,2022,1
NZ,muscular system,2023,1
NZ,ovary,2015,1
NZ,ovary,2019,1
NZ,ovary,2020,4
NZ,ovary,2021,1
NZ,ovary,2022,13
NZ,pancreas,2017,1
NZ,pancreas,2018,2
NZ,pancreas,2019,4
NZ,pancreas,2020,4
NZ,pancreas,2021,5
NZ,pancreas,2022,7
NZ,pancreas,2023,2
NZ,pelvis,2017,1
NZ,pelvis,2018,1
NZ,pelvis,2020,3
NZ,pelvis,2022,2
NZ,peripheral nervous system,2018,2
NZ,peripheral nervous system,2019,1
NZ,peripheral nervous system,2022,2
NZ,peripheral nervous system,2023,1
NZ,placenta,2015,1
NZ,placenta,2016,2
NZ,placenta,2017,4
NZ,placenta,2018,4
NZ,placenta,2019,2
NZ,placenta,2020,7
NZ,placenta,2021,8
NZ,placenta,2022,11
NZ,placenta,2023,2
NZ,prostate,2015,1
NZ,prostate,2016,4
NZ,prostate,2017,4
NZ,prostate,2018,8
NZ,prostate,2019,8
NZ,prostate,2020,9
NZ,prostate,2021,15
NZ,prostate,2022,13
NZ,prostate,2023,2
NZ,skeletal,2015,1
NZ,skeletal,2016,5
NZ,skeletal,2017,8
NZ,skeletal,2018,17
NZ,skeletal,2019,21
NZ,skeletal,2020,22
NZ,skeletal,2021,33
NZ,skeletal,2022,33
NZ,skeletal,2023,4
NZ,skin,2015,3
NZ,skin,2016,4
NZ,skin,2017,10
NZ,skin,2018,17
NZ,skin,2019,22
NZ,skin,2020,32
NZ,skin,2021,36
NZ,skin,2022,34
NZ,skin,2023,8
NZ,small intestine,2018,1
NZ,small intestine,2019,1
NZ,small intestine,2020,6
NZ,small intestine,2021,1
NZ,small intestine,2022,1
NZ,small intestine,2023,1
NZ,spinal cord,2017,2
NZ,spinal cord,2019,7
NZ,spinal cord,2020,6
NZ,spinal cord,2021,9
NZ,spinal cord,2022,4
NZ,spinal cord,2023,5
NZ,spleen,2016,2
NZ,spleen,2019,1
NZ,spleen,2020,1
NZ,spleen,2021,1
NZ,spleen,2022,1
NZ,thymus,2023,1
NZ,trachea,2017,1
NZ,trachea,2018,1
NZ,trachea,2019,2
NZ,trachea,2020,1
NZ,trachea,2021,3
NZ,trachea,2022,1
NZ,trachea,2023,1
NZ,ureter,2015,1
NZ,ureter,2018,1
NZ,ureter,2021,1
NZ,ureter,2022,1
NZ,urinary bladder,2015,1
NZ,urinary bladder,2018,1
NZ,urinary bladder,2019,1
NZ,urinary bladder,2021,3
NZ,urinary bladder,2022,1
NZ,uterus,2017,2
NZ,uterus,2020,2
NZ,uterus,2021,2
NZ,uterus,2022,2
OM,bone marrow,2021,2
OM,bone marrow,2022,1
OM,brain,2018,2
OM,brain,2020,3
OM,brain,2021,8
OM,brain,2022,9
OM,brain,2023,1
OM,eye,2019,1
OM,eye,2020,1
OM,eye,2021,1
OM,heart,2015,1
OM,heart,2016,1
OM,heart,2017,2
OM,heart,2018,2
OM,heart,2019,1
OM,heart,2020,1
OM,heart,2021,7
OM,heart,2022,2
OM,heart,2023,2
OM,kidney,2017,2
OM,kidney,2019,2
OM,kidney,2020,3
OM,kidney,2021,5
OM,kidney,2022,3
OM,kidney,2023,1
OM,knee,2019,1
OM,knee,2020,1
OM,knee,2022,3
OM,knee,2023,1
OM,liver,2016,1
OM,liver,2017,1
OM,liver,2019,1
OM,liver,2020,5
OM,liver,2021,10
OM,liver,2022,11
OM,lung,2018,2
OM,lung,2019,1
OM,lung,2020,6
OM,lung,2021,4
OM,lung,2022,3
OM,lymph node,2019,1
OM,lymph node,2022,2
OM,muscular system,2022,1
OM,ovary,2022,1
OM,pancreas,2023,1
OM,pelvis,2020,1
OM,pelvis,2022,1
OM,placenta,2021,1
OM,prostate,2019,1
OM,prostate,2022,2
OM,skeletal,2022,1
OM,skeletal,2023,1
OM,skin,2022,1
OM,skin,2023,1
OM,spleen,2022,1
OM,trachea,2020,1
OM,trachea,2021,1
OM,ureter,2021,1
PA,brain,2019,2
PA,brain,2020,1
PA,brain,2021,3
PA,heart,2014,1
PA,heart,2018,2
PA,heart,2022,1
PA,kidney,2021,1
PA,kidney,2022,2
PA,kidney,2023,2
PA,liver,2017,1
PA,liver,2022,6
PA,lung,2017,1
PA,lung,2018,1
PA,lung,2019,1
PA,lung,2022,3
PA,prostate,2019,1
PA,skeletal,2021,2
PA,skeletal,2022,2
PA,skin,2018,1
PA,skin,2019,1
PA,skin,2020,2
PA,skin,2021,4
PA,skin,2022,3
PA,spleen,2022,1
PA,ureter,2022,1
PA,ureter,2023,1
PE,brain,2015,1
PE,brain,2016,3
PE,brain,2017,5
PE,brain,2019,2
PE,brain,2020,8
PE,brain,2021,8
PE,brain,2022,11
PE,brain,2023,4
PE,eye,2014,2
PE,eye,2017,1
PE,eye,2019,1
PE,eye,2020,2
PE,eye,2021,4
PE,eye,2022,7
PE,eye,2023,1
PE,heart,2017,1
PE,heart,2018,2
PE,heart,2019,2
PE,heart,2020,6
PE,heart,2021,13
PE,heart,2022,16
PE,heart,2023,2
PE,kidney,2017,2
PE,kidney,2018,1
PE,kidney,2019,1
PE,kidney,2020,2
PE,kidney,2021,2
PE,kidney,2022,9
PE,knee,2022,1
PE,liver,2015,1
PE,liver,2016,1
PE,liver,2017,1
PE,liver,2018,4
PE,liver,2019,9
PE,liver,2020,23
PE,liver,2021,18
PE,liver,2022,24
PE,liver,2023,3
PE,lung,2018,3
PE,lung,2019,3
PE,lung,2020,8
PE,lung,2021,2
PE,lung,2022,6
PE,lung,2023,1
PE,lymph node,2017,3
PE,lymph node,2018,5
PE,lymph node,2019,3
PE,lymph node,2020,3
PE,lymph node,2021,3
PE,lymph node,2022,3
PE,ovary,2018,1
PE,ovary,2020,1
PE,ovary,2022,1
PE,pancreas,2018,1
PE,pancreas,2020,1
PE,pancreas,2021,1
PE,pancreas,2022,2
PE,pelvis,2022,2
PE,placenta,2017,1
PE,prostate,2019,1
PE,prostate,2020,2
PE,prostate,2021,1
PE,prostate,2022,1
PE,skeletal,2019,1
PE,skeletal,2020,3
PE,skeletal,2021,1
PE,skeletal,2022,4
PE,skin,2017,2
PE,skin,2018,4
PE,skin,2019,8
PE,skin,2020,5
PE,skin,2021,5
PE,skin,2022,8
PE,spleen,2020,2
PE,thymus,2016,1
PE,thymus,2020,1
PE,thymus,2021,1
PE,trachea,2018,1
PE,urinary bladder,2019,2
PE,uterus,2019,1
PE,uterus,2020,1
PE,uterus,2023,3
PF,brain,2017,1
PF,brain,2018,1
PF,eye,2018,1
PF,eye,2019,1
PF,heart,2021,1
PF,heart,2022,1
PF,liver,2021,1
PF,lung,2021,1
PF,lung,2022,1
PF,lymph node,2021,2
PF,skeletal,2019,1
PG,eye,2022,1
PG,liver,2020,2
PH,bone marrow,2020,1
PH,brain,2017,1
PH,brain,2018,1
PH,brain,2019,1
PH,brain,2020,3
PH,brain,2021,4
PH,brain,2022,5
PH,eye,2018,1
PH,eye,2019,2
PH,eye,2021,3
PH,eye,2022,3
PH,fallopian tube,2022,1
PH,heart,2021,5
PH,heart,2022,1
PH,heart,2023,1
PH,kidney,2017,1
PH,kidney,2018,3
PH,kidney,2019,3
PH,kidney,2020,4
PH,kidney,2021,3
PH,kidney,2022,4
PH,kidney,2023,2
PH,knee,2019,1
PH,knee,2020,1
PH,knee,2021,1
PH,knee,2022,1
PH,liver,2016,2
PH,liver,2018,1
PH,liver,2019,4
PH,liver,2020,6
PH,liver,2021,12
PH,liver,2022,21
PH,liver,2023,2
PH,lung,2017,1
PH,lung,2018,6
PH,lung,2019,6
PH,lung,2020,6
PH,lung,2021,6
PH,lung,2022,9
PH,lung,2023,1
PH,lymph node,2016,1
PH,lymph node,2017,1
PH,lymph node,2019,1
PH,lymph node,2020,1
PH,lymph node,2022,1
PH,ovary,2019,2
PH,peripheral nervous system,2021,1
PH,placenta,2018,1
PH,placenta,2021,2
PH,placenta,2022,3
PH,prostate,2022,2
PH,skeletal,2018,1
PH,skeletal,2019,1
PH,skeletal,2021,5
PH,skin,2017,1
PH,skin,2018,4
PH,skin,2019,2
PH,skin,2020,7
PH,skin,2021,4
PH,skin,2022,8
PH,small intestine,2021,1
PH,small intestine,2022,1
PH,spinal cord,2020,1
PH,spinal cord,2022,3
PH,spleen,2021,2
PH,spleen,2022,1
PH,thymus,2018,1
PH,trachea,2021,1
PH,ureter,2019,1
PH,urinary bladder,2021,1
PH,urinary bladder,2022,2
PH,uterus,2022,1
PK,blood vasculature,2023,1
PK,bone marrow,2016,1
PK,bone marrow,2018,4
PK,bone marrow,2019,2
PK,bone marrow,2020,4
PK,bone marrow,2021,8
PK,bone marrow,2022,5
PK,bone marrow,2023,3
PK,brain,2014,2
PK,brain,2015,1
PK,brain,2016,4
PK,brain,2017,6
PK,brain,2018,16
PK,brain,2019,21
PK,brain,2020,35
PK,brain,2021,66
PK,brain,2022,71
PK,brain,2023,11
PK,eye,2017,3
PK,eye,2018,5
PK,eye,2019,3
PK,eye,2020,6
PK,eye,2021,7
PK,eye,2022,16
PK,eye,2023,2
PK,fallopian tube,2018,1
PK,fallopian tube,2021,1
PK,heart,2014,1
PK,heart,2016,3
PK,heart,2017,5
PK,heart,2018,7
PK,heart,2019,22
PK,heart,2020,20
PK,heart,2021,28
PK,heart,2022,73
PK,heart,2023,3
PK,kidney,2014,1
PK,kidney,2015,1
PK,kidney,2016,1
PK,kidney,2017,5
PK,kidney,2018,9
PK,kidney,2019,14
PK,kidney,2020,19
PK,kidney,2021,28
PK,kidney,2022,37
PK,kidney,2023,4
PK,knee,2018,1
PK,knee,2019,2
PK,knee,2020,5
PK,knee,2021,9
PK,knee,2022,10
PK,liver,2014,3
PK,liver,2015,2
PK,liver,2016,7
PK,liver,2017,12
PK,liver,2018,26
PK,liver,2019,49
PK,liver,2020,83
PK,liver,2021,163
PK,liver,2022,228
PK,liver,2023,41
PK,lung,2014,1
PK,lung,2015,1
PK,lung,2017,3
PK,lung,2018,5
PK,lung,2019,6
PK,lung,2020,16
PK,lung,2021,17
PK,lung,2022,34
PK,lung,2023,8
PK,lymph node,2017,1
PK,lymph node,2018,3
PK,lymph node,2019,1
PK,lymph node,2020,1
PK,lymph node,2021,4
PK,lymph node,2022,2
PK,ovary,2018,1
PK,ovary,2019,1
PK,ovary,2020,3
PK,ovary,2021,8
PK,ovary,2022,7
PK,ovary,2023,2
PK,pancreas,2018,1
PK,pancreas,2019,1
PK,pancreas,2020,2
PK,pancreas,2021,2
PK,pancreas,2022,2
PK,pelvis,2021,1
PK,peripheral nervous system,2018,1
PK,peripheral nervous system,2022,1
PK,placenta,2018,1
PK,placenta,2019,1
PK,placenta,2020,4
PK,placenta,2021,3
PK,placenta,2022,6
PK,prostate,2016,2
PK,prostate,2018,4
PK,prostate,2020,4
PK,prostate,2021,8
PK,prostate,2022,8
PK,prostate,2023,2
PK,skeletal,2015,1
PK,skeletal,2017,2
PK,skeletal,2018,2
PK,skeletal,2019,8
PK,skeletal,2020,4
PK,skeletal,2021,11
PK,skeletal,2022,11
PK,skeletal,2023,4
PK,skin,2015,2
PK,skin,2016,3
PK,skin,2017,4
PK,skin,2018,9
PK,skin,2019,8
PK,skin,2020,31
PK,skin,2021,27
PK,skin,2022,50
PK,skin,2023,11
PK,small intestine,2017,1
PK,small intestine,2018,1
PK,small intestine,2019,4
PK,small intestine,2022,2
PK,spinal cord,2019,1
PK,spinal cord,2020,1
PK,spinal cord,2021,3
PK,spinal cord,2022,3
PK,spinal cord,2023,1
PK,spleen,2018,1
PK,spleen,2019,3
PK,spleen,2020,3
PK,spleen,2021,1
PK,spleen,2022,1
PK,thymus,2019,1
PK,thymus,2021,1
PK,thymus,2022,6
PK,trachea,2016,1
PK,trachea,2017,1
PK,trachea,2020,3
PK,trachea,2022,1
PK,ureter,2014,1
PK,ureter,2018,1
PK,ureter,2019,1
PK,ureter,2021,1
PK,urinary bladder,2017,1
PK,urinary bladder,2018,1
PK,urinary bladder,2019,3
PK,urinary bladder,2020,3
PK,urinary bladder,2022,1
PK,urinary bladder,2023,1
PK,uterus,2019,1
PK,uterus,2021,1
PK,uterus,2022,1
PL,blood vasculature,2021,1
PL,bone marrow,2014,1
PL,bone marrow,2015,3
PL,bone marrow,2016,2
PL,bone marrow,2017,5
PL,bone marrow,2018,5
PL,bone marrow,2019,10
PL,bone marrow,2020,19
PL,bone marrow,2021,21
PL,bone marrow,2022,25
PL,bone marrow,2023,2
PL,brain,2014,4
PL,brain,2015,3
PL,brain,2016,7
PL,brain,2017,32
PL,brain,2018,80
PL,brain,2019,129
PL,brain,2020,199
PL,brain,2021,267
PL,brain,2022,231
PL,brain,2023,60
PL,eye,2016,2
PL,eye,2017,10
PL,eye,2018,18
PL,eye,2019,25
PL,eye,2020,36
PL,eye,2021,62
PL,eye,2022,56
PL,eye,2023,17
PL,fallopian tube,2014,1
PL,fallopian tube,2018,4
PL,fallopian tube,2019,3
PL,fallopian tube,2020,3
PL,fallopian tube,2021,2
PL,fallopian tube,2023,1
PL,heart,2014,4
PL,heart,2015,3
PL,heart,2016,5
PL,heart,2017,21
PL,heart,2018,79
PL,heart,2019,99
PL,heart,2020,147
PL,heart,2021,208
PL,heart,2022,264
PL,heart,2023,39
PL,kidney,2014,5
PL,kidney,2015,3
PL,kidney,2016,9
PL,kidney,2017,20
PL,kidney,2018,46
PL,kidney,2019,63
PL,kidney,2020,97
PL,kidney,2021,189
PL,kidney,2022,156
PL,kidney,2023,26
PL,knee,2014,1
PL,knee,2015,3
PL,knee,2017,1
PL,knee,2018,4
PL,knee,2019,19
PL,knee,2020,21
PL,knee,2021,37
PL,knee,2022,44
PL,knee,2023,8
PL,large intestine,2017,2
PL,large intestine,2018,2
PL,large intestine,2019,1
PL,large intestine,2020,4
PL,large intestine,2021,3
PL,large intestine,2022,1
PL,large intestine,2023,2
PL,liver,2014,4
PL,liver,2016,6
PL,liver,2017,40
PL,liver,2018,91
PL,liver,2019,130
PL,liver,2020,202
PL,liver,2021,304
PL,liver,2022,266
PL,liver,2023,70
PL,lung,2014,3
PL,lung,2016,8
PL,lung,2017,17
PL,lung,2018,28
PL,lung,2019,60
PL,lung,2020,85
PL,lung,2021,129
PL,lung,2022,129
PL,lung,2023,38
PL,lymph node,2016,2
PL,lymph node,2017,6
PL,lymph node,2018,6
PL,lymph node,2019,14
PL,lymph node,2020,10
PL,lymph node,2021,19
PL,lymph node,2022,23
PL,lymph node,2023,3
PL,muscular system,2019,1
PL,muscular system,2021,1
PL,muscular system,2022,3
PL,ovary,2014,2
PL,ovary,2016,1
PL,ovary,2017,3
PL,ovary,2018,10
PL,ovary,2019,12
PL,ovary,2020,24
PL,ovary,2021,45
PL,ovary,2022,35
PL,ovary,2023,4
PL,pancreas,2016,1
PL,pancreas,2017,3
PL,pancreas,2018,7
PL,pancreas,2019,8
PL,pancreas,2020,8
PL,pancreas,2021,12
PL,pancreas,2022,17
PL,pancreas,2023,3
PL,pelvis,2014,1
PL,pelvis,2015,1
PL,pelvis,2017,1
PL,pelvis,2019,5
PL,pelvis,2020,4
PL,pelvis,2021,6
PL,pelvis,2022,5
PL,pelvis,2023,2
PL,peripheral nervous system,2018,1
PL,peripheral nervous system,2019,2
PL,peripheral nervous system,2020,5
PL,peripheral nervous system,2021,2
PL,peripheral nervous system,2022,3
PL,placenta,2015,1
PL,placenta,2016,1
PL,placenta,2017,3
PL,placenta,2018,9
PL,placenta,2019,16
PL,placenta,2020,16
PL,placenta,2021,35
PL,placenta,2022,32
PL,placenta,2023,6
PL,prostate,2014,1
PL,prostate,2016,1
PL,prostate,2017,5
PL,prostate,2018,11
PL,prostate,2019,17
PL,prostate,2020,36
PL,prostate,2021,39
PL,prostate,2022,64
PL,prostate,2023,9
PL,skeletal,2014,2
PL,skeletal,2015,2
PL,skeletal,2016,2
PL,skeletal,2017,9
PL,skeletal,2018,31
PL,skeletal,2019,63
PL,skeletal,2020,79
PL,skeletal,2021,91
PL,skeletal,2022,95
PL,skeletal,2023,19
PL,skin,2008,1
PL,skin,2014,5
PL,skin,2015,2
PL,skin,2016,3
PL,skin,2017,14
PL,skin,2018,48
PL,skin,2019,65
PL,skin,2020,138
PL,skin,2021,214
PL,skin,2022,179
PL,skin,2023,44
PL,small intestine,2017,1
PL,small intestine,2018,3
PL,small intestine,2019,4
PL,small intestine,2020,6
PL,small intestine,2021,6
PL,small intestine,2022,14
PL,small intestine,2023,3
PL,spinal cord,2014,1
PL,spinal cord,2015,1
PL,spinal cord,2016,1
PL,spinal cord,2017,4
PL,spinal cord,2018,3
PL,spinal cord,2019,13
PL,spinal cord,2020,18
PL,spinal cord,2021,21
PL,spinal cord,2022,22
PL,spinal cord,2023,2
PL,spleen,2014,1
PL,spleen,2017,4
PL,spleen,2018,4
PL,spleen,2019,9
PL,spleen,2020,4
PL,spleen,2021,12
PL,spleen,2022,2
PL,thymus,2016,1
PL,thymus,2017,1
PL,thymus,2018,2
PL,thymus,2019,5
PL,thymus,2020,8
PL,thymus,2021,15
PL,thymus,2022,5
PL,trachea,2014,2
PL,trachea,2017,1
PL,trachea,2018,2
PL,trachea,2019,3
PL,trachea,2020,5
PL,trachea,2021,6
PL,trachea,2022,4
PL,ureter,2017,2
PL,ureter,2021,10
PL,ureter,2022,5
PL,ureter,2023,1
PL,urinary bladder,2014,1
PL,urinary bladder,2016,2
PL,urinary bladder,2017,6
PL,urinary bladder,2018,13
PL,urinary bladder,2019,14
PL,urinary bladder,2020,17
PL,urinary bladder,2021,29
PL,urinary bladder,2022,16
PL,urinary bladder,2023,8
PL,uterus,2017,3
PL,uterus,2018,6
PL,uterus,2019,8
PL,uterus,2020,9
PL,uterus,2021,21
PL,uterus,2022,9
PL,uterus,2023,4
PS,eye,2021,1
PS,heart,2018,1
PS,heart,2020,1
PS,heart,2021,1
PS,kidney,2020,2
PS,kidney,2021,1
PS,kidney,2022,2
PS,kidney,2023,1
PS,knee,2019,1
PS,knee,2021,1
PS,liver,2018,1
PS,liver,2019,2
PS,liver,2020,4
PS,liver,2021,3
PS,liver,2022,5
PS,liver,2023,1
PS,lung,2018,1
PS,lung,2020,1
PS,lung,2023,1
PS,pancreas,2020,2
PS,prostate,2022,2
PS,prostate,2023,1
PS,skeletal,2021,2
PS,skin,2019,1
PS,skin,2020,1
PS,skin,2021,1
PS,skin,2022,4
PS,thymus,2016,1
PS,thymus,2023,1
PS,ureter,2023,1
PT,blood vasculature,2020,1
PT,bone marrow,2015,1
PT,bone marrow,2017,3
PT,bone marrow,2018,4
PT,bone marrow,2019,6
PT,bone marrow,2020,4
PT,bone marrow,2021,7
PT,bone marrow,2022,9
PT,bone marrow,2023,2
PT,brain,2014,1
PT,brain,2015,6
PT,brain,2016,16
PT,brain,2017,26
PT,brain,2018,47
PT,brain,2019,76
PT,brain,2020,98
PT,brain,2021,145
PT,brain,2022,140
PT,brain,2023,29
PT,eye,2016,4
PT,eye,2017,6
PT,eye,2018,13
PT,eye,2019,12
PT,eye,2020,20
PT,eye,2021,26
PT,eye,2022,29
PT,eye,2023,10
PT,fallopian tube,2019,1
PT,fallopian tube,2021,1
PT,fallopian tube,2022,2
PT,heart,2014,2
PT,heart,2015,3
PT,heart,2016,6
PT,heart,2017,25
PT,heart,2018,40
PT,heart,2019,65
PT,heart,2020,102
PT,heart,2021,122
PT,heart,2022,167
PT,heart,2023,45
PT,kidney,2014,4
PT,kidney,2015,5
PT,kidney,2016,2
PT,kidney,2017,13
PT,kidney,2018,11
PT,kidney,2019,26
PT,kidney,2020,45
PT,kidney,2021,59
PT,kidney,2022,64
PT,kidney,2023,19
PT,knee,2018,10
PT,knee,2019,13
PT,knee,2020,9
PT,knee,2021,17
PT,knee,2022,19
PT,knee,2023,5
PT,liver,2014,1
PT,liver,2015,8
PT,liver,2016,8
PT,liver,2017,40
PT,liver,2018,68
PT,liver,2019,109
PT,liver,2020,158
PT,liver,2021,200
PT,liver,2022,223
PT,liver,2023,42
PT,lung,2015,1
PT,lung,2016,5
PT,lung,2017,10
PT,lung,2018,19
PT,lung,2019,31
PT,lung,2020,55
PT,lung,2021,62
PT,lung,2022,81
PT,lung,2023,15
PT,lymph node,2017,3
PT,lymph node,2018,3
PT,lymph node,2019,7
PT,lymph node,2020,4
PT,lymph node,2021,8
PT,lymph node,2022,6
PT,lymph node,2023,2
PT,lymph vasculature,2020,1
PT,muscular system,2016,1
PT,muscular system,2020,3
PT,ovary,2015,1
PT,ovary,2017,1
PT,ovary,2018,2
PT,ovary,2019,5
PT,ovary,2020,3
PT,ovary,2021,3
PT,ovary,2022,7
PT,ovary,2023,1
PT,pancreas,2014,1
PT,pancreas,2016,1
PT,pancreas,2017,1
PT,pancreas,2018,1
PT,pancreas,2019,4
PT,pancreas,2020,5
PT,pancreas,2021,5
PT,pancreas,2022,5
PT,pancreas,2023,2
PT,pelvis,2017,1
PT,pelvis,2021,2
PT,peripheral nervous system,2021,1
PT,peripheral nervous system,2022,3
PT,peripheral nervous system,2023,1
PT,placenta,2017,5
PT,placenta,2018,2
PT,placenta,2019,4
PT,placenta,2020,9
PT,placenta,2021,10
PT,placenta,2022,5
PT,prostate,2016,3
PT,prostate,2017,4
PT,prostate,2018,16
PT,prostate,2019,16
PT,prostate,2020,20
PT,prostate,2021,39
PT,prostate,2022,26
PT,prostate,2023,11
PT,skeletal,2015,3
PT,skeletal,2016,3
PT,skeletal,2017,12
PT,skeletal,2018,25
PT,skeletal,2019,18
PT,skeletal,2020,42
PT,skeletal,2021,47
PT,skeletal,2022,62
PT,skeletal,2023,19
PT,skin,2012,1
PT,skin,2014,2
PT,skin,2015,3
PT,skin,2016,1
PT,skin,2017,10
PT,skin,2018,29
PT,skin,2019,57
PT,skin,2020,63
PT,skin,2021,107
PT,skin,2022,100
PT,skin,2023,25
PT,small intestine,2016,1
PT,small intestine,2018,3
PT,small intestine,2019,1
PT,small intestine,2021,6
PT,small intestine,2022,6
PT,spinal cord,2015,2
PT,spinal cord,2016,2
PT,spinal cord,2017,3
PT,spinal cord,2018,7
PT,spinal cord,2019,6
PT,spinal cord,2020,8
PT,spinal cord,2021,13
PT,spinal cord,2022,22
PT,spinal cord,2023,7
PT,spleen,2016,2
PT,spleen,2017,1
PT,spleen,2018,2
PT,spleen,2019,3
PT,spleen,2020,3
PT,spleen,2021,6
PT,spleen,2022,3
PT,thymus,2015,2
PT,thymus,2017,4
PT,thymus,2018,2
PT,thymus,2019,4
PT,thymus,2020,5
PT,thymus,2021,9
PT,thymus,2022,13
PT,thymus,2023,4
PT,trachea,2018,3
PT,trachea,2019,2
PT,trachea,2020,2
PT,trachea,2021,3
PT,trachea,2022,4
PT,ureter,2019,2
PT,ureter,2022,2
PT,urinary bladder,2017,6
PT,urinary bladder,2018,5
PT,urinary bladder,2019,8
PT,urinary bladder,2020,11
PT,urinary bladder,2021,5
PT,urinary bladder,2022,10
PT,urinary bladder,2023,1
PT,uterus,2015,1
PT,uterus,2017,1
PT,uterus,2018,6
PT,uterus,2019,3
PT,uterus,2020,2
PT,uterus,2021,1
PT,uterus,2022,6
PT,uterus,2023,1
PY,brain,2018,1
PY,brain,2021,1
PY,brain,2022,1
PY,eye,2017,2
PY,heart,2020,1
PY,heart,2021,1
PY,heart,2023,1
PY,kidney,2020,1
PY,kidney,2022,1
PY,knee,2021,1
PY,liver,2019,1
PY,liver,2021,2
PY,liver,2022,3
PY,liver,2023,1
PY,lung,2019,1
PY,lymph node,2019,1
PY,muscular system,2020,2
PY,muscular system,2021,1
PY,placenta,2016,1
PY,placenta,2018,1
PY,placenta,2022,2
PY,skeletal,2021,3
PY,skin,2020,3
PY,skin,2021,1
PY,skin,2022,1
PY,spleen,2018,1
QA,bone marrow,2018,1
QA,bone marrow,2019,1
QA,bone marrow,2020,4
QA,bone marrow,2021,1
QA,brain,2016,1
QA,brain,2017,7
QA,brain,2018,6
QA,brain,2019,9
QA,brain,2020,12
QA,brain,2021,22
QA,brain,2022,17
QA,brain,2023,4
QA,eye,2019,1
QA,eye,2020,4
QA,eye,2021,3
QA,eye,2022,3
QA,eye,2023,1
QA,heart,2015,1
QA,heart,2016,1
QA,heart,2017,2
QA,heart,2018,5
QA,heart,2019,14
QA,heart,2020,11
QA,heart,2021,12
QA,heart,2022,13
QA,heart,2023,4
QA,kidney,2016,1
QA,kidney,2017,3
QA,kidney,2018,3
QA,kidney,2019,8
QA,kidney,2020,9
QA,kidney,2021,15
QA,kidney,2022,17
QA,kidney,2023,4
QA,knee,2017,1
QA,knee,2018,4
QA,knee,2019,2
QA,knee,2020,4
QA,knee,2021,3
QA,knee,2022,8
QA,knee,2023,4
QA,liver,2015,2
QA,liver,2016,1
QA,liver,2017,6
QA,liver,2018,8
QA,liver,2019,9
QA,liver,2020,16
QA,liver,2021,30
QA,liver,2022,27
QA,liver,2023,9
QA,lung,2018,3
QA,lung,2019,4
QA,lung,2020,7
QA,lung,2021,12
QA,lung,2022,16
QA,lung,2023,5
QA,lymph node,2019,1
QA,ovary,2017,1
QA,ovary,2019,1
QA,ovary,2023,1
QA,pancreas,2017,1
QA,pancreas,2018,2
QA,pancreas,2021,3
QA,pancreas,2022,1
QA,peripheral nervous system,2017,1
QA,peripheral nervous system,2020,1
QA,peripheral nervous system,2021,1
QA,peripheral nervous system,2022,2
QA,placenta,2018,1
QA,placenta,2019,1
QA,placenta,2023,2
QA,prostate,2017,2
QA,prostate,2018,2
QA,prostate,2019,2
QA,prostate,2021,4
QA,prostate,2022,4
QA,prostate,2023,2
QA,skeletal,2017,1
QA,skeletal,2018,6
QA,skeletal,2019,9
QA,skeletal,2020,5
QA,skeletal,2021,9
QA,skeletal,2022,5
QA,skeletal,2023,2
QA,skin,2017,1
QA,skin,2018,1
QA,skin,2019,3
QA,skin,2020,11
QA,skin,2021,10
QA,skin,2022,11
QA,skin,2023,1
QA,small intestine,2020,1
QA,spinal cord,2019,1
QA,spinal cord,2020,1
QA,spinal cord,2021,2
QA,spinal cord,2022,2
QA,spleen,2017,1
QA,spleen,2020,1
QA,thymus,2020,1
QA,thymus,2022,2
QA,thymus,2023,1
QA,trachea,2018,1
QA,trachea,2019,1
QA,trachea,2020,1
QA,trachea,2021,1
QA,trachea,2022,2
QA,ureter,2021,1
QA,urinary bladder,2020,1
QA,urinary bladder,2021,1
QA,urinary bladder,2022,3
RE,brain,2019,1
RE,brain,2020,2
RE,brain,2021,3
RE,brain,2022,2
RE,brain,2023,2
RE,heart,2021,1
RE,heart,2022,1
RE,kidney,2020,1
RE,kidney,2022,1
RE,liver,2022,1
RE,peripheral nervous system,2022,1
RE,small intestine,2018,2
RE,small intestine,2019,1
RO,bone marrow,2020,1
RO,bone marrow,2021,1
RO,bone marrow,2022,3
RO,bone marrow,2023,1
RO,brain,2014,1
RO,brain,2015,1
RO,brain,2016,1
RO,brain,2017,8
RO,brain,2018,11
RO,brain,2019,10
RO,brain,2020,23
RO,brain,2021,41
RO,brain,2022,50
RO,brain,2023,6
RO,eye,2018,1
RO,eye,2019,4
RO,eye,2020,5
RO,eye,2021,7
RO,eye,2022,10
RO,heart,2015,1
RO,heart,2017,2
RO,heart,2018,3
RO,heart,2019,22
RO,heart,2020,25
RO,heart,2021,61
RO,heart,2022,76
RO,heart,2023,14
RO,kidney,2014,1
RO,kidney,2015,3
RO,kidney,2016,2
RO,kidney,2017,3
RO,kidney,2018,8
RO,kidney,2019,12
RO,kidney,2020,15
RO,kidney,2021,31
RO,kidney,2022,34
RO,kidney,2023,10
RO,knee,2020,2
RO,knee,2021,8
RO,knee,2022,10
RO,knee,2023,4
RO,liver,2012,1
RO,liver,2015,1
RO,liver,2016,1
RO,liver,2017,11
RO,liver,2018,16
RO,liver,2019,30
RO,liver,2020,60
RO,liver,2021,124
RO,liver,2022,143
RO,liver,2023,26
RO,lung,2017,1
RO,lung,2018,3
RO,lung,2019,7
RO,lung,2020,14
RO,lung,2021,22
RO,lung,2022,44
RO,lung,2023,6
RO,lymph node,2018,1
RO,lymph node,2019,1
RO,lymph node,2020,5
RO,lymph node,2022,6
RO,lymph node,2023,3
RO,ovary,2019,1
RO,ovary,2020,2
RO,ovary,2021,4
RO,ovary,2022,5
RO,ovary,2023,1
RO,pancreas,2018,2
RO,pancreas,2019,2
RO,pancreas,2021,1
RO,pancreas,2022,3
RO,pelvis,2021,1
RO,pelvis,2022,2
RO,pelvis,2023,1
RO,peripheral nervous system,2019,1
RO,peripheral nervous system,2022,3
RO,placenta,2016,1
RO,placenta,2018,1
RO,placenta,2020,1
RO,placenta,2021,4
RO,placenta,2022,15
RO,placenta,2023,2
RO,prostate,2017,1
RO,prostate,2018,1
RO,prostate,2019,1
RO,prostate,2020,2
RO,prostate,2021,9
RO,prostate,2022,12
RO,prostate,2023,3
RO,skeletal,2018,1
RO,skeletal,2019,3
RO,skeletal,2020,10
RO,skeletal,2021,12
RO,skeletal,2022,13
RO,skeletal,2023,1
RO,skin,2014,1
RO,skin,2016,3
RO,skin,2017,5
RO,skin,2018,10
RO,skin,2019,17
RO,skin,2020,26
RO,skin,2021,43
RO,skin,2022,54
RO,skin,2023,11
RO,small intestine,2018,1
RO,small intestine,2019,1
RO,small intestine,2020,1
RO,small intestine,2021,2
RO,spinal cord,2017,1
RO,spinal cord,2020,1
RO,spinal cord,2021,3
RO,spinal cord,2022,4
RO,spinal cord,2023,1
RO,spleen,2018,1
RO,spleen,2019,1
RO,spleen,2020,2
RO,spleen,2021,3
RO,spleen,2022,1
RO,thymus,2018,1
RO,thymus,2019,1
RO,thymus,2020,2
RO,thymus,2021,2
RO,thymus,2022,3
RO,thymus,2023,1
RO,trachea,2019,2
RO,trachea,2020,2
RO,trachea,2021,1
RO,trachea,2022,2
RO,ureter,2019,1
RO,ureter,2020,1
RO,ureter,2021,1
RO,ureter,2022,5
RO,ureter,2023,2
RO,urinary bladder,2019,2
RO,urinary bladder,2020,2
RO,urinary bladder,2021,4
RO,urinary bladder,2022,6
RO,uterus,2018,1
RO,uterus,2019,1
RO,uterus,2021,1
RO,uterus,2022,4
RS,bone marrow,2020,2
RS,bone marrow,2021,6
RS,bone marrow,2022,2
RS,bone marrow,2023,1
RS,brain,2015,1
RS,brain,2016,2
RS,brain,2017,7
RS,brain,2018,8
RS,brain,2019,9
RS,brain,2020,16
RS,brain,2021,17
RS,brain,2022,28
RS,brain,2023,5
RS,eye,2016,1
RS,eye,2017,2
RS,eye,2018,2
RS,eye,2019,1
RS,eye,2020,1
RS,eye,2021,3
RS,eye,2022,8
RS,fallopian tube,2019,1
RS,heart,2014,1
RS,heart,2016,2
RS,heart,2017,7
RS,heart,2018,18
RS,heart,2019,24
RS,heart,2020,20
RS,heart,2021,32
RS,heart,2022,43
RS,heart,2023,13
RS,kidney,2016,2
RS,kidney,2017,3
RS,kidney,2018,8
RS,kidney,2019,8
RS,kidney,2020,15
RS,kidney,2021,20
RS,kidney,2022,13
RS,kidney,2023,2
RS,knee,2016,1
RS,knee,2019,5
RS,knee,2020,3
RS,knee,2021,6
RS,knee,2022,8
RS,knee,2023,1
RS,liver,2014,1
RS,liver,2015,1
RS,liver,2016,1
RS,liver,2017,3
RS,liver,2018,13
RS,liver,2019,19
RS,liver,2020,21
RS,liver,2021,29
RS,liver,2022,25
RS,liver,2023,5
RS,lung,2017,1
RS,lung,2018,4
RS,lung,2019,6
RS,lung,2020,12
RS,lung,2021,9
RS,lung,2022,6
RS,lung,2023,3
RS,lymph node,2018,1
RS,lymph node,2020,2
RS,lymph node,2021,2
RS,lymph node,2022,2
RS,ovary,2018,3
RS,ovary,2019,1
RS,ovary,2021,3
RS,ovary,2022,7
RS,ovary,2023,2
RS,pancreas,2019,4
RS,pancreas,2020,2
RS,pancreas,2022,2
RS,pelvis,2022,1
RS,peripheral nervous system,2021,1
RS,placenta,2017,1
RS,placenta,2020,2
RS,placenta,2021,1
RS,placenta,2022,6
RS,placenta,2023,3
RS,prostate,2017,1
RS,prostate,2018,1
RS,prostate,2019,2
RS,prostate,2020,5
RS,prostate,2021,1
RS,prostate,2022,10
RS,prostate,2023,3
RS,skeletal,2016,2
RS,skeletal,2018,2
RS,skeletal,2019,4
RS,skeletal,2020,10
RS,skeletal,2021,5
RS,skeletal,2022,5
RS,skeletal,2023,2
RS,skin,2017,2
RS,skin,2018,5
RS,skin,2019,8
RS,skin,2020,9
RS,skin,2021,18
RS,skin,2022,19
RS,skin,2023,3
RS,small intestine,2020,1
RS,spinal cord,2017,1
RS,spinal cord,2018,1
RS,spinal cord,2019,2
RS,spinal cord,2020,2
RS,spinal cord,2021,2
RS,spleen,2018,1
RS,spleen,2020,1
RS,spleen,2021,1
RS,spleen,2022,1
RS,thymus,2016,1
RS,thymus,2019,1
RS,thymus,2020,2
RS,thymus,2021,2
RS,thymus,2022,5
RS,thymus,2023,1
RS,ureter,2016,1
RS,ureter,2019,1
RS,ureter,2021,1
RS,urinary bladder,2017,1
RS,urinary bladder,2019,1
RS,urinary bladder,2020,1
RS,urinary bladder,2023,1
RS,uterus,2021,1
RS,uterus,2022,2
RU,bone marrow,2016,2
RU,bone marrow,2017,2
RU,bone marrow,2018,6
RU,bone marrow,2019,6
RU,bone marrow,2020,10
RU,bone marrow,2021,24
RU,bone marrow,2022,17
RU,bone marrow,2023,11
RU,brain,2012,1
RU,brain,2015,2
RU,brain,2016,7
RU,brain,2017,17
RU,brain,2018,32
RU,brain,2019,57
RU,brain,2020,166
RU,brain,2021,241
RU,brain,2022,265
RU,brain,2023,37
RU,eye,2013,1
RU,eye,2017,11
RU,eye,2018,9
RU,eye,2019,10
RU,eye,2020,43
RU,eye,2021,43
RU,eye,2022,40
RU,eye,2023,5
RU,fallopian tube,2023,1
RU,heart,2014,1
RU,heart,2015,1
RU,heart,2016,3
RU,heart,2017,7
RU,heart,2018,25
RU,heart,2019,35
RU,heart,2020,84
RU,heart,2021,105
RU,heart,2022,117
RU,heart,2023,18
RU,kidney,2016,2
RU,kidney,2017,4
RU,kidney,2018,11
RU,kidney,2019,14
RU,kidney,2020,40
RU,kidney,2021,59
RU,kidney,2022,68
RU,kidney,2023,6
RU,knee,2017,2
RU,knee,2018,2
RU,knee,2019,3
RU,knee,2020,12
RU,knee,2021,10
RU,knee,2022,12
RU,knee,2023,2
RU,large intestine,2019,1
RU,large intestine,2021,1
RU,liver,2016,5
RU,liver,2017,16
RU,liver,2018,43
RU,liver,2019,52
RU,liver,2020,105
RU,liver,2021,154
RU,liver,2022,175
RU,liver,2023,54
RU,lung,2016,4
RU,lung,2017,9
RU,lung,2018,9
RU,lung,2019,28
RU,lung,2020,52
RU,lung,2021,74
RU,lung,2022,74
RU,lung,2023,24
RU,lymph node,2016,1
RU,lymph node,2019,7
RU,lymph node,2020,12
RU,lymph node,2021,14
RU,lymph node,2022,15
RU,lymph node,2023,5
RU,main bronchus,2019,1
RU,ovary,2018,4
RU,ovary,2019,6
RU,ovary,2020,4
RU,ovary,2021,11
RU,ovary,2022,6
RU,pancreas,2016,1
RU,pancreas,2017,2
RU,pancreas,2019,5
RU,pancreas,2020,10
RU,pancreas,2021,21
RU,pancreas,2022,13
RU,pancreas,2023,1
RU,pelvis,2019,3
RU,pelvis,2021,1
RU,pelvis,2022,4
RU,peripheral nervous system,2019,2
RU,peripheral nervous system,2020,1
RU,peripheral nervous system,2021,4
RU,peripheral nervous system,2022,2
RU,placenta,2018,3
RU,placenta,2019,7
RU,placenta,2020,10
RU,placenta,2021,18
RU,placenta,2022,21
RU,placenta,2023,2
RU,prostate,2014,1
RU,prostate,2016,1
RU,prostate,2017,2
RU,prostate,2018,5
RU,prostate,2019,8
RU,prostate,2020,8
RU,prostate,2021,24
RU,prostate,2022,20
RU,prostate,2023,10
RU,skeletal,2016,1
RU,skeletal,2017,12
RU,skeletal,2018,8
RU,skeletal,2019,19
RU,skeletal,2020,32
RU,skeletal,2021,35
RU,skeletal,2022,46
RU,skeletal,2023,7
RU,skin,2016,3
RU,skin,2017,4
RU,skin,2018,17
RU,skin,2019,32
RU,skin,2020,47
RU,skin,2021,75
RU,skin,2022,72
RU,skin,2023,10
RU,small intestine,2018,1
RU,small intestine,2020,6
RU,small intestine,2021,7
RU,small intestine,2022,9
RU,spinal cord,2016,1
RU,spinal cord,2017,4
RU,spinal cord,2018,5
RU,spinal cord,2019,4
RU,spinal cord,2020,21
RU,spinal cord,2021,15
RU,spinal cord,2022,16
RU,spinal cord,2023,4
RU,spleen,2017,2
RU,spleen,2018,4
RU,spleen,2019,5
RU,spleen,2020,2
RU,spleen,2021,6
RU,spleen,2022,4
RU,spleen,2023,1
RU,thymus,2017,1
RU,thymus,2019,4
RU,thymus,2020,2
RU,thymus,2021,2
RU,thymus,2022,4
RU,trachea,2020,9
RU,trachea,2021,11
RU,trachea,2022,16
RU,trachea,2023,3
RU,ureter,2020,2
RU,ureter,2022,6
RU,ureter,2023,1
RU,urinary bladder,2017,2
RU,urinary bladder,2018,2
RU,urinary bladder,2019,3
RU,urinary bladder,2020,4
RU,urinary bladder,2021,8
RU,urinary bladder,2022,11
RU,urinary bladder,2023,1
RU,uterus,2018,1
RU,uterus,2019,1
RU,uterus,2020,2
RU,uterus,2021,6
RU,uterus,2022,4
RW,brain,2021,3
RW,brain,2022,4
RW,brain,2023,1
RW,eye,2022,1
RW,eye,2023,1
RW,heart,2020,1
RW,heart,2021,2
RW,kidney,2020,1
RW,kidney,2022,1
RW,liver,2017,1
RW,liver,2018,2
RW,liver,2019,1
RW,liver,2020,2
RW,liver,2021,7
RW,liver,2022,5
RW,liver,2023,1
RW,ovary,2021,1
RW,pancreas,2020,1
RW,placenta,2016,1
RW,placenta,2021,1
RW,prostate,2019,1
RW,skin,2020,1
RW,skin,2022,1
SA,bone marrow,2016,1
SA,bone marrow,2017,2
SA,bone marrow,2018,7
SA,bone marrow,2019,9
SA,bone marrow,2020,7
SA,bone marrow,2021,7
SA,bone marrow,2022,8
SA,bone marrow,2023,2
SA,brain,2014,4
SA,brain,2015,1
SA,brain,2016,3
SA,brain,2017,11
SA,brain,2018,23
SA,brain,2019,31
SA,brain,2020,36
SA,brain,2021,78
SA,brain,2022,122
SA,brain,2023,24
SA,eye,2016,2
SA,eye,2017,5
SA,eye,2018,5
SA,eye,2019,6
SA,eye,2020,19
SA,eye,2021,30
SA,eye,2022,33
SA,eye,2023,9
SA,fallopian tube,2016,1
SA,fallopian tube,2017,1
SA,heart,2014,1
SA,heart,2016,3
SA,heart,2017,5
SA,heart,2018,16
SA,heart,2019,21
SA,heart,2020,50
SA,heart,2021,56
SA,heart,2022,76
SA,heart,2023,8
SA,kidney,2014,6
SA,kidney,2017,4
SA,kidney,2018,21
SA,kidney,2019,20
SA,kidney,2020,58
SA,kidney,2021,60
SA,kidney,2022,86
SA,kidney,2023,13
SA,knee,2017,1
SA,knee,2018,5
SA,knee,2019,4
SA,knee,2020,10
SA,knee,2021,14
SA,knee,2022,23
SA,knee,2023,5
SA,liver,2014,3
SA,liver,2016,6
SA,liver,2017,20
SA,liver,2018,36
SA,liver,2019,63
SA,liver,2020,127
SA,liver,2021,205
SA,liver,2022,374
SA,liver,2023,62
SA,lung,2015,1
SA,lung,2016,2
SA,lung,2017,6
SA,lung,2018,6
SA,lung,2019,23
SA,lung,2020,29
SA,lung,2021,64
SA,lung,2022,76
SA,lung,2023,11
SA,lymph node,2017,1
SA,lymph node,2018,1
SA,lymph node,2019,2
SA,lymph node,2020,2
SA,lymph node,2021,3
SA,lymph node,2022,7
SA,lymph node,2023,3
SA,main bronchus,2019,1
SA,muscular system,2021,1
SA,muscular system,2023,1
SA,ovary,2014,1
SA,ovary,2017,1
SA,ovary,2018,2
SA,ovary,2019,2
SA,ovary,2020,8
SA,ovary,2021,7
SA,ovary,2022,11
SA,ovary,2023,1
SA,pancreas,2018,2
SA,pancreas,2020,2
SA,pancreas,2021,3
SA,pancreas,2022,1
SA,pancreas,2023,2
SA,pelvis,2018,1
SA,pelvis,2020,1
SA,pelvis,2021,2
SA,pelvis,2022,1
SA,peripheral nervous system,2018,1
SA,peripheral nervous system,2021,1
SA,peripheral nervous system,2023,1
SA,placenta,2017,2
SA,placenta,2018,1
SA,placenta,2019,1
SA,placenta,2020,3
SA,placenta,2021,5
SA,placenta,2022,6
SA,prostate,2017,1
SA,prostate,2018,2
SA,prostate,2019,4
SA,prostate,2020,13
SA,prostate,2021,15
SA,prostate,2022,19
SA,prostate,2023,4
SA,skeletal,2017,3
SA,skeletal,2018,6
SA,skeletal,2019,12
SA,skeletal,2020,27
SA,skeletal,2021,26
SA,skeletal,2022,38
SA,skeletal,2023,7
SA,skin,2015,1
SA,skin,2016,3
SA,skin,2017,5
SA,skin,2018,8
SA,skin,2019,15
SA,skin,2020,38
SA,skin,2021,52
SA,skin,2022,78
SA,skin,2023,19
SA,small intestine,2017,1
SA,small intestine,2018,1
SA,small intestine,2020,1
SA,small intestine,2021,1
SA,small intestine,2022,3
SA,small intestine,2023,2
SA,spinal cord,2017,1
SA,spinal cord,2018,3
SA,spinal cord,2019,3
SA,spinal cord,2020,3
SA,spinal cord,2021,3
SA,spinal cord,2022,8
SA,spleen,2014,1
SA,spleen,2018,3
SA,spleen,2019,1
SA,spleen,2020,4
SA,spleen,2021,4
SA,spleen,2022,2
SA,thymus,2018,3
SA,thymus,2019,4
SA,thymus,2020,5
SA,thymus,2021,5
SA,thymus,2022,11
SA,thymus,2023,1
SA,trachea,2017,3
SA,trachea,2018,2
SA,trachea,2019,1
SA,trachea,2020,2
SA,trachea,2021,8
SA,trachea,2022,3
SA,ureter,2019,1
SA,ureter,2020,2
SA,ureter,2021,3
SA,ureter,2022,3
SA,ureter,2023,1
SA,urinary bladder,2017,1
SA,urinary bladder,2019,3
SA,urinary bladder,2020,2
SA,urinary bladder,2021,3
SA,urinary bladder,2022,6
SA,urinary bladder,2023,3
SA,uterus,2017,1
SA,uterus,2020,1
SA,uterus,2021,1
SB,liver,2020,1
SC,lung,2016,1
SC,prostate,2021,2
SD,brain,2017,1
SD,brain,2019,1
SD,brain,2020,1
SD,brain,2021,1
SD,brain,2022,3
SD,eye,2021,1
SD,eye,2022,1
SD,heart,2017,1
SD,heart,2020,2
SD,heart,2021,1
SD,heart,2022,1
SD,kidney,2017,1
SD,kidney,2020,3
SD,kidney,2021,2
SD,kidney,2022,7
SD,knee,2021,1
SD,knee,2022,1
SD,liver,2019,1
SD,liver,2020,1
SD,liver,2021,1
SD,liver,2022,8
SD,liver,2023,1
SD,lung,2017,1
SD,lung,2021,1
SD,lung,2022,3
SD,lymph node,2021,1
SD,lymph node,2022,2
SD,ovary,2021,1
SD,pancreas,2021,1
SD,placenta,2023,1
SD,prostate,2019,1
SD,prostate,2020,1
SD,skeletal,2020,1
SD,skeletal,2021,1
SD,skeletal,2022,1
SD,skin,2019,1
SD,skin,2020,1
SD,skin,2021,1
SD,skin,2022,1
SD,skin,2023,1
SD,spinal cord,2020,1
SD,thymus,2023,1
SE,bone marrow,2016,3
SE,bone marrow,2017,4
SE,bone marrow,2018,17
SE,bone marrow,2019,16
SE,bone marrow,2020,26
SE,bone marrow,2021,25
SE,bone marrow,2022,11
SE,bone marrow,2023,4
SE,brain,2014,1
SE,brain,2015,10
SE,brain,2016,29
SE,brain,2017,92
SE,brain,2018,174
SE,brain,2019,170
SE,brain,2020,234
SE,brain,2021,294
SE,brain,2022,294
SE,brain,2023,77
SE,eye,2015,1
SE,eye,2016,6
SE,eye,2017,21
SE,eye,2018,33
SE,eye,2019,26
SE,eye,2020,29
SE,eye,2021,28
SE,eye,2022,45
SE,eye,2023,6
SE,fallopian tube,2017,1
SE,fallopian tube,2018,1
SE,fallopian tube,2020,3
SE,heart,2013,1
SE,heart,2014,2
SE,heart,2015,6
SE,heart,2016,21
SE,heart,2017,41
SE,heart,2018,99
SE,heart,2019,133
SE,heart,2020,161
SE,heart,2021,227
SE,heart,2022,256
SE,heart,2023,49
SE,kidney,2014,1
SE,kidney,2016,13
SE,kidney,2017,33
SE,kidney,2018,41
SE,kidney,2019,77
SE,kidney,2020,83
SE,kidney,2021,100
SE,kidney,2022,121
SE,kidney,2023,32
SE,knee,2015,3
SE,knee,2016,6
SE,knee,2017,6
SE,knee,2018,20
SE,knee,2019,34
SE,knee,2020,36
SE,knee,2021,27
SE,knee,2022,52
SE,knee,2023,10
SE,liver,2014,2
SE,liver,2015,5
SE,liver,2016,25
SE,liver,2017,73
SE,liver,2018,129
SE,liver,2019,171
SE,liver,2020,259
SE,liver,2021,290
SE,liver,2022,360
SE,liver,2023,82
SE,lung,2014,2
SE,lung,2015,2
SE,lung,2016,9
SE,lung,2017,38
SE,lung,2018,59
SE,lung,2019,76
SE,lung,2020,98
SE,lung,2021,130
SE,lung,2022,116
SE,lung,2023,22
SE,lymph node,2016,3
SE,lymph node,2017,8
SE,lymph node,2018,19
SE,lymph node,2019,17
SE,lymph node,2020,22
SE,lymph node,2021,35
SE,lymph node,2022,32
SE,lymph node,2023,2
SE,lymph vasculature,2023,1
SE,muscular system,2018,1
SE,muscular system,2019,1
SE,muscular system,2020,1
SE,muscular system,2021,1
SE,muscular system,2022,2
SE,muscular system,2023,1
SE,ovary,2016,3
SE,ovary,2017,6
SE,ovary,2018,3
SE,ovary,2019,21
SE,ovary,2020,14
SE,ovary,2021,13
SE,ovary,2022,14
SE,ovary,2023,5
SE,pancreas,2014,1
SE,pancreas,2017,8
SE,pancreas,2018,8
SE,pancreas,2019,16
SE,pancreas,2020,14
SE,pancreas,2021,11
SE,pancreas,2022,6
SE,pancreas,2023,2
SE,pelvis,2017,3
SE,pelvis,2018,6
SE,pelvis,2019,1
SE,pelvis,2020,2
SE,pelvis,2021,3
SE,pelvis,2022,6
SE,pelvis,2023,1
SE,peripheral nervous system,2017,1
SE,peripheral nervous system,2019,3
SE,peripheral nervous system,2020,2
SE,peripheral nervous system,2021,3
SE,peripheral nervous system,2022,7
SE,placenta,2015,1
SE,placenta,2016,4
SE,placenta,2017,11
SE,placenta,2018,10
SE,placenta,2019,15
SE,placenta,2020,16
SE,placenta,2021,21
SE,placenta,2022,18
SE,placenta,2023,4
SE,prostate,2014,1
SE,prostate,2016,4
SE,prostate,2017,12
SE,prostate,2018,40
SE,prostate,2019,43
SE,prostate,2020,61
SE,prostate,2021,79
SE,prostate,2022,86
SE,prostate,2023,19
SE,skeletal,2015,3
SE,skeletal,2016,8
SE,skeletal,2017,29
SE,skeletal,2018,52
SE,skeletal,2019,82
SE,skeletal,2020,75
SE,skeletal,2021,83
SE,skeletal,2022,84
SE,skeletal,2023,23
SE,skin,2009,1
SE,skin,2016,15
SE,skin,2017,39
SE,skin,2018,58
SE,skin,2019,70
SE,skin,2020,82
SE,skin,2021,86
SE,skin,2022,86
SE,skin,2023,21
SE,small intestine,2016,3
SE,small intestine,2017,6
SE,small intestine,2018,9
SE,small intestine,2019,7
SE,small intestine,2020,6
SE,small intestine,2021,12
SE,small intestine,2022,9
SE,spinal cord,2016,2
SE,spinal cord,2017,8
SE,spinal cord,2018,21
SE,spinal cord,2019,13
SE,spinal cord,2020,23
SE,spinal cord,2021,29
SE,spinal cord,2022,26
SE,spinal cord,2023,7
SE,spleen,2016,3
SE,spleen,2017,1
SE,spleen,2018,2
SE,spleen,2019,7
SE,spleen,2020,7
SE,spleen,2021,5
SE,spleen,2022,4
SE,thymus,2016,2
SE,thymus,2017,2
SE,thymus,2018,3
SE,thymus,2019,1
SE,thymus,2021,3
SE,thymus,2022,2
SE,trachea,2015,1
SE,trachea,2016,2
SE,trachea,2017,2
SE,trachea,2018,2
SE,trachea,2019,5
SE,trachea,2020,7
SE,trachea,2021,8
SE,trachea,2022,2
SE,trachea,2023,1
SE,ureter,2017,1
SE,ureter,2018,3
SE,ureter,2019,6
SE,ureter,2020,1
SE,ureter,2021,6
SE,ureter,2022,3
SE,ureter,2023,2
SE,urinary bladder,2014,2
SE,urinary bladder,2015,2
SE,urinary bladder,2017,5
SE,urinary bladder,2018,16
SE,urinary bladder,2019,15
SE,urinary bladder,2020,31
SE,urinary bladder,2021,25
SE,urinary bladder,2022,27
SE,urinary bladder,2023,5
SE,uterus,2015,1
SE,uterus,2016,1
SE,uterus,2017,1
SE,uterus,2018,4
SE,uterus,2019,4
SE,uterus,2020,5
SE,uterus,2021,11
SE,uterus,2022,8
SG,blood vasculature,2020,1
SG,bone marrow,2018,4
SG,bone marrow,2019,4
SG,bone marrow,2020,5
SG,bone marrow,2021,5
SG,bone marrow,2022,9
SG,bone marrow,2023,2
SG,brain,2014,2
SG,brain,2015,4
SG,brain,2016,8
SG,brain,2017,15
SG,brain,2018,51
SG,brain,2019,53
SG,brain,2020,75
SG,brain,2021,89
SG,brain,2022,81
SG,brain,2023,23
SG,eye,2015,4
SG,eye,2016,4
SG,eye,2017,8
SG,eye,2018,22
SG,eye,2019,19
SG,eye,2020,40
SG,eye,2021,34
SG,eye,2022,47
SG,eye,2023,7
SG,fallopian tube,2018,1
SG,fallopian tube,2019,1
SG,fallopian tube,2020,1
SG,heart,2015,1
SG,heart,2016,5
SG,heart,2017,11
SG,heart,2018,17
SG,heart,2019,33
SG,heart,2020,38
SG,heart,2021,64
SG,heart,2022,90
SG,heart,2023,22
SG,kidney,2014,1
SG,kidney,2015,2
SG,kidney,2017,7
SG,kidney,2018,19
SG,kidney,2019,45
SG,kidney,2020,49
SG,kidney,2021,61
SG,kidney,2022,61
SG,kidney,2023,14
SG,knee,2017,2
SG,knee,2018,4
SG,knee,2019,8
SG,knee,2020,13
SG,knee,2021,27
SG,knee,2022,22
SG,knee,2023,7
SG,liver,2014,1
SG,liver,2015,5
SG,liver,2016,8
SG,liver,2017,37
SG,liver,2018,77
SG,liver,2019,87
SG,liver,2020,132
SG,liver,2021,176
SG,liver,2022,193
SG,liver,2023,54
SG,lung,2015,2
SG,lung,2016,5
SG,lung,2017,9
SG,lung,2018,21
SG,lung,2019,34
SG,lung,2020,53
SG,lung,2021,51
SG,lung,2022,50
SG,lung,2023,9
SG,lymph node,2016,3
SG,lymph node,2017,4
SG,lymph node,2018,5
SG,lymph node,2019,12
SG,lymph node,2020,12
SG,lymph node,2021,5
SG,lymph node,2022,9
SG,ovary,2018,1
SG,ovary,2019,2
SG,ovary,2020,1
SG,ovary,2021,2
SG,ovary,2022,2
SG,ovary,2023,2
SG,pancreas,2019,1
SG,pancreas,2020,4
SG,pancreas,2021,3
SG,pancreas,2022,6
SG,pelvis,2017,1
SG,pelvis,2018,1
SG,pelvis,2019,3
SG,pelvis,2020,1
SG,pelvis,2021,1
SG,pelvis,2022,2
SG,peripheral nervous system,2016,1
SG,peripheral nervous system,2019,2
SG,peripheral nervous system,2020,3
SG,peripheral nervous system,2021,1
SG,peripheral nervous system,2022,1
SG,placenta,2016,1
SG,placenta,2017,1
SG,placenta,2018,2
SG,placenta,2019,2
SG,placenta,2020,5
SG,placenta,2021,5
SG,placenta,2022,9
SG,prostate,2015,1
SG,prostate,2017,4
SG,prostate,2018,9
SG,prostate,2019,7
SG,prostate,2020,10
SG,prostate,2021,13
SG,prostate,2022,28
SG,prostate,2023,7
SG,skeletal,2016,3
SG,skeletal,2017,2
SG,skeletal,2018,5
SG,skeletal,2019,19
SG,skeletal,2020,14
SG,skeletal,2021,20
SG,skeletal,2022,18
SG,skeletal,2023,5
SG,skin,2015,1
SG,skin,2016,2
SG,skin,2017,7
SG,skin,2018,27
SG,skin,2019,33
SG,skin,2020,32
SG,skin,2021,54
SG,skin,2022,49
SG,skin,2023,12
SG,small intestine,2019,2
SG,small intestine,2020,2
SG,small intestine,2021,1
SG,small intestine,2022,3
SG,spinal cord,2017,2
SG,spinal cord,2018,1
SG,spinal cord,2019,2
SG,spinal cord,2020,4
SG,spinal cord,2021,5
SG,spinal cord,2022,8
SG,spinal cord,2023,1
SG,spleen,2018,2
SG,spleen,2019,1
SG,spleen,2020,1
SG,spleen,2021,5
SG,spleen,2022,2
SG,spleen,2023,1
SG,thymus,2017,1
SG,thymus,2020,1
SG,thymus,2022,3
SG,trachea,2018,1
SG,trachea,2019,3
SG,trachea,2020,7
SG,trachea,2021,4
SG,trachea,2022,3
SG,ureter,2016,1
SG,ureter,2018,2
SG,ureter,2019,1
SG,ureter,2021,2
SG,ureter,2022,7
SG,ureter,2023,1
SG,urinary bladder,2016,1
SG,urinary bladder,2017,1
SG,urinary bladder,2018,5
SG,urinary bladder,2019,6
SG,urinary bladder,2020,4
SG,urinary bladder,2021,5
SG,urinary bladder,2022,13
SG,uterus,2017,1
SG,uterus,2019,1
SG,uterus,2020,2
SG,uterus,2021,1
SG,uterus,2022,2
SI,bone marrow,2017,1
SI,bone marrow,2018,2
SI,bone marrow,2020,1
SI,bone marrow,2021,1
SI,bone marrow,2022,2
SI,brain,2015,1
SI,brain,2017,4
SI,brain,2018,3
SI,brain,2019,9
SI,brain,2020,12
SI,brain,2021,19
SI,brain,2022,19
SI,brain,2023,5
SI,eye,2014,1
SI,eye,2017,1
SI,eye,2018,1
SI,eye,2019,1
SI,eye,2020,3
SI,eye,2021,6
SI,eye,2022,6
SI,eye,2023,1
SI,fallopian tube,2018,1
SI,fallopian tube,2021,1
SI,fallopian tube,2022,1
SI,heart,2016,1
SI,heart,2017,2
SI,heart,2018,7
SI,heart,2019,7
SI,heart,2020,12
SI,heart,2021,23
SI,heart,2022,26
SI,heart,2023,4
SI,kidney,2014,1
SI,kidney,2017,4
SI,kidney,2018,7
SI,kidney,2019,7
SI,kidney,2020,9
SI,kidney,2021,15
SI,kidney,2022,10
SI,kidney,2023,1
SI,knee,2019,2
SI,knee,2020,4
SI,knee,2021,7
SI,knee,2022,7
SI,liver,2014,1
SI,liver,2017,5
SI,liver,2018,8
SI,liver,2019,15
SI,liver,2020,11
SI,liver,2021,24
SI,liver,2022,19
SI,liver,2023,8
SI,lung,2016,1
SI,lung,2017,3
SI,lung,2018,5
SI,lung,2019,4
SI,lung,2020,3
SI,lung,2021,9
SI,lung,2022,5
SI,lung,2023,1
SI,lymph node,2019,1
SI,lymph node,2020,2
SI,lymph node,2021,1
SI,lymph node,2022,1
SI,ovary,2018,2
SI,ovary,2019,1
SI,ovary,2020,3
SI,ovary,2021,3
SI,ovary,2022,7
SI,ovary,2023,4
SI,pancreas,2019,1
SI,pancreas,2020,1
SI,pancreas,2021,3
SI,pancreas,2022,3
SI,pelvis,2016,1
SI,pelvis,2022,1
SI,peripheral nervous system,2020,1
SI,peripheral nervous system,2021,1
SI,placenta,2014,1
SI,placenta,2017,1
SI,placenta,2018,1
SI,placenta,2020,2
SI,placenta,2022,1
SI,prostate,2019,1
SI,prostate,2020,2
SI,prostate,2021,2
SI,prostate,2022,3
SI,prostate,2023,2
SI,skeletal,2016,5
SI,skeletal,2017,2
SI,skeletal,2018,6
SI,skeletal,2019,10
SI,skeletal,2020,13
SI,skeletal,2021,20
SI,skeletal,2022,23
SI,skeletal,2023,6
SI,skin,2014,1
SI,skin,2017,3
SI,skin,2018,3
SI,skin,2019,8
SI,skin,2020,12
SI,skin,2021,17
SI,skin,2022,16
SI,skin,2023,3
SI,small intestine,2021,1
SI,spinal cord,2021,1
SI,spleen,2021,1
SI,spleen,2022,1
SI,thymus,2020,1
SI,thymus,2021,1
SI,trachea,2020,1
SI,trachea,2021,1
SI,trachea,2022,1
SI,ureter,2019,1
SI,urinary bladder,2014,1
SI,urinary bladder,2018,3
SI,urinary bladder,2019,1
SI,urinary bladder,2020,1
SI,urinary bladder,2021,4
SI,urinary bladder,2022,4
SI,uterus,2018,1
SI,uterus,2020,1
SI,uterus,2021,3
SI,uterus,2022,1
SI,uterus,2023,1
SK,bone marrow,2017,1
SK,bone marrow,2020,2
SK,bone marrow,2021,2
SK,bone marrow,2022,1
SK,brain,2015,1
SK,brain,2016,1
SK,brain,2017,2
SK,brain,2018,8
SK,brain,2019,5
SK,brain,2020,20
SK,brain,2021,26
SK,brain,2022,29
SK,brain,2023,5
SK,eye,2018,1
SK,eye,2021,2
SK,eye,2022,1
SK,eye,2023,1
SK,heart,2017,1
SK,heart,2018,8
SK,heart,2019,9
SK,heart,2020,16
SK,heart,2021,18
SK,heart,2022,23
SK,heart,2023,6
SK,kidney,2017,1
SK,kidney,2018,3
SK,kidney,2019,7
SK,kidney,2020,6
SK,kidney,2021,7
SK,kidney,2022,10
SK,kidney,2023,2
SK,knee,2019,3
SK,knee,2021,3
SK,knee,2022,1
SK,knee,2023,1
SK,liver,2016,1
SK,liver,2017,2
SK,liver,2018,4
SK,liver,2019,7
SK,liver,2020,11
SK,liver,2021,24
SK,liver,2022,14
SK,liver,2023,4
SK,lung,2017,1
SK,lung,2018,2
SK,lung,2019,5
SK,lung,2020,5
SK,lung,2021,17
SK,lung,2022,8
SK,lung,2023,3
SK,lymph node,2020,1
SK,lymph node,2021,2
SK,lymph node,2022,2
SK,lymph node,2023,1
SK,ovary,2020,1
SK,ovary,2021,4
SK,ovary,2022,1
SK,pancreas,2019,1
SK,pelvis,2022,1
SK,placenta,2018,2
SK,placenta,2019,2
SK,placenta,2020,1
SK,placenta,2021,1
SK,placenta,2022,1
SK,prostate,2019,2
SK,prostate,2020,6
SK,prostate,2021,4
SK,prostate,2022,2
SK,skeletal,2016,1
SK,skeletal,2018,1
SK,skeletal,2020,1
SK,skeletal,2021,4
SK,skeletal,2022,4
SK,skeletal,2023,1
SK,skin,2016,1
SK,skin,2017,1
SK,skin,2018,3
SK,skin,2019,5
SK,skin,2020,3
SK,skin,2021,8
SK,skin,2022,11
SK,small intestine,2017,1
SK,small intestine,2021,2
SK,small intestine,2022,1
SK,spinal cord,2017,2
SK,spinal cord,2018,3
SK,spinal cord,2019,3
SK,spinal cord,2020,4
SK,spinal cord,2021,2
SK,spinal cord,2022,5
SK,spleen,2019,1
SK,spleen,2021,1
SK,thymus,2019,3
SK,thymus,2021,2
SK,thymus,2022,1
SK,thymus,2023,1
SK,trachea,2018,1
SK,trachea,2020,1
SK,trachea,2022,1
SK,ureter,2021,2
SK,urinary bladder,2020,3
SK,urinary bladder,2021,3
SK,urinary bladder,2022,4
SK,uterus,2020,1
SK,uterus,2021,1
SK,uterus,2023,1
SL,liver,2021,6
SL,liver,2022,1
SL,skin,2021,1
SL,skin,2022,1
SN,bone marrow,2019,1
SN,brain,2020,1
SN,brain,2021,4
SN,heart,2021,1
SN,kidney,2022,2
SN,knee,2021,1
SN,liver,2018,1
SN,liver,2020,1
SN,liver,2021,1
SN,liver,2022,5
SN,liver,2023,2
SN,lung,2021,1
SN,skeletal,2022,1
SN,skin,2019,1
SN,skin,2021,1
SO,eye,2022,1
SO,heart,2022,1
SO,kidney,2022,2
SO,kidney,2023,1
SO,liver,2019,1
SO,liver,2020,1
SO,liver,2021,1
SO,liver,2022,2
SO,skeletal,2022,1
SO,uterus,2022,1
SR,brain,2020,1
SR,heart,2020,1
SR,kidney,2022,1
SR,liver,2022,1
SR,prostate,2022,1
SS,eye,2022,1
SS,heart,2019,1
SS,liver,2018,1
SS,liver,2019,1
SS,prostate,2017,1
SS,skeletal,2021,2
SS,skeletal,2022,1
SS,skin,2022,1
ST,eye,2021,1
ST,heart,2020,1
ST,kidney,2021,1
ST,kidney,2022,1
ST,liver,2019,2
ST,liver,2020,2
ST,liver,2021,2
ST,ureter,2015,1
ST,urinary bladder,2015,2
SV,bone marrow,2021,1
SV,heart,2021,1
SV,skeletal,2020,1
SX,bone marrow,2021,1
SX,brain,2019,1
SX,brain,2022,1
SX,lung,2022,1
SY,brain,2018,1
SY,brain,2019,1
SY,brain,2022,1
SY,brain,2023,1
SY,eye,2020,1
SY,eye,2022,1
SY,heart,2019,3
SY,heart,2020,2
SY,heart,2021,2
SY,heart,2022,1
SY,kidney,2020,1
SY,kidney,2021,1
SY,kidney,2022,4
SY,kidney,2023,2
SY,knee,2023,1
SY,liver,2018,1
SY,liver,2019,3
SY,liver,2020,2
SY,liver,2021,6
SY,liver,2022,4
SY,liver,2023,1
SY,lung,2019,1
SY,lung,2021,3
SY,lung,2022,1
SY,lymph node,2020,1
SY,lymph node,2022,1
SY,ovary,2019,1
SY,ovary,2021,1
SY,pancreas,2021,1
SY,pelvis,2021,1
SY,peripheral nervous system,2022,1
SY,placenta,2019,2
SY,prostate,2023,1
SY,skeletal,2021,1
SY,skeletal,2022,1
SY,skin,2021,2
SY,skin,2022,2
SY,ureter,2021,1
SY,ureter,2022,1
SY,urinary bladder,2021,1
SY,uterus,2019,1
SZ,liver,2020,1
SZ,liver,2022,1
TC,prostate,2022,1
TD,liver,2022,1
TG,brain,2019,1
TG,heart,2022,1
TG,liver,2020,2
TG,liver,2021,2
TG,liver,2022,1
TG,lymph node,2021,1
TG,prostate,2021,1
TG,skin,2020,1
TG,skin,2021,1
TG,skin,2023,1
TG,spleen,2020,1
TH,bone marrow,2016,1
TH,bone marrow,2017,3
TH,bone marrow,2018,1
TH,bone marrow,2019,3
TH,bone marrow,2020,3
TH,bone marrow,2021,6
TH,bone marrow,2022,3
TH,bone marrow,2023,1
TH,brain,2015,1
TH,brain,2017,3
TH,brain,2018,20
TH,brain,2019,24
TH,brain,2020,24
TH,brain,2021,32
TH,brain,2022,41
TH,brain,2023,8
TH,eye,2017,3
TH,eye,2018,5
TH,eye,2019,3
TH,eye,2020,17
TH,eye,2021,30
TH,eye,2022,21
TH,eye,2023,4
TH,fallopian tube,2018,1
TH,fallopian tube,2019,1
TH,fallopian tube,2020,2
TH,heart,2014,1
TH,heart,2015,2
TH,heart,2016,2
TH,heart,2017,12
TH,heart,2018,24
TH,heart,2019,27
TH,heart,2020,36
TH,heart,2021,51
TH,heart,2022,56
TH,heart,2023,13
TH,kidney,2014,2
TH,kidney,2016,3
TH,kidney,2017,11
TH,kidney,2018,25
TH,kidney,2019,44
TH,kidney,2020,71
TH,kidney,2021,84
TH,kidney,2022,98
TH,kidney,2023,17
TH,knee,2014,1
TH,knee,2017,5
TH,knee,2018,4
TH,knee,2019,13
TH,knee,2020,14
TH,knee,2021,21
TH,knee,2022,36
TH,knee,2023,6
TH,large intestine,2019,1
TH,liver,2014,2
TH,liver,2015,1
TH,liver,2016,10
TH,liver,2017,17
TH,liver,2018,46
TH,liver,2019,62
TH,liver,2020,84
TH,liver,2021,133
TH,liver,2022,147
TH,liver,2023,32
TH,lung,2014,1
TH,lung,2016,6
TH,lung,2017,8
TH,lung,2018,13
TH,lung,2019,31
TH,lung,2020,30
TH,lung,2021,42
TH,lung,2022,51
TH,lung,2023,16
TH,lymph node,2017,2
TH,lymph node,2019,2
TH,lymph node,2020,2
TH,lymph node,2021,6
TH,lymph node,2022,4
TH,lymph node,2023,1
TH,ovary,2015,1
TH,ovary,2017,3
TH,ovary,2018,1
TH,ovary,2019,1
TH,ovary,2020,4
TH,ovary,2021,6
TH,ovary,2022,4
TH,pancreas,2018,2
TH,pancreas,2019,1
TH,pancreas,2020,1
TH,pancreas,2021,2
TH,pancreas,2022,3
TH,pelvis,2020,3
TH,pelvis,2021,3
TH,pelvis,2023,1
TH,peripheral nervous system,2019,2
TH,peripheral nervous system,2022,2
TH,peripheral nervous system,2023,1
TH,placenta,2018,5
TH,placenta,2019,4
TH,placenta,2020,7
TH,placenta,2021,9
TH,placenta,2022,12
TH,placenta,2023,1
TH,prostate,2017,1
TH,prostate,2019,2
TH,prostate,2020,6
TH,prostate,2021,6
TH,prostate,2022,8
TH,prostate,2023,3
TH,skeletal,2015,1
TH,skeletal,2016,1
TH,skeletal,2017,7
TH,skeletal,2018,5
TH,skeletal,2019,9
TH,skeletal,2020,8
TH,skeletal,2021,23
TH,skeletal,2022,30
TH,skeletal,2023,5
TH,skin,2015,2
TH,skin,2016,1
TH,skin,2017,13
TH,skin,2018,23
TH,skin,2019,27
TH,skin,2020,35
TH,skin,2021,69
TH,skin,2022,78
TH,skin,2023,18
TH,small intestine,2017,2
TH,small intestine,2019,2
TH,small intestine,2021,1
TH,small intestine,2022,2
TH,spinal cord,2017,2
TH,spinal cord,2018,1
TH,spinal cord,2019,2
TH,spinal cord,2020,2
TH,spinal cord,2021,5
TH,spinal cord,2022,16
TH,spinal cord,2023,2
TH,spleen,2016,1
TH,spleen,2018,2
TH,spleen,2020,4
TH,spleen,2021,5
TH,spleen,2022,2
TH,thymus,2022,2
TH,thymus,2023,1
TH,trachea,2017,1
TH,trachea,2018,2
TH,trachea,2020,4
TH,trachea,2021,2
TH,trachea,2022,3
TH,trachea,2023,2
TH,ureter,2016,1
TH,ureter,2019,1
TH,ureter,2020,1
TH,ureter,2021,1
TH,ureter,2022,1
TH,urinary bladder,2016,1
TH,urinary bladder,2018,2
TH,urinary bladder,2021,2
TH,urinary bladder,2022,3
TH,urinary bladder,2023,2
TH,uterus,2017,1
TH,uterus,2018,1
TH,uterus,2020,1
TH,uterus,2021,4
TH,uterus,2022,1
TH,uterus,2023,1
TJ,brain,2018,1
TJ,brain,2020,3
TJ,brain,2021,1
TJ,brain,2022,2
TJ,eye,2017,1
TJ,eye,2020,1
TJ,eye,2021,1
TJ,eye,2022,1
TJ,heart,2021,3
TJ,heart,2022,1
TJ,kidney,2021,1
TJ,kidney,2022,4
TJ,liver,2020,2
TJ,liver,2021,4
TJ,liver,2022,2
TJ,lung,2020,1
TJ,lung,2021,1
TJ,lung,2022,2
TJ,lung,2023,2
TJ,pancreas,2021,1
TJ,skeletal,2021,1
TJ,skeletal,2022,1
TJ,skin,2020,1
TN,bone marrow,2022,1
TN,bone marrow,2023,1
TN,brain,2018,2
TN,brain,2019,9
TN,brain,2020,7
TN,brain,2021,10
TN,brain,2022,12
TN,eye,2019,2
TN,eye,2020,4
TN,eye,2021,3
TN,eye,2022,4
TN,eye,2023,2
TN,fallopian tube,2022,1
TN,heart,2017,1
TN,heart,2018,7
TN,heart,2019,1
TN,heart,2020,8
TN,heart,2021,14
TN,heart,2022,16
TN,heart,2023,4
TN,kidney,2017,2
TN,kidney,2018,3
TN,kidney,2019,3
TN,kidney,2020,10
TN,kidney,2021,5
TN,kidney,2022,9
TN,knee,2020,1
TN,knee,2022,1
TN,liver,2017,3
TN,liver,2018,5
TN,liver,2019,9
TN,liver,2020,11
TN,liver,2021,21
TN,liver,2022,14
TN,liver,2023,2
TN,lung,2018,2
TN,lung,2019,5
TN,lung,2020,5
TN,lung,2021,11
TN,lung,2022,21
TN,lung,2023,4
TN,lymph node,2017,1
TN,lymph node,2019,1
TN,lymph node,2021,4
TN,lymph node,2022,3
TN,lymph node,2023,1
TN,muscular system,2022,1
TN,ovary,2020,1
TN,ovary,2021,2
TN,ovary,2022,1
TN,ovary,2023,1
TN,pancreas,2021,2
TN,pancreas,2022,3
TN,pelvis,2018,1
TN,pelvis,2020,1
TN,pelvis,2022,1
TN,peripheral nervous system,2023,1
TN,placenta,2017,1
TN,placenta,2021,1
TN,placenta,2022,1
TN,prostate,2018,1
TN,prostate,2019,1
TN,prostate,2021,3
TN,prostate,2022,1
TN,prostate,2023,1
TN,skeletal,2014,1
TN,skeletal,2017,2
TN,skeletal,2018,3
TN,skeletal,2019,6
TN,skeletal,2020,5
TN,skeletal,2021,8
TN,skeletal,2022,6
TN,skeletal,2023,2
TN,skin,2014,1
TN,skin,2016,1
TN,skin,2018,3
TN,skin,2019,11
TN,skin,2020,6
TN,skin,2021,11
TN,skin,2022,21
TN,skin,2023,2
TN,small intestine,2022,1
TN,spinal cord,2018,1
TN,spinal cord,2019,1
TN,spinal cord,2020,2
TN,spinal cord,2021,3
TN,spinal cord,2022,2
TN,spleen,2021,1
TN,thymus,2017,1
TN,thymus,2019,2
TN,thymus,2020,1
TN,thymus,2021,3
TN,thymus,2022,7
TN,trachea,2022,2
TN,ureter,2022,1
TN,urinary bladder,2019,2
TN,urinary bladder,2020,4
TN,urinary bladder,2021,1
TN,urinary bladder,2022,2
TN,urinary bladder,2023,1
TN,uterus,2017,1
TN,uterus,2021,2
TO,heart,2021,1
TO,trachea,2022,1
TR,bone marrow,2015,1
TR,bone marrow,2016,2
TR,bone marrow,2017,4
TR,bone marrow,2018,5
TR,bone marrow,2019,19
TR,bone marrow,2020,17
TR,bone marrow,2021,22
TR,bone marrow,2022,24
TR,bone marrow,2023,4
TR,brain,2015,1
TR,brain,2016,10
TR,brain,2017,24
TR,brain,2018,63
TR,brain,2019,108
TR,brain,2020,134
TR,brain,2021,192
TR,brain,2022,189
TR,brain,2023,55
TR,eye,2014,1
TR,eye,2015,1
TR,eye,2016,2
TR,eye,2017,9
TR,eye,2018,36
TR,eye,2019,48
TR,eye,2020,80
TR,eye,2021,96
TR,eye,2022,131
TR,eye,2023,30
TR,fallopian tube,2017,1
TR,fallopian tube,2018,1
TR,fallopian tube,2019,1
TR,fallopian tube,2020,3
TR,fallopian tube,2021,2
TR,fallopian tube,2022,1
TR,fallopian tube,2023,2
TR,heart,2014,2
TR,heart,2016,8
TR,heart,2017,34
TR,heart,2018,90
TR,heart,2019,133
TR,heart,2020,164
TR,heart,2021,249
TR,heart,2022,229
TR,heart,2023,37
TR,kidney,2014,2
TR,kidney,2015,3
TR,kidney,2016,10
TR,kidney,2017,22
TR,kidney,2018,68
TR,kidney,2019,137
TR,kidney,2020,156
TR,kidney,2021,269
TR,kidney,2022,248
TR,kidney,2023,79
TR,knee,2014,1
TR,knee,2016,2
TR,knee,2017,5
TR,knee,2018,10
TR,knee,2019,25
TR,knee,2020,31
TR,knee,2021,51
TR,knee,2022,70
TR,knee,2023,16
TR,large intestine,2018,1
TR,liver,2014,2
TR,liver,2015,2
TR,liver,2016,13
TR,liver,2017,30
TR,liver,2018,61
TR,liver,2019,118
TR,liver,2020,180
TR,liver,2021,274
TR,liver,2022,292
TR,liver,2023,75
TR,lung,2014,2
TR,lung,2015,3
TR,lung,2016,2
TR,lung,2017,7
TR,lung,2018,41
TR,lung,2019,70
TR,lung,2020,140
TR,lung,2021,174
TR,lung,2022,157
TR,lung,2023,49
TR,lymph node,2014,2
TR,lymph node,2016,2
TR,lymph node,2017,8
TR,lymph node,2018,16
TR,lymph node,2019,37
TR,lymph node,2020,41
TR,lymph node,2021,56
TR,lymph node,2022,53
TR,lymph node,2023,12
TR,main bronchus,2021,1
TR,main bronchus,2022,1
TR,muscular system,2018,1
TR,muscular system,2019,1
TR,muscular system,2022,1
TR,ovary,2017,3
TR,ovary,2018,14
TR,ovary,2019,26
TR,ovary,2020,36
TR,ovary,2021,44
TR,ovary,2022,62
TR,ovary,2023,9
TR,pancreas,2017,1
TR,pancreas,2018,6
TR,pancreas,2019,4
TR,pancreas,2020,12
TR,pancreas,2021,13
TR,pancreas,2022,16
TR,pancreas,2023,3
TR,pelvis,2014,1
TR,pelvis,2017,2
TR,pelvis,2018,1
TR,pelvis,2019,13
TR,pelvis,2020,6
TR,pelvis,2021,9
TR,pelvis,2022,18
TR,pelvis,2023,3
TR,peripheral nervous system,2018,1
TR,peripheral nervous system,2019,2
TR,peripheral nervous system,2020,6
TR,peripheral nervous system,2021,3
TR,peripheral nervous system,2022,7
TR,peripheral nervous system,2023,2
TR,placenta,2014,1
TR,placenta,2016,2
TR,placenta,2017,7
TR,placenta,2018,9
TR,placenta,2019,8
TR,placenta,2020,22
TR,placenta,2021,32
TR,placenta,2022,47
TR,placenta,2023,6
TR,prostate,2014,2
TR,prostate,2015,1
TR,prostate,2016,1
TR,prostate,2017,5
TR,prostate,2018,12
TR,prostate,2019,41
TR,prostate,2020,76
TR,prostate,2021,93
TR,prostate,2022,67
TR,prostate,2023,17
TR,skeletal,2016,2
TR,skeletal,2017,6
TR,skeletal,2018,18
TR,skeletal,2019,31
TR,skeletal,2020,50
TR,skeletal,2021,73
TR,skeletal,2022,83
TR,skeletal,2023,33
TR,skin,2014,2
TR,skin,2015,3
TR,skin,2016,4
TR,skin,2017,10
TR,skin,2018,43
TR,skin,2019,73
TR,skin,2020,199
TR,skin,2021,149
TR,skin,2022,168
TR,skin,2023,29
TR,small intestine,2017,1
TR,small intestine,2018,2
TR,small intestine,2019,4
TR,small intestine,2020,2
TR,small intestine,2021,4
TR,spinal cord,2015,3
TR,spinal cord,2017,2
TR,spinal cord,2018,7
TR,spinal cord,2019,12
TR,spinal cord,2020,10
TR,spinal cord,2021,23
TR,spinal cord,2022,31
TR,spinal cord,2023,5
TR,spleen,2017,1
TR,spleen,2018,3
TR,spleen,2019,4
TR,spleen,2020,4
TR,spleen,2021,6
TR,spleen,2022,8
TR,spleen,2023,1
TR,thymus,2017,1
TR,thymus,2018,2
TR,thymus,2019,5
TR,thymus,2020,1
TR,thymus,2021,10
TR,thymus,2022,13
TR,thymus,2023,4
TR,trachea,2016,2
TR,trachea,2017,1
TR,trachea,2018,2
TR,trachea,2019,12
TR,trachea,2020,16
TR,trachea,2021,21
TR,trachea,2022,24
TR,trachea,2023,4
TR,ureter,2014,1
TR,ureter,2015,1
TR,ureter,2016,2
TR,ureter,2017,3
TR,ureter,2018,4
TR,ureter,2019,24
TR,ureter,2020,24
TR,ureter,2021,49
TR,ureter,2022,41
TR,ureter,2023,4
TR,urinary bladder,2015,1
TR,urinary bladder,2016,1
TR,urinary bladder,2017,2
TR,urinary bladder,2018,15
TR,urinary bladder,2019,16
TR,urinary bladder,2020,23
TR,urinary bladder,2021,48
TR,urinary bladder,2022,50
TR,urinary bladder,2023,9
TR,uterus,2015,1
TR,uterus,2016,1
TR,uterus,2017,3
TR,uterus,2018,6
TR,uterus,2019,12
TR,uterus,2020,16
TR,uterus,2021,12
TR,uterus,2022,16
TR,uterus,2023,3
TT,brain,2021,1
TT,eye,2021,1
TT,eye,2022,1
TT,eye,2023,1
TT,heart,2016,1
TT,heart,2019,2
TT,heart,2022,2
TT,kidney,2019,1
TT,knee,2020,1
TT,knee,2022,1
TT,liver,2016,1
TT,liver,2018,1
TT,liver,2019,3
TT,liver,2022,1
TT,lung,2019,2
TT,lung,2020,1
TT,lung,2021,2
TT,lung,2022,1
TT,lung,2023,1
TT,ovary,2021,2
TT,pancreas,2018,1
TT,prostate,2020,1
TT,skin,2020,2
TT,skin,2021,1
TT,skin,2022,2
TT,skin,2023,1
TT,small intestine,2019,1
TW,bone marrow,2014,2
TW,bone marrow,2016,1
TW,bone marrow,2017,6
TW,bone marrow,2018,11
TW,bone marrow,2019,12
TW,bone marrow,2020,17
TW,bone marrow,2021,18
TW,bone marrow,2022,6
TW,bone marrow,2023,8
TW,brain,2014,8
TW,brain,2015,4
TW,brain,2016,9
TW,brain,2017,64
TW,brain,2018,116
TW,brain,2019,128
TW,brain,2020,184
TW,brain,2021,238
TW,brain,2022,212
TW,brain,2023,51
TW,eye,2015,1
TW,eye,2016,5
TW,eye,2017,9
TW,eye,2018,17
TW,eye,2019,22
TW,eye,2020,34
TW,eye,2021,44
TW,eye,2022,62
TW,eye,2023,7
TW,fallopian tube,2019,3
TW,fallopian tube,2020,2
TW,fallopian tube,2022,1
TW,heart,2014,4
TW,heart,2016,7
TW,heart,2017,26
TW,heart,2018,66
TW,heart,2019,94
TW,heart,2020,106
TW,heart,2021,137
TW,heart,2022,151
TW,heart,2023,29
TW,kidney,2014,8
TW,kidney,2015,7
TW,kidney,2016,6
TW,kidney,2017,48
TW,kidney,2018,82
TW,kidney,2019,135
TW,kidney,2020,177
TW,kidney,2021,226
TW,kidney,2022,232
TW,kidney,2023,42
TW,knee,2015,1
TW,knee,2016,2
TW,knee,2017,6
TW,knee,2018,17
TW,knee,2019,14
TW,knee,2020,16
TW,knee,2021,57
TW,knee,2022,58
TW,knee,2023,14
TW,liver,2014,11
TW,liver,2015,2
TW,liver,2016,11
TW,liver,2017,88
TW,liver,2018,184
TW,liver,2019,212
TW,liver,2020,268
TW,liver,2021,378
TW,liver,2022,356
TW,liver,2023,65
TW,lung,2012,1
TW,lung,2014,10
TW,lung,2015,3
TW,lung,2016,9
TW,lung,2017,43
TW,lung,2018,89
TW,lung,2019,141
TW,lung,2020,162
TW,lung,2021,238
TW,lung,2022,255
TW,lung,2023,61
TW,lymph node,2015,1
TW,lymph node,2016,4
TW,lymph node,2017,6
TW,lymph node,2018,13
TW,lymph node,2019,17
TW,lymph node,2020,28
TW,lymph node,2021,37
TW,lymph node,2022,35
TW,lymph node,2023,1
TW,muscular system,2021,2
TW,muscular system,2022,1
TW,muscular system,2023,1
TW,ovary,2017,2
TW,ovary,2018,7
TW,ovary,2019,7
TW,ovary,2020,14
TW,ovary,2021,9
TW,ovary,2022,7
TW,ovary,2023,1
TW,pancreas,2014,1
TW,pancreas,2017,3
TW,pancreas,2018,3
TW,pancreas,2019,6
TW,pancreas,2020,3
TW,pancreas,2021,7
TW,pancreas,2022,4
TW,pancreas,2023,4
TW,pelvis,2018,3
TW,pelvis,2019,2
TW,pelvis,2020,1
TW,pelvis,2021,6
TW,peripheral nervous system,2015,1
TW,peripheral nervous system,2017,2
TW,peripheral nervous system,2018,2
TW,peripheral nervous system,2019,5
TW,peripheral nervous system,2020,2
TW,peripheral nervous system,2021,11
TW,peripheral nervous system,2022,6
TW,placenta,2017,2
TW,placenta,2018,4
TW,placenta,2019,4
TW,placenta,2020,4
TW,placenta,2021,6
TW,placenta,2022,14
TW,placenta,2023,2
TW,prostate,2016,2
TW,prostate,2017,15
TW,prostate,2018,26
TW,prostate,2019,26
TW,prostate,2020,41
TW,prostate,2021,69
TW,prostate,2022,80
TW,prostate,2023,15
TW,skeletal,2015,2
TW,skeletal,2016,1
TW,skeletal,2017,9
TW,skeletal,2018,15
TW,skeletal,2019,29
TW,skeletal,2020,50
TW,skeletal,2021,61
TW,skeletal,2022,62
TW,skeletal,2023,17
TW,skin,2012,1
TW,skin,2014,2
TW,skin,2015,1
TW,skin,2016,5
TW,skin,2017,24
TW,skin,2018,33
TW,skin,2019,69
TW,skin,2020,53
TW,skin,2021,73
TW,skin,2022,111
TW,skin,2023,16
TW,small intestine,2014,2
TW,small intestine,2019,1
TW,small intestine,2020,2
TW,small intestine,2021,1
TW,spinal cord,2015,1
TW,spinal cord,2016,2
TW,spinal cord,2017,10
TW,spinal cord,2018,9
TW,spinal cord,2019,12
TW,spinal cord,2020,11
TW,spinal cord,2021,16
TW,spinal cord,2022,27
TW,spinal cord,2023,8
TW,spleen,2014,1
TW,spleen,2015,1
TW,spleen,2017,2
TW,spleen,2018,5
TW,spleen,2019,5
TW,spleen,2020,5
TW,spleen,2021,7
TW,spleen,2022,4
TW,spleen,2023,2
TW,thymus,2018,1
TW,thymus,2019,1
TW,thymus,2020,2
TW,thymus,2021,2
TW,thymus,2022,1
TW,thymus,2023,1
TW,trachea,2016,1
TW,trachea,2017,1
TW,trachea,2018,2
TW,trachea,2019,3
TW,trachea,2020,9
TW,trachea,2021,9
TW,trachea,2022,24
TW,trachea,2023,1
TW,ureter,2014,1
TW,ureter,2015,2
TW,ureter,2018,4
TW,ureter,2019,7
TW,ureter,2020,4
TW,ureter,2021,12
TW,ureter,2022,20
TW,ureter,2023,2
TW,urinary bladder,2014,2
TW,urinary bladder,2015,1
TW,urinary bladder,2016,2
TW,urinary bladder,2017,8
TW,urinary bladder,2018,27
TW,urinary bladder,2019,41
TW,urinary bladder,2020,35
TW,urinary bladder,2021,45
TW,urinary bladder,2022,60
TW,urinary bladder,2023,14
TW,uterus,2017,1
TW,uterus,2018,1
TW,uterus,2019,3
TW,uterus,2020,3
TW,uterus,2021,4
TW,uterus,2022,3
TW,uterus,2023,2
TZ,bone marrow,2018,1
TZ,bone marrow,2021,1
TZ,bone marrow,2022,1
TZ,brain,2019,2
TZ,brain,2020,2
TZ,brain,2021,2
TZ,brain,2022,4
TZ,eye,2017,1
TZ,eye,2018,1
TZ,heart,2016,1
TZ,heart,2018,3
TZ,heart,2019,5
TZ,heart,2020,3
TZ,heart,2021,3
TZ,heart,2022,4
TZ,kidney,2017,1
TZ,kidney,2018,1
TZ,kidney,2019,3
TZ,kidney,2020,5
TZ,kidney,2021,1
TZ,kidney,2022,2
TZ,kidney,2023,1
TZ,liver,2016,1
TZ,liver,2017,2
TZ,liver,2018,7
TZ,liver,2019,22
TZ,liver,2020,12
TZ,liver,2021,18
TZ,liver,2022,18
TZ,liver,2023,4
TZ,lung,2019,1
TZ,lung,2021,2
TZ,lung,2022,3
TZ,lymph node,2018,1
TZ,lymph node,2020,1
TZ,ovary,2022,1
TZ,pancreas,2018,1
TZ,pancreas,2020,1
TZ,placenta,2017,1
TZ,placenta,2020,1
TZ,placenta,2021,1
TZ,placenta,2022,1
TZ,prostate,2019,1
TZ,prostate,2022,1
TZ,skeletal,2018,1
TZ,skeletal,2021,2
TZ,skeletal,2022,1
TZ,skin,2018,1
TZ,skin,2020,2
TZ,skin,2021,4
TZ,skin,2023,1
TZ,spinal cord,2020,1
TZ,spinal cord,2021,1
TZ,spleen,2019,2
TZ,spleen,2021,2
TZ,ureter,2020,1
TZ,urinary bladder,2020,1
TZ,uterus,2021,1
UA,bone marrow,2019,3
UA,bone marrow,2023,1
UA,brain,2016,3
UA,brain,2018,8
UA,brain,2019,5
UA,brain,2020,12
UA,brain,2021,11
UA,brain,2022,19
UA,brain,2023,3
UA,eye,2018,1
UA,eye,2020,4
UA,eye,2021,3
UA,eye,2023,2
UA,heart,2015,1
UA,heart,2018,6
UA,heart,2019,4
UA,heart,2020,3
UA,heart,2021,9
UA,heart,2022,23
UA,heart,2023,4
UA,kidney,2016,1
UA,kidney,2020,2
UA,kidney,2021,3
UA,kidney,2022,6
UA,kidney,2023,4
UA,knee,2022,1
UA,liver,2016,3
UA,liver,2017,3
UA,liver,2018,6
UA,liver,2019,5
UA,liver,2020,13
UA,liver,2021,11
UA,liver,2022,16
UA,liver,2023,3
UA,lung,2016,1
UA,lung,2017,1
UA,lung,2018,1
UA,lung,2019,1
UA,lung,2020,8
UA,lung,2021,6
UA,lung,2022,4
UA,lung,2023,3
UA,ovary,2017,1
UA,ovary,2020,1
UA,pancreas,2020,1
UA,placenta,2019,2
UA,placenta,2021,3
UA,placenta,2022,3
UA,prostate,2018,1
UA,prostate,2019,1
UA,prostate,2020,3
UA,prostate,2021,1
UA,prostate,2022,2
UA,skeletal,2019,2
UA,skeletal,2020,3
UA,skeletal,2021,4
UA,skeletal,2022,2
UA,skeletal,2023,2
UA,skin,2018,3
UA,skin,2019,4
UA,skin,2020,4
UA,skin,2021,3
UA,skin,2022,3
UA,small intestine,2022,1
UA,spinal cord,2019,1
UA,spinal cord,2021,1
UA,spinal cord,2022,1
UA,spinal cord,2023,3
UA,spleen,2016,1
UA,spleen,2021,1
UA,thymus,2020,1
UA,trachea,2021,1
UA,ureter,2023,1
UA,urinary bladder,2022,2
UG,brain,2019,2
UG,brain,2020,2
UG,brain,2021,2
UG,brain,2022,1
UG,eye,2018,2
UG,eye,2019,1
UG,eye,2021,1
UG,eye,2022,1
UG,eye,2023,1
UG,heart,2017,2
UG,heart,2018,1
UG,heart,2019,2
UG,heart,2020,6
UG,heart,2021,7
UG,heart,2022,5
UG,heart,2023,3
UG,kidney,2016,1
UG,kidney,2018,1
UG,kidney,2019,1
UG,kidney,2020,3
UG,kidney,2021,3
UG,kidney,2022,3
UG,liver,2016,3
UG,liver,2017,10
UG,liver,2018,9
UG,liver,2019,14
UG,liver,2020,22
UG,liver,2021,32
UG,liver,2022,26
UG,liver,2023,4
UG,lung,2018,1
UG,lung,2019,1
UG,lung,2020,3
UG,lung,2021,4
UG,lung,2022,2
UG,lung,2023,1
UG,pelvis,2016,1
UG,placenta,2020,1
UG,placenta,2021,2
UG,placenta,2023,1
UG,prostate,2020,3
UG,prostate,2022,3
UG,skeletal,2019,1
UG,skin,2018,1
UG,skin,2019,3
UG,skin,2020,2
UG,skin,2021,4
UG,skin,2022,2
UG,small intestine,2022,1
UG,spinal cord,2019,1
UG,spleen,2023,1
UG,trachea,2017,1
UG,urinary bladder,2022,1
US,blood vasculature,2017,1
US,blood vasculature,2018,1
US,blood vasculature,2020,4
US,blood vasculature,2021,3
US,bone marrow,2014,11
US,bone marrow,2015,23
US,bone marrow,2016,63
US,bone marrow,2017,139
US,bone marrow,2018,241
US,bone marrow,2019,290
US,bone marrow,2020,317
US,bone marrow,2021,364
US,bone marrow,2022,323
US,bone marrow,2023,81
US,brain,1993,1
US,brain,2004,1
US,brain,2008,2
US,brain,2009,5
US,brain,2010,2
US,brain,2011,2
US,brain,2013,3
US,brain,2014,87
US,brain,2015,244
US,brain,2016,610
US,brain,2017,1481
US,brain,2018,2530
US,brain,2019,3322
US,brain,2020,4106
US,brain,2021,4912
US,brain,2022,5028
US,brain,2023,1342
US,eye,2008,2
US,eye,2010,1
US,eye,2013,1
US,eye,2014,18
US,eye,2015,44
US,eye,2016,80
US,eye,2017,177
US,eye,2018,370
US,eye,2019,410
US,eye,2020,582
US,eye,2021,701
US,eye,2022,777
US,eye,2023,192
US,fallopian tube,2016,5
US,fallopian tube,2017,8
US,fallopian tube,2018,9
US,fallopian tube,2019,21
US,fallopian tube,2020,20
US,fallopian tube,2021,24
US,fallopian tube,2022,23
US,fallopian tube,2023,6
US,heart,2004,1
US,heart,2005,1
US,heart,2013,1
US,heart,2014,22
US,heart,2015,58
US,heart,2016,213
US,heart,2017,702
US,heart,2018,1277
US,heart,2019,1735
US,heart,2020,2334
US,heart,2021,3068
US,heart,2022,3835
US,heart,2023,831
US,kidney,1995,1
US,kidney,2014,15
US,kidney,2015,37
US,kidney,2016,154
US,kidney,2017,506
US,kidney,2018,1011
US,kidney,2019,1376
US,kidney,2020,1832
US,kidney,2021,2203
US,kidney,2022,2313
US,kidney,2023,517
US,knee,2014,3
US,knee,2015,4
US,knee,2016,27
US,knee,2017,64
US,knee,2018,133
US,knee,2019,275
US,knee,2020,405
US,knee,2021,706
US,knee,2022,804
US,knee,2023,225
US,large intestine,2016,1
US,large intestine,2018,3
US,large intestine,2019,4
US,large intestine,2020,11
US,large intestine,2021,10
US,large intestine,2022,5
US,large intestine,2023,1
US,liver,2010,1
US,liver,2013,1
US,liver,2014,33
US,liver,2015,101
US,liver,2016,327
US,liver,2017,1164
US,liver,2018,2085
US,liver,2019,2846
US,liver,2020,3960
US,liver,2021,4841
US,liver,2022,5395
US,liver,2023,1317
US,lung,2010,1
US,lung,2012,1
US,lung,2013,1
US,lung,2014,27
US,lung,2015,89
US,lung,2016,267
US,lung,2017,666
US,lung,2018,1102
US,lung,2019,1553
US,lung,2020,2128
US,lung,2021,2499
US,lung,2022,2676
US,lung,2023,670
US,lymph node,2015,5
US,lymph node,2016,49
US,lymph node,2017,96
US,lymph node,2018,194
US,lymph node,2019,257
US,lymph node,2020,284
US,lymph node,2021,335
US,lymph node,2022,367
US,lymph node,2023,81
US,lymph vasculature,2016,1
US,lymph vasculature,2017,1
US,lymph vasculature,2018,2
US,lymph vasculature,2019,4
US,lymph vasculature,2021,1
US,lymph vasculature,2022,2
US,lymph vasculature,2023,1
US,main bronchus,2020,1
US,muscular system,2016,1
US,muscular system,2017,5
US,muscular system,2018,4
US,muscular system,2019,9
US,muscular system,2020,11
US,muscular system,2021,9
US,muscular system,2022,18
US,muscular system,2023,2
US,ovary,2015,1
US,ovary,2016,10
US,ovary,2017,44
US,ovary,2018,89
US,ovary,2019,136
US,ovary,2020,141
US,ovary,2021,150
US,ovary,2022,159
US,ovary,2023,32
US,pancreas,2014,3
US,pancreas,2015,4
US,pancreas,2016,12
US,pancreas,2017,52
US,pancreas,2018,109
US,pancreas,2019,126
US,pancreas,2020,168
US,pancreas,2021,206
US,pancreas,2022,161
US,pancreas,2023,53
US,pelvis,2014,1
US,pelvis,2015,2
US,pelvis,2016,9
US,pelvis,2017,16
US,pelvis,2018,34
US,pelvis,2019,33
US,pelvis,2020,60
US,pelvis,2021,72
US,pelvis,2022,83
US,pelvis,2023,21
US,peripheral nervous system,2015,2
US,peripheral nervous system,2016,7
US,peripheral nervous system,2017,29
US,peripheral nervous system,2018,43
US,peripheral nervous system,2019,67
US,peripheral nervous system,2020,79
US,peripheral nervous system,2021,96
US,peripheral nervous system,2022,88
US,peripheral nervous system,2023,16
US,placenta,2014,1
US,placenta,2015,3
US,placenta,2016,19
US,placenta,2017,64
US,placenta,2018,126
US,placenta,2019,159
US,placenta,2020,219
US,placenta,2021,298
US,placenta,2022,432
US,placenta,2023,84
US,prostate,2008,1
US,prostate,2014,11
US,prostate,2015,14
US,prostate,2016,49
US,prostate,2017,184
US,prostate,2018,401
US,prostate,2019,563
US,prostate,2020,715
US,prostate,2021,960
US,prostate,2022,1071
US,prostate,2023,294
US,skeletal,2014,10
US,skeletal,2015,40
US,skeletal,2016,138
US,skeletal,2017,420
US,skeletal,2018,659
US,skeletal,2019,865
US,skeletal,2020,1066
US,skeletal,2021,1267
US,skeletal,2022,1355
US,skeletal,2023,309
US,skin,2005,1
US,skin,2009,1
US,skin,2014,11
US,skin,2015,38
US,skin,2016,126
US,skin,2017,418
US,skin,2018,794
US,skin,2019,1158
US,skin,2020,1468
US,skin,2021,1701
US,skin,2022,1668
US,skin,2023,435
US,small intestine,2014,1
US,small intestine,2015,2
US,small intestine,2016,5
US,small intestine,2017,36
US,small intestine,2018,62
US,small intestine,2019,80
US,small intestine,2020,90
US,small intestine,2021,99
US,small intestine,2022,66
US,small intestine,2023,15
US,spinal cord,2009,1
US,spinal cord,2014,8
US,spinal cord,2015,21
US,spinal cord,2016,70
US,spinal cord,2017,133
US,spinal cord,2018,226
US,spinal cord,2019,319
US,spinal cord,2020,400
US,spinal cord,2021,532
US,spinal cord,2022,562
US,spinal cord,2023,141
US,spleen,2014,2
US,spleen,2015,10
US,spleen,2016,23
US,spleen,2017,64
US,spleen,2018,98
US,spleen,2019,99
US,spleen,2020,123
US,spleen,2021,115
US,spleen,2022,70
US,spleen,2023,11
US,thymus,2014,1
US,thymus,2015,9
US,thymus,2016,18
US,thymus,2017,30
US,thymus,2018,42
US,thymus,2019,51
US,thymus,2020,62
US,thymus,2021,71
US,thymus,2022,68
US,thymus,2023,17
US,trachea,2014,2
US,trachea,2015,5
US,trachea,2016,17
US,trachea,2017,47
US,trachea,2018,91
US,trachea,2019,110
US,trachea,2020,160
US,trachea,2021,190
US,trachea,2022,170
US,trachea,2023,39
US,ureter,2014,1
US,ureter,2015,1
US,ureter,2016,5
US,ureter,2017,17
US,ureter,2018,27
US,ureter,2019,45
US,ureter,2020,55
US,ureter,2021,82
US,ureter,2022,85
US,ureter,2023,34
US,urinary bladder,2014,1
US,urinary bladder,2015,5
US,urinary bladder,2016,19
US,urinary bladder,2017,73
US,urinary bladder,2018,163
US,urinary bladder,2019,239
US,urinary bladder,2020,244
US,urinary bladder,2021,305
US,urinary bladder,2022,343
US,urinary bladder,2023,79
US,uterus,2014,1
US,uterus,2015,2
US,uterus,2016,5
US,uterus,2017,17
US,uterus,2018,49
US,uterus,2019,49
US,uterus,2020,67
US,uterus,2021,71
US,uterus,2022,74
US,uterus,2023,23
UY,bone marrow,2017,1
UY,bone marrow,2020,2
UY,brain,2016,2
UY,brain,2017,2
UY,brain,2018,4
UY,brain,2019,3
UY,brain,2020,6
UY,brain,2021,9
UY,brain,2022,9
UY,eye,2020,1
UY,eye,2022,2
UY,heart,2017,1
UY,heart,2018,2
UY,heart,2020,2
UY,heart,2021,2
UY,heart,2022,6
UY,heart,2023,1
UY,kidney,2016,1
UY,kidney,2017,2
UY,kidney,2018,1
UY,kidney,2019,1
UY,kidney,2020,1
UY,kidney,2021,6
UY,kidney,2022,5
UY,kidney,2023,1
UY,liver,2017,3
UY,liver,2018,3
UY,liver,2019,8
UY,liver,2020,7
UY,liver,2021,5
UY,liver,2022,4
UY,liver,2023,2
UY,lung,2016,1
UY,lung,2017,1
UY,lung,2019,2
UY,lung,2020,2
UY,lung,2021,1
UY,lung,2022,7
UY,lung,2023,2
UY,lymph node,2021,1
UY,lymph node,2023,1
UY,ovary,2018,3
UY,ovary,2019,1
UY,ovary,2021,1
UY,ovary,2022,4
UY,pelvis,2018,1
UY,pelvis,2022,1
UY,peripheral nervous system,2020,1
UY,placenta,2019,1
UY,placenta,2021,1
UY,placenta,2023,1
UY,prostate,2018,1
UY,prostate,2020,1
UY,prostate,2022,2
UY,skeletal,2017,1
UY,skeletal,2018,2
UY,skeletal,2019,1
UY,skeletal,2020,5
UY,skeletal,2021,2
UY,skeletal,2022,4
UY,skin,2016,1
UY,skin,2018,1
UY,skin,2019,3
UY,skin,2020,4
UY,skin,2021,4
UY,skin,2022,3
UY,spinal cord,2019,2
UY,spinal cord,2020,1
UY,spinal cord,2021,3
UY,spleen,2021,1
UY,spleen,2022,1
UY,trachea,2019,1
UY,trachea,2022,1
UY,urinary bladder,2019,1
UY,uterus,2022,1
UZ,brain,2020,2
UZ,brain,2021,4
UZ,brain,2022,1
UZ,heart,2020,1
UZ,heart,2021,1
UZ,heart,2022,1
UZ,kidney,2022,1
UZ,liver,2019,1
UZ,liver,2020,1
UZ,liver,2021,3
UZ,liver,2022,1
UZ,liver,2023,2
UZ,lung,2021,1
UZ,lung,2022,1
UZ,ovary,2021,1
UZ,skin,2022,1
VC,heart,2022,1
VE,bone marrow,2023,1
VE,brain,2018,2
VE,brain,2020,1
VE,brain,2023,2
VE,eye,2017,1
VE,eye,2021,1
VE,heart,2019,1
VE,heart,2022,1
VE,kidney,2019,1
VE,kidney,2021,2
VE,kidney,2022,1
VE,kidney,2023,1
VE,knee,2022,1
VE,liver,2017,2
VE,liver,2020,2
VE,liver,2021,2
VE,liver,2022,2
VE,lymph node,2020,1
VE,pelvis,2022,1
VE,placenta,2014,1
VE,prostate,2020,1
VE,prostate,2021,1
VE,skeletal,2021,2
VE,skin,2020,1
VE,skin,2021,1
VE,skin,2022,1
VE,spinal cord,2020,1
VE,spleen,2018,1
VE,spleen,2020,1
VE,spleen,2022,1
VE,urinary bladder,2022,1
VG,skin,2019,1
VG,skin,2020,1
VN,bone marrow,2016,1
VN,bone marrow,2019,3
VN,bone marrow,2020,1
VN,bone marrow,2021,3
VN,bone marrow,2022,2
VN,brain,2016,1
VN,brain,2018,2
VN,brain,2019,6
VN,brain,2020,7
VN,brain,2021,6
VN,brain,2022,19
VN,brain,2023,1
VN,eye,2020,1
VN,eye,2021,6
VN,eye,2022,1
VN,eye,2023,1
VN,heart,2017,2
VN,heart,2018,2
VN,heart,2019,4
VN,heart,2020,8
VN,heart,2021,15
VN,heart,2022,19
VN,heart,2023,2
VN,kidney,2018,1
VN,kidney,2019,5
VN,kidney,2020,9
VN,kidney,2021,8
VN,kidney,2022,9
VN,kidney,2023,1
VN,knee,2020,1
VN,knee,2023,1
VN,liver,2014,1
VN,liver,2016,3
VN,liver,2017,5
VN,liver,2018,10
VN,liver,2019,14
VN,liver,2020,19
VN,liver,2021,25
VN,liver,2022,48
VN,liver,2023,5
VN,lung,2018,2
VN,lung,2019,7
VN,lung,2020,16
VN,lung,2021,20
VN,lung,2022,18
VN,lung,2023,5
VN,lymph node,2020,1
VN,lymph node,2021,2
VN,lymph node,2022,2
VN,muscular system,2019,1
VN,muscular system,2022,1
VN,ovary,2018,2
VN,ovary,2019,2
VN,ovary,2020,1
VN,ovary,2021,4
VN,pancreas,2021,1
VN,pancreas,2022,3
VN,peripheral nervous system,2021,1
VN,placenta,2022,1
VN,prostate,2021,5
VN,prostate,2022,1
VN,skeletal,2018,1
VN,skeletal,2019,2
VN,skeletal,2020,5
VN,skeletal,2021,2
VN,skeletal,2022,8
VN,skin,2017,2
VN,skin,2018,2
VN,skin,2019,2
VN,skin,2020,7
VN,skin,2021,9
VN,skin,2022,11
VN,skin,2023,3
VN,small intestine,2018,1
VN,small intestine,2019,1
VN,small intestine,2020,1
VN,spinal cord,2021,2
VN,spinal cord,2023,1
VN,spleen,2017,1
VN,spleen,2018,1
VN,spleen,2019,1
VN,spleen,2022,1
VN,thymus,2019,1
VN,trachea,2018,2
VN,trachea,2019,1
VN,trachea,2020,2
VN,trachea,2021,5
VN,trachea,2022,2
VN,urinary bladder,2021,1
VN,urinary bladder,2022,1
VN,urinary bladder,2023,1
VN,uterus,2021,1
WS,heart,2021,1
WS,liver,2022,1
WS,skin,2020,1
XK,brain,2017,1
XK,eye,2022,1
XK,heart,2020,1
XK,heart,2022,3
XK,kidney,2019,1
XK,knee,2022,1
XK,liver,2014,1
XK,liver,2021,1
XK,liver,2022,1
XK,liver,2023,2
XK,lung,2022,1
XK,peripheral nervous system,2021,1
XK,placenta,2021,1
XK,skeletal,2023,1
YE,bone marrow,2021,1
YE,brain,2019,1
YE,brain,2021,1
YE,brain,2022,3
YE,heart,2018,1
YE,heart,2019,1
YE,heart,2021,1
YE,heart,2022,2
YE,kidney,2019,1
YE,kidney,2020,1
YE,kidney,2021,2
YE,kidney,2022,2
YE,liver,2020,1
YE,liver,2021,4
YE,liver,2022,8
YE,lung,2018,1
YE,lung,2020,1
YE,lung,2021,4
YE,lymph node,2019,1
YE,lymph node,2022,1
YE,prostate,2021,1
YE,skin,2016,1
YE,skin,2019,1
YE,skin,2020,1
YE,small intestine,2014,1
YE,spinal cord,2022,1
YE,trachea,2021,1
YE,ureter,2023,1
ZA,bone marrow,2016,1
ZA,bone marrow,2018,4
ZA,bone marrow,2019,3
ZA,bone marrow,2020,3
ZA,bone marrow,2021,1
ZA,bone marrow,2022,5
ZA,brain,2015,1
ZA,brain,2016,3
ZA,brain,2017,13
ZA,brain,2018,19
ZA,brain,2019,32
ZA,brain,2020,52
ZA,brain,2021,60
ZA,brain,2022,60
ZA,brain,2023,8
ZA,eye,2017,1
ZA,eye,2018,5
ZA,eye,2019,6
ZA,eye,2020,15
ZA,eye,2021,17
ZA,eye,2022,11
ZA,eye,2023,1
ZA,fallopian tube,2018,1
ZA,heart,2015,1
ZA,heart,2016,3
ZA,heart,2017,3
ZA,heart,2018,14
ZA,heart,2019,20
ZA,heart,2020,26
ZA,heart,2021,33
ZA,heart,2022,42
ZA,heart,2023,7
ZA,kidney,2016,3
ZA,kidney,2017,8
ZA,kidney,2018,14
ZA,kidney,2019,21
ZA,kidney,2020,26
ZA,kidney,2021,18
ZA,kidney,2022,34
ZA,kidney,2023,6
ZA,knee,2017,2
ZA,knee,2018,4
ZA,knee,2019,7
ZA,knee,2020,5
ZA,knee,2021,7
ZA,knee,2022,7
ZA,knee,2023,1
ZA,large intestine,2017,2
ZA,liver,2015,1
ZA,liver,2016,5
ZA,liver,2017,22
ZA,liver,2018,68
ZA,liver,2019,91
ZA,liver,2020,115
ZA,liver,2021,153
ZA,liver,2022,139
ZA,liver,2023,31
ZA,lung,2015,1
ZA,lung,2016,2
ZA,lung,2017,9
ZA,lung,2018,7
ZA,lung,2019,17
ZA,lung,2020,29
ZA,lung,2021,23
ZA,lung,2022,41
ZA,lung,2023,8
ZA,lymph node,2018,3
ZA,lymph node,2020,6
ZA,lymph node,2021,3
ZA,lymph node,2022,5
ZA,lymph node,2023,1
ZA,ovary,2019,3
ZA,ovary,2020,2
ZA,ovary,2021,1
ZA,ovary,2022,2
ZA,ovary,2023,1
ZA,pancreas,2020,5
ZA,pancreas,2022,1
ZA,pancreas,2023,1
ZA,pelvis,2017,2
ZA,pelvis,2019,1
ZA,pelvis,2020,2
ZA,pelvis,2021,1
ZA,pelvis,2022,2
ZA,peripheral nervous system,2018,1
ZA,peripheral nervous system,2019,1
ZA,peripheral nervous system,2020,2
ZA,peripheral nervous system,2022,1
ZA,placenta,2015,1
ZA,placenta,2019,1
ZA,placenta,2020,7
ZA,placenta,2021,4
ZA,placenta,2022,9
ZA,placenta,2023,1
ZA,prostate,2016,2
ZA,prostate,2017,2
ZA,prostate,2018,5
ZA,prostate,2019,8
ZA,prostate,2020,7
ZA,prostate,2021,14
ZA,prostate,2022,16
ZA,prostate,2023,3
ZA,skeletal,2016,1
ZA,skeletal,2017,6
ZA,skeletal,2018,12
ZA,skeletal,2019,20
ZA,skeletal,2020,15
ZA,skeletal,2021,27
ZA,skeletal,2022,27
ZA,skeletal,2023,6
ZA,skin,2016,4
ZA,skin,2017,8
ZA,skin,2018,16
ZA,skin,2019,18
ZA,skin,2020,22
ZA,skin,2021,29
ZA,skin,2022,28
ZA,skin,2023,11
ZA,small intestine,2019,1
ZA,small intestine,2020,1
ZA,small intestine,2021,2
ZA,small intestine,2022,2
ZA,spinal cord,2016,1
ZA,spinal cord,2017,2
ZA,spinal cord,2018,2
ZA,spinal cord,2019,9
ZA,spinal cord,2020,2
ZA,spinal cord,2021,8
ZA,spinal cord,2022,18
ZA,spinal cord,2023,1
ZA,spleen,2018,2
ZA,spleen,2019,2
ZA,spleen,2020,3
ZA,spleen,2021,1
ZA,spleen,2022,1
ZA,thymus,2018,1
ZA,thymus,2019,1
ZA,thymus,2020,1
ZA,thymus,2021,1
ZA,trachea,2017,2
ZA,trachea,2019,3
ZA,trachea,2020,1
ZA,trachea,2021,2
ZA,trachea,2022,3
ZA,trachea,2023,1
ZA,ureter,2021,3
ZA,ureter,2022,1
ZA,urinary bladder,2016,1
ZA,urinary bladder,2019,1
ZA,urinary bladder,2020,1
ZA,urinary bladder,2022,3
ZA,urinary bladder,2023,1
ZA,uterus,2015,1
ZA,uterus,2020,1
ZA,uterus,2022,1
ZM,brain,2018,1
ZM,brain,2019,1
ZM,brain,2020,1
ZM,brain,2021,1
ZM,brain,2022,2
ZM,heart,2020,2
ZM,heart,2021,1
ZM,kidney,2019,1
ZM,kidney,2021,1
ZM,liver,2017,2
ZM,liver,2018,3
ZM,liver,2019,6
ZM,liver,2020,5
ZM,liver,2021,11
ZM,liver,2022,5
ZM,liver,2023,2
ZM,lung,2018,1
ZM,lung,2021,2
ZM,lung,2022,2
ZM,lung,2023,1
ZM,ovary,2015,1
ZM,placenta,2018,1
ZM,placenta,2021,1
ZM,placenta,2022,1
ZM,prostate,2018,1
ZM,prostate,2022,4
ZM,prostate,2023,1
ZM,skin,2020,1
ZM,small intestine,2021,2
ZM,small intestine,2022,1
ZM,spleen,2017,1
ZW,eye,2022,1
ZW,kidney,2019,1
ZW,kidney,2022,1
ZW,liver,2018,1
ZW,liver,2019,4
ZW,liver,2020,6
ZW,liver,2021,8
ZW,liver,2022,4
ZW,lung,2018,1
ZW,lung,2020,1
ZW,lung,2022,2
ZW,placenta,2020,2
ZW,placenta,2021,1
ZW,prostate,2020,1
ZW,skeletal,2018,1
ZW,skeletal,2020,1
ZW,skeletal,2021,1
ZW,skeletal,2022,2
ZW,skeletal,2023,1
ZW,skin,2021,1
ZW,small intestine,2020,1
ZW,spinal cord,2019,1
